severity,check_id,confidence,source_id,source_path,source_row,record_id,prompt,message,issue_fingerprint
warning,near_duplicate_candidate,medium,deepseek_2026_08_18,assets/data/deepseek_2026_08_18_questions.json,1055,ds_ziman_1243,Di tewanga navdêrên nêr ên yekjimar de kîjan qertaf tê bikaranîn?,Near duplicate candidate.,ecc5b301a66588d1dcea118a28656b4f
warning,near_duplicate_candidate,medium,deepseek_2026_08_18,assets/data/deepseek_2026_08_18_questions.json,106,ds_cografya_0241,Kîjan bendav li ser Dîcleyê ye û li Başûrê Kurdistanê ye?,Near duplicate candidate.,00b60c1e01a95b8fd57c8f832bd3e255
warning,near_duplicate_candidate,medium,deepseek_2026_08_18,assets/data/deepseek_2026_08_18_questions.json,109,ds_cografya_0245,Kîjan bendav li ser Çemê Zap e û li Başûrê Kurdistanê ye?,Near duplicate candidate.,e2286151e2002c4f3d23d4378118ecc5
warning,near_duplicate_candidate,medium,deepseek_2026_08_18,assets/data/deepseek_2026_08_18_questions.json,110,ds_cografya_0244,Kîjan çem li Bakurê Kurdistanê ye û dikeve Dîcleyê?,Near duplicate candidate.,603e5aaced7432b0712b1540d1aa469c
warning,near_duplicate_candidate,medium,deepseek_2026_08_18,assets/data/deepseek_2026_08_18_questions.json,115,ds_dirok_0016,Şerefxanê Bidlîsî ji kîjan mîrektiyê bû?,Near duplicate candidate.,e813b908278eed1a8a89d159dbea5a75
warning,near_duplicate_candidate,medium,deepseek_2026_08_18,assets/data/deepseek_2026_08_18_questions.json,142,ds_dirok_0072,Kîjan bajarê Sumeriyan wekî navenda perestgeha Inanna dihat naskirin?,Near duplicate candidate.,d18772f137cd64050056751b36ef645f
warning,near_duplicate_candidate,medium,deepseek_2026_08_18,assets/data/deepseek_2026_08_18_questions.json,155,ds_dirok_0091,Kîjan bajarê Mezopotamyayê wekî navenda perestgeha Enlil dihat naskirin?,Near duplicate candidate.,308cb1862f4535c1032f8415c29e90ea
warning,near_duplicate_candidate,medium,deepseek_2026_08_18,assets/data/deepseek_2026_08_18_questions.json,177,ds_dirok_0130,Kurdistan rojnameya ewil a kurdan di kîjan serdemê de derket?,Near duplicate candidate.,462036224892178ab8e75662ce5254a8
warning,near_duplicate_candidate,medium,deepseek_2026_08_18,assets/data/deepseek_2026_08_18_questions.json,179,ds_dirok_0145,Kurdistan rojnameyê ji bo kîjan gelî hate derxistin?,Near duplicate candidate.,194bb1289528b1366683c7d6672c69f7
warning,near_duplicate_candidate,medium,deepseek_2026_08_18,assets/data/deepseek_2026_08_18_questions.json,208,ds_dirok_0167,Şerê Bulgeyê di kîjan salê de qewimî?,Near duplicate candidate.,74cabad3db4cb4741514fee82a68ca92
warning,near_duplicate_candidate,medium,deepseek_2026_08_18,assets/data/deepseek_2026_08_18_questions.json,20,ds_cografya_0058,"Li herêmên germ û ziwa, bi barîna kêm, kîjan cure riwek bi piranî tê dîtin?",Near duplicate candidate.,231207ebdbb283b6fbd809d7a7f1242a
warning,near_duplicate_candidate,medium,deepseek_2026_08_18,assets/data/deepseek_2026_08_18_questions.json,210,ds_dirok_0169,Şerê Zamaê di navbera kîjan hêzan de qewimî?,Near duplicate candidate.,de58687137bd0293d899abd40d1e33e8
warning,near_duplicate_candidate,medium,deepseek_2026_08_18,assets/data/deepseek_2026_08_18_questions.json,214,ds_dirok_0174,Şerê Viyetnamê di kîjan salê de bi dawî bû?,Near duplicate candidate.,316f174b35f2ca056ad7bfaf13eabb11
warning,near_duplicate_candidate,medium,deepseek_2026_08_18,assets/data/deepseek_2026_08_18_questions.json,22,ds_cografya_0087,Kîjan okyanûs li navbera Amerîkaya Başûr û Afrîkayê ye?,Near duplicate candidate.,8ce7abd80293e120a81d3b3860f4b580
warning,near_duplicate_candidate,medium,deepseek_2026_08_18,assets/data/deepseek_2026_08_18_questions.json,232,ds_dirok_0192,Kîjan şerê navdar di sala 216'an berî zayînê de qewimî û tê de Hannibal artêşa Romayê têk bir?,Near duplicate candidate.,b3baa4f70024c2e692f388e43d9e2071
warning,near_duplicate_candidate,medium,deepseek_2026_08_18,assets/data/deepseek_2026_08_18_questions.json,233,ds_dirok_0194,"Kîjan kesayetî wek ""Bavê Komediya"" tê zanîn?",Near duplicate candidate.,26f2f62d01d4fda8cb15d43471397ce9
warning,near_duplicate_candidate,medium,deepseek_2026_08_18,assets/data/deepseek_2026_08_18_questions.json,267,ds_dirok_0267,"Di dîroka devkî de, kîjan têgeh ji bo ravekirina bîranînên kolektîf tê bikaranîn?",Near duplicate candidate.,ab5eb6b12d3591f955392a1afd8e53e3
warning,near_duplicate_candidate,medium,deepseek_2026_08_18,assets/data/deepseek_2026_08_18_questions.json,27,ds_cografya_0084,Kîjan parzemîn nêzî ji sedî 20ê axa cîhanê digire û li rojhilatê Okyanûsa Atlasê ye?,Near duplicate candidate.,6bea6b7173797234f9532c0620b454b3
warning,near_duplicate_candidate,medium,deepseek_2026_08_18,assets/data/deepseek_2026_08_18_questions.json,284,ds_dirok_0294,Di Riya Îpekê de kîjan tişt ji Hindistanê dihat?,Near duplicate candidate.,746c46de714787a05cab29b6d892ddb9
warning,near_duplicate_candidate,medium,deepseek_2026_08_18,assets/data/deepseek_2026_08_18_questions.json,2,ds_cografya_0009,Kîjan çem ji Çiyayê Zagrosê derdikeve û bi çemê Dîcleyê ve girêdide?,Near duplicate candidate.,00326da6ef5807c90c01a4b943891af8
warning,near_duplicate_candidate,medium,deepseek_2026_08_18,assets/data/deepseek_2026_08_18_questions.json,304,ds_edebiyat_0108,Kîjan roman ji aliyê Emily Brontë ve hatiye nivîsandin?,Near duplicate candidate.,013357ed85c8f211e42a2fd9aff887b1
warning,near_duplicate_candidate,medium,deepseek_2026_08_18,assets/data/deepseek_2026_08_18_questions.json,306,ds_edebiyat_0110,Kîjan roman ji aliyê Victor Hugo ve hatiye nivîsandin?,Near duplicate candidate.,39426fa64c1736b6c888fbc462c5c241
warning,near_duplicate_candidate,medium,deepseek_2026_08_18,assets/data/deepseek_2026_08_18_questions.json,308,ds_edebiyat_0112,Kîjan roman ji aliyê Herman Melville ve hatiye nivîsandin?,Near duplicate candidate.,36080af4020c5e4baf8ed80aeb5aaac0
warning,near_duplicate_candidate,medium,deepseek_2026_08_18,assets/data/deepseek_2026_08_18_questions.json,30,ds_cografya_0083,Kîjan okyanûs li başûrê Asyayê ye?,Near duplicate candidate.,7a65878511915f32d327a0e2fbedf04b
warning,near_duplicate_candidate,medium,deepseek_2026_08_18,assets/data/deepseek_2026_08_18_questions.json,310,ds_edebiyat_0114,Kîjan roman ji aliyê Mark Twain ve hatiye nivîsandin?,Near duplicate candidate.,a31f84e7f0d7d5905dac078bfa9f0f92
warning,near_duplicate_candidate,medium,deepseek_2026_08_18,assets/data/deepseek_2026_08_18_questions.json,312,ds_edebiyat_0116,Kîjan roman ji aliyê Leo Tolstoy ve hatiye nivîsandin?,Near duplicate candidate.,c9453fe2da6844f63281df21752a9545
warning,near_duplicate_candidate,medium,deepseek_2026_08_18,assets/data/deepseek_2026_08_18_questions.json,315,ds_edebiyat_0122,Kîjan roman ji aliyê Gustave Flaubert ve hatiye nivîsandin?,Near duplicate candidate.,78471129f9e0b384a617f3e0db20b008
warning,near_duplicate_candidate,medium,deepseek_2026_08_18,assets/data/deepseek_2026_08_18_questions.json,317,ds_edebiyat_0124,Kîjan roman ji aliyê Charlotte Brontë ve hatiye nivîsandin?,Near duplicate candidate.,13363a87f7f0f1e7972982069c4b2e63
warning,near_duplicate_candidate,medium,deepseek_2026_08_18,assets/data/deepseek_2026_08_18_questions.json,31,ds_cografya_0085,Kîjan okyanûs li navbera Afrîkayê û Awistralyayê ye?,Near duplicate candidate.,0c853ea1bc0e73264477c9957ca7acdd
warning,near_duplicate_candidate,medium,deepseek_2026_08_18,assets/data/deepseek_2026_08_18_questions.json,324,ds_edebiyat_0132,"Berhema Shakespeare ya bi navê ""King Lear"" ji kîjan cureya wêjeyî ye?",Near duplicate candidate.,c2b4b478d55411e9df3a40a40cf5ddff
warning,near_duplicate_candidate,medium,deepseek_2026_08_18,assets/data/deepseek_2026_08_18_questions.json,328,ds_edebiyat_0141,Kîjan berhem ji aliyê Shakespeare ve hatiye nivîsandin û behsa du malbatên dijmin dike?,Near duplicate candidate.,270892603be8a8169fecdfa379b88856
warning,near_duplicate_candidate,medium,deepseek_2026_08_18,assets/data/deepseek_2026_08_18_questions.json,329,ds_edebiyat_0145,Kîjan berhem ji aliyê Shakespeare ve hatiye nivîsandin û behsa bazirganekî bi navê Antonio dike?,Near duplicate candidate.,ab6b3778b7374acee1303d9d531fbad9
warning,near_duplicate_candidate,medium,deepseek_2026_08_18,assets/data/deepseek_2026_08_18_questions.json,32,ds_cografya_0089,Kîjan okyanûs li bakurê Ewropayê ye?,Near duplicate candidate.,9b15a05db307294605101a99075c4db9
warning,near_duplicate_candidate,medium,deepseek_2026_08_18,assets/data/deepseek_2026_08_18_questions.json,331,ds_edebiyat_0146,"Di Shakespeare de, kîjan kesayet bi navê ""Prospero"" tê naskirin?",Near duplicate candidate.,be3197333e2d4307951d3d1ef410ac06
warning,near_duplicate_candidate,medium,deepseek_2026_08_18,assets/data/deepseek_2026_08_18_questions.json,339,ds_edebiyat_0187,"Di edebiyata modernîzmê de, kîjan hêman zêde tê dîtin?",Near duplicate candidate.,3573397332f433862ee3f12c0c4c87c1
warning,near_duplicate_candidate,medium,deepseek_2026_08_18,assets/data/deepseek_2026_08_18_questions.json,33,ds_cografya_0093,Kîjan okyanûs li başûrê Awistralyayê ye?,Near duplicate candidate.,5e590e4fa83479cd52e7580b5fd65fb2
warning,near_duplicate_candidate,medium,deepseek_2026_08_18,assets/data/deepseek_2026_08_18_questions.json,342,ds_edebiyat_0190,Kîjan roman ji aliyê Virginia Woolf ve hatiye nivîsandin û wek mînaka modernîzmê tê naskirin?,Near duplicate candidate.,3e62bec3761b1926b45feda43f5a5a60
warning,near_duplicate_candidate,medium,deepseek_2026_08_18,assets/data/deepseek_2026_08_18_questions.json,344,ds_edebiyat_0192,Kîjan berhem ji aliyê Franz Kafka ve hatiye nivîsandin û wek mînaka modernîzmê tê naskirin?,Near duplicate candidate.,f8183a4c3735c5e72ca7b2bea3a84763
warning,near_duplicate_candidate,medium,deepseek_2026_08_18,assets/data/deepseek_2026_08_18_questions.json,349,ds_edebiyat_0206,Di sala 2016an de Xelata Nobelê ya Edebiyatê ji kîjan stranbêj û nivîskarê Amerîkî re hat dayîn?,Near duplicate candidate.,9dd97b427118784264956f9805de6801
warning,near_duplicate_candidate,medium,deepseek_2026_08_18,assets/data/deepseek_2026_08_18_questions.json,34,ds_cografya_0095,Kîjan okyanûs li navbera Asyayê û Amerîkaya Bakur e?,Near duplicate candidate.,c261dd3477d4cc35319b45c6e5458714
warning,near_duplicate_candidate,medium,deepseek_2026_08_18,assets/data/deepseek_2026_08_18_questions.json,351,ds_edebiyat_0210,Di sala 2003an de Xelata Nobelê ya Edebiyatê ji kîjan nivîskarê Afrîkaya Başûr re hat dayîn?,Near duplicate candidate.,e7f20f19128fff7c3639e93ea88c5701
warning,near_duplicate_candidate,medium,deepseek_2026_08_18,assets/data/deepseek_2026_08_18_questions.json,353,ds_edebiyat_0213,Kîjan nivîskara Îngilîz di sala 2007an de Xelata Nobelê ya Edebiyatê wergirt?,Near duplicate candidate.,58697412fbde436b466ab3fec9a907c9
warning,near_duplicate_candidate,medium,deepseek_2026_08_18,assets/data/deepseek_2026_08_18_questions.json,354,ds_edebiyat_0214,Di sala 2021an de Xelata Nobelê ya Edebiyatê ji kîjan nivîskarê Tanzaniyayî re hat dayîn?,Near duplicate candidate.,8cf269280a873cf2e2fd49c72da04614
warning,near_duplicate_candidate,medium,deepseek_2026_08_18,assets/data/deepseek_2026_08_18_questions.json,355,ds_edebiyat_0218,Di sala 1998an de Xelata Nobelê ya Edebiyatê ji kîjan nivîskarê Portekîzî re hat dayîn?,Near duplicate candidate.,4ed3408a8ed716ea127e7ea988b1dd2a
warning,near_duplicate_candidate,medium,deepseek_2026_08_18,assets/data/deepseek_2026_08_18_questions.json,356,ds_edebiyat_0220,Di sala 1961an de Xelata Nobelê ya Edebiyatê ji kîjan nivîskarê Yugoslavî re hat dayîn?,Near duplicate candidate.,96f097d6a4c844b6af0e70e6c5ceb076
warning,near_duplicate_candidate,medium,deepseek_2026_08_18,assets/data/deepseek_2026_08_18_questions.json,357,ds_edebiyat_0221,Kîjan nivîskarê Îrlandî di sala 1923an de Xelata Nobelê ya Edebiyatê wergirt?,Near duplicate candidate.,77c89401f36726e645006e3b8fdbcfa4
warning,near_duplicate_candidate,medium,deepseek_2026_08_18,assets/data/deepseek_2026_08_18_questions.json,358,ds_edebiyat_0222,Di sala 1969an de Xelata Nobelê ya Edebiyatê ji kîjan nivîskarê Îrlandî re hat dayîn?,Near duplicate candidate.,9b1ff10b8471f22e0fc739068aaf7bd8
warning,near_duplicate_candidate,medium,deepseek_2026_08_18,assets/data/deepseek_2026_08_18_questions.json,359,ds_edebiyat_0224,Di sala 1991an de Xelata Nobelê ya Edebiyatê ji kîjan nivîskara Afrîkaya Başûr re hat dayîn?,Near duplicate candidate.,55c87714c5be87ddb915f684b7701872
warning,near_duplicate_candidate,medium,deepseek_2026_08_18,assets/data/deepseek_2026_08_18_questions.json,35,ds_cografya_0099,Kîjan okyanûs li bakurê Amerîkaya Bakur e?,Near duplicate candidate.,e1cfea49ae85b6ce4379f27d41790db3
warning,near_duplicate_candidate,medium,deepseek_2026_08_18,assets/data/deepseek_2026_08_18_questions.json,369,ds_muzik_0009,Dengbêj bi piranî kilamên xwe li kû derê dibêjin?,Near duplicate candidate.,79f8aeb4c08593ca9f3ea4731674476c
warning,near_duplicate_candidate,medium,deepseek_2026_08_18,assets/data/deepseek_2026_08_18_questions.json,381,ds_muzik_0050,Tembûr bi piranî di kîjan herêmê de tê bikaranîn?,Near duplicate candidate.,3c96e2c279a84c883d7bb36c692b22aa
warning,near_duplicate_candidate,medium,deepseek_2026_08_18,assets/data/deepseek_2026_08_18_questions.json,389,ds_muzik_0045,Zirne bi piranî di kîjan demê de tê lêdan?,Near duplicate candidate.,a35853934b826f1a3cb71faa7ed3932d
warning,near_duplicate_candidate,medium,deepseek_2026_08_18,assets/data/deepseek_2026_08_18_questions.json,38,ds_cografya_0103,Paytextê Awistralyayê kîjan bajar e?,Near duplicate candidate.,fc9c109c8772fb8c49a83c7cfad6b205
warning,near_duplicate_candidate,medium,deepseek_2026_08_18,assets/data/deepseek_2026_08_18_questions.json,392,ds_muzik_0043,Bilûr bi piranî di kîjan herêmê de tê bikaranîn?,Near duplicate candidate.,c9027694aef0024b36e63deb3e31a10e
warning,near_duplicate_candidate,medium,deepseek_2026_08_18,assets/data/deepseek_2026_08_18_questions.json,393,ds_muzik_0047,Bilûr bi piranî di kîjan çandê de tê bikaranîn?,Near duplicate candidate.,93b6e3e92f933e892b04ee3f0c3a72a1
warning,near_duplicate_candidate,medium,deepseek_2026_08_18,assets/data/deepseek_2026_08_18_questions.json,39,ds_cografya_0104,Kîjan welat paytexta wî Ankara ye?,Near duplicate candidate.,e443ea7cc2551ecdbd00ebdddc50a85c
warning,near_duplicate_candidate,medium,deepseek_2026_08_18,assets/data/deepseek_2026_08_18_questions.json,400,ds_muzik_0087,Kîjan celeb muzîk bi piranî ji bo zarokan tê gotin?,Near duplicate candidate.,7a937265ad593fbf97d1309d3fcef343
warning,near_duplicate_candidate,medium,deepseek_2026_08_18,assets/data/deepseek_2026_08_18_questions.json,402,ds_muzik_0227,Kîjan celeb muzîk bi piranî ji bo şînê tê gotin?,Near duplicate candidate.,5093d5dfc30cf7f3b3b9381df3ec2f62
warning,near_duplicate_candidate,medium,deepseek_2026_08_18,assets/data/deepseek_2026_08_18_questions.json,404,ds_muzik_0061,Kîjan amûr bi piranî di orkestraya klasîk de tê bikaranîn?,Near duplicate candidate.,1c4fcc38277bd71a000b0eb123e34223
warning,near_duplicate_candidate,medium,deepseek_2026_08_18,assets/data/deepseek_2026_08_18_questions.json,406,ds_muzik_0071,Kîjan amûr bi piranî di muzîka gelêrî ya kurdî de tê bikaranîn?,Near duplicate candidate.,4500d470abd0b452ae5afe9247ca82aa
warning,near_duplicate_candidate,medium,deepseek_2026_08_18,assets/data/deepseek_2026_08_18_questions.json,40,ds_cografya_0105,Paytextê Misirê kîjan bajar e?,Near duplicate candidate.,62a660b3925d5730fb28d349315de1e7
warning,near_duplicate_candidate,medium,deepseek_2026_08_18,assets/data/deepseek_2026_08_18_questions.json,411,ds_muzik_0102,Di muzîkê de têgeha ku dûrahiya du dengan diyar dike çi ye?,Near duplicate candidate.,2136f7bc0051e761f2296a65d15333ad
warning,near_duplicate_candidate,medium,deepseek_2026_08_18,assets/data/deepseek_2026_08_18_questions.json,417,ds_muzik_0110,"Di muzîkê de, kîjan têgîn ji bo nîşankirina rêjdana dengan tê bikaranîn?",Near duplicate candidate.,102a7844b811db50bc60475a74a837ab
warning,near_duplicate_candidate,medium,deepseek_2026_08_18,assets/data/deepseek_2026_08_18_questions.json,418,ds_muzik_0112,"Di muzîkê de, kîjan têgîn ji bo nîşankirina rêzika dengan tê bikaranîn?",Near duplicate candidate.,6ae0c3fbc1fc6f4f75d6246b9fd6d0ff
warning,near_duplicate_candidate,medium,deepseek_2026_08_18,assets/data/deepseek_2026_08_18_questions.json,421,ds_muzik_0134,Wolfgang Amadeus Mozart di kîjan salê de ji dayik bûye?,Near duplicate candidate.,e1cf8c2a3f5a5c3c53e95c825fb08a1c
warning,near_duplicate_candidate,medium,deepseek_2026_08_18,assets/data/deepseek_2026_08_18_questions.json,422,ds_muzik_0145,Wolfgang Amadeus Mozart di kîjan welatî de wefat kiriye?,Near duplicate candidate.,9698613410e0012a65e52892c30bf4b1
warning,near_duplicate_candidate,medium,deepseek_2026_08_18,assets/data/deepseek_2026_08_18_questions.json,424,ds_muzik_0139,Ludwig van Beethoven di serî de bi kîjan senfonî tê naskirin?,Near duplicate candidate.,390581a5e6c47ec372529539611a29e5
warning,near_duplicate_candidate,medium,deepseek_2026_08_18,assets/data/deepseek_2026_08_18_questions.json,42,ds_cografya_0107,Paytextê Rûsyayê kîjan bajar e?,Near duplicate candidate.,a895bc8e36d98a0e17b72848b2e68566
warning,near_duplicate_candidate,medium,deepseek_2026_08_18,assets/data/deepseek_2026_08_18_questions.json,431,ds_muzik_0143,Ludwig van Beethoven di kîjan salê de ji dayik bûye?,Near duplicate candidate.,e9b4e6dcd82e8c876b02a221d577c57a
warning,near_duplicate_candidate,medium,deepseek_2026_08_18,assets/data/deepseek_2026_08_18_questions.json,432,ds_muzik_0150,Ludwig van Beethoven di kîjan welatî de wefat kiriye?,Near duplicate candidate.,48cafeece0575bfd53a813e22aee0067
warning,near_duplicate_candidate,medium,deepseek_2026_08_18,assets/data/deepseek_2026_08_18_questions.json,434,ds_muzik_0144,Kîjan bestekarê klasîk bi leqeba Bavê Semfoniyê tê naskirin?,Near duplicate candidate.,fd4fafa025abe6d17fa45c397cd7f1ee
warning,near_duplicate_candidate,medium,deepseek_2026_08_18,assets/data/deepseek_2026_08_18_questions.json,43,ds_cografya_0108,Kîjan welat paytexta wî Londra ye?,Near duplicate candidate.,f7217f4b837163691cb26641100be1b0
warning,near_duplicate_candidate,medium,deepseek_2026_08_18,assets/data/deepseek_2026_08_18_questions.json,443,ds_muzik_0168,"Kîjan hunermend wekî ""King of Pop"" tê naskirin?",Near duplicate candidate.,dde1296c0e1c8069df7a12368f70c531
warning,near_duplicate_candidate,medium,deepseek_2026_08_18,assets/data/deepseek_2026_08_18_questions.json,445,ds_muzik_0161,"Kîjan hunermend wekî ""Queen of Soul"" tê naskirin?",Near duplicate candidate.,48e530e1ec3e0e5cc190b47b2955a5e6
warning,near_duplicate_candidate,medium,deepseek_2026_08_18,assets/data/deepseek_2026_08_18_questions.json,447,ds_muzik_0163,Kîjan strana navdar a cazê ji aliyê Louis Armstrong ve tê naskirin?,Near duplicate candidate.,a8628ef287e39ca8c49db7b207a1bf74
warning,near_duplicate_candidate,medium,deepseek_2026_08_18,assets/data/deepseek_2026_08_18_questions.json,44,ds_cografya_0109,Paytextê Brezîlyayê kîjan bajar e?,Near duplicate candidate.,777e001d36220e170e2b62f874c14e8e
warning,near_duplicate_candidate,medium,deepseek_2026_08_18,assets/data/deepseek_2026_08_18_questions.json,450,ds_muzik_0170,Kîjan strana navdar a rockê ji aliyê The Rolling Stones ve tê naskirin?,Near duplicate candidate.,fa31ee28862186cc3d67491fc8f7e1dc
warning,near_duplicate_candidate,medium,deepseek_2026_08_18,assets/data/deepseek_2026_08_18_questions.json,452,ds_muzik_0176,Di operayê de stranbêj bi piranî bi kîjan awayî stranan dibêjin?,Near duplicate candidate.,43654ac321f24762ba3c718bf587ccf1
warning,near_duplicate_candidate,medium,deepseek_2026_08_18,assets/data/deepseek_2026_08_18_questions.json,459,ds_muzik_0195,"Di operayê de, kîjan peyv ji bo strana çar stranbêjan tê bikaranîn?",Near duplicate candidate.,ec77959fd3c69363ee4806cce21494cf
warning,near_duplicate_candidate,medium,deepseek_2026_08_18,assets/data/deepseek_2026_08_18_questions.json,46,ds_cografya_0111,Paytextê Îtalyayê kîjan bajar e?,Near duplicate candidate.,d1d2e20b9efad363f9615134614fde28
warning,near_duplicate_candidate,medium,deepseek_2026_08_18,assets/data/deepseek_2026_08_18_questions.json,47,ds_cografya_0112,Kîjan welat paytexta wî Berlîn e?,Near duplicate candidate.,41f4e3f23a241ff660636b59a50f79d0
warning,near_duplicate_candidate,medium,deepseek_2026_08_18,assets/data/deepseek_2026_08_18_questions.json,48,ds_cografya_0113,Paytextê Spanyayê kîjan bajar e?,Near duplicate candidate.,0ee90c4c556bdad375e95e2210b9fe8e
warning,near_duplicate_candidate,medium,deepseek_2026_08_18,assets/data/deepseek_2026_08_18_questions.json,496,ds_sinema_0139,"Kîjan derhênerê îtalyan fîlma ""Umberto D."" derxistiye?",Near duplicate candidate.,a5ac3852ba8db75f2f7cc383841d47d4
warning,near_duplicate_candidate,medium,deepseek_2026_08_18,assets/data/deepseek_2026_08_18_questions.json,49,ds_cografya_0114,Kîjan welat paytexta wî Pekîn e?,Near duplicate candidate.,9305574c45f307b586604d68ba0d34e8
warning,near_duplicate_candidate,medium,deepseek_2026_08_18,assets/data/deepseek_2026_08_18_questions.json,50,ds_cografya_0115,Paytextê Meksîkê kîjan bajar e?,Near duplicate candidate.,1dbc8b83b7857b2a905a0e98a15a4792
warning,near_duplicate_candidate,medium,deepseek_2026_08_18,assets/data/deepseek_2026_08_18_questions.json,51,ds_cografya_0116,Kîjan welat paytexta wî Atîna ye?,Near duplicate candidate.,43073a6a93e475f84d90b6c01d19f00a
warning,near_duplicate_candidate,medium,deepseek_2026_08_18,assets/data/deepseek_2026_08_18_questions.json,522,ds_sinema_0201,"Kîjan derhênerê amerîkî fîlma ""Pulp Fiction"" di sala 1994an de derxist?",Near duplicate candidate.,ca5f36040f339420c3ff3d6e3f2a8170
warning,near_duplicate_candidate,medium,deepseek_2026_08_18,assets/data/deepseek_2026_08_18_questions.json,523,ds_sinema_0203,"Kîjan derhênerê japonî fîlma ""Seven Samurai"" derxist?",Near duplicate candidate.,f5adacf833972ad2c0f069098a32dd3c
warning,near_duplicate_candidate,medium,deepseek_2026_08_18,assets/data/deepseek_2026_08_18_questions.json,52,ds_cografya_0117,Paytextê Hindistanê kîjan bajar e?,Near duplicate candidate.,feb01276c0368adc6657296b3965507b
warning,near_duplicate_candidate,medium,deepseek_2026_08_18,assets/data/deepseek_2026_08_18_questions.json,53,ds_cografya_0118,Kîjan welat paytexta wî Seûl e?,Near duplicate candidate.,a9015ecb4f97d854246680b570f99ebc
warning,near_duplicate_candidate,medium,deepseek_2026_08_18,assets/data/deepseek_2026_08_18_questions.json,544,ds_teknoloji_0009,Kîjan protokol ji bo wergirtina e-nameyan ji serverê tê bikaranîn?,Near duplicate candidate.,6161f8f6f42d4c4ed4ed184c3d8ab067
warning,near_duplicate_candidate,medium,deepseek_2026_08_18,assets/data/deepseek_2026_08_18_questions.json,54,ds_cografya_0119,Paytextê Arjantînê kîjan bajar e?,Near duplicate candidate.,725a8cd7ed261a77caef7f9bf0024e4d
warning,near_duplicate_candidate,medium,deepseek_2026_08_18,assets/data/deepseek_2026_08_18_questions.json,550,ds_teknoloji_0027,Kîjan protokol ji bo şîfrekirina daneyan di navbera malper û gerokê de tê bikaranîn?,Near duplicate candidate.,b5a00b7b39e71d7fc5619db7ecb5ae2a
warning,near_duplicate_candidate,medium,deepseek_2026_08_18,assets/data/deepseek_2026_08_18_questions.json,554,ds_teknoloji_0044,"Di torê de, kîjan rêje ji bo pîvana leza veguhestina daneyan tê bikaranîn?",Near duplicate candidate.,b7dd0434aefe039e717736b7cbb2317f
warning,near_duplicate_candidate,medium,deepseek_2026_08_18,assets/data/deepseek_2026_08_18_questions.json,558,ds_teknoloji_0045,Kîjan amûr ji bo şîfrekirina daneyan di navbera du aliyan de tê bikaranîn?,Near duplicate candidate.,dfe3e5d3f6cb93f0d79d271d46ea267d
warning,near_duplicate_candidate,medium,deepseek_2026_08_18,assets/data/deepseek_2026_08_18_questions.json,55,ds_cografya_0120,Kîjan welat paytexta wî Viyana ye?,Near duplicate candidate.,b513b56e5e5124b15d28d7ef1aed68cc
warning,near_duplicate_candidate,medium,deepseek_2026_08_18,assets/data/deepseek_2026_08_18_questions.json,560,ds_teknoloji_0066,"Di bernamekirinê de, kîjan têgeh ji bo hilanîna komek nirxan bêyî dubarekirinê tê bikaranîn?",Near duplicate candidate.,fd53bbad9abd644e58ceadf4690418bf
warning,near_duplicate_candidate,medium,deepseek_2026_08_18,assets/data/deepseek_2026_08_18_questions.json,562,ds_teknoloji_0071,"Di bernamekirinê de, kîjan têgeh ji bo hilanîna nirxekê ya ku dikare bibe navnîşek tîpan tê bikaranîn?",Near duplicate candidate.,44908abf83d101a7b9933a031d21d632
warning,near_duplicate_candidate,medium,deepseek_2026_08_18,assets/data/deepseek_2026_08_18_questions.json,563,ds_teknoloji_0054,"Di bernamekirinê de, kîjan têgeh ji bo komkirina komek fermanan di bin navekî de tê bikaranîn?",Near duplicate candidate.,0eaaa11a348144d8265174d57fa47de5
warning,near_duplicate_candidate,medium,deepseek_2026_08_18,assets/data/deepseek_2026_08_18_questions.json,564,ds_teknoloji_0060,"Di bernamekirinê de, kîjan têgeh ji bo hilanîna nirxekê ya rast an derew tê bikaranîn?",Near duplicate candidate.,70633f25cb0e88b19ac066f8fb51adf2
warning,near_duplicate_candidate,medium,deepseek_2026_08_18,assets/data/deepseek_2026_08_18_questions.json,565,ds_teknoloji_0055,"Di bernamekirinê de, ji bo hilanîna navnîşek nirxan di bîra komputerê de kîjan têgeh tê bikaranîn?",Near duplicate candidate.,1c7fc748cff4204bdefb116af40bee26
warning,near_duplicate_candidate,medium,deepseek_2026_08_18,assets/data/deepseek_2026_08_18_questions.json,569,ds_teknoloji_0087,"Di bingeha daneyan de, kîjan têgeh ji bo bilezkirina lêgerîna daneyan tê bikaranîn?",Near duplicate candidate.,cc70aca1558a8b68bddee2e14bc3e524
warning,near_duplicate_candidate,medium,deepseek_2026_08_18,assets/data/deepseek_2026_08_18_questions.json,572,ds_teknoloji_0093,"Di bingeha daneyan de, kîjan têgeh ji bo kêmkirina mezinahiya bingeha daneyan tê bikaranîn?",Near duplicate candidate.,5a9cc9adb9753f59cb2d6d3d067a2dd5
warning,near_duplicate_candidate,medium,deepseek_2026_08_18,assets/data/deepseek_2026_08_18_questions.json,575,ds_teknoloji_0084,"Di strukturên daneyan de, kîjan têgeh ji bo navnîşek ku element tenê ji serî tê zêdekirin û jêbirin tê bikaranîn?",Near duplicate candidate.,079d11f9f2997209d966978657d8f463
warning,near_duplicate_candidate,medium,deepseek_2026_08_18,assets/data/deepseek_2026_08_18_questions.json,577,ds_teknoloji_0088,"Di strukturên daneyan de, kîjan têgeh ji bo navnîşek ku element li gorî rêzekê têne rêzkirin tê bikaranîn?",Near duplicate candidate.,23f9fa082edd9408cdf86cdca19d6ff9
warning,near_duplicate_candidate,medium,deepseek_2026_08_18,assets/data/deepseek_2026_08_18_questions.json,57,ds_cografya_0122,Kîjan welat paytexta wî Stockholm e?,Near duplicate candidate.,ae4b22acc54f588218583dd9a4bd1ca1
warning,near_duplicate_candidate,medium,deepseek_2026_08_18,assets/data/deepseek_2026_08_18_questions.json,58,ds_cografya_0123,Paytextê Polonyayê kîjan bajar e?,Near duplicate candidate.,14ec8141d8673007a96f20f0ec7c3cc5
warning,near_duplicate_candidate,medium,deepseek_2026_08_18,assets/data/deepseek_2026_08_18_questions.json,59,ds_cografya_0124,Kîjan welat paytexta wî Tehran e?,Near duplicate candidate.,a8dc9956b7f5a19af41139aab088e48c
warning,near_duplicate_candidate,medium,deepseek_2026_08_18,assets/data/deepseek_2026_08_18_questions.json,5,ds_cografya_0236,Kîjan gol li Rojhilatê Kurdistanê ye û yek ji golên herî şor ên cîhanê ye?,Near duplicate candidate.,44f44aeca849cbcc8d74361e8a4a7e91
warning,near_duplicate_candidate,medium,deepseek_2026_08_18,assets/data/deepseek_2026_08_18_questions.json,60,ds_cografya_0125,Paytextê Nîjeryayê kîjan bajar e?,Near duplicate candidate.,447f99b23bc3ff77d5b15f674f0627e1
warning,near_duplicate_candidate,medium,deepseek_2026_08_18,assets/data/deepseek_2026_08_18_questions.json,611,ds_teknoloji_0189,"Di têlefonekî jîr de, kîjan beş ji bo nîşandana wêneyan tê bikaranîn?",Near duplicate candidate.,416537011efe0bf38e5921d9efeb0b4d
warning,near_duplicate_candidate,medium,deepseek_2026_08_18,assets/data/deepseek_2026_08_18_questions.json,612,ds_teknoloji_0191,"Di têlefonekî jîr de, kîjan teknolojî ji bo cihnasiyê tê bikaranîn?",Near duplicate candidate.,e63fbb9809aded4f42b21c8e36a428b3
warning,near_duplicate_candidate,medium,deepseek_2026_08_18,assets/data/deepseek_2026_08_18_questions.json,613,ds_teknoloji_0195,"Di têlefonekî jîr de, kîjan sepan ji bo wergirtina nûçeyan tê bikaranîn?",Near duplicate candidate.,c1f008c843ba1e535957387893ead9fc
warning,near_duplicate_candidate,medium,deepseek_2026_08_18,assets/data/deepseek_2026_08_18_questions.json,614,ds_teknoloji_0197,"Di têlefonekî jîr de, kîjan beş ji bo kişandina wêneyan tê bikaranîn?",Near duplicate candidate.,b3897daa500038589a1afff16a810ebe
warning,near_duplicate_candidate,medium,deepseek_2026_08_18,assets/data/deepseek_2026_08_18_questions.json,621,ds_teknoloji_0196,Kîjan teknolojî ji bo veguhestina daneyan bi leza bilind di navbera têlefon û torê de tê bikaranîn?,Near duplicate candidate.,63344d48070e80272c0cb66c33cd3723
warning,near_duplicate_candidate,medium,deepseek_2026_08_18,assets/data/deepseek_2026_08_18_questions.json,630,ds_teknoloji_0220,Kîjan asîstanê dengî yê yekem di sala 2011ê de ji aliyê Apple ve hate derxistin?,Near duplicate candidate.,d1b084d6a45a37a8ef35d2d61cc6af49
warning,near_duplicate_candidate,medium,deepseek_2026_08_18,assets/data/deepseek_2026_08_18_questions.json,635,ds_teknoloji_0242,Kîjan peyk ji bo destnîşankirina cihê rast ê li ser rûyê Erdê ji bo rêveçûna otomobîlan tê bikaranîn?,Near duplicate candidate.,6f34eac48f496579644995f81d80b5cf
warning,near_duplicate_candidate,medium,deepseek_2026_08_18,assets/data/deepseek_2026_08_18_questions.json,641,ds_teknoloji_0262,"Di fîzîkê de, têgeha ku ji bo pîvana mîqdara madeyê di tiştekî de tê bikaranîn çi ye?",Near duplicate candidate.,9653888b7892c95f51e84b8a70c780b9
warning,near_duplicate_candidate,medium,deepseek_2026_08_18,assets/data/deepseek_2026_08_18_questions.json,642,ds_teknoloji_0266,"Di fîzîkê de, têgeha ku ji bo pîvana hêza kişandina erdê li ser tiştekî tê bikaranîn çi ye?",Near duplicate candidate.,46817f6aace074c5cab6e7353fddd4a9
warning,near_duplicate_candidate,medium,deepseek_2026_08_18,assets/data/deepseek_2026_08_18_questions.json,644,ds_teknoloji_0273,"Di fîzîkê de, têgeha ku ji bo pîvana leza guherîna lezê tê bikaranîn çi ye?",Near duplicate candidate.,a6870edcf27c60f422d64a021d36a5b0
warning,near_duplicate_candidate,medium,deepseek_2026_08_18,assets/data/deepseek_2026_08_18_questions.json,64,ds_cografya_0133,Kîjan têgih ji bo erdekî nizm û pan re tê bikaranîn ku ji aliyê çemekî ve tê avdan?,Near duplicate candidate.,3593085e8a4d4b910d025850f436cd75
warning,near_duplicate_candidate,medium,deepseek_2026_08_18,assets/data/deepseek_2026_08_18_questions.json,662,ds_cand_0035,"Kîjan peyv di Kurmancî de ji bo ""bridegroom"" tê bikaranîn?",Near duplicate candidate.,54739b8b69b53054a358b8cb3de77f1d
warning,near_duplicate_candidate,medium,deepseek_2026_08_18,assets/data/deepseek_2026_08_18_questions.json,670,ds_ziman_0010,"Di kurmancî de, kîjan rêzika izafeyê ji bo ""bav"" (nêr) rast e?",Near duplicate candidate.,3e9f6ce518ecc321b245a0c0c13daefe
warning,near_duplicate_candidate,medium,deepseek_2026_08_18,assets/data/deepseek_2026_08_18_questions.json,671,ds_ziman_0011,"Di kurmancî de, kîjan rêzika izafeyê ji bo ""xwişk"" (mê) rast e?",Near duplicate candidate.,9f42740eb0821776f202debccead055e
warning,near_duplicate_candidate,medium,deepseek_2026_08_18,assets/data/deepseek_2026_08_18_questions.json,672,ds_ziman_0012,"Di kurmancî de, kîjan rêzika izafeyê ji bo ""bira"" (nêr) rast e?",Near duplicate candidate.,0d884c7df1eee0f472d0723cc33efefc
warning,near_duplicate_candidate,medium,deepseek_2026_08_18,assets/data/deepseek_2026_08_18_questions.json,673,ds_ziman_0025,"Di kurmancî de, kîjan rêzika izafeyê ji bo ""kitêb"" (mê) ya pirjimar rast e?",Near duplicate candidate.,81dc8329b71b7f9ed6349e28ee5f163a
warning,near_duplicate_candidate,medium,deepseek_2026_08_18,assets/data/deepseek_2026_08_18_questions.json,681,ds_ziman_0045,Kîjan hevok di dema borî ya temam de ye?,Near duplicate candidate.,17b7d1d4b86d781a90c6300cdec44eb1
warning,near_duplicate_candidate,medium,deepseek_2026_08_18,assets/data/deepseek_2026_08_18_questions.json,68,ds_cografya_0154,Kîjan levh li ser rûyê erdê di bin parzemînan de ye?,Near duplicate candidate.,e3324cbb022a4cc69c518e30d0c6a80f
warning,near_duplicate_candidate,medium,deepseek_2026_08_18,assets/data/deepseek_2026_08_18_questions.json,691,ds_ziman_1176,"Kîjan peyva kurmancî ji bo ""dayika bav"" tê bikaranîn?",Near duplicate candidate.,f4997e52560c986f8bb2abafd7d41dad
warning,near_duplicate_candidate,medium,deepseek_2026_08_18,assets/data/deepseek_2026_08_18_questions.json,692,ds_ziman_0178,"Kîjan peyva kurmancî ji bo ""bavê dayikê"" tê bikaranîn?",Near duplicate candidate.,dab28e510cf29cdab0d83ba52bd51dc7
warning,near_duplicate_candidate,medium,deepseek_2026_08_18,assets/data/deepseek_2026_08_18_questions.json,694,ds_ziman_0191,"Kîjan peyv ji bo ""yesterday"" di kurmancî de tê bikaranîn?",Near duplicate candidate.,c267661ddd7726ca33a0ea2ce064e5b0
warning,near_duplicate_candidate,medium,deepseek_2026_08_18,assets/data/deepseek_2026_08_18_questions.json,696,ds_ziman_0231,"Kîjan peyv bi tîpa ""ş""ê tê nivîsîn?",Near duplicate candidate.,67455ca95d781dfd62d2c7cfe5381bc9
warning,near_duplicate_candidate,medium,deepseek_2026_08_18,assets/data/deepseek_2026_08_18_questions.json,697,ds_ziman_0233,"Kîjan peyv bi tîpa ""r""ê tê nivîsîn?",Near duplicate candidate.,e372d0f0c926e4018ba64604a7565185
warning,near_duplicate_candidate,medium,deepseek_2026_08_18,assets/data/deepseek_2026_08_18_questions.json,6,ds_cografya_0007,Kîjan çem di nav bajarê Amedê re derbas dibe?,Near duplicate candidate.,c924153472d3e80f5caec4f9c61035bd
warning,near_duplicate_candidate,medium,deepseek_2026_08_18,assets/data/deepseek_2026_08_18_questions.json,700,ds_cand_0036,"Di dawetên kurdan de, kîjan amûra muzîkê bi gelemperî tê lêxistin?",Near duplicate candidate.,6bc5e80e21d9c1eb7dde12d541474136
warning,near_duplicate_candidate,medium,deepseek_2026_08_18,assets/data/deepseek_2026_08_18_questions.json,701,ds_cand_0041,"Di dawetên kurdan de, kîjan amûra muzîkê bi gelemperî bi tembûrê re tê lêxistin?",Near duplicate candidate.,ac0a640d93423fceb27466a5097e7ec9
warning,near_duplicate_candidate,medium,deepseek_2026_08_18,assets/data/deepseek_2026_08_18_questions.json,703,ds_cand_0086,"Di govendê de, kîjan amûra muzîkê ya biçûk bi gelemperî tê lêxistin?",Near duplicate candidate.,cb5d0d52f3661e964c56a1deda38e51d
warning,near_duplicate_candidate,medium,deepseek_2026_08_18,assets/data/deepseek_2026_08_18_questions.json,705,ds_cand_0096,Kîjan amûra muzîkê ya ku bi têlan tê lêxistin di govendê de tê bikaranîn?,Near duplicate candidate.,450b5184d59c7d247713824f35dcb232
warning,near_duplicate_candidate,medium,deepseek_2026_08_18,assets/data/deepseek_2026_08_18_questions.json,721,ds_ziman_0032,"Di kurmancî de dema niha ji bo lêkera ""dan"" çi ye?",Near duplicate candidate.,c9195e6bd3a0e306c4e939c2eae53491
warning,near_duplicate_candidate,medium,deepseek_2026_08_18,assets/data/deepseek_2026_08_18_questions.json,722,ds_ziman_1034,"Di kurmancî de dema niha ji bo lêkera ""kirin"" çawa tê nivîsîn?",Near duplicate candidate.,c9f475338ae9863db4c1db0c04548cf0
warning,near_duplicate_candidate,medium,deepseek_2026_08_18,assets/data/deepseek_2026_08_18_questions.json,723,ds_ziman_1036,"Di kurmancî de dema niha ji bo lêkera ""vekirin"" çi ye?",Near duplicate candidate.,3f18e82f93b1c617b17535aa8baaf5b8
warning,near_duplicate_candidate,medium,deepseek_2026_08_18,assets/data/deepseek_2026_08_18_questions.json,724,ds_ziman_1038,"Di kurmancî de dema niha ji bo lêkera ""şandin"" çawa tê nivîsîn?",Near duplicate candidate.,b7ceb9ac44f81d78e2fe662598485b30
warning,near_duplicate_candidate,medium,deepseek_2026_08_18,assets/data/deepseek_2026_08_18_questions.json,726,ds_ziman_1031,"Kîjan form ji bo dema niha ya kurmancî ya ""hatin"" rast e?",Near duplicate candidate.,a644342385c68ce21c2002c86763619c
warning,near_duplicate_candidate,medium,deepseek_2026_08_18,assets/data/deepseek_2026_08_18_questions.json,727,ds_ziman_0035,"Kîjan form ji bo dema niha ya kurmancî ya ""girtin"" rast e?",Near duplicate candidate.,0b870b77c79a2b47cea041cbd7223bd2
warning,near_duplicate_candidate,medium,deepseek_2026_08_18,assets/data/deepseek_2026_08_18_questions.json,728,ds_ziman_0039,"Kîjan form ji bo dema niha ya kurmancî ya ""anîn"" rast e?",Near duplicate candidate.,f181b7e5bf61d0a8955bd7df51ebc801
warning,near_duplicate_candidate,medium,deepseek_2026_08_18,assets/data/deepseek_2026_08_18_questions.json,731,ds_ziman_0211,"Kîjan hevok di kurmancî de rengdêra ""nû"" bi awayê rast bi kar tîne?",Near duplicate candidate.,7bca7e5c982700042b02a8adc7255ef0
warning,near_duplicate_candidate,medium,deepseek_2026_08_18,assets/data/deepseek_2026_08_18_questions.json,736,ds_ziman_0094,"Di kurmancî de ""li gel"" çi nîşan dide?",Near duplicate candidate.,c071f1349d653265d78b3bc2271a95d8
warning,near_duplicate_candidate,medium,deepseek_2026_08_18,assets/data/deepseek_2026_08_18_questions.json,740,ds_ziman_1115,Kîjan peyv ji bo cihê ku mirov tê de xwarinê çêdike ye?,Near duplicate candidate.,58e57f9dacc8bfc6c8efd728907b6ee6
warning,near_duplicate_candidate,medium,deepseek_2026_08_18,assets/data/deepseek_2026_08_18_questions.json,741,ds_ziman_0119,Kîjan peyv ji bo cihê ku mirov tê de xwarinê dixwe ye?,Near duplicate candidate.,73f52038828809f54fbba917f56df948
warning,near_duplicate_candidate,medium,deepseek_2026_08_18,assets/data/deepseek_2026_08_18_questions.json,747,ds_ziman_0110,"Di malê de, kîjan cih ji bo rûniştina mêvanan tê bikaranîn?",Near duplicate candidate.,051d84e974cafb30e590b9053d128804
warning,near_duplicate_candidate,medium,deepseek_2026_08_18,assets/data/deepseek_2026_08_18_questions.json,748,ds_ziman_0114,"Di malê de, kîjan cih ji bo hilanîna xwarinan tê bikaranîn?",Near duplicate candidate.,e16cd966b47e36f7a8c43fea53380d0b
warning,near_duplicate_candidate,medium,deepseek_2026_08_18,assets/data/deepseek_2026_08_18_questions.json,749,ds_ziman_0121,"Di malê de, kîjan cih ji bo hilanîna kincan tê bikaranîn?",Near duplicate candidate.,4961fb72943d428dd91ffa30023df12f
warning,near_duplicate_candidate,medium,deepseek_2026_08_18,assets/data/deepseek_2026_08_18_questions.json,751,ds_ziman_0112,"Di metbexê de, kîjan tişt ji bo danîna xwarinê tê bikaranîn?",Near duplicate candidate.,85d0f3dfe51e324c7adf94d6192dc5c5
warning,near_duplicate_candidate,medium,deepseek_2026_08_18,assets/data/deepseek_2026_08_18_questions.json,752,ds_ziman_0123,"Di metbexê de, kîjan tişt ji bo pijandina nan tê bikaranîn?",Near duplicate candidate.,ef75af886dd8a6284cdb2be44eaabb2c
warning,near_duplicate_candidate,medium,deepseek_2026_08_18,assets/data/deepseek_2026_08_18_questions.json,753,ds_ziman_0113,Kîjan tişt ji bo vekirina deriyê malê tê bikaranîn?,Near duplicate candidate.,4b0853ec9991c1f508643ff1c43ce759
warning,near_duplicate_candidate,medium,deepseek_2026_08_18,assets/data/deepseek_2026_08_18_questions.json,755,ds_ziman_0117,Kîjan tişt ji bo pîvana demê di malê de tê bikaranîn?,Near duplicate candidate.,12b1ab8d683f3966edd0d2152643f9ac
warning,near_duplicate_candidate,medium,deepseek_2026_08_18,assets/data/deepseek_2026_08_18_questions.json,756,ds_ziman_0118,"Di serşokê de, kîjan tişt ji bo şuştina destan tê bikaranîn?",Near duplicate candidate.,3ecbdd56bf8e79e84558bf98e38c17db
warning,near_duplicate_candidate,medium,deepseek_2026_08_18,assets/data/deepseek_2026_08_18_questions.json,758,ds_ziman_0122,Kîjan tişt ji bo çêkirina çayê tê bikaranîn?,Near duplicate candidate.,162222d37814a0817306cf1534a44a66
warning,near_duplicate_candidate,medium,deepseek_2026_08_18,assets/data/deepseek_2026_08_18_questions.json,764,ds_ziman_0134,"Di kurmancî de peyva ""ba"" çi ye?",Near duplicate candidate.,f83114a909b496de9c8bd9e3e05320b9
warning,near_duplicate_candidate,medium,deepseek_2026_08_18,assets/data/deepseek_2026_08_18_questions.json,766,ds_ziman_0136,"Di kurmancî de ""daristan"" çi ye?",Near duplicate candidate.,cfa2de121128113a7a5da4e2713aef39
warning,near_duplicate_candidate,medium,deepseek_2026_08_18,assets/data/deepseek_2026_08_18_questions.json,767,ds_ziman_0138,"Di kurmancî de peyva ""xew"" çi wateyê dide?",Near duplicate candidate.,1fa1fbfb02f80a7c46cfad177ec72c3f
warning,near_duplicate_candidate,medium,deepseek_2026_08_18,assets/data/deepseek_2026_08_18_questions.json,769,ds_ziman_0140,"Di kurmancî de ""erd"" çi ye?",Near duplicate candidate.,51832b285eda1493d0bb2c085f755fc7
warning,near_duplicate_candidate,medium,deepseek_2026_08_18,assets/data/deepseek_2026_08_18_questions.json,76,ds_cografya_0183,Kîjan xet li ser nexşeyê hêlîpana sifir e?,Near duplicate candidate.,6e59d28ea0df502eb75f8f80b6001d59
warning,near_duplicate_candidate,medium,deepseek_2026_08_18,assets/data/deepseek_2026_08_18_questions.json,770,ds_ziman_0142,"Di kurmancî de peyva ""baran"" çi ye?",Near duplicate candidate.,4619f6c3026f1dd1a27882d664431725
warning,near_duplicate_candidate,medium,deepseek_2026_08_18,assets/data/deepseek_2026_08_18_questions.json,774,ds_ziman_0157,"Di kurmancî de ""pêncem"" li kîjan rêza hejmarî tê?",Near duplicate candidate.,9877beef1d02f2b0803fdbc44a37780a
warning,near_duplicate_candidate,medium,deepseek_2026_08_18,assets/data/deepseek_2026_08_18_questions.json,775,ds_ziman_0152,Di kurmancî de hejmara 100 çawa tê nivîsîn?,Near duplicate candidate.,e8c96badbdf515046146dd77ee1ba790
warning,near_duplicate_candidate,medium,deepseek_2026_08_18,assets/data/deepseek_2026_08_18_questions.json,776,ds_ziman_0153,Di kurmancî de hejmara 4 çawa tê nivîsîn?,Near duplicate candidate.,8390376489bdbccb2e919e56b58b8c89
warning,near_duplicate_candidate,medium,deepseek_2026_08_18,assets/data/deepseek_2026_08_18_questions.json,779,ds_ziman_1193,Di kurmancî de ji bo zarokên bira û xwişkan kîjan peyv tê bikaranîn?,Near duplicate candidate.,5c14acd4ab51871ab796afa9be4a19e3
warning,near_duplicate_candidate,medium,deepseek_2026_08_18,assets/data/deepseek_2026_08_18_questions.json,780,ds_ziman_0183,Di kurmancî de ji bo kurê apê mirov kîjan peyv tê bikaranîn?,Near duplicate candidate.,dae7d22cfe3edd946c811890f10f523b
warning,near_duplicate_candidate,medium,deepseek_2026_08_18,assets/data/deepseek_2026_08_18_questions.json,784,ds_ziman_0210,Di kurmancî de ji bo kesekî ku zanîn û pisporiya wî kêm e kîjan rengdêr tê bikaranîn?,Near duplicate candidate.,6b60d544c4919f05ebf299b35b87965b
warning,near_duplicate_candidate,medium,deepseek_2026_08_18,assets/data/deepseek_2026_08_18_questions.json,792,ds_ziman_0265,"Gotina ""xwe li ber xwe girtin"" di kurmancî de ji bo kîjan rewşê tê bikaranîn?",Near duplicate candidate.,ef74266c6cc5b4cc941d4a5e38652ee6
warning,near_duplicate_candidate,medium,deepseek_2026_08_18,assets/data/deepseek_2026_08_18_questions.json,793,ds_ziman_0266,"Di kurmancî de ""devê xwe vekirin"" bi wateya xwe ya mecazî çi ye?",Near duplicate candidate.,b8ba881d129ec757fbee21df62a7b9bc
warning,near_duplicate_candidate,medium,deepseek_2026_08_18,assets/data/deepseek_2026_08_18_questions.json,794,ds_ziman_0272,"Di kurmancî de ""devê xwe girtin"" bi wateya xwe ya mecazî çi ye?",Near duplicate candidate.,c1cdece807ca0d385cf3d4d0660d6d00
warning,near_duplicate_candidate,medium,deepseek_2026_08_18,assets/data/deepseek_2026_08_18_questions.json,799,ds_cand_0016,Di Newrozê de çi tê şewitandin?,Near duplicate candidate.,954627b3c4afa482014f6c81aa2ffe3a
warning,near_duplicate_candidate,medium,deepseek_2026_08_18,assets/data/deepseek_2026_08_18_questions.json,7,ds_cografya_0011,Kîjan çem di nav bajarê Hesîçeyê re derbas dibe?,Near duplicate candidate.,deef87b1ae12d5af51f7347be52ff638
warning,near_duplicate_candidate,medium,deepseek_2026_08_18,assets/data/deepseek_2026_08_18_questions.json,800,ds_cand_0024,Di Newrozê de çi tê kirin?,Near duplicate candidate.,1cf44c031c2acaa2371fc776c3aa2925
warning,near_duplicate_candidate,medium,deepseek_2026_08_18,assets/data/deepseek_2026_08_18_questions.json,804,ds_cand_0011,Newroz bi kîjan dînî ve tê girêdan?,Near duplicate candidate.,97fbad187688eb9e9082bc0a6e699fea
warning,near_duplicate_candidate,medium,deepseek_2026_08_18,assets/data/deepseek_2026_08_18_questions.json,806,ds_cand_0018,Di Newrozê de mirov çi li xwe dikin?,Near duplicate candidate.,db27dd0cbc8ce145467e22ebfe72941a
warning,near_duplicate_candidate,medium,deepseek_2026_08_18,assets/data/deepseek_2026_08_18_questions.json,808,ds_cand_1015,Newroz di kîjan rojê de tê pîrozkirin?,Near duplicate candidate.,a11b1ad158c157bfec877ee1aecf4966
warning,near_duplicate_candidate,medium,deepseek_2026_08_18,assets/data/deepseek_2026_08_18_questions.json,810,ds_cand_0021,Newroz bi kîjan demsalê ve tê girêdan?,Near duplicate candidate.,29bac9edf75d150d2d54f33d65ecad34
warning,near_duplicate_candidate,medium,deepseek_2026_08_18,assets/data/deepseek_2026_08_18_questions.json,818,ds_cand_0092,"Li gorî kevneşopiya kurdî, govend bi gelemperî li kû tê dans kirin?",Near duplicate candidate.,36a29696ddaa163983cc8374300c4405
warning,near_duplicate_candidate,medium,deepseek_2026_08_18,assets/data/deepseek_2026_08_18_questions.json,81,ds_cografya_0192,Di nexşeyekê de pîvana 1:1.000.000 tê wateya çi?,Near duplicate candidate.,45c854bf5e5539279d595a547dd164fa
warning,near_duplicate_candidate,medium,deepseek_2026_08_18,assets/data/deepseek_2026_08_18_questions.json,821,ds_cand_1090,Kîjan amûra muzîkê ya kurdî bi gelemperî ji bo govendê tê bikaranîn û ji çerm tê çêkirin?,Near duplicate candidate.,d792e404c8ea704e78c21c7582cd0acc
warning,near_duplicate_candidate,medium,deepseek_2026_08_18,assets/data/deepseek_2026_08_18_questions.json,824,ds_cand_0087,"Di govenda kurdî ya botan de, dansvan bi gelemperî çawa tevdigerin?",Near duplicate candidate.,45c17a189bf29d342d16c56ce5b22c60
warning,near_duplicate_candidate,medium,deepseek_2026_08_18,assets/data/deepseek_2026_08_18_questions.json,826,ds_cand_0099,"Di govenda kurdî ya herêmên cuda de, kîjan amûra muzîkê bi gelemperî tê bikaranîn?",Near duplicate candidate.,27b015f4a390d3e710c5355a2bb8867a
warning,near_duplicate_candidate,medium,deepseek_2026_08_18,assets/data/deepseek_2026_08_18_questions.json,830,ds_cand_0159,"Di çanda kurdî de, dema mêvanek tê, kîjan tişt bi gelemperî tê kirin?",Near duplicate candidate.,0089dc59c4fd2b4ac0d907fcdc1a427c
warning,near_duplicate_candidate,medium,deepseek_2026_08_18,assets/data/deepseek_2026_08_18_questions.json,831,ds_cand_1165,"Di çanda kurdî de, dema mêvanek tê, kîjan tişt bi gelemperî nayê kirin?",Near duplicate candidate.,b9fc2cf6441b241a297b3ef775d0b34a
warning,near_duplicate_candidate,medium,deepseek_2026_08_18,assets/data/deepseek_2026_08_18_questions.json,833,ds_cand_0251,"Di çanda kurdî de, dema pitikek tê dinyayê, kîjan tişt bi gelemperî tê kirin?",Near duplicate candidate.,1d41b429585ad5413c6891859aac45a3
warning,near_duplicate_candidate,medium,deepseek_2026_08_18,assets/data/deepseek_2026_08_18_questions.json,841,ds_cand_0196,"Di zivistanê de, ajal bi gelemperî çi dixwin?",Near duplicate candidate.,ffc9bd002000bf5d427d113b8121054b
warning,near_duplicate_candidate,medium,deepseek_2026_08_18,assets/data/deepseek_2026_08_18_questions.json,846,ds_cand_0235,Kîjan cejn bi gelemperî li ser 10ê Zilhicceyê tê pîrozkirin?,Near duplicate candidate.,fe2db562f55f0f077f879e4817b80eec
warning,near_duplicate_candidate,medium,deepseek_2026_08_18,assets/data/deepseek_2026_08_18_questions.json,848,ds_cand_0233,Kîjan cejn bi gelemperî ji bo bîranîna îbrahîm pêxember tê pîrozkirin?,Near duplicate candidate.,2599003b29e51e09dd130dec4cd4398e
warning,near_duplicate_candidate,medium,deepseek_2026_08_18,assets/data/deepseek_2026_08_18_questions.json,850,ds_cand_0241,Kîjan cejn bi gelemperî ji bo bîranîna bûyera qurbaniyê tê pîrozkirin?,Near duplicate candidate.,82e7ae918b6c2902839b9df51c20cbfb
warning,near_duplicate_candidate,medium,deepseek_2026_08_18,assets/data/deepseek_2026_08_18_questions.json,854,ds_cand_0239,Cejna Remezanê di kîjan meha kamerî de tê pîrozkirin?,Near duplicate candidate.,2d4d990d2e038230a4ab4b803b8fe1e2
warning,near_duplicate_candidate,medium,deepseek_2026_08_18,assets/data/deepseek_2026_08_18_questions.json,857,ds_cand_0242,"Di cejna Remezanê de, kîjan tişt bi gelemperî tê dayîn?",Near duplicate candidate.,4ef7788a689d580a5bf2f0116e2e066a
warning,near_duplicate_candidate,medium,deepseek_2026_08_18,assets/data/deepseek_2026_08_18_questions.json,858,ds_cand_0240,"Di Newrozê de, kîjan tişt bi gelemperî tê vêxistin?",Near duplicate candidate.,8f0690c1086c9a2d7cac48971f376d49
warning,near_duplicate_candidate,medium,deepseek_2026_08_18,assets/data/deepseek_2026_08_18_questions.json,861,ds_cand_0296,"Di çîroka ""Kawayê Hesinker"" de, Kawa bi kîjan awayî serî hildide?",Near duplicate candidate.,c56b42fdc8d52d0532b684e62a960193
warning,near_duplicate_candidate,medium,deepseek_2026_08_18,assets/data/deepseek_2026_08_18_questions.json,864,ds_edebiyat_0223,Kîjan nivîskarê nîjeryayî di sala 1986an de bû afrîkiyê yekem ê ku Xelata Nobelê ya Edebiyatê wergirt?,Near duplicate candidate.,cb7615a5cc92900efd42378f851d45e9
warning,near_duplicate_candidate,medium,deepseek_2026_08_18,assets/data/deepseek_2026_08_18_questions.json,866,ds_muzik_0229,Bandora sereke ya dîrokî ya beşa kurdî ya Radyoya Êrîvanê (1955) li ser bîra muzîka kurdî çi bû?,Near duplicate candidate.,06992ceafd777f841bb3eb75afaad697
warning,near_duplicate_candidate,medium,deepseek_2026_08_18,assets/data/deepseek_2026_08_18_questions.json,89,ds_cografya_0212,Kîjan welat ji bo koçberên Kurdan di salên 1970î de bû armanca sereke?,Near duplicate candidate.,08933284f4cb234bc37cdd19961b194a
warning,near_duplicate_candidate,medium,deepseek_2026_08_18,assets/data/deepseek_2026_08_18_questions.json,8,ds_cografya_0017,Kîjan çem di nav bajarê Mûsilê re derbas dibe?,Near duplicate candidate.,776446ef8b512b1ff07b2b9c213a6114
warning,near_duplicate_candidate,medium,deepseek_2026_08_18,assets/data/deepseek_2026_08_18_questions.json,906,ds_sinema_0260,Rêzbûna dîrokî ya derketina van fîlmên girîng ên sînemaya kurdî di kîjan vebijêrkê de rast e?,Near duplicate candidate.,92bbe20eac13fcd440e620afdb278606
warning,near_duplicate_candidate,medium,deepseek_2026_08_18,assets/data/deepseek_2026_08_18_questions.json,93,ds_cografya_0218,Kîjan têgih ji bo koçkirina mirovan ji welatekî bo welatekî din tê bikaranîn?,Near duplicate candidate.,6ad0833e5d6376ceb1d0c5cf163065c0
warning,near_duplicate_candidate,medium,deepseek_2026_08_18,assets/data/deepseek_2026_08_18_questions.json,94,ds_cografya_0223,Kîjan têgih ji bo koçkirina mirovan ji ber sedemên siyasî tê bikaranîn?,Near duplicate candidate.,64b6e4849d571988e1ecc0fccf4e2858
warning,near_duplicate_candidate,medium,deepseek_2026_08_18,assets/data/deepseek_2026_08_18_questions.json,97,ds_cografya_0209,Di sala 1950î de nifûsa cîhanê derdora çend milyar bû?,Near duplicate candidate.,4dad20dfcf82538d443f73c52271c04c
warning,near_duplicate_candidate,medium,editorial_runtime_bank,assets/data/editorial_questions.json,102,edit_ziman_0021,"Peyva Kurmancî ""dar"" bi Tirkî çi tê wateyê?",Near duplicate candidate.,38e349b1029b789401dd78ee73edde08
warning,near_duplicate_candidate,medium,editorial_runtime_bank,assets/data/editorial_questions.json,118,edit_cand_0023,"Di dawetên kurdî de ""qelen"" çi ye?",Near duplicate candidate.,cd22b76406c3e370ad4231aace91881f
warning,near_duplicate_candidate,medium,editorial_runtime_bank,assets/data/editorial_questions.json,159,edit_paradigma_0014,"Peyva ""xweza"" bi Tirkî çi tê wateyê?",Near duplicate candidate.,232d2e9139f514108cd04b8adf8bd987
warning,near_duplicate_candidate,medium,editorial_runtime_bank,assets/data/editorial_questions.json,161,edit_ziman_0036,"Peyva Kurmancî ""dest"" bi Tirkî çi tê wateyê?",Near duplicate candidate.,1cb6e07c55887b716376056c57b235d8
warning,near_duplicate_candidate,medium,editorial_runtime_bank,assets/data/editorial_questions.json,162,edit_ziman_0038,"Peyva Kurmancî ""spas"" bi Tirkî çi tê wateyê?",Near duplicate candidate.,162a6ccc04caee94e8317852c9ae0591
warning,near_duplicate_candidate,medium,editorial_runtime_bank,assets/data/editorial_questions.json,163,edit_ziman_0039,"Dijwateya peyva ""dirêj"" di Kurmancî de kîjan e?",Near duplicate candidate.,248369070272d9ba951770c0c6cabdf2
warning,near_duplicate_candidate,medium,editorial_runtime_bank,assets/data/editorial_questions.json,170,edit_ziman_0046,"Hevwateya peyva ""westiyayî"" di Kurmancî de kîjan e?",Near duplicate candidate.,780a18fbfe47af0866c9d0f7091f5c3c
warning,near_duplicate_candidate,medium,editorial_runtime_bank,assets/data/editorial_questions.json,175,edit_cand_0029,"Di çanda kurdî de ""koçerî"" çi ye?",Near duplicate candidate.,f4dc03063e4aad3f50492b7c3766d751
warning,near_duplicate_candidate,medium,editorial_runtime_bank,assets/data/editorial_questions.json,17,edit_ziman_0020,"Di Kurmancî de cudahiya ""min"" û ""ez"" çi ye?",Near duplicate candidate.,abc21fca37a6c96f9eec8466ce3d0b33
warning,near_duplicate_candidate,medium,editorial_runtime_bank,assets/data/editorial_questions.json,192,edit_dirok_0031,Mîrektiya Erdelan navenda xwe li ku derê bû?,Near duplicate candidate.,4ff9af4ef2aefa6f5a7d260bd8fcac82
warning,near_duplicate_candidate,medium,editorial_runtime_bank,assets/data/editorial_questions.json,20,edit_cand_0004,"Di çanda kurdî de ""tiştonek"" çi ye?",Near duplicate candidate.,c13da227fb709105ed10e7c528f54579
warning,near_duplicate_candidate,medium,editorial_runtime_bank,assets/data/editorial_questions.json,215,edit_cografya_0028,Bajarê Kirmanşanê li kîjan perçeyê Kurdistanê ye?,Near duplicate candidate.,6e29296849d602e658738533c82400c0
warning,near_duplicate_candidate,medium,editorial_runtime_bank,assets/data/editorial_questions.json,219,edit_cografya_0033,Bajarê Dihokê li kîjan perçeyê Kurdistanê ye?,Near duplicate candidate.,40c7fc5187b706a07a9f6474ae61bf0e
warning,near_duplicate_candidate,medium,editorial_runtime_bank,assets/data/editorial_questions.json,222,edit_cografya_0036,"Peyva ""behr"" bi Tirkî çi tê wateyê?",Near duplicate candidate.,099666081a62fc86eb7a33b23e6153aa
warning,near_duplicate_candidate,medium,editorial_runtime_bank,assets/data/editorial_questions.json,223,edit_cografya_0037,Bajarê Efrînê li kîjan perçeyê Kurdistanê ye?,Near duplicate candidate.,1457694107cba46930480139af2134f7
warning,near_duplicate_candidate,medium,editorial_runtime_bank,assets/data/editorial_questions.json,235,edit_muzik_0032,"Peyva ""govend"" bi Tirkî çi tê wateyê?",Near duplicate candidate.,a8169f5aba4e2c90f5bdb805cc3c51de
warning,near_duplicate_candidate,medium,editorial_runtime_bank,assets/data/editorial_questions.json,237,edit_siyaset_0021,"Peyva ""wekhevî"" bi Tirkî çi tê wateyê?",Near duplicate candidate.,9ea167f7fc21709c813d40928e83e4a3
warning,near_duplicate_candidate,medium,editorial_runtime_bank,assets/data/editorial_questions.json,24,edit_cand_0008,"Di çanda kurdî de ""heval"" bi giştî çi tê wateyê?",Near duplicate candidate.,0a13a6f8e7c9b529989f3d90edf843e0
warning,near_duplicate_candidate,medium,editorial_runtime_bank,assets/data/editorial_questions.json,31,edit_cand_0015,"Xwarina ""dew"" ji çi tê çêkirin?",Near duplicate candidate.,6a7153ff1418ad7a4206d15d98493772
warning,near_duplicate_candidate,medium,editorial_runtime_bank,assets/data/editorial_questions.json,64,edit_cografya_0008,Bendava Îlisûyê li ser kîjan çemî hatiye avakirin?,Near duplicate candidate.,3dfd8003aa49d90f64d0d03d85449f06
warning,near_duplicate_candidate,medium,editorial_runtime_bank,assets/data/editorial_questions.json,69,edit_cografya_0013,Bajarê Qamişlo li kîjan parçeyê Kurdistanê ye?,Near duplicate candidate.,c8c9b90a8af4c615ecf83bd8ffeda0ac
warning,near_duplicate_candidate,medium,editorial_runtime_bank,assets/data/editorial_questions.json,70,edit_cografya_0014,Bajarê Sineyê (Sanandaj) li kîjan perçeyê Kurdistanê ye?,Near duplicate candidate.,5eb4cef5f05f150a50d44685a2364275
warning,near_duplicate_candidate,medium,editorial_runtime_bank,assets/data/editorial_questions.json,81,edit_muzik_0012,"Peyva ""stran"" bi Tirkî çi tê wateyê?",Near duplicate candidate.,6405b771621b92f37fd00db7cf9dfea4
warning,near_duplicate_candidate,medium,editorial_runtime_bank,assets/data/editorial_questions.json,90,edit_siyaset_0011,"Peyva ""azadî"" bi Tirkî çi tê wateyê?",Near duplicate candidate.,648cfa55625b1ce6a4a66d1aa8c2e5bb
warning,near_duplicate_candidate,medium,editorial_runtime_bank,assets/data/editorial_questions.json,91,edit_siyaset_0012,"Di siyaseta herêmî de ""komûn"" bi giştî çi ye?",Near duplicate candidate.,86b6bc95ab6aff9665c92bc17e771604
warning,near_duplicate_candidate,medium,editorial_runtime_bank,assets/data/editorial_questions.json,96,edit_paradigma_0005,"Di vê paradîgmayê de ""civaka exlaqî û polîtîk"" çi tê wateyê?",Near duplicate candidate.,0acc350dfb6be682efefd4814f4ed445
warning,near_duplicate_candidate,medium,offline_runtime_bank,assets/data/offline_questions.json,100,offline_2354,Bajarê Kobanê li kîjan perçeyê Kurdistanê ye?,Near duplicate candidate.,af6f23bde1f88fb880159ed2dc2a7abe
warning,near_duplicate_candidate,medium,offline_runtime_bank,assets/data/offline_questions.json,1121,offline_muz_2010,Bilûr bi gelemperî ji çi tê çêkirin?,Near duplicate candidate.,f565aa57594ebbfad4f3d99fb0010ecd
warning,near_duplicate_candidate,medium,offline_runtime_bank,assets/data/offline_questions.json,129,offline_2556,Herêma Behdînan bi piranî li kîjan perçeyê Kurdistanê ye?,Near duplicate candidate.,795fcdb911c4a1d49da1e19444dd4832
warning,near_duplicate_candidate,medium,offline_runtime_bank,assets/data/offline_questions.json,138,offline_2628,"Di Kurmancî de ""dîtin"" tê çi wateyê?",Near duplicate candidate.,374987b88afb7c78a83c2d448ac805f9
warning,near_duplicate_candidate,medium,offline_runtime_bank,assets/data/offline_questions.json,139,offline_2629,"Di Kurmancî de lêkera ""kirin"" tê çi wateyê?",Near duplicate candidate.,e9911f3f7d7999116ecf515488d4ca3d
warning,near_duplicate_candidate,medium,offline_runtime_bank,assets/data/offline_questions.json,144,offline_2658,"Di Kurmancî de ""bîst"" kîjan hejmar e?",Near duplicate candidate.,27a85e6a33132750818ee3285e905162
warning,near_duplicate_candidate,medium,offline_runtime_bank,assets/data/offline_questions.json,155,offline_2722,"Di Kurmancî de ""zer"" kîjan reng e?",Near duplicate candidate.,f3934aede3980b1cb1744e3459e46be1
warning,near_duplicate_candidate,medium,offline_runtime_bank,assets/data/offline_questions.json,15,offline_0065,"Wêneya ""spas"" tê çi wateyê?",Near duplicate candidate.,613ca154d45aaa5c84ba76ce00ac06f8
warning,near_duplicate_candidate,medium,offline_runtime_bank,assets/data/offline_questions.json,160,offline_2780,"Di Kurmancî de ""aştî"" tê çi wateyê?",Near duplicate candidate.,abc3690cca3305a0cbf2a4002e01c834
warning,near_duplicate_candidate,medium,offline_runtime_bank,assets/data/offline_questions.json,165,offline_2803,"Di Kurmancî de ""bîr"" tê çi wateyê?",Near duplicate candidate.,c73914234f0c5b21a616051a8ef8b1d6
warning,near_duplicate_candidate,medium,offline_runtime_bank,assets/data/offline_questions.json,166,offline_2804,"Di Kurmancî de ""kar"" tê çi wateyê?",Near duplicate candidate.,02ed86aa88acd2dc8be3ae5eb7443899
warning,near_duplicate_candidate,medium,offline_runtime_bank,assets/data/offline_questions.json,173,offline_5012,"Peyva Kurmancî ""dê"" bi Tirkî çi tê gotin?",Near duplicate candidate.,d9e08f8be9533e78ca6ec016380b9886
warning,near_duplicate_candidate,medium,offline_runtime_bank,assets/data/offline_questions.json,179,offline_5090,"Kîjan ji van peyva Kurmancî ye ku wateya wê ""kalp/gönül"" ye?",Near duplicate candidate.,bf878350f0ca476ccd23f4e723366571
warning,near_duplicate_candidate,medium,offline_runtime_bank,assets/data/offline_questions.json,188,offline_5202,"Wateya Tirkî ya peyva ""xanî"" kîjan e?",Near duplicate candidate.,4d43db5ca9f847e04a0adfa4491ecd5e
warning,near_duplicate_candidate,medium,offline_runtime_bank,assets/data/offline_questions.json,18,offline_0075,"Di wêneyê de ""sar"" tê çi wateyê?",Near duplicate candidate.,bbf6867a5b3ff0c92686141acaee8164
warning,near_duplicate_candidate,medium,offline_runtime_bank,assets/data/offline_questions.json,191,offline_5221,"Wateya Tirkî ya peyva ""kal"" kîjan e?",Near duplicate candidate.,2ec02744173ada1617a82d810e7cf4c5
warning,near_duplicate_candidate,medium,offline_runtime_bank,assets/data/offline_questions.json,192,offline_5225,"Ji bo gotina ""göz"" di Kurmancî de kîjan peyv tê bikaranîn?",Near duplicate candidate.,85e4ca7899aa78c841471b2c667991f7
warning,near_duplicate_candidate,medium,offline_runtime_bank,assets/data/offline_questions.json,193,offline_5236,"Ji bo gotina ""yol"" di Kurmancî de kîjan peyv tê bikaranîn?",Near duplicate candidate.,24e2e0aefe92224413c1492b4f484e05
warning,near_duplicate_candidate,medium,offline_runtime_bank,assets/data/offline_questions.json,194,offline_5260,"Peyva Kurmancî ""reng"" bi Tirkî çi tê gotin?",Near duplicate candidate.,b7204e881b20cc7101225312184f6305
warning,near_duplicate_candidate,medium,offline_runtime_bank,assets/data/offline_questions.json,195,offline_5264,"Kîjan ji van peyva Kurmancî ye ku wateya wê ""kapı"" ye?",Near duplicate candidate.,4a01c0d35d4b48db1fb85ff04c2d26fa
warning,near_duplicate_candidate,medium,offline_runtime_bank,assets/data/offline_questions.json,196,offline_5268,"Rast e an şaş e: Kurmancî ""pisîk"" = ""kedi"".",Near duplicate candidate.,f6f22d9c5e03cbfd49185d853c3f4029
warning,near_duplicate_candidate,medium,offline_runtime_bank,assets/data/offline_questions.json,197,offline_5270,"Hevwateya ""sevmek"" bi Kurmancî çi ye?",Near duplicate candidate.,b07793b2d84280b226951d4c745f4814
warning,near_duplicate_candidate,medium,offline_runtime_bank,assets/data/offline_questions.json,198,offline_5297,"Peyva Kurmancî ""malbat"" bi Tirkî çi tê gotin?",Near duplicate candidate.,b2c34f98ca819d000f594988c008e042
warning,near_duplicate_candidate,medium,offline_runtime_bank,assets/data/offline_questions.json,199,offline_5307,"Di Kurmancî de dema ""av"" tê gotin, ""gün/güneş"" tê xwestin?",Near duplicate candidate.,d60cc43bcc9d201aea1f749474a8ed47
warning,near_duplicate_candidate,medium,offline_runtime_bank,assets/data/offline_questions.json,19,offline_0080,"Wêne ""biçûk"" dibêje — wateya rast kîjan e?",Near duplicate candidate.,f6f0c62c9adf3444bf5f6aa6b757b69b
warning,near_duplicate_candidate,medium,offline_runtime_bank,assets/data/offline_questions.json,200,offline_5314,"Wateya Tirkî ya ""ba"" ""rüzgar"" e?",Near duplicate candidate.,359c14f296ba83da2c28341830d4dc29
warning,near_duplicate_candidate,medium,offline_runtime_bank,assets/data/offline_questions.json,201,offline_5325,"Kîjan ji van peyva Kurmancî ye ku wateya wê ""işitmek"" ye?",Near duplicate candidate.,2a2da9ffda433691529ec44f5deca497
warning,near_duplicate_candidate,medium,offline_runtime_bank,assets/data/offline_questions.json,202,offline_5364,"Di Kurmancî de dema ""derî"" tê gotin, ""pencere"" tê xwestin?",Near duplicate candidate.,18d81bdeab0f262b052299a899da254e
warning,near_duplicate_candidate,medium,offline_runtime_bank,assets/data/offline_questions.json,203,offline_5386,"Peyva Kurmancî ""rûniştin"" bi Tirkî çi tê gotin?",Near duplicate candidate.,ca63d7c483f33eef82da3546602c0057
warning,near_duplicate_candidate,medium,offline_runtime_bank,assets/data/offline_questions.json,206,offline_5448,"Wateya Tirkî ya peyva ""wêne"" kîjan e?",Near duplicate candidate.,cfedc71e763bb67f236ba36ef86cff21
warning,near_duplicate_candidate,medium,offline_runtime_bank,assets/data/offline_questions.json,207,offline_5459,"Hevwateya ""ağız"" bi Kurmancî çi ye?",Near duplicate candidate.,655bccdc822b94de838a27fedeada732
warning,near_duplicate_candidate,medium,offline_runtime_bank,assets/data/offline_questions.json,209,offline_5499,"Di Kurmancî de dema ""nanpêj"" tê gotin, ""fırıncı"" tê xwestin?",Near duplicate candidate.,c73c3b3acf115fd9c6453d58c3118d98
warning,near_duplicate_candidate,medium,offline_runtime_bank,assets/data/offline_questions.json,210,offline_5514,"Peyva Kurmancî ""jin"" bi Tirkî çi tê gotin?",Near duplicate candidate.,7c7eae2b2cdf379c475c43b2c5923ab5
warning,near_duplicate_candidate,medium,offline_runtime_bank,assets/data/offline_questions.json,211,offline_5524,"Ji bo gotina ""Kürt"" di Kurmancî de kîjan peyv tê bikaranîn?",Near duplicate candidate.,aa52b7b01ef0bae86a354405e73044bc
warning,near_duplicate_candidate,medium,offline_runtime_bank,assets/data/offline_questions.json,212,offline_5542,"Kîjan ji van peyva Kurmancî ye ku wateya wê ""arkadaş"" ye?",Near duplicate candidate.,6991e83aa5513038429d245c930dbb62
warning,near_duplicate_candidate,medium,offline_runtime_bank,assets/data/offline_questions.json,214,offline_5591,"Rast e an şaş e: Kurmancî ""xwendekar"" = ""doğru"".",Near duplicate candidate.,fac6f4f609e6f21e4390f7ff853cf871
warning,near_duplicate_candidate,medium,offline_runtime_bank,assets/data/offline_questions.json,215,offline_5593,"Rast e an şaş e: Kurmancî ""çav"" = ""burun"".",Near duplicate candidate.,57dc4b0ac1cd0a277999dcfeceba22ba
warning,near_duplicate_candidate,medium,offline_runtime_bank,assets/data/offline_questions.json,216,offline_5599,"Hevwateya ""kalkmak"" bi Kurmancî çi ye?",Near duplicate candidate.,81254734adb1905fe81679c7d1002e56
warning,near_duplicate_candidate,medium,offline_runtime_bank,assets/data/offline_questions.json,218,offline_5631,"Di Kurmancî de dema ""şev"" tê gotin, ""deniz"" tê xwestin?",Near duplicate candidate.,03a9a372a011b0dc0b5232d35986b93c
warning,near_duplicate_candidate,medium,offline_runtime_bank,assets/data/offline_questions.json,21,offline_0090,"Di wêneya ku têgiha ""îro"" nîşan dide de, wateya rast kîjan e?",Near duplicate candidate.,db193ef18e686ebdec3f754864c6423b
warning,near_duplicate_candidate,medium,offline_runtime_bank,assets/data/offline_questions.json,220,offline_5644,"Kîjan ji van peyva Kurmancî ye ku wateya wê ""el"" ye?",Near duplicate candidate.,4e380402b5efbab186494a6a29f7211c
warning,near_duplicate_candidate,medium,offline_runtime_bank,assets/data/offline_questions.json,222,offline_5676,"Di Kurmancî de dema ""diran"" tê gotin, ""saç"" tê xwestin?",Near duplicate candidate.,e5ed109b32f97bf1b55fbe28e720ac91
warning,near_duplicate_candidate,medium,offline_runtime_bank,assets/data/offline_questions.json,223,offline_5685,"Hevwateya ""ay"" bi Kurmancî çi ye?",Near duplicate candidate.,95c72b038c929bdf2af2ff4e643bc8c9
warning,near_duplicate_candidate,medium,offline_runtime_bank,assets/data/offline_questions.json,226,offline_5722,"Di Kurmancî de dema ""ziman"" tê gotin, ""okul"" tê xwestin?",Near duplicate candidate.,af7b1015763a1c8b4790b86421366116
warning,near_duplicate_candidate,medium,offline_runtime_bank,assets/data/offline_questions.json,227,offline_5733,"Di Kurmancî de dema ""cîhan"" tê gotin, ""dünya"" tê xwestin?",Near duplicate candidate.,eef76febd6a41ef5085ab57f51fcff77
warning,near_duplicate_candidate,medium,offline_runtime_bank,assets/data/offline_questions.json,228,offline_5805,"Kîjan ji van peyva Kurmancî ye ku wateya wê ""aile"" ye?",Near duplicate candidate.,0010ab42f58557e19ba1d3440211f302
warning,near_duplicate_candidate,medium,offline_runtime_bank,assets/data/offline_questions.json,230,offline_5834,"Di Kurmancî de dema ""pir"" tê gotin, ""başlangıç"" tê xwestin?",Near duplicate candidate.,5912ec74a8bfd986126eab895c9d29e2
warning,near_duplicate_candidate,medium,offline_runtime_bank,assets/data/offline_questions.json,231,offline_5848,"Di Kurmancî de dema ""welat"" tê gotin, ""dünya"" tê xwestin?",Near duplicate candidate.,cbcca9f7976378bf546b8a2d4d04a929
warning,near_duplicate_candidate,medium,offline_runtime_bank,assets/data/offline_questions.json,232,offline_5886,"Kîjan ji van peyva Kurmancî ye ku wateya wê ""ülke/vatan"" ye?",Near duplicate candidate.,08809550561306fa0a65ba882149c30d
warning,near_duplicate_candidate,medium,offline_runtime_bank,assets/data/offline_questions.json,234,offline_5897,"Kîjan ji van peyva Kurmancî ye ku wateya wê ""yatak"" ye?",Near duplicate candidate.,5f95722b421ec3da2f181e70be1efb3a
warning,near_duplicate_candidate,medium,offline_runtime_bank,assets/data/offline_questions.json,235,offline_5903,"Kîjan ji van peyva Kurmancî ye ku wateya wê ""bugün"" ye?",Near duplicate candidate.,bf53c7046f8b8979f671a770f022f919
warning,near_duplicate_candidate,medium,offline_runtime_bank,assets/data/offline_questions.json,236,offline_5916,"Peyva Kurmancî ""çem"" bi Tirkî çi tê gotin?",Near duplicate candidate.,2f2f1a0cdebb00f7348614c62349862c
warning,near_duplicate_candidate,medium,offline_runtime_bank,assets/data/offline_questions.json,238,offline_5933,"Hevwateya ""masa"" bi Kurmancî çi ye?",Near duplicate candidate.,8756b92277c34fe3e9b8349a137f73a7
warning,near_duplicate_candidate,medium,offline_runtime_bank,assets/data/offline_questions.json,239,offline_5934,"Di Kurmancî de peyva ""teşt"" bi Tirkî çi ye?",Near duplicate candidate.,2a676b6486bb4ed02eea106b2a50caec
warning,near_duplicate_candidate,medium,offline_runtime_bank,assets/data/offline_questions.json,23,offline_0105,"Wêneya ""zarok"": berambera Tirkî ya rast kîjan e?",Near duplicate candidate.,b2cf2ac11f4001a1ad787998f629a178
warning,near_duplicate_candidate,medium,offline_runtime_bank,assets/data/offline_questions.json,240,offline_5941,"Di Kurmancî de dema ""derya"" tê gotin, ""yıldız"" tê xwestin?",Near duplicate candidate.,2416665ab524f47df64498c99c843796
warning,near_duplicate_candidate,medium,offline_runtime_bank,assets/data/offline_questions.json,247,offline_6083,"Peyva ""destmal"" bi tirkî çi ye?",Near duplicate candidate.,1c48545c1e9bc76353e3348227ca35eb
warning,near_duplicate_candidate,medium,offline_runtime_bank,assets/data/offline_questions.json,248,offline_6093,"Ji bo ""tûrik"" pênaseya derbasdar kîjan e?",Near duplicate candidate.,c8e086feedcc7703eefb4d8c211edbe5
warning,near_duplicate_candidate,medium,offline_runtime_bank,assets/data/offline_questions.json,24,offline_0110,"Wêneya ""xwendekar"" tê çi wateyê?",Near duplicate candidate.,4b1e55da131f7612cbdef403881d1d6d
warning,near_duplicate_candidate,medium,offline_runtime_bank,assets/data/offline_questions.json,255,offline_6325,"Derbarê ""bilûr"" de ya rast a zanîn çi ye?",Near duplicate candidate.,41e87372623978a0752f471a88f02426
warning,near_duplicate_candidate,medium,offline_runtime_bank,assets/data/offline_questions.json,257,offline_6365,"Derbarê ""zembîlfiroş"" de kîjan rast e?",Near duplicate candidate.,9748db49f302b93c4e617b17dda06ce9
warning,near_duplicate_candidate,medium,offline_runtime_bank,assets/data/offline_questions.json,25,offline_0115,"Peyva ""rast"" bi Tirkî çi tê gotin?",Near duplicate candidate.,caf081eaa316c957d037cbaa0eff6f88
warning,near_duplicate_candidate,medium,offline_runtime_bank,assets/data/offline_questions.json,265,offline_6555,"Kîjan têgiha ""serzêr"" rast şirove dike?",Near duplicate candidate.,b03a9dea411aa08d8cbb5e2c1284051d
warning,near_duplicate_candidate,medium,offline_runtime_bank,assets/data/offline_questions.json,267,offline_6575,"Kîjan têgiha ""şabaş"" rast şirove dike?",Near duplicate candidate.,6bfef244c5460a34c6c74f3cb86cb5ef
warning,near_duplicate_candidate,medium,offline_runtime_bank,assets/data/offline_questions.json,26,offline_0120,"Di wêneya ku têgiha ""pir"" nîşan dide de, wateya rast kîjan e?",Near duplicate candidate.,5221f48090a48a20f1a30b951fafeb5e
warning,near_duplicate_candidate,medium,offline_runtime_bank,assets/data/offline_questions.json,270,offline_6626,"Derbarê ""şînî"" de agahiya herî rast kîjan e?",Near duplicate candidate.,5f662896fb2ccbed67fc16a5cbe87626
warning,near_duplicate_candidate,medium,offline_runtime_bank,assets/data/offline_questions.json,275,offline_6823,"Kîjan têgiha ""motîfên kilimê"" rast şirove dike?",Near duplicate candidate.,d140f8834a9f7749c388fb5d0f916241
warning,near_duplicate_candidate,medium,offline_runtime_bank,assets/data/offline_questions.json,276,offline_6835,"Derbarê ""qutik"" de ravekirina rast kîjan e?",Near duplicate candidate.,bb95d68c5b6072e1f26d15bd66260fb5
warning,near_duplicate_candidate,medium,offline_runtime_bank,assets/data/offline_questions.json,278,offline_6882,"Li jêr ji bo ""mitbaxa gel"" kîjan rast e?",Near duplicate candidate.,951c9af9b61ca9a55321004cae0bf536
warning,near_duplicate_candidate,medium,offline_runtime_bank,assets/data/offline_questions.json,27,offline_0121,"Peyva Kurmancî ""destpêk"" bi Tirkî çi tê gotin?",Near duplicate candidate.,02afc90efb7cec8109c5471dad9db4d2
warning,near_duplicate_candidate,medium,offline_runtime_bank,assets/data/offline_questions.json,290,offline_7242,"Li jêr kîjan têgiha ""Peymana Lozanê"" rave dike?",Near duplicate candidate.,e698dd5d51cb707f41d91d984da33077
warning,near_duplicate_candidate,medium,offline_runtime_bank,assets/data/offline_questions.json,298,offline_7360,"Ji bo ""Mîrgeha Soran"" ravekirina herî dirust kîjan e?",Near duplicate candidate.,7519af329408ca56fa4dcfac903a2ec4
warning,near_duplicate_candidate,medium,offline_runtime_bank,assets/data/offline_questions.json,314,offline_7644,"Ji bo ""Amida"" ravekirina herî dirust kîjan e?",Near duplicate candidate.,90377e6b2699fb5afad4babcca38c464
warning,near_duplicate_candidate,medium,offline_runtime_bank,assets/data/offline_questions.json,315,offline_7657,"Kîjan kesê/a ""Mîrgeha Bidlîsê"" rast dide nasîn?",Near duplicate candidate.,77b0866e342b73945f5771b7f25377fc
warning,near_duplicate_candidate,medium,offline_runtime_bank,assets/data/offline_questions.json,316,offline_7668,"Dema ""Komkujiya Helebceyê"" tê gotin, çi tê xwestin?",Near duplicate candidate.,f82efd5dfb3014886203242a033ea97c
warning,near_duplicate_candidate,medium,offline_runtime_bank,assets/data/offline_questions.json,322,offline_7866,"Derbarê ""arkeoloji"" de agahiya herî rast kîjan e?",Near duplicate candidate.,a720f4f064a11c05f0c5f1fe8bff30f3
warning,near_duplicate_candidate,medium,offline_runtime_bank,assets/data/offline_questions.json,325,offline_7905,"Di zanîna dîrokê de der barê ""Kampanyaya Enfalê"" de ya rast kîjan e?",Near duplicate candidate.,8c583877fe40312d816dbdccb8fd0636
warning,near_duplicate_candidate,medium,offline_runtime_bank,assets/data/offline_questions.json,326,offline_7983,"Berambera rast a biwêja ""jiyana nîştecîh"" kîjan e?",Near duplicate candidate.,a11bb3fbde4676bd4209b255aa663ac2
warning,near_duplicate_candidate,medium,offline_runtime_bank,assets/data/offline_questions.json,336,offline_8255,"Li jêr ji bo ""Rêzeçiyayên Zagrosê"" kîjan rast e?",Near duplicate candidate.,41179f2938dbad390c2f31fe9d63756a
warning,near_duplicate_candidate,medium,offline_runtime_bank,assets/data/offline_questions.json,342,offline_8361,"Li jêr ji bo ""Çiyayên Bîngolê"" kîjan rast e?",Near duplicate candidate.,742f01220abb75c6fe066db77ffc52f5
warning,near_duplicate_candidate,medium,offline_runtime_bank,assets/data/offline_questions.json,350,offline_8523,"Di zanîna erdnîgariyê de der barê ""Dicle nehri"" de ya rast kîjan e?",Near duplicate candidate.,bdb6200c1878c940036f3df516c6395c
warning,near_duplicate_candidate,medium,offline_runtime_bank,assets/data/offline_questions.json,353,offline_8561,"Ji bo ""akdeniz iklimi"" ravekirina herî dirust kîjan e?",Near duplicate candidate.,7fe1c5d2d494b46f47b43d9e38b83606
warning,near_duplicate_candidate,medium,offline_runtime_bank,assets/data/offline_questions.json,355,offline_8603,Gola Hazarê li ku derê ye?,Near duplicate candidate.,18595d73caefbbaa05956d4c4a712b5f
warning,near_duplicate_candidate,medium,offline_runtime_bank,assets/data/offline_questions.json,356,offline_8615,"Peyva ""çem"" bi tirkî çi ye?",Near duplicate candidate.,49879538d83b237dbec57d8bcbf81959
warning,near_duplicate_candidate,medium,offline_runtime_bank,assets/data/offline_questions.json,357,offline_8672,"Ji aliyê erdnîgariyê ve derbarê ""Beşa Dîcleyê"" de vebijêrka rast kîjan e?",Near duplicate candidate.,6bd003a96bd363f2a3550ec39982acec
warning,near_duplicate_candidate,medium,offline_runtime_bank,assets/data/offline_questions.json,360,offline_8715,"Peyva ""hewa"" bi Tirkî çi tê gotin?",Near duplicate candidate.,1a0c7276ccba54d036fd8d57966cff03
warning,near_duplicate_candidate,medium,offline_runtime_bank,assets/data/offline_questions.json,363,offline_8902,"Derbarê ""newal"" de vebijêrka rast kîjan e?",Near duplicate candidate.,2cce69192ed0e18df6ea26ee75b08b7e
warning,near_duplicate_candidate,medium,offline_runtime_bank,assets/data/offline_questions.json,364,offline_8903,"Di zanîna erdnîgariyê de der barê ""Çemê Firatê"" de ya rast kîjan e?",Near duplicate candidate.,fa2f5e616719572fbe5059de42b23973
warning,near_duplicate_candidate,medium,offline_runtime_bank,assets/data/offline_questions.json,365,offline_8916,"Derbarê ""Aras nehri"" de ya rast kîjan e?",Near duplicate candidate.,7959f7a1fe5d891ead44c1013c37d315
warning,near_duplicate_candidate,medium,offline_runtime_bank,assets/data/offline_questions.json,37,offline_0756,Ev wêne kîjan hêmana xwezayî nîşan dide?,Near duplicate candidate.,ae18e17a115955973296c7aff7f6a8c0
warning,near_duplicate_candidate,medium,offline_runtime_bank,assets/data/offline_questions.json,391,offline_9529,"Kîjan têgeha ""Şivanê Kurd"" di nav wêjeyê de rast bi cih dike?",Near duplicate candidate.,916b5471a4fdfdeb1e3637704d5c0d5d
warning,near_duplicate_candidate,medium,offline_runtime_bank,assets/data/offline_questions.json,395,offline_9612,"Têgiha ""kafiye"" çi pêk tîne?",Near duplicate candidate.,3c5bc04a4720fd15d1ca2446c15c6cde
warning,near_duplicate_candidate,medium,offline_runtime_bank,assets/data/offline_questions.json,399,offline_9716,"Derbarê ""Hêmin Mukriyanî"" de ya rast kîjan e?",Near duplicate candidate.,d17ed2daf298aca3cb5e9f0dd4ce928d
warning,near_duplicate_candidate,medium,offline_runtime_bank,assets/data/offline_questions.json,400,offline_9724,"Ji bo ""Ekola Hawarê"" ravekirina herî dirust kîjan e?",Near duplicate candidate.,3cfbca0a06d78058307120a1f70de491
warning,near_duplicate_candidate,medium,offline_runtime_bank,assets/data/offline_questions.json,401,offline_9730,"Di zanîna wêjeyê de der barê ""Şêrko Bêkes"" de ya rast kîjan e?",Near duplicate candidate.,e5e8358f6e80cfb26fd84d1365320de7
warning,near_duplicate_candidate,medium,offline_runtime_bank,assets/data/offline_questions.json,402,offline_9749,"Ji bo Edebiyatê derbarê ""Qanadê Kurdo"" de vebijêrka rast kîjan e?",Near duplicate candidate.,c3f20a5e3cee94df1f50a55b1936cf6d
warning,near_duplicate_candidate,medium,offline_runtime_bank,assets/data/offline_questions.json,404,offline_9918,"Kîjan têgeha ""Evdirehîm Rehmî Hekarî"" di nav wêjeyê de rast bi cih dike?",Near duplicate candidate.,ddabd1dd3e47b76eee045ca9f83df773
warning,near_duplicate_candidate,medium,offline_runtime_bank,assets/data/offline_questions.json,405,offline_9936,"Ji bo Edebiyatê derbarê ""Qedrîcan"" de vebijêrka rast kîjan e?",Near duplicate candidate.,55ec9501be117ce9865421cfdf5dc1d7
warning,near_duplicate_candidate,medium,offline_runtime_bank,assets/data/offline_questions.json,410,offline_10045,"Der barê ""Melayê Cizîrî"" de ji bo wêjeyê bijardeya rast kîjan e?",Near duplicate candidate.,d8e5f763b6ffee464540538bbd0886bf
warning,near_duplicate_candidate,medium,offline_runtime_bank,assets/data/offline_questions.json,411,offline_10071,"Ji aliyê Edebiyatê ve ji bo ""Elî Herîrî"" îfadeya rast kîjan e?",Near duplicate candidate.,e0bde53484566d131d19ea2116411410
warning,near_duplicate_candidate,medium,offline_runtime_bank,assets/data/offline_questions.json,421,offline_10379,"Bi ""makam"" çi tê xwestin?",Near duplicate candidate.,a7c643123fc5adc1fe0318c811577763
warning,near_duplicate_candidate,medium,offline_runtime_bank,assets/data/offline_questions.json,422,offline_10423,"Derbarê ""tembûr"" de vebijêrka rast kîjan e?",Near duplicate candidate.,d7941d92e07c6874b7a10a202fbded68
warning,near_duplicate_candidate,medium,offline_runtime_bank,assets/data/offline_questions.json,423,offline_10427,"Bi ""hîran"" çi tê xwestin?",Near duplicate candidate.,0799942155615164ffd6c6de2c514d6e
warning,near_duplicate_candidate,medium,offline_runtime_bank,assets/data/offline_questions.json,425,offline_10463,"Kîjan vebijêrk tê wateya ""lawik""?",Near duplicate candidate.,bc18fb0229f75eb41f2e215c805eae72
warning,near_duplicate_candidate,medium,offline_runtime_bank,assets/data/offline_questions.json,431,offline_10572,"Li jêr ji bo ""Hasan Cizrawî"" kîjan rast e?",Near duplicate candidate.,61d589be04acabff0b6a1a720af465b8
warning,near_duplicate_candidate,medium,offline_runtime_bank,assets/data/offline_questions.json,444,offline_11013,"Bi ""stran"" çi tê xwestin?",Near duplicate candidate.,f8b038ce45759d6e166608f5f78bdd28
warning,near_duplicate_candidate,medium,offline_runtime_bank,assets/data/offline_questions.json,445,offline_11068,"Li jêr ji bo ""awazên Behdînî"" ya rast kîjan e?",Near duplicate candidate.,6b44f3efb72511944490b12ce7cb96c3
warning,near_duplicate_candidate,medium,offline_runtime_bank,assets/data/offline_questions.json,447,offline_11123,"Derbarê ""Şakiro"" de ravekirina rast kîjan e?",Near duplicate candidate.,b8d3185a8ab4449f438332f8f22c98c2
warning,near_duplicate_candidate,medium,offline_runtime_bank,assets/data/offline_questions.json,450,offline_11136,"Derbarê ""ritim"" de vebijêrka rast kîjan e?",Near duplicate candidate.,72f2d27459188223dacdd6f7fb3f5ff0
warning,near_duplicate_candidate,medium,offline_runtime_bank,assets/data/offline_questions.json,451,offline_11143,"Berambera rast a biwêja ""stranbêj"" kîjan e?",Near duplicate candidate.,eb5728430e57b726f57682f4bbf2a73a
warning,near_duplicate_candidate,medium,offline_runtime_bank,assets/data/offline_questions.json,452,offline_11154,"Derbarê ""kilam"" de vebijêrka rast kîjan e?",Near duplicate candidate.,e2aa28e549bdb946efa9902f2ae512bd
warning,near_duplicate_candidate,medium,offline_runtime_bank,assets/data/offline_questions.json,453,offline_11180,"Têgiha ""makama dengbêjan"" çi pêk tîne?",Near duplicate candidate.,9f1e92db2f6f5a342a8257f468a18cdf
warning,near_duplicate_candidate,medium,offline_runtime_bank,assets/data/offline_questions.json,454,offline_11200,"Derbarê ""dahol"" de ravekirina rast kîjan e?",Near duplicate candidate.,5572ec8197bca83195706abc12f38e7d
warning,near_duplicate_candidate,medium,offline_runtime_bank,assets/data/offline_questions.json,455,offline_11227,"Bi ""defbaz"" çi tê xwestin?",Near duplicate candidate.,d1ea79e5ea92815ab7fd717c0a893d53
warning,near_duplicate_candidate,medium,offline_runtime_bank,assets/data/offline_questions.json,459,offline_11383,"Derbarê ""heyran"" de agahiya herî rast kîjan e?",Near duplicate candidate.,d7deb2d29e65a10ed7ed9256d79e7eed
warning,near_duplicate_candidate,medium,offline_runtime_bank,assets/data/offline_questions.json,460,offline_11420,"Ji aliyê Muzîkê ve ji bo ""muzîka govendê"" îfadeya rast kîjan e?",Near duplicate candidate.,053fc49246cbd5aa0b5d84faaff8ac82
warning,near_duplicate_candidate,medium,offline_runtime_bank,assets/data/offline_questions.json,461,offline_11431,"Kîjan vebijêrk tê wateya ""dengbêj""?",Near duplicate candidate.,b9a23cc845e5229109e6f71a69bffbc5
warning,near_duplicate_candidate,medium,offline_runtime_bank,assets/data/offline_questions.json,472,offline_11599,"Têgiha ""aboriya komûnal"" çi pêk tîne?",Near duplicate candidate.,69423f57eec697c9ad71a1af2ad81ca3
warning,near_duplicate_candidate,medium,offline_runtime_bank,assets/data/offline_questions.json,478,offline_11779,"Der barê ""modernîteya kapîtalîst"" de ji bo paradîgmayê bijardeya rast kîjan e?",Near duplicate candidate.,f38927bfe24e15df0faad4a3ae0c4218
warning,near_duplicate_candidate,medium,offline_runtime_bank,assets/data/offline_questions.json,47,offline_2036,"Hejmara ""pênc"" bi Tirkî çi ye?",Near duplicate candidate.,8a76d1b6e6ba4bee96daa19185ad5b21
warning,near_duplicate_candidate,medium,offline_runtime_bank,assets/data/offline_questions.json,481,offline_11792,"Derbarê ""zanistiya demokratîk"" de kîjan rast e?",Near duplicate candidate.,dbcc48e9dff8b5600ad83ecc88255ee8
warning,near_duplicate_candidate,medium,offline_runtime_bank,assets/data/offline_questions.json,482,offline_11813,"Ji bo ""netewa demokratîk"" pênaseya derbasdar kîjan e?",Near duplicate candidate.,9a7ce296dcf92f2235a91d039f56dad8
warning,near_duplicate_candidate,medium,offline_runtime_bank,assets/data/offline_questions.json,484,offline_11838,"Derbarê ""şaristaniya demokratîk"" de ravekirina rast kîjan e?",Near duplicate candidate.,2d156755f559dc1b128743cca830a1e0
warning,near_duplicate_candidate,medium,offline_runtime_bank,assets/data/offline_questions.json,485,offline_11846,"Têgiha ""kantona demokratîk"" çi pêk tîne?",Near duplicate candidate.,8cb58970517df8793ca5ac2d88577038
warning,near_duplicate_candidate,medium,offline_runtime_bank,assets/data/offline_questions.json,487,offline_11870,"Kîjan têgeha ""ekolojiya civakî"" di nav paradîgmayê de rast bi cih dike?",Near duplicate candidate.,260bf6bc37d1ab094b8f24d239919bb9
warning,near_duplicate_candidate,medium,offline_runtime_bank,assets/data/offline_questions.json,490,offline_11917,"Li jêr kîjan têgiha ""eşseroktî"" rave dike?",Near duplicate candidate.,3797480d671707eb8957781770a276e8
warning,near_duplicate_candidate,medium,offline_runtime_bank,assets/data/offline_questions.json,491,offline_11957,"Dema ""zayenda civakî"" tê gotin, çi tê xwestin?",Near duplicate candidate.,9699c2f7b842f8758f4bfda36b4e2a88
warning,near_duplicate_candidate,medium,offline_runtime_bank,assets/data/offline_questions.json,494,offline_12069,"Dema ""milkiyeta komûnal"" tê gotin, çi tê xwestin?",Near duplicate candidate.,ba117a96cf7516b5b08613e531b988db
warning,near_duplicate_candidate,medium,offline_runtime_bank,assets/data/offline_questions.json,495,offline_12073,"Derbarê ""akademiyên jinan"" de kîjan rast e?",Near duplicate candidate.,8ab90912c946b483d0bee147b50b7247
warning,near_duplicate_candidate,medium,offline_runtime_bank,assets/data/offline_questions.json,496,offline_12122,"Derbarê ""patriyarka"" de vebijêrka rast kîjan e?",Near duplicate candidate.,cbabe4734879b620ad8b04c1ae233db8
warning,near_duplicate_candidate,medium,offline_runtime_bank,assets/data/offline_questions.json,4,offline_0015,"Wêne ""mal"" dibêje — wateya rast kîjan e?",Near duplicate candidate.,58e5151c6d78124c3987762c57d2a4a1
warning,near_duplicate_candidate,medium,offline_runtime_bank,assets/data/offline_questions.json,501,offline_12366,"Derbarê ""parastina rewa"" de ravekirina rast kîjan e?",Near duplicate candidate.,6a76e971a9838bf5bfb0839b2abb89de
warning,near_duplicate_candidate,medium,offline_runtime_bank,assets/data/offline_questions.json,503,offline_12401,"Li jêr ji bo ""komunalîzma demokratîk"" kîjan rast e?",Near duplicate candidate.,0c0958340e040444d0089f5ea0f0c740
warning,near_duplicate_candidate,medium,offline_runtime_bank,assets/data/offline_questions.json,519,offline_12882,"Derbarê ""pêvajoya aştiyê"" de vebijêrka rast kîjan e?",Near duplicate candidate.,b907562ef700cdeb5172dc7b4bb8bcf0
warning,near_duplicate_candidate,medium,offline_runtime_bank,assets/data/offline_questions.json,520,offline_12891,"Di zanîna siyasetê de der barê ""daxwaza statuyê"" de ya rast kîjan e?",Near duplicate candidate.,f92893775e0580b2dbe32393777d683b
warning,near_duplicate_candidate,medium,offline_runtime_bank,assets/data/offline_questions.json,522,offline_12946,"Derbarê ""dadgehkirina dadperwer"" de vebijêrka rast kîjan e?",Near duplicate candidate.,1780b74b7fd9eca3d8b45515a3f33187
warning,near_duplicate_candidate,medium,offline_runtime_bank,assets/data/offline_questions.json,523,offline_12954,"Kîjan pênase bi ""beşdariya siyasî"" re li hev tê?",Near duplicate candidate.,c66a8686b01509d2564222e98c6958af
warning,near_duplicate_candidate,medium,offline_runtime_bank,assets/data/offline_questions.json,526,offline_12985,"Derbarê ""demokrasiya radîkal"" de vebijêrka rast kîjan e?",Near duplicate candidate.,7ee3487c00ee25d9f9f0a74b329809ea
warning,near_duplicate_candidate,medium,offline_runtime_bank,assets/data/offline_questions.json,528,offline_13040,"Ji bo ""mafên hindikahiyan"" ravekirina herî dirust kîjan e?",Near duplicate candidate.,b6c91afe01cb59aeaa538d4b5df8f9a5
warning,near_duplicate_candidate,medium,offline_runtime_bank,assets/data/offline_questions.json,532,offline_13129,"Kîjan pênase bi ""rêveberiya herêmî"" re li hev tê?",Near duplicate candidate.,e0dee2d40c76a95bf7a6a86a1cf33ef5
warning,near_duplicate_candidate,medium,offline_runtime_bank,assets/data/offline_questions.json,535,offline_13382,"Derbarê ""îtaetsiziya sivîl"" de ya rast a zanîn çi ye?",Near duplicate candidate.,697c69ad79b352082b2218276df483ee
warning,near_duplicate_candidate,medium,offline_runtime_bank,assets/data/offline_questions.json,536,offline_13390,"Derbarê ""meşruiyet"" de ya rast a zanîn çi ye?",Near duplicate candidate.,95b15af691c42479f51d3d817417820b
warning,near_duplicate_candidate,medium,offline_runtime_bank,assets/data/offline_questions.json,538,offline_13486,"Ji aliyê siyasetê ve ji bo ""mafê xwerêveberiyê"" gotina rast kîjan e?",Near duplicate candidate.,7505afe4a55c44b963b692d5f17cd36a
warning,near_duplicate_candidate,medium,offline_runtime_bank,assets/data/offline_questions.json,540,offline_13604,"Îfadeya ku têgiha ""mafên demokratîk"" rast vedibêje kîjan e?",Near duplicate candidate.,f7204d3602da785297de76e6e8b5d12e
warning,near_duplicate_candidate,medium,offline_runtime_bank,assets/data/offline_questions.json,542,offline_13729,"Derbarê ""danûstandin"" de ravekirina rast kîjan e?",Near duplicate candidate.,3eb3cdc731e5cd57cf54fd0042239b35
warning,near_duplicate_candidate,medium,offline_runtime_bank,assets/data/offline_questions.json,543,offline_13745,"Derbarê ""pirrengî"" de agahiya herî rast kîjan e?",Near duplicate candidate.,a208a7b0f36ffb4d57e68e8c451e690a
warning,near_duplicate_candidate,medium,offline_runtime_bank,assets/data/offline_questions.json,544,offline_13790,"Kîjan pênase bi ""muxalefeta demokratîk"" re li hev tê?",Near duplicate candidate.,fef0e0a7c36632eac4934822d7d6dd70
warning,near_duplicate_candidate,medium,offline_runtime_bank,assets/data/offline_questions.json,56,offline_2106,Mîrgeha Baban navenda xwe li kîjan bajarî bû?,Near duplicate candidate.,97522a8142844b306ff8376b58125082
warning,near_duplicate_candidate,medium,offline_runtime_bank,assets/data/offline_questions.json,574,offline_curated_20679,"Ji bo dersa dîrok kîjan vebijark ravekirina têgeha ""Rojnameya Kurdistan"" bi awayekî rast temam dike?",Near duplicate candidate.,b379f4cfcceef0569a2e24b36c16a505
warning,near_duplicate_candidate,medium,offline_runtime_bank,assets/data/offline_questions.json,582,offline_curated_20879,"Ji bo dersa cografya kîjan vebijark ravekirina têgeha ""Gola Wanê"" bi awayekî rast temam dike?",Near duplicate candidate.,eb39a0a3214249ccea68c87540632a86
warning,near_duplicate_candidate,medium,offline_runtime_bank,assets/data/offline_questions.json,585,offline_curated_20929,"Ji bo dersa cografya kîjan vebijark ravekirina têgeha ""Geliyê Zapê"" bi awayekî rast temam dike?",Near duplicate candidate.,fc8a9b761e53e6731ef88de8aa444c7b
warning,near_duplicate_candidate,medium,offline_runtime_bank,assets/data/offline_questions.json,587,offline_curated_20954,"Ji bo dersa cografya kîjan vebijark ravekirina têgeha ""Heskîf"" bi awayekî rast temam dike?",Near duplicate candidate.,decf92f577f806065de9515c9c8a9ca3
warning,near_duplicate_candidate,medium,offline_runtime_bank,assets/data/offline_questions.json,591,offline_curated_21054,"Ji bo dersa çand kîjan vebijark ravekirina têgeha ""Kalo û Sersal"" bi awayekî rast temam dike?",Near duplicate candidate.,cabece0ec813246c3820ae0cad97f036
warning,near_duplicate_candidate,medium,offline_runtime_bank,assets/data/offline_questions.json,595,offline_curated_21154,"Ji bo dersa çand kîjan vebijark ravekirina têgeha ""kilimên kurdî"" bi awayekî rast temam dike?",Near duplicate candidate.,67ef8b0be5f7e2b16301338cb20719b3
warning,near_duplicate_candidate,medium,offline_runtime_bank,assets/data/offline_questions.json,5,offline_0016,"Wateya Tirkî ya peyva ""pirtûk"" kîjan e?",Near duplicate candidate.,3d69c7fd6a44f9b61d164cf93cc89466
warning,near_duplicate_candidate,medium,offline_runtime_bank,assets/data/offline_questions.json,612,offline_curated_21575,"Têgeha ""peymana civakî"" bi kîjan ravekirinê çêtir tê fêmkirin?",Near duplicate candidate.,df8a1eca257e74f305574d83a0ce1cf6
warning,near_duplicate_candidate,medium,offline_runtime_bank,assets/data/offline_questions.json,651,offline_tf_0008,"Rast e an şaş e: Têgeha ""Ehmedê Xanî"" tê vê wateyê: nivîskarê destana nemir a ""Mem û Zîn"" ku hîmê ramanî yê kurdewariyê daniye.",Near duplicate candidate.,87b54fb997a49b83d7b2362692f8a91b
warning,near_duplicate_candidate,medium,offline_runtime_bank,assets/data/offline_questions.json,652,offline_tf_0009,"Rast e an şaş e: Têgeha ""Ehmedê Xanî"" tê vê wateyê: helbestvanê ku Mewlûda Kurdî ya yekem bi zaravayê kurmancî nivîsiye.",Near duplicate candidate.,d1ef0a06380369b753f63783d51fa6a0
warning,near_duplicate_candidate,medium,offline_runtime_bank,assets/data/offline_questions.json,657,offline_tf_0019,"Rast e an şaş e: Têgeha ""Gola Wanê"" tê vê wateyê: çiyayê volkanîk ê bazaltî ku deşta Amedê ji ya rihayê vediqetîne.",Near duplicate candidate.,6d62145e9070723fc6849e4e7dfbad1b
warning,near_duplicate_candidate,medium,offline_runtime_bank,assets/data/offline_questions.json,668,offline_tf_0041,"Rast e an şaş e: Têgeha ""Melayê Bateyî"" tê vê wateyê: nivîskarê romana ""Şivanê Kurd"" ku wekî romana yekem a kurdî tê qebûlkirin.",Near duplicate candidate.,74af3a690bc3c05b0db6f67ba8ee996c
warning,near_duplicate_candidate,medium,offline_runtime_bank,assets/data/offline_questions.json,674,offline_tf_0053,"Rast e an şaş e: Têgeha ""Mîrê Kor"" tê vê wateyê: peymana navdewletî ya 1923an ku cihê Sevrê girt û statûyeke kurdî nedihewand.",Near duplicate candidate.,c0e9ea57b60cd4c74e9147e10078d2f6
warning,near_duplicate_candidate,medium,offline_runtime_bank,assets/data/offline_questions.json,680,offline_tf_0064,"Rast e an şaş e: Têgeha ""Rojnameya Kurdistan"" tê vê wateyê: rojnameya yekem a kurdî ku di sala 1898an de li Qahîreyê ji aliyê Mîqdat Mîdhad Bedirxan ve hat weşandin.",Near duplicate candidate.,26b9dc0c5bdd1e389f6fcaa1a54a623e
warning,near_duplicate_candidate,medium,offline_runtime_bank,assets/data/offline_questions.json,681,offline_tf_0065,"Rast e an şaş e: Têgeha ""Rojnameya Kurdistan"" tê vê wateyê: peymana navdewletî ya 1923an ku cihê Sevrê girt û statûyeke kurdî nedihewand.",Near duplicate candidate.,320adabc2c1b701bc595ffe7ab08998d
warning,near_duplicate_candidate,medium,offline_runtime_bank,assets/data/offline_questions.json,682,offline_tf_0067,"Rast e an şaş e: Têgeha ""Sazîbûna Dengbêjiyê"" tê vê wateyê: dansa komî û gelêrî ya ku bi hevgirtina destan û bi rihê hevkariyê tê gerandin.",Near duplicate candidate.,7adb665c4813633659b536fe814edc3a
warning,near_duplicate_candidate,medium,offline_runtime_bank,assets/data/offline_questions.json,683,offline_tf_0069,"Rast e an şaş e: Têgeha ""Selaheddînê Eyûbî"" tê vê wateyê: peymana navdewletî ya 1923an ku cihê Sevrê girt û statûyeke kurdî nedihewand.",Near duplicate candidate.,cebe3c62eae2811f68a97854e8f0300f
warning,near_duplicate_candidate,medium,offline_runtime_bank,assets/data/offline_questions.json,684,offline_tf_0071,"Rast e an şaş e: Têgeha ""aboriya komûnal"" tê vê wateyê: civaka azad a ku biryarên xwe bi hişmendiya exlakî û polîtîk dide.",Near duplicate candidate.,7ddceef0826b34ea1fd50d6667249551
warning,near_duplicate_candidate,medium,offline_runtime_bank,assets/data/offline_questions.json,687,offline_tf_0077,"Rast e an şaş e: Têgeha ""bilûr"" tê vê wateyê: amûra lêdanê ya zildar ku di muzîka kurdî ya olî û gelêrî de xwedî cihekî girîng e.",Near duplicate candidate.,c5bd7d751443064e1a2d4c71d5ebb55c
warning,near_duplicate_candidate,medium,offline_runtime_bank,assets/data/offline_questions.json,697,offline_tf_0097,"Rast e an şaş e: Têgeha ""eşseroktî"" tê vê wateyê: teoriya siyasî ya ku beşdariya rasterast a gel di biryaran de diparêze.",Near duplicate candidate.,ebd6373855c3b4f494438d8fb8a593be
warning,near_duplicate_candidate,medium,offline_runtime_bank,assets/data/offline_questions.json,698,offline_tf_0099,"Rast e an şaş e: Têgeha ""hevpeymaniya demokratîk"" tê vê wateyê: teoriya siyasî ya ku beşdariya rasterast a gel di biryaran de diparêze.",Near duplicate candidate.,9cf1c44fb68abd59ed580f3e73dbc0a9
warning,near_duplicate_candidate,medium,offline_runtime_bank,assets/data/offline_questions.json,6,offline_0020,"Wêneya ""pirtûk"" tê çi wateyê?",Near duplicate candidate.,3cdc4cff8c0789753c509b78f63135f7
warning,near_duplicate_candidate,medium,offline_runtime_bank,assets/data/offline_questions.json,700,offline_tf_0103,"Rast e an şaş e: Têgeha ""heyran"" tê vê wateyê: avahiya helbestî ya kilamên dengbêjiyê ku çîrokên evîn û şeran vedibêjin.",Near duplicate candidate.,2fd3e6c16516f8676975abeb4dfcdb62
warning,near_duplicate_candidate,medium,offline_runtime_bank,assets/data/offline_questions.json,701,offline_tf_0105,"Rast e an şaş e: Têgeha ""hiyerarşiya civakî"" tê vê wateyê: civaka azad a ku biryarên xwe bi hişmendiya exlakî û polîtîk dide.",Near duplicate candidate.,ba48e687dad3050165881fba8870cc73
warning,near_duplicate_candidate,medium,offline_runtime_bank,assets/data/offline_questions.json,702,offline_tf_0107,"Rast e an şaş e: Têgeha ""kilimên kurdî"" tê vê wateyê: dansa komî û gelêrî ya ku bi hevgirtina destan û bi rihê hevkariyê tê gerandin.",Near duplicate candidate.,17dea3e8baa54dc0a0b70746582b45ce
warning,near_duplicate_candidate,medium,offline_runtime_bank,assets/data/offline_questions.json,703,offline_tf_0109,"Rast e an şaş e: Têgeha ""komûn û meclîs"" tê vê wateyê: prensîba parastin û pejirandina hemû nasnameyên cuda yê di civakê de.",Near duplicate candidate.,ef09c96716e58a4ee27ab66958ab9707
warning,near_duplicate_candidate,medium,offline_runtime_bank,assets/data/offline_questions.json,704,offline_tf_0111,"Rast e an şaş e: Têgeha ""kovara Hawarê"" tê vê wateyê: helbestvanê ku Mewlûda Kurdî ya yekem bi zaravayê kurmancî nivîsiye.",Near duplicate candidate.,40628edae4d345bf03f5db7f822345e0
warning,near_duplicate_candidate,medium,offline_runtime_bank,assets/data/offline_questions.json,705,offline_tf_0113,"Rast e an şaş e: Têgeha ""lawik"" tê vê wateyê: klamên evînê yên devera Serhadê ku bi taybetî ji aliyê jinan ve dihatin gotin.",Near duplicate candidate.,08f4b994d751479dbcd3063f0806f054
warning,near_duplicate_candidate,medium,offline_runtime_bank,assets/data/offline_questions.json,707,offline_tf_0117,"Rast e an şaş e: Têgeha ""lîrîka klaman"" tê vê wateyê: amûra têldar a ku di kevneşopiya Yarsan/Ehlê Heq de pîroz tê hesibandin ku bi taybetî di civatên olî de tê lêdan.",Near duplicate candidate.,12123428d52b07d4524febae6119bbc4
warning,near_duplicate_candidate,medium,offline_runtime_bank,assets/data/offline_questions.json,709,offline_tf_0121,"Rast e an şaş e: Têgeha ""parastina rewa"" tê vê wateyê: modela siyasî ya ku tê de gelên herêmê saziyên xwe bi xwe birêve dibin.",Near duplicate candidate.,c155e0c0e3c94824e21356a1c665e9df
warning,near_duplicate_candidate,medium,offline_runtime_bank,assets/data/offline_questions.json,70,offline_2175,Bajarê Mehabadê li kîjan perçeyê Kurdistanê ye?,Near duplicate candidate.,25b885be344f71dd0da383f38ff15005
warning,near_duplicate_candidate,medium,offline_runtime_bank,assets/data/offline_questions.json,710,offline_tf_0123,"Rast e an şaş e: Têgeha ""paşgirên tewandinê"" tê vê wateyê: cînavkên wekî ""ez, tu, ew, em, hûn, ew"" ên ku bo kesan tên bikaranîn.",Near duplicate candidate.,60f1000f6dc725043da55de203472e6b
warning,near_duplicate_candidate,medium,offline_runtime_bank,assets/data/offline_questions.json,713,offline_tf_0129,"Rast e an şaş e: Têgeha ""rexneya patriyarkayê"" tê vê wateyê: avahiya serdestiyê ya ku civakê dabeşî çînên jor û jêr dike.",Near duplicate candidate.,3bb95ad6c3554fd5f1d939f914f68007
warning,near_duplicate_candidate,medium,offline_runtime_bank,assets/data/offline_questions.json,715,offline_tf_0133,"Rast e an şaş e: Têgeha ""tembûr"" tê vê wateyê: amûra lêdanê ya zildar ku di muzîka kurdî ya olî û gelêrî de xwedî cihekî girîng e.",Near duplicate candidate.,5efcb3d96b1589c7316e9ca30d8e04e0
warning,near_duplicate_candidate,medium,offline_runtime_bank,assets/data/offline_questions.json,716,offline_tf_0135,"Rast e an şaş e: Têgeha ""tewandin"" tê vê wateyê: peyvên wekî ""di... de, bi... re, ji... re"" ku têkiliyên cih nîşan didin.",Near duplicate candidate.,dc2d603d8ab787f3f4fe5df68f9144f9
warning,near_duplicate_candidate,medium,offline_runtime_bank,assets/data/offline_questions.json,717,offline_tf_0137,"Rast e an şaş e: Têgeha ""xweseriya demokratîk"" tê vê wateyê: mafê parastina xwezayî ya civakê li dijî êrîşên derveyî.",Near duplicate candidate.,1a5ddba1890fb090b8a276ceed20746a
warning,near_duplicate_candidate,medium,offline_runtime_bank,assets/data/offline_questions.json,719,offline_tf_0141,"Rast e an şaş e: Têgeha ""Çemê Firatê"" tê vê wateyê: geliyê mezin ê ku çemê Dîcleyê tê re diherike û Amedê diparêze.",Near duplicate candidate.,6339f2d6e71e650a3eb36eb99e55b8ee
warning,near_duplicate_candidate,medium,offline_runtime_bank,assets/data/offline_questions.json,720,offline_tf_0143,"Rast e an şaş e: Têgeha ""Çiyayê Cûdî"" tê vê wateyê: bajarê kevnar û dîrokî yê li ser çemê Dîcleyê ku xwedî şikeftên bêhempa ye.",Near duplicate candidate.,af0a697fc1e3c3e7fdf545377e5fb1af
warning,near_duplicate_candidate,medium,offline_runtime_bank,assets/data/offline_questions.json,723,offline_tf_0147,"Rast e an şaş e: Têgeha ""Împaratoriya Medî"" tê vê wateyê: peymana navdewletî ya 1923an ku cihê Sevrê girt û statûyeke kurdî nedihewand.",Near duplicate candidate.,47eeca0877642c03bf80cf7ac7f1b633
warning,near_duplicate_candidate,medium,offline_runtime_bank,assets/data/offline_questions.json,725,offline_tf_0151,"Rast e an şaş e: Têgeha ""çiyayên Zagrosê"" tê vê wateyê: bajarê kevnar û dîrokî yê li ser çemê Dîcleyê ku xwedî şikeftên bêhempa ye.",Near duplicate candidate.,15137d2d9db522fe28a7d6420e42b382
warning,near_duplicate_candidate,medium,offline_runtime_bank,assets/data/offline_questions.json,726,offline_tf_0153,"Rast e an şaş e: Têgeha ""Şakiro"" tê vê wateyê: amûra lêdanê ya zildar ku di muzîka kurdî ya olî û gelêrî de xwedî cihekî girîng e.",Near duplicate candidate.,93764f0b239ebb43f6776a40a3171300
warning,near_duplicate_candidate,medium,offline_runtime_bank,assets/data/offline_questions.json,729,offline_tf_0159,"Rast e an şaş e: Têgeha ""şevbêrkên wêjeyî"" tê vê wateyê: helbestvanê ku Mewlûda Kurdî ya yekem bi zaravayê kurmancî nivîsiye.",Near duplicate candidate.,f644e427a3d7a9f68ecf32c7a6398ac4
warning,near_duplicate_candidate,medium,offline_runtime_bank,assets/data/offline_questions.json,738,offline_tf_cog_0015,"Ev ravekirin ji bo ""Colemêrg"" rast e an şaş e: bajarê çiyayî yê herî bilind ê herêmê ku bi zozan û geliyên xwe tê naskirin?",Near duplicate candidate.,19c87b1c85781d56a0a51c1ecfedb942
warning,near_duplicate_candidate,medium,offline_runtime_bank,assets/data/offline_questions.json,740,offline_tf_cog_0017,"Rast e an şaş e: Têgeha ""Erd"" tê vê wateyê: rûyê axê yê ku çandinî, niştecihbûn û jiyana rojane li ser tê avakirin.",Near duplicate candidate.,bd6c7aaba4001f92b38a6f10db7f0b86
warning,near_duplicate_candidate,medium,offline_runtime_bank,assets/data/offline_questions.json,746,offline_tf_cog_0023,"Ev ravekirin ji bo ""Deşt"" rast e an şaş e: erdê rast û berdar ê ku çandinî lê hêsan e?",Near duplicate candidate.,ff5de7d779ad919f3aaab44f05601652
warning,near_duplicate_candidate,medium,offline_runtime_bank,assets/data/offline_questions.json,748,offline_tf_cog_0025,"Rast e an şaş e: Têgeha ""Daristan"" tê vê wateyê: devera ku bi darên xurt hatiye nixumandin û avhewayê nerm dike.",Near duplicate candidate.,08e5dc41622ad2b305b1113f8f71ad7a
warning,near_duplicate_candidate,medium,offline_runtime_bank,assets/data/offline_questions.json,750,offline_tf_cog_0027,"Têgeha ""Gol"" wiha tê ravekirin: ava sekinî ya ku li newalekê kom dibe û bi çeman tê xwedîkirin. Ev rast e an şaş e?",Near duplicate candidate.,dc0767d24df5e44d37be89e35e9b8509
warning,near_duplicate_candidate,medium,offline_runtime_bank,assets/data/offline_questions.json,752,offline_tf_cog_0029,"Binirxîne: li gorî vê ravekirinê ""Hewa"" ev e — rewşa atmosferê ya rojane ku baran, ba û germahiyê digire nav xwe. Rast e an şaş e?",Near duplicate candidate.,2bd7c97105f94fb89524003ea17454a9
warning,near_duplicate_candidate,medium,offline_runtime_bank,assets/data/offline_questions.json,762,offline_tf_cog_0043,"Têgeha ""Deşta Amedê"" wiha tê ravekirin: deşta bazaltî ya berdar a ku li dora Amedê belav dibe. Ev rast e an şaş e?",Near duplicate candidate.,c2b41bff99446942ed7002a54db70941
warning,near_duplicate_candidate,medium,offline_runtime_bank,assets/data/offline_questions.json,769,offline_tf_cog_0055,"Ev ravekirin ji bo ""Geliyê Mûnzûrê"" rast e an şaş e: geliyê kûr ê ku çemê Mûnzûrê di nav zinarên kilsî de vekiriye?",Near duplicate candidate.,bd265767b544e1a84d5ad5acfa78442c
warning,near_duplicate_candidate,medium,offline_runtime_bank,assets/data/offline_questions.json,776,offline_tf_cog_0067,"Têgeha ""Herêma Behdînan"" wiha tê ravekirin: herêma bakurê rojava ya bi navenda Dihokê ku bi zaravayê behdînî tê naskirin. Ev rast e an şaş e?",Near duplicate candidate.,a99b6a50a0e4270a2402e6bab5805b5c
warning,near_duplicate_candidate,medium,offline_runtime_bank,assets/data/offline_questions.json,778,offline_tf_cog_0069,"Binirxîne: li gorî vê ravekirinê ""Avhewaya Deryaya Navîn"" ev e — avhewaya bi zivistanên şil û havînên germ ku li başûrê rojava tê dîtin. Rast e an şaş e?",Near duplicate candidate.,49043b5490d7046b29ba6d9dc9f010d1
warning,near_duplicate_candidate,medium,offline_runtime_bank,assets/data/offline_questions.json,782,offline_tf_siy_0005,"Binirxîne: li gorî vê ravekirinê ""mafê statuyê"" ev e — daxwaza naskirina hiqûqî ya hebûna gelekî di nav dewletê de. Rast e an şaş e?",Near duplicate candidate.,e2bdbce3afd74cc4ed58630f4f0e5bbd
warning,near_duplicate_candidate,medium,offline_runtime_bank,assets/data/offline_questions.json,784,offline_tf_siy_0007,"Ev ravekirin ji bo ""pergala meclîsan"" rast e an şaş e: rêveberiya ku biryar tê de ji meclîsên gel derdikevin, ne ji yek desthilatê?",Near duplicate candidate.,da6734748e6913cecffc84a014c5e752
warning,near_duplicate_candidate,medium,offline_runtime_bank,assets/data/offline_questions.json,794,offline_tf_siy_0023,"Ev ravekirin ji bo ""mafên hindikahiyan"" rast e an şaş e: parastina ziman, ol û çanda komên hejmara wan kêm?",Near duplicate candidate.,5a7c1ce222de7f9d13329af9d765aeb1
warning,near_duplicate_candidate,medium,offline_runtime_bank,assets/data/offline_questions.json,799,offline_tf_siy_0029,"Binirxîne: li gorî vê ravekirinê ""dadgehkirina dadperwer"" ev e — mafê her kesî yê darizandina eşkere, bêalî û di demeke maqûl de. Rast e an şaş e?",Near duplicate candidate.,b59ceced355995ad63c9690ccd49104c
warning,near_duplicate_candidate,medium,offline_runtime_bank,assets/data/offline_questions.json,7,offline_0025,"Nîşana wêneyê: ""zanîn"". Wateya wê çi ye?",Near duplicate candidate.,5f476afe9ccde0dbadba6b90deef4f8a
warning,near_duplicate_candidate,medium,offline_runtime_bank,assets/data/offline_questions.json,804,offline_tf_siy_0035,"Têgeha ""meclîsên herêmî"" wiha tê ravekirin: saziyên biryardar ên tax û gundan ên herî nêzî jiyana rojane. Ev rast e an şaş e?",Near duplicate candidate.,9b57c31f922275e51edac5a465e4386b
warning,near_duplicate_candidate,medium,offline_runtime_bank,assets/data/offline_questions.json,806,offline_tf_siy_0037,"Binirxîne: li gorî vê ravekirinê ""vîna herêmî"" ev e — biryardayîna li ser pirsên herêmê ji hêla xelkê wê herêmê ve. Rast e an şaş e?",Near duplicate candidate.,43fdd6ef14378aa0c9076bfbcf49f36b
warning,near_duplicate_candidate,medium,offline_runtime_bank,assets/data/offline_questions.json,809,offline_tf_siy_0041,"Rast e an şaş e: Têgeha ""aştiya civakî"" tê vê wateyê: rewşa ku tê de nakokî bi şîdetê nayên çareserkirin.",Near duplicate candidate.,8121f59c8492bdbb060427f725f8c539
warning,near_duplicate_candidate,medium,offline_runtime_bank,assets/data/offline_questions.json,811,offline_tf_siy_0043,"Têgeha ""mafê aştiyê"" wiha tê ravekirin: mafê gelan ê jiyaneke bê şer û bê tirsa şîdetê. Ev rast e an şaş e?",Near duplicate candidate.,a7ee78ef9120d700e8fe2c7301a7bd24
warning,near_duplicate_candidate,medium,offline_runtime_bank,assets/data/offline_questions.json,813,offline_tf_siy_0045,"Binirxîne: li gorî vê ravekirinê ""exlaqê siyasî"" ev e — pîvana ku desthilatdar li gorî berjewendiya civakê tevbigere, ne ya xwe. Rast e an şaş e?",Near duplicate candidate.,bd9545a5f3c6e0d044e00b4882ad7ff2
warning,near_duplicate_candidate,medium,offline_runtime_bank,assets/data/offline_questions.json,815,offline_tf_siy_0047,"Ev ravekirin ji bo ""beşdariya siyasî"" rast e an şaş e: tevlîbûna hemwelatiyan a di biryar û çavdêriya rêveberiyê de?",Near duplicate candidate.,242c752ba10ed9a0319309cfd7e80b1d
warning,near_duplicate_candidate,medium,offline_runtime_bank,assets/data/offline_questions.json,822,offline_tf_siy_0055,"Ev ravekirin ji bo ""rêveberiya herêmî"" rast e an şaş e: saziya hilbijartî ya ku karûbarên bajêr an gund birêve dibe?",Near duplicate candidate.,24a811c485a03042f5c42fd5fe37f59d
warning,near_duplicate_candidate,medium,offline_runtime_bank,assets/data/offline_questions.json,888,offline_tf_ede_0005,"Binirxîne: li gorî vê ravekirinê ""Dewrêşê Evdî"" ev e — çîroka gelêrî ya ku li ser sedaqet û ceribandinê ye. Rast e an şaş e?",Near duplicate candidate.,240f787037703a2ca6ef53d3f2e5de0f
warning,near_duplicate_candidate,medium,offline_runtime_bank,assets/data/offline_questions.json,891,offline_tf_ede_0008,"Rast e an şaş e: Têgeha ""Mewlûda Kurdî"" tê vê wateyê: berhema olî ya ku Melayê Bateyî bi kurmancî nivîsî.",Near duplicate candidate.,c97b0d3e663aed9dae37ec56d49f2ccb
warning,near_duplicate_candidate,medium,offline_runtime_bank,assets/data/offline_questions.json,8,offline_0030,"Wêneya ""hatin"" tê çi wateyê?",Near duplicate candidate.,de7a37c9d52c31d7d0465ba19fbbc96c
warning,near_duplicate_candidate,medium,offline_runtime_bank,assets/data/offline_questions.json,928,offline_tf_muz_0015,"Ev ravekirin ji bo ""dahol"" rast e an şaş e: amûra kevanî ya ku li erdnîgariya kurdî jî tê lêxistin?",Near duplicate candidate.,0fa9fe9978b2a63f5db2a036b6cf66b3
warning,near_duplicate_candidate,medium,offline_runtime_bank,assets/data/offline_questions.json,951,offline_tf_par_0008,"Rast e an şaş e: Têgeha ""milkiyeta komûnal"" tê vê wateyê: xwedîtiya hevpar a ku li ser hewcedariyê ava dibe ne li ser qezencê.",Near duplicate candidate.,b26093c75791655c40c12fad9a9bc179
warning,near_duplicate_candidate,medium,offline_runtime_bank,assets/data/offline_questions.json,973,offline_tek_0002,"Peyva Kurmancî ""bîrge"" bi Tirkî çi tê gotin?",Near duplicate candidate.,a3650bc54f60c396fba4de48edcfba93
warning,near_duplicate_candidate,medium,offline_runtime_bank,assets/data/offline_questions.json,981,offline_tek_0011,"Peyva Kurmancî ""pelgeh"" bi Tirkî çi tê gotin?",Near duplicate candidate.,078aafe321e76aea2e6233d8e4598924
warning,near_duplicate_candidate,medium,offline_runtime_bank,assets/data/offline_questions.json,9,offline_0040,"Wêneya ""dil"" tê çi wateyê?",Near duplicate candidate.,0d599d05ae66ca524e3aa423b0c0c4a3
warning,near_duplicate_candidate,medium,restore_2026_08_07_runtime_bank,assets/data/restore_2026_08_07_questions.json,14,restore_2026_08_07_0014,Bajarê Colemêrgê li kîjan perçeyê Kurdistanê ye?,Near duplicate candidate.,7f71109e2602995366be25e8538bf462
warning,near_duplicate_candidate,medium,restore_2026_08_07_runtime_bank,assets/data/restore_2026_08_07_questions.json,15,restore_2026_08_07_0015,Gola Wanê li kîjan perçeyê Kurdistanê ye?,Near duplicate candidate.,ea82ec02a878c86f5fc99fff3d506db9
warning,near_duplicate_candidate,medium,restore_2026_08_07_runtime_bank,assets/data/restore_2026_08_07_questions.json,7,restore_2026_08_07_0007,Çiyayê Cûdî li kîjan perçeyê Kurdistanê ye?,Near duplicate candidate.,0e9fd52869003818705ea935cfb60644
warning,near_duplicate_candidate,medium,source_first_runtime_bank,assets/data/source_first_2026_08_questions.json,23,sf_cin_0011,Pêşangeha Mîmarî ya Navneteweyî ya yekem di kîjan salê de pêk hat?,Near duplicate candidate.,44b64d11cb9b4396996c38bd2321e18b
warning,near_duplicate_candidate,medium,source_first_runtime_bank,assets/data/source_first_2026_08_questions.json,32,sf_cin_0020,"Fîlmê ""Nosferatu"" di kîjan salê de derket?",Near duplicate candidate.,b394f0733b127848fb322831c19bfa61
warning,near_duplicate_candidate,medium,source_first_runtime_bank,assets/data/source_first_2026_08_questions.json,34,sf_cin_0022,"Fîlmê ""Tokyo Story"" hilberîna kîjan welatî ye?",Near duplicate candidate.,618dd133c6f789b4874d4718c1b3f11b
warning,near_duplicate_candidate,medium,source_first_runtime_bank,assets/data/source_first_2026_08_questions.json,35,sf_cin_0026,"Fîlmê ""Bicycle Thieves"" hilberîna kîjan welatî ye?",Near duplicate candidate.,f289878f23ed258efa2f4d320a58fcc9
warning,near_duplicate_candidate,medium,source_first_runtime_bank,assets/data/source_first_2026_08_questions.json,36,sf_cin_0028,"Fîlmê ""Citizen Kane"" hilberîna kîjan welatî ye?",Near duplicate candidate.,c7538b41cfd077f2dfef30cc3945698a
warning,near_duplicate_candidate,medium,source_first_runtime_bank,assets/data/source_first_2026_08_questions.json,40,sf_cin_0034,"Fîlmê ""Seven Samurai"" di kîjan salê de derket?",Near duplicate candidate.,7ca23ec8c8b2efe0385a97807c323d59
warning,near_duplicate_candidate,medium,source_first_runtime_bank,assets/data/source_first_2026_08_questions.json,44,sf_cin_0038,"Fîlmê ""Persona"" hilberîna kîjan welatî ye?",Near duplicate candidate.,9168350e52941b4b17521a42940e1248
warning,near_duplicate_candidate,medium,source_first_runtime_bank,assets/data/source_first_2026_08_questions.json,46,sf_cin_0043,"Derhênerê fîlmê ""Vertigo"" kî ye?",Near duplicate candidate.,9f85896ef1c7389acc15677174190d9f
warning,near_duplicate_candidate,medium,source_first_runtime_bank,assets/data/source_first_2026_08_questions.json,47,sf_cin_0044,"Fîlmê ""Vertigo"" di kîjan salê de derket?",Near duplicate candidate.,25d0b2c423b8aa9d5116a7da55736cd2
warning,near_duplicate_candidate,medium,source_first_runtime_bank,assets/data/source_first_2026_08_questions.json,50,sf_cin_0048,"Derhênerê fîlmê ""Mirror"" kî ye?",Near duplicate candidate.,a557a5f1dfd114f905fe6a4dedf852a1
warning,near_duplicate_candidate,medium,source_first_runtime_bank,assets/data/source_first_2026_08_questions.json,51,sf_cin_0049,"Fîlmê ""Mirror"" di kîjan salê de derket?",Near duplicate candidate.,c74d6a89a27437d04c7bfc4a59198280
warning,near_duplicate_candidate,medium,source_first_runtime_bank,assets/data/source_first_2026_08_questions.json,55,sf_cin_0053,"Derhênerê fîlmê ""Close-up"" kî ye?",Near duplicate candidate.,cfdd6b5ae221ea643e4e61cff75087e6
warning,near_duplicate_candidate,medium,source_first_runtime_bank,assets/data/source_first_2026_08_questions.json,56,sf_cin_0054,"Fîlmê ""Close-up"" hilberîna kîjan welatî ye?",Near duplicate candidate.,77c913ae0d26346501374a97b370c421
warning,near_duplicate_candidate,medium,source_first_runtime_bank,assets/data/source_first_2026_08_questions.json,66,sf_nat_0007,Gerstêrka herî germ a sîstema rojê kîjan e?,Near duplicate candidate.,2dc9f1105dcbf0a712d7503f28a8ca4b
warning,near_duplicate_candidate,medium,curated_runtime_bank,lib/src/data/curated_question_bank.dart,98,curated_movement_0002,"Peyva Kurmancî ""azadî"" bi Tirkî çi tê gotin?",Near duplicate candidate.,b58cf0db3cac9396f08dbb06278b1b73
