severity,check_id,confidence,source_id,source_path,source_row,record_id,prompt,message,issue_fingerprint
warning,missing_source_metadata,high,deepseek_2026_08_18,assets/data/deepseek_2026_08_18_questions.json,1000,ds_teknoloji_0319,Armanca sereke ya protokola DNSSEC di sîstema navên domênan de çi ye?,Source title and URL are both missing.,63d8a879d6d9dce6167af7ba701d54ff
warning,missing_source_metadata,high,deepseek_2026_08_18,assets/data/deepseek_2026_08_18_questions.json,1001,ds_teknoloji_0320,Cudahiya bingehîn a kontrola qerebalixiyê ya BBR ji algorîtmayên kevneşopî yên wekî CUBIC çi ye?,Source title and URL are both missing.,6533995cbefe57562bba3cc05b656348
warning,missing_source_metadata,high,deepseek_2026_08_18,assets/data/deepseek_2026_08_18_questions.json,1002,ds_teknoloji_0321,"Di motorên databasê de qeydkirina ""Write-Ahead Logging"" (WAL) çawa mayîndebûna (Durability) daneyan misoger dike?",Source title and URL are both missing.,ce3ea488528ce3960a25d11de661ebb1
warning,missing_source_metadata,high,deepseek_2026_08_18,assets/data/deepseek_2026_08_18_questions.json,1003,ds_teknoloji_0322,"Di pêvajoyera ku fermanan li derveyî rêzê dimeşîne (Out-of-Order Execution), rola ""Reorder Buffer"" (ROB) çi ye?",Source title and URL are both missing.,9f984379cc9ee6b16b525cdefee10a98
warning,missing_source_metadata,high,deepseek_2026_08_18,assets/data/deepseek_2026_08_18_questions.json,1004,ds_teknoloji_0323,"Struktura daneyan a ""Bloom Filter"" kîjan encama teqez ji bo hebûna hêmanekê garantî dike?",Source title and URL are both missing.,bef5f559eaecf71097094187928700ff
warning,missing_source_metadata,high,deepseek_2026_08_18,assets/data/deepseek_2026_08_18_questions.json,1005,ds_teknoloji_0324,"Gava ku protokola pevguhertina mifteyan a Diffie-Hellman bêyî pejirandina nasnameyê were bikaranîn, rastî kîjan êrîşê tê?",Source title and URL are both missing.,c534682f7fcd7e2895c3d1866dae4eaf
warning,missing_source_metadata,high,deepseek_2026_08_18,assets/data/deepseek_2026_08_18_questions.json,1006,ds_teknoloji_0325,Cudahiya sereke ya di navbera êrîşên XSS û CSRF de di qada ewlehiya sepanên webê de çi ye?,Source title and URL are both missing.,c5bb3cc2b06a0c3f5a98e5fd3947dee3
warning,missing_source_metadata,high,deepseek_2026_08_18,assets/data/deepseek_2026_08_18_questions.json,1007,ds_teknoloji_0326,Feydeya sereke ya berhevkirina JIT (Just-In-Time) li gorî berhevkirina AOT (Ahead-Of-Time) çi ye?,Source title and URL are both missing.,ea908e6d2c01bb415a474a111d94a510
warning,missing_source_metadata,high,deepseek_2026_08_18,assets/data/deepseek_2026_08_18_questions.json,1008,ds_teknoloji_0327,"Sedema sereke ya çêbûna diyardeya ""Write Amplification"" di dîskên SSD de çi ye?",Source title and URL are both missing.,39f11fb189aa9987b929b70836c3df9c
warning,missing_source_metadata,high,deepseek_2026_08_18,assets/data/deepseek_2026_08_18_questions.json,1009,ds_teknoloji_0328,"Di pêvajoyera pîplînê de (Pipelining), rêbaza ""Operand Forwarding"" kîjan pirsgirêkê çareser dike?",Source title and URL are both missing.,46a0bf2a52dbac89765e8271b57bb85a
warning,missing_source_metadata,high,deepseek_2026_08_18,assets/data/deepseek_2026_08_18_questions.json,1010,ds_teknoloji_0329,"Di binesaziya konteyneran a Linuxê de rola ""cgroups"" û ""namespaces"" çawa ji hev vediqete?",Source title and URL are both missing.,2e4b24aac87f25b14cf19ef984d7bcd6
warning,missing_source_metadata,high,deepseek_2026_08_18,assets/data/deepseek_2026_08_18_questions.json,1011,ds_teknoloji_0330,Sê taybetmendiyên bingehîn ên matematîkî yên delîlên zanîna sifir (Zero-Knowledge Proofs) çi ne?,Source title and URL are both missing.,ea6d89ffe8edb49a40cf82e695d41868
warning,missing_source_metadata,high,deepseek_2026_08_18,assets/data/deepseek_2026_08_18_questions.json,1012,ds_teknoloji_0331,Di modelên AI de armanca guhertina formata hejmaran (Quantization ji FP16 bo INT4) çi ye?,Source title and URL are both missing.,e6be026dc8f13c9b3be8e45135934662
warning,missing_source_metadata,high,deepseek_2026_08_18,assets/data/deepseek_2026_08_18_questions.json,1013,ds_teknoloji_0332,"Di astên veqetandina databasê de (Isolation Levels), kîjan ast rê li ber hemû pirsgirêkên ""Dirty Read"", ""Non-Repeatable Read"" û ""Phantom Read"" digire?",Source title and URL are both missing.,af9e60c6913f7860130d9764c1d623d0
warning,missing_source_metadata,high,deepseek_2026_08_18,assets/data/deepseek_2026_08_18_questions.json,1014,ds_teknoloji_0333,"Kêmasiya sereke ya algorîtmaya paqijkirina bîrgehê ya ""Reference Counting"" çi ye?",Source title and URL are both missing.,97ab7b5a23425869de80f197eb993d22
warning,missing_source_metadata,high,deepseek_2026_08_18,assets/data/deepseek_2026_08_18_questions.json,1015,ds_teknoloji_0334,"Di girêdanên P2P de (mînak: WebRTC), ferqa sereke di navbera STUN û TURN de çi ye?",Source title and URL are both missing.,06074ca3b5d2a9a107f63104591cffa5
warning,missing_source_metadata,high,deepseek_2026_08_18,assets/data/deepseek_2026_08_18_questions.json,1016,ds_teknoloji_0335,Di şîfrekirina RSA de sedema bikaranîna rêbaza dagirtinê ya OAEP (Optimal Asymmetric Encryption Padding) çi ye?,Source title and URL are both missing.,6bcab08f79468ba8e4ad95bcdfc35f1f
warning,missing_source_metadata,high,deepseek_2026_08_18,assets/data/deepseek_2026_08_18_questions.json,1017,ds_teknoloji_0336,Cudahiya di navbera polîtîkayên guhertina bîrgeha lezgîn a LRU û LFU de li ser kîjan pîvanê ye?,Source title and URL are both missing.,4232af98e66d48a551e2352c5fe04440
warning,missing_source_metadata,high,deepseek_2026_08_18,assets/data/deepseek_2026_08_18_questions.json,1018,ds_teknoloji_0337,"Di bernamesaziya pir-mijarî de (Multithreading), pirsgirêka ""False Sharing"" di bîrgehê de çawa çêdibe?",Source title and URL are both missing.,f9ed515e572773d564a3212338097675
warning,missing_source_metadata,high,deepseek_2026_08_18,assets/data/deepseek_2026_08_18_questions.json,1019,ds_teknoloji_0338,"Armanca mekanîzmaya ""Route Flap Damping"" di protokola BGP de çi ye?",Source title and URL are both missing.,b61af40c5fb44b163002dd0ecd84752d
warning,missing_source_metadata,high,deepseek_2026_08_18,assets/data/deepseek_2026_08_18_questions.json,1020,ds_teknoloji_0339,"Di pirsiyariyên analîtîk de (OLAP), çima depokirina stûnî (Columnar Storage) ji ya rêzbarî (Row-oriented) çêtir e?",Source title and URL are both missing.,6dccf4d3fe8430734063b0fe82d71cd7
warning,missing_source_metadata,high,deepseek_2026_08_18,assets/data/deepseek_2026_08_18_questions.json,1021,ds_teknoloji_0340,"Di sîstemên ku nakokiya nivîsandinê lê pir kêm e, feydeya ""Optimistic Concurrency Control"" (OCC) çi ye?",Source title and URL are both missing.,264645183ba7c983692cfb485c286f82
warning,missing_source_metadata,high,deepseek_2026_08_18,assets/data/deepseek_2026_08_18_questions.json,1022,ds_teknoloji_0341,Girêdanên bermayî (Residual Connections / Skip Connections) di ResNet de çawa pirsgirêka windabûna gradyanê çareser dikin?,Source title and URL are both missing.,d76926b7d05d1e707793dc982c9d504c
warning,missing_source_metadata,high,deepseek_2026_08_18,assets/data/deepseek_2026_08_18_questions.json,1023,ds_teknoloji_0342,"Mekanîzmaya ""Zero-Copy"" (mînak: sendfile) çawa veguhestina pelan li ser torê bilez dike?",Source title and URL are both missing.,bd64e6d5b357dcd45746dbebcf3b6392
warning,missing_source_metadata,high,deepseek_2026_08_18,assets/data/deepseek_2026_08_18_questions.json,1024,ds_teknoloji_0343,"Di binesaziya mifteya giştî de (PKI), feydeya ""OCSP Stapling"" li gorî CRL ya kevneşopî çi ye?",Source title and URL are both missing.,8be59b097fa512b03aff54fe66d3a711
warning,missing_source_metadata,high,deepseek_2026_08_18,assets/data/deepseek_2026_08_18_questions.json,1025,ds_teknoloji_0344,"Di mîmariya mîkroservîsan de çima şêwaza ""Saga Pattern"" ji danûstandinên 2PC guncawtir e?",Source title and URL are both missing.,577b639480f7634d8fd1a98dd220dedc
warning,missing_source_metadata,high,deepseek_2026_08_18,assets/data/deepseek_2026_08_18_questions.json,1026,ds_teknoloji_0345,"Mekanîzmaya ""Stack Canary"" çawa rê li ber êrîşên dagirtina bîrgeha stakê (Buffer Overflow) digire?",Source title and URL are both missing.,17b2f4d3c192a6e3c0391e697375580f
warning,missing_source_metadata,high,deepseek_2026_08_18,assets/data/deepseek_2026_08_18_questions.json,1027,ds_teknoloji_0346,Cudahiya sereke ya hevsengkera barê (Load Balancer) ya Asta 4 û Asta 7 çi ye?,Source title and URL are both missing.,eb78c561c41263f7281f83bac83114a0
warning,missing_source_metadata,high,deepseek_2026_08_18,assets/data/deepseek_2026_08_18_questions.json,1028,ds_teknoloji_0347,"Di mîmariya ""Event Sourcing"" de rewşa heyî ya sîstemê (state) çawa tê bidestxistin?",Source title and URL are both missing.,447a321eed10e366a6095b131189734b
warning,missing_source_metadata,high,deepseek_2026_08_18,assets/data/deepseek_2026_08_18_questions.json,1029,ds_teknoloji_0348,Felsefeya sereke ya mîmariya pêvajoyeran a RISC li gorî CISC li ser çi hatiye avakirin?,Source title and URL are both missing.,62dda8b26a25b71321c5ab3263042468
warning,missing_source_metadata,high,deepseek_2026_08_18,assets/data/deepseek_2026_08_18_questions.json,1030,ds_teknoloji_0349,"Di dabeşkirina daneyan de (Sharding), xetera sereke ya dabeşkirina li ser bingeha rêzê (Range-based) çi ye?",Source title and URL are both missing.,ad2b7fb9ce568e2a74996c43a2b0285b
warning,missing_source_metadata,high,deepseek_2026_08_18,assets/data/deepseek_2026_08_18_questions.json,1031,ds_teknoloji_0350,"Di hilanîna şîfreyan de rola zêdekirina ""Salt"" a krîptografîk çi ye?",Source title and URL are both missing.,452b70984c115e1cb67e00af1f3064f2
warning,missing_source_metadata,high,deepseek_2026_08_18,assets/data/deepseek_2026_08_18_questions.json,1032,ds_teknoloji_0351,"Di zimanên ku xwedî Garbage Collector in de (mînak: Java, Go), herî zêde kêmasiya bîrgehê (Memory Leak) çawa çêdibe?",Source title and URL are both missing.,176baf405b4a5db8dc5ea406cf9a378e
warning,missing_source_metadata,high,deepseek_2026_08_18,assets/data/deepseek_2026_08_18_questions.json,1033,ds_teknoloji_0352,"Mekanîzmaya ""SYN Cookies"" di protokola TCP de çawa rê li ber êrîşên ""SYN Flood"" digire?",Source title and URL are both missing.,17215407ddddd90e342771e8529b8397
warning,missing_source_metadata,high,deepseek_2026_08_18,assets/data/deepseek_2026_08_18_questions.json,1034,ds_teknoloji_0353,Di binesaziya GraphQL de kêşeya zêdebûna pirsiyariyan (N+1 Problem) bi çi awayî tê çareserkirin?,Source title and URL are both missing.,1ef18584ba7228c79a284169abb22a21
warning,missing_source_metadata,high,deepseek_2026_08_18,assets/data/deepseek_2026_08_18_questions.json,1035,ds_teknoloji_0354,Çima di fêrbûna kûr de (Deep Learning) çîpên GPU li gorî CPUyên klasîk pir bi leztir in?,Source title and URL are both missing.,2b6fab6e8926b40a8d3622da36b28d74
warning,missing_source_metadata,high,deepseek_2026_08_18,assets/data/deepseek_2026_08_18_questions.json,1036,ds_teknoloji_0355,"Di sîstemên belavbûyî de hevgirtina ""Read-After-Write Consistency"" kîjan garantiyê dide bikarhêner?",Source title and URL are both missing.,506bce3975205faa60cf447e31526b7b
warning,missing_source_metadata,high,deepseek_2026_08_18,assets/data/deepseek_2026_08_18_questions.json,1037,ds_teknoloji_0356,Mekanîzmaya ASLR (Address Space Layout Randomization) di asta pergala xebitandinê de çawa pêşî li êrîşkar digire?,Source title and URL are both missing.,29bf03e8f12c9bea71b94b8dda716ee9
warning,missing_source_metadata,high,deepseek_2026_08_18,assets/data/deepseek_2026_08_18_questions.json,1038,ds_teknoloji_0357,"Di sîstemên belavbûyî de ji bo bidestxistina hevgirtina xurt a kûorûmê (Quorum Consistency), kîjan şerta matematîkî divê pêk were?",Source title and URL are both missing.,39d55c98dfc27e92ddef78842e56bc7e
warning,missing_source_metadata,high,deepseek_2026_08_18,assets/data/deepseek_2026_08_18_questions.json,1039,ds_teknoloji_0358,Komkerên çopê yên nûjen ên wekî ZGC û Shenandoah çawa dema rawestandina pergalê (Stop-The-World) dadixin bin milîçirkeyekê?,Source title and URL are both missing.,15ba3f5af9852815c31dca963beb66f4
warning,missing_source_metadata,high,deepseek_2026_08_18,assets/data/deepseek_2026_08_18_questions.json,1040,ds_ziman_1228,Di kurmancî de di dema borî ya lêkerên gerguhêz de çima kirde di rûyê tewandî de tê bikaranîn lê lêker li gorî bireserê dikişe?,Source title and URL are both missing.,78c9b208268c47cb8166ae16298177c8
warning,missing_source_metadata,high,deepseek_2026_08_18,assets/data/deepseek_2026_08_18_questions.json,1041,ds_ziman_1229,"Di hevokên ""Te ez dîtim"" û ""Min tu dîtî"" de sedema guherîna qertafên dawiya lêkera ""dîtin"" çi ye?",Source title and URL are both missing.,59d1a43c49c73b5ba314242c8550871e
warning,missing_source_metadata,high,deepseek_2026_08_18,assets/data/deepseek_2026_08_18_questions.json,1042,ds_ziman_1230,"Di hevoka ""Wî sêv xwarin"" de çima lêkera ""xwarin"" bi paşgira pirjimariyê qediya ye?",Source title and URL are both missing.,f36a119436ca326d3c72e26411d76efa
warning,missing_source_metadata,high,deepseek_2026_08_18,assets/data/deepseek_2026_08_18_questions.json,1043,ds_ziman_1231,Kîjan hevok qaîdeya ergatîfê ya di navbera lêkerên gerguhêz û negerguhêz de bi awayekî rast nîşan dide?,Source title and URL are both missing.,b8a5317c55550d918865a8989fc38f46
warning,missing_source_metadata,high,deepseek_2026_08_18,assets/data/deepseek_2026_08_18_questions.json,1044,ds_ziman_1232,"Di dema borî ya çîrokî de ji bo lêkera negerguhêz a ""hatin"" û lêkera gerguhêz a ""xwendin"" kîjan cot rast e?",Source title and URL are both missing.,dba67e1bebf9ea6c09545a4a4d8abf8b
warning,missing_source_metadata,high,deepseek_2026_08_18,assets/data/deepseek_2026_08_18_questions.json,1045,ds_ziman_1233,"Cudahiya rêzimanî ya di navbera lêkera hevedudanî ya bi ""kirin"" û ya bi ""bûn"" de di dema borî de çi ye?",Source title and URL are both missing.,805a1c42dcd8911641470c2cf2b85e1d
warning,missing_source_metadata,high,deepseek_2026_08_18,assets/data/deepseek_2026_08_18_questions.json,1046,ds_ziman_1234,Di hevoka neyînî ya dema borî de kîjan vebijêrk li gorî rêzimana kurmancî rast hatiye nivîsandin?,Source title and URL are both missing.,39618360667a6949b117d10a8a16ae9e
warning,missing_source_metadata,high,deepseek_2026_08_18,assets/data/deepseek_2026_08_18_questions.json,1047,ds_ziman_1235,Di kurmancî de pergala ergatîf di kîjan deman de derbas dibe û di kîjan deman de derbas nabe?,Source title and URL are both missing.,ebf0dbcdd370689e81623a1ed0917a99
warning,missing_source_metadata,high,deepseek_2026_08_18,assets/data/deepseek_2026_08_18_questions.json,1048,ds_ziman_1236,"Di hevoka ""Wê hevalên xwe dîtin"" de lihevkirina lêkerê li gorî kîjan rêgezê ye?",Source title and URL are both missing.,eaf68d8eb0815f9fb21cfc2132e91ada
warning,missing_source_metadata,high,deepseek_2026_08_18,assets/data/deepseek_2026_08_18_questions.json,1049,ds_ziman_1237,"Dema ku tîpa dawî ya navdêran dengdêr be, veqetandeka binavkirî ya mê û nêr çawa diguhere?",Source title and URL are both missing.,a1d858a8bffc0c50998a5cb61de310e0
warning,missing_source_metadata,high,deepseek_2026_08_18,assets/data/deepseek_2026_08_18_questions.json,1050,ds_ziman_1238,"Di kurmancî de veqetandeka nebinavkirî (îzafeya ne diyar) ji bo navdêrên mê, nêr û pirjimar kîjan e?",Source title and URL are both missing.,ee35ee75925a7764a05757f2a9a0fd0e
warning,missing_source_metadata,high,deepseek_2026_08_18,assets/data/deepseek_2026_08_18_questions.json,1051,ds_ziman_1239,Di îzafeya zincîrî de (mînak: deriyê odeya xaniyê me) qertafên îzafeyê li gorî kîjan rêgezê tên rêzkirin?,Source title and URL are both missing.,f3eedfba1551b1831f5532b3d7b1b2c4
warning,missing_source_metadata,high,deepseek_2026_08_18,assets/data/deepseek_2026_08_18_questions.json,1052,ds_ziman_1240,"Di hevoka ""Mirovê ku do hat hevalê min e"" de peyva ""mirovê"" çima veqetandeka nêr girtiye?",Source title and URL are both missing.,4e7b1dcaeb33de7b30c4d5fda8e19030
warning,missing_source_metadata,high,deepseek_2026_08_18,assets/data/deepseek_2026_08_18_questions.json,1053,ds_ziman_1241,Di navbera nîşandana nêzîk û ya dûr de li gel veqetandeka binavkirî kîjan rêzik rast e?,Source title and URL are both missing.,d0f7be2d212454973800cc546b1f1c5e
warning,missing_source_metadata,high,deepseek_2026_08_18,assets/data/deepseek_2026_08_18_questions.json,1054,ds_ziman_1242,Di tewanga navdêrên mê yên yekjimar de kîjan qertaf tê bikaranîn?,Source title and URL are both missing.,f20ec7e625f06986dfceab23c8903e15
warning,missing_source_metadata,high,deepseek_2026_08_18,assets/data/deepseek_2026_08_18_questions.json,1055,ds_ziman_1243,Di tewanga navdêrên nêr ên yekjimar de kîjan qertaf tê bikaranîn?,Source title and URL are both missing.,3724dd4f8132983dbdfdf0ab55428d6a
warning,near_duplicate_candidate,medium,deepseek_2026_08_18,assets/data/deepseek_2026_08_18_questions.json,1055,ds_ziman_1243,Di tewanga navdêrên nêr ên yekjimar de kîjan qertaf tê bikaranîn?,Near duplicate candidate.,ecc5b301a66588d1dcea118a28656b4f
warning,missing_source_metadata,high,deepseek_2026_08_18,assets/data/deepseek_2026_08_18_questions.json,1056,ds_ziman_1244,Di tewanga navdêran a pirjimariyê de ferqa zayenda mê û nêr çawa ye?,Source title and URL are both missing.,7139e32adec9ea25ac0b95b487d148c3
warning,missing_source_metadata,high,deepseek_2026_08_18,assets/data/deepseek_2026_08_18_questions.json,1057,ds_ziman_1245,"Di bangkirina kesan de (bangawezî) qertafên bangê ji bo nêr, mê û pirjimar kîjan in?",Source title and URL are both missing.,ff0154dcd144c3f4c792c4250b1b5e1a
warning,missing_source_metadata,high,deepseek_2026_08_18,assets/data/deepseek_2026_08_18_questions.json,1058,ds_ziman_1246,Cînavên kesane yên xwerû û tewandî di kîjan rêzê de bi awayekî rast hatine berawirdkirin?,Source title and URL are both missing.,41a330eb34bff6749ea9da93c43182e9
warning,missing_source_metadata,high,deepseek_2026_08_18,assets/data/deepseek_2026_08_18_questions.json,1059,ds_ziman_1247,"Di hevoka ""Ez li ser maseyê pirtûkan dibînim"" de peyva ""maseyê"" ji ber çi tewiyaye?",Source title and URL are both missing.,103dc2e46440882320c2dc10aabe6ba2
warning,missing_source_metadata,high,deepseek_2026_08_18,assets/data/deepseek_2026_08_18_questions.json,1060,ds_ziman_1248,Di daçekên çerçoveyî (çevre edatlar) de ji bo wateya hundirîn a cihî kîjan cot tê bikaranîn?,Source title and URL are both missing.,87f2800a43acc972d551724b3d74a0a8
warning,missing_source_metadata,high,deepseek_2026_08_18,assets/data/deepseek_2026_08_18_questions.json,1061,ds_ziman_1249,"Cudahiya wateyî ya di navbera daçeka ""ji ... re"" û ""ji ... ve"" de çi ye?",Source title and URL are both missing.,e4b413eb23279cee013a9a10ba4ff5c8
warning,missing_source_metadata,high,deepseek_2026_08_18,assets/data/deepseek_2026_08_18_questions.json,1062,ds_ziman_1250,"Di daçeka ""bi ... re"" û ""bi ... ve"" de kîjan vebijêrk cudahiya hevaltî û pêvebûnê rast nîşan dide?",Source title and URL are both missing.,964f03e6bc0566969a637c582460cc1e
warning,missing_source_metadata,high,deepseek_2026_08_18,assets/data/deepseek_2026_08_18_questions.json,1063,ds_ziman_1251,"Daçeka ""bêyî"" di hevokê de çawa dixebite û navdêr an cînavê piştî xwe dixe kîjan rewşê?",Source title and URL are both missing.,c9dd5220409cc8f5e39007b2ebceafc2
warning,missing_source_metadata,high,deepseek_2026_08_18,assets/data/deepseek_2026_08_18_questions.json,1064,ds_ziman_1252,Di kurmancî de dema bê bi kîjan amûrên rêzimanî û formên lêkerê tê avakirin?,Source title and URL are both missing.,f1d9a3e117379c6c6c8e77a3e2283bd2
warning,missing_source_metadata,high,deepseek_2026_08_18,assets/data/deepseek_2026_08_18_questions.json,1065,ds_ziman_1253,"Gava pêşgireke lêkerî ya wekî ""ve-"" an ""ra-"" li lêkerê zêde bibe, qertafa reweştê ya ""bi-"" çawa diguhere?",Source title and URL are both missing.,d7fd29681682230bc25b8d52eb35d514
warning,missing_source_metadata,high,deepseek_2026_08_18,assets/data/deepseek_2026_08_18_questions.json,1066,ds_ziman_1254,"Di lêkera ""vekirin"" de pêşgira ""ve-"" çi cure guherîneke wateyî li ser lêkera ""kirin""ê çêdike?",Source title and URL are both missing.,3839a432df527fa04c0c937802eff171
warning,missing_source_metadata,high,deepseek_2026_08_18,assets/data/deepseek_2026_08_18_questions.json,1067,ds_ziman_1255,Di kurmancî de lêkera gerguhêz bi rêya kîjan lêkera alîkar dibe lêkera lêkerveger (pasîf / passive)?,Source title and URL are both missing.,f540e328eabe93fec4e8dc6b706182dc
warning,missing_source_metadata,high,deepseek_2026_08_18,assets/data/deepseek_2026_08_18_questions.json,1068,ds_ziman_1256,"Di kurmancî de paşgira ""-andin"" li ser koka lêkeran kîjan guherîna rêzimanî çêdike?",Source title and URL are both missing.,bb3f8b5d4babb77c4ba47e67be485239
warning,missing_source_metadata,high,deepseek_2026_08_18,assets/data/deepseek_2026_08_18_questions.json,1069,ds_ziman_1257,Di hevoka mercî ya nediyar (irrealis) de avahiya lêkeran di kîjan vebijêrkê de rast e?,Source title and URL are both missing.,39eb53232e7ed4c4142262f5a9871030
warning,near_duplicate_candidate,medium,deepseek_2026_08_18,assets/data/deepseek_2026_08_18_questions.json,106,ds_cografya_0241,Kîjan bendav li ser Dîcleyê ye û li Başûrê Kurdistanê ye?,Near duplicate candidate.,00b60c1e01a95b8fd57c8f832bd3e255
warning,missing_source_metadata,high,deepseek_2026_08_18,assets/data/deepseek_2026_08_18_questions.json,1070,ds_ziman_1258,Alfabeya Hawarê ya ku ji aliyê Celadet Alî Bedirxan ve di 1932an de hate amadekirin ji çend tîpan pêk tê?,Source title and URL are both missing.,6c285fc5a69a81d3b3c3f5343d77689c
warning,missing_source_metadata,high,deepseek_2026_08_18,assets/data/deepseek_2026_08_18_questions.json,1071,ds_ziman_1259,Di alfabeya kurmancî de kîjan koma dengdêran wekî dengdêrên dirêj tên qebûlkirin?,Source title and URL are both missing.,81dfd6feebf294e472e04ff5f0e48b0f
warning,missing_source_metadata,high,deepseek_2026_08_18,assets/data/deepseek_2026_08_18_questions.json,1072,ds_ziman_1260,Kîjan tîp di alfabeya Hawarê de heye lê di alfabeya tirkî de nîne?,Source title and URL are both missing.,a9edcb4204d673c316a709d6dfd12adb
warning,missing_source_metadata,high,deepseek_2026_08_18,assets/data/deepseek_2026_08_18_questions.json,1073,ds_ziman_1261,"Di dengnasiya kurmancî de tîpên cotdeng ên wekî ""ç, k, p, t"" xwedî kîjan taybetmendiya fonetîk in?",Source title and URL are both missing.,51e48a90f04778dd1cea84b947fd9ac5
warning,missing_source_metadata,high,deepseek_2026_08_18,assets/data/deepseek_2026_08_18_questions.json,1074,ds_ziman_1262,"Di zimanê kurmancî de dema ku du dengdêr digihîjin hev, kîjan tîpa navberê dikeve navbera wan?",Source title and URL are both missing.,fb5dd51080faa828b7d20fdb08cb94c4
warning,missing_source_metadata,high,deepseek_2026_08_18,assets/data/deepseek_2026_08_18_questions.json,1075,ds_ziman_1263,Di navbera zaravayê kurmancî û soranî de cudahiya sereke ya di warê zayenda rêzimanî de çi ye?,Source title and URL are both missing.,0321e8b3906df3e1c78928e9ba577285
warning,missing_source_metadata,high,deepseek_2026_08_18,assets/data/deepseek_2026_08_18_questions.json,1076,ds_ziman_1264,Cudahiya nîşandana kesê di dema niha de di navbera kurmancî û soranî de kîjan e?,Source title and URL are both missing.,ff5a6a415fa9a4caa9c1b2c905aa3be4
warning,missing_source_metadata,high,deepseek_2026_08_18,assets/data/deepseek_2026_08_18_questions.json,1077,ds_ziman_1265,Di navbera kurmancî û zazakî (kirmanckî) de kîjan ji van taybetmendiyên rêzimanî hevpar e?,Source title and URL are both missing.,3cda6053f572aad3e916cecc05982963
warning,missing_source_metadata,high,deepseek_2026_08_18,assets/data/deepseek_2026_08_18_questions.json,1078,ds_ziman_1266,"Di kurmancî de paşgira ""-xane"" (mînak: pirtûkxane, nexweşxane) ji bo çi cure peyvsaziyê tê bikaranîn?",Source title and URL are both missing.,845a9401b39805861875d35f6e813e79
warning,missing_source_metadata,high,deepseek_2026_08_18,assets/data/deepseek_2026_08_18_questions.json,1079,ds_ziman_1267,"Di kurmancî de paşgira ""-dar"" di peyvên wekî ""avdar"", ""birîndar"", ""dildar"" de çi cure wateyê ava dike?",Source title and URL are both missing.,aed43faa3abbd75dfe916e41151ebf11
warning,missing_source_metadata,high,deepseek_2026_08_18,assets/data/deepseek_2026_08_18_questions.json,1080,ds_ziman_1268,"Paşgira ""-van"" di peyvên wekî ""baxçevan"", ""şivan"", ""pasewan"" de çi cure peyvan çêdike?",Source title and URL are both missing.,34eabf9f70d58b704005592d7cb39dac
warning,missing_source_metadata,high,deepseek_2026_08_18,assets/data/deepseek_2026_08_18_questions.json,1081,ds_ziman_1269,"Di kurmancî de paşgira ""-tî / -atî"" (mînak: hevaltî, mirovatî) çi cure navdêran çêdike?",Source title and URL are both missing.,c7a8b1deae535f9b333cb6b0f1135516
warning,missing_source_metadata,high,deepseek_2026_08_18,assets/data/deepseek_2026_08_18_questions.json,1082,ds_ziman_1270,"Pêşgira neyîniyê ya ""bê-"" di peyvên wekî ""bêdeng"", ""bêxew"", ""bêaqil"" de çawa dixebite?",Source title and URL are both missing.,8f1bac6c4abfde6b79dc987b017d0b77
warning,missing_source_metadata,high,deepseek_2026_08_18,assets/data/deepseek_2026_08_18_questions.json,1083,ds_ziman_1271,"Di kurmancî de paşgira ""-ik"" an ""-ok"" (mînak: zarok, keçik, xanîk) çi cure fonksiyonekê pêk tîne?",Source title and URL are both missing.,f41796239862d30fb7f2f91dcd5fdb20
warning,missing_source_metadata,high,deepseek_2026_08_18,assets/data/deepseek_2026_08_18_questions.json,1084,ds_ziman_1272,Rêzkirina giştî ya hêmanên hevokê (Word Order) di zimanê kurmancî de çawa ye?,Source title and URL are both missing.,8d6491e0d444579bc25144cf83806634
warning,missing_source_metadata,high,deepseek_2026_08_18,assets/data/deepseek_2026_08_18_questions.json,1085,ds_ziman_1273,"Di hevokên hevedudanî yên bi lêkera ""karîn"" (mînak: Ez dikarim bixwînim) lêkera duyem di kîjan modê de tê kişandin?",Source title and URL are both missing.,63554cf08653d11551325f04c6df0c82
warning,missing_source_metadata,high,deepseek_2026_08_18,assets/data/deepseek_2026_08_18_questions.json,1086,ds_ziman_1274,"Di kurmancî de lêkerên negerguhêz ên ku di dema niha de koka wan diguhere (mînak: çûn -> diçe, hatin -> tê) bi çi tên binavkirin?",Source title and URL are both missing.,4636c2c58c6a9d6e2298c4238341016b
warning,missing_source_metadata,high,deepseek_2026_08_18,assets/data/deepseek_2026_08_18_questions.json,1087,ds_ziman_1275,"Cînavê vegerok ê ""xwe"" di hevokê de li şûna kîjan hêmanan rûdine û taybetmendiya wê ya zayendî çi ye?",Source title and URL are both missing.,8df326c53ace26b2caae9d5c918b6bf5
warning,missing_source_metadata,high,deepseek_2026_08_18,assets/data/deepseek_2026_08_18_questions.json,1088,ds_ziman_1276,"Di biwêja kurdî ya ""çavê wî lê bar bû"" de wateya mecazî ya peyva ""barbûn"" çi ye?",Source title and URL are both missing.,35f0512f7aacd5b3781b65b33f10cea1
warning,missing_source_metadata,high,deepseek_2026_08_18,assets/data/deepseek_2026_08_18_questions.json,1089,ds_ziman_1277,"Di gotina pêşiyan a ""Dîwar kerr e, lê xwedî guh e"" de armanca sereke ya vegotinê çi ye?",Source title and URL are both missing.,f5d257afef1c5a5e24254f26df2c376f
warning,missing_source_metadata,high,deepseek_2026_08_18,assets/data/deepseek_2026_08_18_questions.json,1090,ds_ziman_1278,Di kurmancî de kîjan paşgir ji bo çêkirina hejmarên rêzkirî (ordinal numbers) tê bikaranîn?,Source title and URL are both missing.,a98d217464929ff8b107ec43dd6df53f
warning,missing_source_metadata,high,deepseek_2026_08_18,assets/data/deepseek_2026_08_18_questions.json,1091,ds_ziman_1279,"Gava du navdêr bi hevdudanî wateyeke hevbeş ava dikin (mînak: şevûroj, dêûbav), ev sazî bi çi tê binavkirin?",Source title and URL are both missing.,2ea641bfb04cb5fe99dfd30a8b7bbed8
warning,missing_source_metadata,high,deepseek_2026_08_18,assets/data/deepseek_2026_08_18_questions.json,1092,ds_ziman_1280,"Di kurmancî de cînavên nîşandanê yên xwerû ""ev / ew"" di rewşa tewandî ya yekjimar û pirjimar de çawa diguherin?",Source title and URL are both missing.,036977e5a248b9cb792c925196090f1c
warning,missing_source_metadata,high,deepseek_2026_08_18,assets/data/deepseek_2026_08_18_questions.json,1093,ds_ziman_1281,Di kurmancî de ji bo peyvên hevdeng (homonyms) kîjan mînak rast e?,Source title and URL are both missing.,8d6d5ed47730d5a022c13e22935e2858
warning,missing_source_metadata,high,deepseek_2026_08_18,assets/data/deepseek_2026_08_18_questions.json,1094,ds_ziman_1282,"Di hevoka ""Min xwest ez biçim"" de sedema ku lêkera duyem ketiye moda daxwaziyê (subjunktîf) çi ye?",Source title and URL are both missing.,531e1cce8e68021f01336bf301e6c257
warning,missing_source_metadata,high,deepseek_2026_08_18,assets/data/deepseek_2026_08_18_questions.json,1095,ds_ziman_1283,"Di kurmancî de ferqa di navbera lêkera hevedudanî ya ""dest pê kirin"" û ""dest jê berdan"" de ji aliyê daçekê ve çi ye?",Source title and URL are both missing.,e9ec835ac40c84f477a0032c69ef13f2
warning,missing_source_metadata,high,deepseek_2026_08_18,assets/data/deepseek_2026_08_18_questions.json,1096,ds_ziman_1284,"Di kurmancî de paşgira ""-ok"" gava li ser lêkerekê zêde dibe (mînak: tirs -> tirsok, ken -> kenok), çi cure peyvê çêdike?",Source title and URL are both missing.,ca36e78d67884c39d7cf4c06429f2703
warning,missing_source_metadata,high,deepseek_2026_08_18,assets/data/deepseek_2026_08_18_questions.json,1097,ds_ziman_1285,"Di kurmancî de rengdêrên hevedudanî yên ku bi pêşgira ""xweş-"" (mînak: xweşmêr, xweşnav, xweşbext) çêdibin çi nîşan didin?",Source title and URL are both missing.,44e0cafaa8465061a5b4e036a2b1d968
warning,missing_source_metadata,high,deepseek_2026_08_18,assets/data/deepseek_2026_08_18_questions.json,1098,ds_ziman_1286,"Di lêkera ""hilgirtin"" de pêşgira ""hil-"" kîjan araste û tevgerê li lêkerê zêde dike?",Source title and URL are both missing.,4e4fe1d1b3580ea12fde2b476fca99f4
warning,missing_source_metadata,high,deepseek_2026_08_18,assets/data/deepseek_2026_08_18_questions.json,1099,ds_ziman_1287,"Di lêkera ""daxistin"" de pêşgira ""da-"" kîjan arasteyê nîşan dide?",Source title and URL are both missing.,7b44a63415b39e683c401194ccaf740a
warning,near_duplicate_candidate,medium,deepseek_2026_08_18,assets/data/deepseek_2026_08_18_questions.json,109,ds_cografya_0245,Kîjan bendav li ser Çemê Zap e û li Başûrê Kurdistanê ye?,Near duplicate candidate.,e2286151e2002c4f3d23d4378118ecc5
warning,missing_source_metadata,high,deepseek_2026_08_18,assets/data/deepseek_2026_08_18_questions.json,1100,ds_ziman_1288,"Di kurmancî de peyva ""ziman"" bixwe ji aliyê zayenda rêzimanî ve çi ye û kîjan veqetandekê digire?",Source title and URL are both missing.,833ad89129aa123730248404e71f32f2
warning,missing_source_metadata,high,deepseek_2026_08_18,assets/data/deepseek_2026_08_18_questions.json,1101,ds_ziman_1289,"Di kurmancî de peyva ""roj"" (hem bi wateya heva germ hem jî rojên hefteyê) xwedî kîjan zayendê ye?",Source title and URL are both missing.,af3a64175c1ffd22ea8b5f37324b858d
warning,missing_source_metadata,high,deepseek_2026_08_18,assets/data/deepseek_2026_08_18_questions.json,1102,ds_ziman_1290,"Di navbera ""hevalê min"" û ""hevala min"" de kîjan cudahî rasterast zayenda heval destnîşan dike?",Source title and URL are both missing.,b59a8fa783cd2d2b7578cf8553fb896f
warning,missing_source_metadata,high,deepseek_2026_08_18,assets/data/deepseek_2026_08_18_questions.json,1103,ds_ziman_1291,Di kurmancî de rengdêra nîşandanê ya dûr ji bo yekjimar û pirjimar kîjan e?,Source title and URL are both missing.,18f30d9a0e6221f21d712aade040efd5
warning,missing_source_metadata,high,deepseek_2026_08_18,assets/data/deepseek_2026_08_18_questions.json,1104,ds_ziman_1292,"Di lêkera ""rakirin"" de pêşgira ""ra-"" di kîjan wateyê de tevgerê nîşan dide?",Source title and URL are both missing.,2df8ed8c5e66a8e181dfed10b48be736
warning,missing_source_metadata,high,deepseek_2026_08_18,assets/data/deepseek_2026_08_18_questions.json,1105,ds_ziman_1293,"Di kurmancî de dema ku cînavê pirsê yê ""kîjan"" ji bo navdêreke mê ya yekjimar tê bikaranîn, qertafa wê çawa ye?",Source title and URL are both missing.,4c7be10eae249dc9cf952cf6e856d052
warning,missing_source_metadata,high,deepseek_2026_08_18,assets/data/deepseek_2026_08_18_questions.json,1106,ds_ziman_1294,"Di hevoka ""Min nanê xwe xwar"" û ""Wî nanê xwe xwar"" de çima cînavê vegerok ê ""xwe"" neguherî ye?",Source title and URL are both missing.,c9097bbf393a337b74594374fc5c5497
warning,missing_source_metadata,high,deepseek_2026_08_18,assets/data/deepseek_2026_08_18_questions.json,1107,ds_ziman_1295,"Di kurmancî de paşgira ""-istan"" (mînak: daristan, gulistan, Kurdistan) ji bo çi cure peyvan çêdike?",Source title and URL are both missing.,87fd79bd7af36dc60ec7cd97e575b221
warning,missing_source_metadata,high,deepseek_2026_08_18,assets/data/deepseek_2026_08_18_questions.json,1108,ds_ziman_1296,"Di hevoka ""Min pênûsek da hevalê xwe yê hêja"" de peyva ""yê"" çima hatiye bikaranîn?",Source title and URL are both missing.,cba7df83199cc23867c64ba0ec6f1e30
warning,missing_source_metadata,high,deepseek_2026_08_18,assets/data/deepseek_2026_08_18_questions.json,1109,ds_ziman_1297,"Di kurmancî de ferqa navdêrên hevedudanî yên hevedest (mînak: serok, serdest, pêşeng) li ser kîjan pêkhateyê ava dibe?",Source title and URL are both missing.,a7d0f52565e8f109f8b5d00060d7437d
warning,near_duplicate_candidate,medium,deepseek_2026_08_18,assets/data/deepseek_2026_08_18_questions.json,110,ds_cografya_0244,Kîjan çem li Bakurê Kurdistanê ye û dikeve Dîcleyê?,Near duplicate candidate.,603e5aaced7432b0712b1540d1aa469c
warning,missing_source_metadata,high,deepseek_2026_08_18,assets/data/deepseek_2026_08_18_questions.json,1110,ds_ziman_1298,"Di rêzimana kurmancî de çima di hevoka ""Ez pirtûkê dixwînim"" de ""pirtûkê"" tewiyaye lê di ""Min pirtûk xwend"" de ""pirtûk"" xwerû maye?",Source title and URL are both missing.,e7922c2a445ba997b84558b6abe3f0a4
warning,near_duplicate_candidate,medium,deepseek_2026_08_18,assets/data/deepseek_2026_08_18_questions.json,115,ds_dirok_0016,Şerefxanê Bidlîsî ji kîjan mîrektiyê bû?,Near duplicate candidate.,e813b908278eed1a8a89d159dbea5a75
warning,near_duplicate_candidate,medium,deepseek_2026_08_18,assets/data/deepseek_2026_08_18_questions.json,142,ds_dirok_0072,Kîjan bajarê Sumeriyan wekî navenda perestgeha Inanna dihat naskirin?,Near duplicate candidate.,d18772f137cd64050056751b36ef645f
warning,near_duplicate_candidate,medium,deepseek_2026_08_18,assets/data/deepseek_2026_08_18_questions.json,155,ds_dirok_0091,Kîjan bajarê Mezopotamyayê wekî navenda perestgeha Enlil dihat naskirin?,Near duplicate candidate.,308cb1862f4535c1032f8415c29e90ea
warning,near_duplicate_candidate,medium,deepseek_2026_08_18,assets/data/deepseek_2026_08_18_questions.json,177,ds_dirok_0130,Kurdistan rojnameya ewil a kurdan di kîjan serdemê de derket?,Near duplicate candidate.,462036224892178ab8e75662ce5254a8
warning,near_duplicate_candidate,medium,deepseek_2026_08_18,assets/data/deepseek_2026_08_18_questions.json,179,ds_dirok_0145,Kurdistan rojnameyê ji bo kîjan gelî hate derxistin?,Near duplicate candidate.,194bb1289528b1366683c7d6672c69f7
warning,near_duplicate_candidate,medium,deepseek_2026_08_18,assets/data/deepseek_2026_08_18_questions.json,208,ds_dirok_0167,Şerê Bulgeyê di kîjan salê de qewimî?,Near duplicate candidate.,74cabad3db4cb4741514fee82a68ca92
warning,near_duplicate_candidate,medium,deepseek_2026_08_18,assets/data/deepseek_2026_08_18_questions.json,20,ds_cografya_0058,"Li herêmên germ û ziwa, bi barîna kêm, kîjan cure riwek bi piranî tê dîtin?",Near duplicate candidate.,231207ebdbb283b6fbd809d7a7f1242a
warning,near_duplicate_candidate,medium,deepseek_2026_08_18,assets/data/deepseek_2026_08_18_questions.json,210,ds_dirok_0169,Şerê Zamaê di navbera kîjan hêzan de qewimî?,Near duplicate candidate.,de58687137bd0293d899abd40d1e33e8
warning,near_duplicate_candidate,medium,deepseek_2026_08_18,assets/data/deepseek_2026_08_18_questions.json,214,ds_dirok_0174,Şerê Viyetnamê di kîjan salê de bi dawî bû?,Near duplicate candidate.,316f174b35f2ca056ad7bfaf13eabb11
warning,near_duplicate_candidate,medium,deepseek_2026_08_18,assets/data/deepseek_2026_08_18_questions.json,22,ds_cografya_0087,Kîjan okyanûs li navbera Amerîkaya Başûr û Afrîkayê ye?,Near duplicate candidate.,8ce7abd80293e120a81d3b3860f4b580
warning,near_duplicate_candidate,medium,deepseek_2026_08_18,assets/data/deepseek_2026_08_18_questions.json,232,ds_dirok_0192,Kîjan şerê navdar di sala 216'an berî zayînê de qewimî û tê de Hannibal artêşa Romayê têk bir?,Near duplicate candidate.,b3baa4f70024c2e692f388e43d9e2071
warning,near_duplicate_candidate,medium,deepseek_2026_08_18,assets/data/deepseek_2026_08_18_questions.json,233,ds_dirok_0194,"Kîjan kesayetî wek ""Bavê Komediya"" tê zanîn?",Near duplicate candidate.,26f2f62d01d4fda8cb15d43471397ce9
warning,near_duplicate_candidate,medium,deepseek_2026_08_18,assets/data/deepseek_2026_08_18_questions.json,267,ds_dirok_0267,"Di dîroka devkî de, kîjan têgeh ji bo ravekirina bîranînên kolektîf tê bikaranîn?",Near duplicate candidate.,ab5eb6b12d3591f955392a1afd8e53e3
warning,near_duplicate_candidate,medium,deepseek_2026_08_18,assets/data/deepseek_2026_08_18_questions.json,27,ds_cografya_0084,Kîjan parzemîn nêzî ji sedî 20ê axa cîhanê digire û li rojhilatê Okyanûsa Atlasê ye?,Near duplicate candidate.,6bea6b7173797234f9532c0620b454b3
warning,near_duplicate_candidate,medium,deepseek_2026_08_18,assets/data/deepseek_2026_08_18_questions.json,284,ds_dirok_0294,Di Riya Îpekê de kîjan tişt ji Hindistanê dihat?,Near duplicate candidate.,746c46de714787a05cab29b6d892ddb9
warning,near_duplicate_candidate,medium,deepseek_2026_08_18,assets/data/deepseek_2026_08_18_questions.json,2,ds_cografya_0009,Kîjan çem ji Çiyayê Zagrosê derdikeve û bi çemê Dîcleyê ve girêdide?,Near duplicate candidate.,00326da6ef5807c90c01a4b943891af8
warning,near_duplicate_candidate,medium,deepseek_2026_08_18,assets/data/deepseek_2026_08_18_questions.json,304,ds_edebiyat_0108,Kîjan roman ji aliyê Emily Brontë ve hatiye nivîsandin?,Near duplicate candidate.,013357ed85c8f211e42a2fd9aff887b1
warning,near_duplicate_candidate,medium,deepseek_2026_08_18,assets/data/deepseek_2026_08_18_questions.json,306,ds_edebiyat_0110,Kîjan roman ji aliyê Victor Hugo ve hatiye nivîsandin?,Near duplicate candidate.,39426fa64c1736b6c888fbc462c5c241
warning,near_duplicate_candidate,medium,deepseek_2026_08_18,assets/data/deepseek_2026_08_18_questions.json,308,ds_edebiyat_0112,Kîjan roman ji aliyê Herman Melville ve hatiye nivîsandin?,Near duplicate candidate.,36080af4020c5e4baf8ed80aeb5aaac0
warning,near_duplicate_candidate,medium,deepseek_2026_08_18,assets/data/deepseek_2026_08_18_questions.json,30,ds_cografya_0083,Kîjan okyanûs li başûrê Asyayê ye?,Near duplicate candidate.,7a65878511915f32d327a0e2fbedf04b
warning,near_duplicate_candidate,medium,deepseek_2026_08_18,assets/data/deepseek_2026_08_18_questions.json,310,ds_edebiyat_0114,Kîjan roman ji aliyê Mark Twain ve hatiye nivîsandin?,Near duplicate candidate.,a31f84e7f0d7d5905dac078bfa9f0f92
warning,near_duplicate_candidate,medium,deepseek_2026_08_18,assets/data/deepseek_2026_08_18_questions.json,312,ds_edebiyat_0116,Kîjan roman ji aliyê Leo Tolstoy ve hatiye nivîsandin?,Near duplicate candidate.,c9453fe2da6844f63281df21752a9545
warning,near_duplicate_candidate,medium,deepseek_2026_08_18,assets/data/deepseek_2026_08_18_questions.json,315,ds_edebiyat_0122,Kîjan roman ji aliyê Gustave Flaubert ve hatiye nivîsandin?,Near duplicate candidate.,78471129f9e0b384a617f3e0db20b008
warning,near_duplicate_candidate,medium,deepseek_2026_08_18,assets/data/deepseek_2026_08_18_questions.json,317,ds_edebiyat_0124,Kîjan roman ji aliyê Charlotte Brontë ve hatiye nivîsandin?,Near duplicate candidate.,13363a87f7f0f1e7972982069c4b2e63
warning,near_duplicate_candidate,medium,deepseek_2026_08_18,assets/data/deepseek_2026_08_18_questions.json,31,ds_cografya_0085,Kîjan okyanûs li navbera Afrîkayê û Awistralyayê ye?,Near duplicate candidate.,0c853ea1bc0e73264477c9957ca7acdd
warning,near_duplicate_candidate,medium,deepseek_2026_08_18,assets/data/deepseek_2026_08_18_questions.json,324,ds_edebiyat_0132,"Berhema Shakespeare ya bi navê ""King Lear"" ji kîjan cureya wêjeyî ye?",Near duplicate candidate.,c2b4b478d55411e9df3a40a40cf5ddff
warning,near_duplicate_candidate,medium,deepseek_2026_08_18,assets/data/deepseek_2026_08_18_questions.json,328,ds_edebiyat_0141,Kîjan berhem ji aliyê Shakespeare ve hatiye nivîsandin û behsa du malbatên dijmin dike?,Near duplicate candidate.,270892603be8a8169fecdfa379b88856
warning,near_duplicate_candidate,medium,deepseek_2026_08_18,assets/data/deepseek_2026_08_18_questions.json,329,ds_edebiyat_0145,Kîjan berhem ji aliyê Shakespeare ve hatiye nivîsandin û behsa bazirganekî bi navê Antonio dike?,Near duplicate candidate.,ab6b3778b7374acee1303d9d531fbad9
warning,near_duplicate_candidate,medium,deepseek_2026_08_18,assets/data/deepseek_2026_08_18_questions.json,32,ds_cografya_0089,Kîjan okyanûs li bakurê Ewropayê ye?,Near duplicate candidate.,9b15a05db307294605101a99075c4db9
warning,near_duplicate_candidate,medium,deepseek_2026_08_18,assets/data/deepseek_2026_08_18_questions.json,331,ds_edebiyat_0146,"Di Shakespeare de, kîjan kesayet bi navê ""Prospero"" tê naskirin?",Near duplicate candidate.,be3197333e2d4307951d3d1ef410ac06
warning,near_duplicate_candidate,medium,deepseek_2026_08_18,assets/data/deepseek_2026_08_18_questions.json,339,ds_edebiyat_0187,"Di edebiyata modernîzmê de, kîjan hêman zêde tê dîtin?",Near duplicate candidate.,3573397332f433862ee3f12c0c4c87c1
warning,near_duplicate_candidate,medium,deepseek_2026_08_18,assets/data/deepseek_2026_08_18_questions.json,33,ds_cografya_0093,Kîjan okyanûs li başûrê Awistralyayê ye?,Near duplicate candidate.,5e590e4fa83479cd52e7580b5fd65fb2
warning,near_duplicate_candidate,medium,deepseek_2026_08_18,assets/data/deepseek_2026_08_18_questions.json,342,ds_edebiyat_0190,Kîjan roman ji aliyê Virginia Woolf ve hatiye nivîsandin û wek mînaka modernîzmê tê naskirin?,Near duplicate candidate.,3e62bec3761b1926b45feda43f5a5a60
warning,near_duplicate_candidate,medium,deepseek_2026_08_18,assets/data/deepseek_2026_08_18_questions.json,344,ds_edebiyat_0192,Kîjan berhem ji aliyê Franz Kafka ve hatiye nivîsandin û wek mînaka modernîzmê tê naskirin?,Near duplicate candidate.,f8183a4c3735c5e72ca7b2bea3a84763
warning,near_duplicate_candidate,medium,deepseek_2026_08_18,assets/data/deepseek_2026_08_18_questions.json,349,ds_edebiyat_0206,Di sala 2016an de Xelata Nobelê ya Edebiyatê ji kîjan stranbêj û nivîskarê Amerîkî re hat dayîn?,Near duplicate candidate.,9dd97b427118784264956f9805de6801
warning,near_duplicate_candidate,medium,deepseek_2026_08_18,assets/data/deepseek_2026_08_18_questions.json,34,ds_cografya_0095,Kîjan okyanûs li navbera Asyayê û Amerîkaya Bakur e?,Near duplicate candidate.,c261dd3477d4cc35319b45c6e5458714
warning,near_duplicate_candidate,medium,deepseek_2026_08_18,assets/data/deepseek_2026_08_18_questions.json,351,ds_edebiyat_0210,Di sala 2003an de Xelata Nobelê ya Edebiyatê ji kîjan nivîskarê Afrîkaya Başûr re hat dayîn?,Near duplicate candidate.,e7f20f19128fff7c3639e93ea88c5701
warning,near_duplicate_candidate,medium,deepseek_2026_08_18,assets/data/deepseek_2026_08_18_questions.json,353,ds_edebiyat_0213,Kîjan nivîskara Îngilîz di sala 2007an de Xelata Nobelê ya Edebiyatê wergirt?,Near duplicate candidate.,58697412fbde436b466ab3fec9a907c9
warning,near_duplicate_candidate,medium,deepseek_2026_08_18,assets/data/deepseek_2026_08_18_questions.json,354,ds_edebiyat_0214,Di sala 2021an de Xelata Nobelê ya Edebiyatê ji kîjan nivîskarê Tanzaniyayî re hat dayîn?,Near duplicate candidate.,8cf269280a873cf2e2fd49c72da04614
warning,near_duplicate_candidate,medium,deepseek_2026_08_18,assets/data/deepseek_2026_08_18_questions.json,355,ds_edebiyat_0218,Di sala 1998an de Xelata Nobelê ya Edebiyatê ji kîjan nivîskarê Portekîzî re hat dayîn?,Near duplicate candidate.,4ed3408a8ed716ea127e7ea988b1dd2a
warning,near_duplicate_candidate,medium,deepseek_2026_08_18,assets/data/deepseek_2026_08_18_questions.json,356,ds_edebiyat_0220,Di sala 1961an de Xelata Nobelê ya Edebiyatê ji kîjan nivîskarê Yugoslavî re hat dayîn?,Near duplicate candidate.,96f097d6a4c844b6af0e70e6c5ceb076
warning,near_duplicate_candidate,medium,deepseek_2026_08_18,assets/data/deepseek_2026_08_18_questions.json,357,ds_edebiyat_0221,Kîjan nivîskarê Îrlandî di sala 1923an de Xelata Nobelê ya Edebiyatê wergirt?,Near duplicate candidate.,77c89401f36726e645006e3b8fdbcfa4
warning,near_duplicate_candidate,medium,deepseek_2026_08_18,assets/data/deepseek_2026_08_18_questions.json,358,ds_edebiyat_0222,Di sala 1969an de Xelata Nobelê ya Edebiyatê ji kîjan nivîskarê Îrlandî re hat dayîn?,Near duplicate candidate.,9b1ff10b8471f22e0fc739068aaf7bd8
warning,near_duplicate_candidate,medium,deepseek_2026_08_18,assets/data/deepseek_2026_08_18_questions.json,359,ds_edebiyat_0224,Di sala 1991an de Xelata Nobelê ya Edebiyatê ji kîjan nivîskara Afrîkaya Başûr re hat dayîn?,Near duplicate candidate.,55c87714c5be87ddb915f684b7701872
warning,near_duplicate_candidate,medium,deepseek_2026_08_18,assets/data/deepseek_2026_08_18_questions.json,35,ds_cografya_0099,Kîjan okyanûs li bakurê Amerîkaya Bakur e?,Near duplicate candidate.,e1cfea49ae85b6ce4379f27d41790db3
warning,near_duplicate_candidate,medium,deepseek_2026_08_18,assets/data/deepseek_2026_08_18_questions.json,369,ds_muzik_0009,Dengbêj bi piranî kilamên xwe li kû derê dibêjin?,Near duplicate candidate.,79f8aeb4c08593ca9f3ea4731674476c
warning,near_duplicate_candidate,medium,deepseek_2026_08_18,assets/data/deepseek_2026_08_18_questions.json,381,ds_muzik_0050,Tembûr bi piranî di kîjan herêmê de tê bikaranîn?,Near duplicate candidate.,3c96e2c279a84c883d7bb36c692b22aa
warning,near_duplicate_candidate,medium,deepseek_2026_08_18,assets/data/deepseek_2026_08_18_questions.json,389,ds_muzik_0045,Zirne bi piranî di kîjan demê de tê lêdan?,Near duplicate candidate.,a35853934b826f1a3cb71faa7ed3932d
warning,near_duplicate_candidate,medium,deepseek_2026_08_18,assets/data/deepseek_2026_08_18_questions.json,38,ds_cografya_0103,Paytextê Awistralyayê kîjan bajar e?,Near duplicate candidate.,fc9c109c8772fb8c49a83c7cfad6b205
warning,near_duplicate_candidate,medium,deepseek_2026_08_18,assets/data/deepseek_2026_08_18_questions.json,392,ds_muzik_0043,Bilûr bi piranî di kîjan herêmê de tê bikaranîn?,Near duplicate candidate.,c9027694aef0024b36e63deb3e31a10e
warning,near_duplicate_candidate,medium,deepseek_2026_08_18,assets/data/deepseek_2026_08_18_questions.json,393,ds_muzik_0047,Bilûr bi piranî di kîjan çandê de tê bikaranîn?,Near duplicate candidate.,93b6e3e92f933e892b04ee3f0c3a72a1
warning,near_duplicate_candidate,medium,deepseek_2026_08_18,assets/data/deepseek_2026_08_18_questions.json,39,ds_cografya_0104,Kîjan welat paytexta wî Ankara ye?,Near duplicate candidate.,e443ea7cc2551ecdbd00ebdddc50a85c
warning,near_duplicate_candidate,medium,deepseek_2026_08_18,assets/data/deepseek_2026_08_18_questions.json,400,ds_muzik_0087,Kîjan celeb muzîk bi piranî ji bo zarokan tê gotin?,Near duplicate candidate.,7a937265ad593fbf97d1309d3fcef343
warning,near_duplicate_candidate,medium,deepseek_2026_08_18,assets/data/deepseek_2026_08_18_questions.json,402,ds_muzik_0227,Kîjan celeb muzîk bi piranî ji bo şînê tê gotin?,Near duplicate candidate.,5093d5dfc30cf7f3b3b9381df3ec2f62
warning,near_duplicate_candidate,medium,deepseek_2026_08_18,assets/data/deepseek_2026_08_18_questions.json,404,ds_muzik_0061,Kîjan amûr bi piranî di orkestraya klasîk de tê bikaranîn?,Near duplicate candidate.,1c4fcc38277bd71a000b0eb123e34223
warning,near_duplicate_candidate,medium,deepseek_2026_08_18,assets/data/deepseek_2026_08_18_questions.json,406,ds_muzik_0071,Kîjan amûr bi piranî di muzîka gelêrî ya kurdî de tê bikaranîn?,Near duplicate candidate.,4500d470abd0b452ae5afe9247ca82aa
warning,near_duplicate_candidate,medium,deepseek_2026_08_18,assets/data/deepseek_2026_08_18_questions.json,40,ds_cografya_0105,Paytextê Misirê kîjan bajar e?,Near duplicate candidate.,62a660b3925d5730fb28d349315de1e7
warning,near_duplicate_candidate,medium,deepseek_2026_08_18,assets/data/deepseek_2026_08_18_questions.json,411,ds_muzik_0102,Di muzîkê de têgeha ku dûrahiya du dengan diyar dike çi ye?,Near duplicate candidate.,2136f7bc0051e761f2296a65d15333ad
warning,near_duplicate_candidate,medium,deepseek_2026_08_18,assets/data/deepseek_2026_08_18_questions.json,417,ds_muzik_0110,"Di muzîkê de, kîjan têgîn ji bo nîşankirina rêjdana dengan tê bikaranîn?",Near duplicate candidate.,102a7844b811db50bc60475a74a837ab
warning,near_duplicate_candidate,medium,deepseek_2026_08_18,assets/data/deepseek_2026_08_18_questions.json,418,ds_muzik_0112,"Di muzîkê de, kîjan têgîn ji bo nîşankirina rêzika dengan tê bikaranîn?",Near duplicate candidate.,6ae0c3fbc1fc6f4f75d6246b9fd6d0ff
warning,near_duplicate_candidate,medium,deepseek_2026_08_18,assets/data/deepseek_2026_08_18_questions.json,421,ds_muzik_0134,Wolfgang Amadeus Mozart di kîjan salê de ji dayik bûye?,Near duplicate candidate.,e1cf8c2a3f5a5c3c53e95c825fb08a1c
warning,near_duplicate_candidate,medium,deepseek_2026_08_18,assets/data/deepseek_2026_08_18_questions.json,422,ds_muzik_0145,Wolfgang Amadeus Mozart di kîjan welatî de wefat kiriye?,Near duplicate candidate.,9698613410e0012a65e52892c30bf4b1
warning,near_duplicate_candidate,medium,deepseek_2026_08_18,assets/data/deepseek_2026_08_18_questions.json,424,ds_muzik_0139,Ludwig van Beethoven di serî de bi kîjan senfonî tê naskirin?,Near duplicate candidate.,390581a5e6c47ec372529539611a29e5
warning,near_duplicate_candidate,medium,deepseek_2026_08_18,assets/data/deepseek_2026_08_18_questions.json,42,ds_cografya_0107,Paytextê Rûsyayê kîjan bajar e?,Near duplicate candidate.,a895bc8e36d98a0e17b72848b2e68566
warning,near_duplicate_candidate,medium,deepseek_2026_08_18,assets/data/deepseek_2026_08_18_questions.json,431,ds_muzik_0143,Ludwig van Beethoven di kîjan salê de ji dayik bûye?,Near duplicate candidate.,e9b4e6dcd82e8c876b02a221d577c57a
warning,near_duplicate_candidate,medium,deepseek_2026_08_18,assets/data/deepseek_2026_08_18_questions.json,432,ds_muzik_0150,Ludwig van Beethoven di kîjan welatî de wefat kiriye?,Near duplicate candidate.,48cafeece0575bfd53a813e22aee0067
warning,near_duplicate_candidate,medium,deepseek_2026_08_18,assets/data/deepseek_2026_08_18_questions.json,434,ds_muzik_0144,Kîjan bestekarê klasîk bi leqeba Bavê Semfoniyê tê naskirin?,Near duplicate candidate.,fd4fafa025abe6d17fa45c397cd7f1ee
warning,near_duplicate_candidate,medium,deepseek_2026_08_18,assets/data/deepseek_2026_08_18_questions.json,43,ds_cografya_0108,Kîjan welat paytexta wî Londra ye?,Near duplicate candidate.,f7217f4b837163691cb26641100be1b0
warning,near_duplicate_candidate,medium,deepseek_2026_08_18,assets/data/deepseek_2026_08_18_questions.json,443,ds_muzik_0168,"Kîjan hunermend wekî ""King of Pop"" tê naskirin?",Near duplicate candidate.,dde1296c0e1c8069df7a12368f70c531
warning,near_duplicate_candidate,medium,deepseek_2026_08_18,assets/data/deepseek_2026_08_18_questions.json,445,ds_muzik_0161,"Kîjan hunermend wekî ""Queen of Soul"" tê naskirin?",Near duplicate candidate.,48e530e1ec3e0e5cc190b47b2955a5e6
warning,near_duplicate_candidate,medium,deepseek_2026_08_18,assets/data/deepseek_2026_08_18_questions.json,447,ds_muzik_0163,Kîjan strana navdar a cazê ji aliyê Louis Armstrong ve tê naskirin?,Near duplicate candidate.,a8628ef287e39ca8c49db7b207a1bf74
warning,near_duplicate_candidate,medium,deepseek_2026_08_18,assets/data/deepseek_2026_08_18_questions.json,44,ds_cografya_0109,Paytextê Brezîlyayê kîjan bajar e?,Near duplicate candidate.,777e001d36220e170e2b62f874c14e8e
warning,near_duplicate_candidate,medium,deepseek_2026_08_18,assets/data/deepseek_2026_08_18_questions.json,450,ds_muzik_0170,Kîjan strana navdar a rockê ji aliyê The Rolling Stones ve tê naskirin?,Near duplicate candidate.,fa31ee28862186cc3d67491fc8f7e1dc
warning,near_duplicate_candidate,medium,deepseek_2026_08_18,assets/data/deepseek_2026_08_18_questions.json,452,ds_muzik_0176,Di operayê de stranbêj bi piranî bi kîjan awayî stranan dibêjin?,Near duplicate candidate.,43654ac321f24762ba3c718bf587ccf1
warning,near_duplicate_candidate,medium,deepseek_2026_08_18,assets/data/deepseek_2026_08_18_questions.json,459,ds_muzik_0195,"Di operayê de, kîjan peyv ji bo strana çar stranbêjan tê bikaranîn?",Near duplicate candidate.,ec77959fd3c69363ee4806cce21494cf
warning,near_duplicate_candidate,medium,deepseek_2026_08_18,assets/data/deepseek_2026_08_18_questions.json,46,ds_cografya_0111,Paytextê Îtalyayê kîjan bajar e?,Near duplicate candidate.,d1d2e20b9efad363f9615134614fde28
warning,near_duplicate_candidate,medium,deepseek_2026_08_18,assets/data/deepseek_2026_08_18_questions.json,47,ds_cografya_0112,Kîjan welat paytexta wî Berlîn e?,Near duplicate candidate.,41f4e3f23a241ff660636b59a50f79d0
warning,near_duplicate_candidate,medium,deepseek_2026_08_18,assets/data/deepseek_2026_08_18_questions.json,48,ds_cografya_0113,Paytextê Spanyayê kîjan bajar e?,Near duplicate candidate.,0ee90c4c556bdad375e95e2210b9fe8e
warning,near_duplicate_candidate,medium,deepseek_2026_08_18,assets/data/deepseek_2026_08_18_questions.json,496,ds_sinema_0139,"Kîjan derhênerê îtalyan fîlma ""Umberto D."" derxistiye?",Near duplicate candidate.,a5ac3852ba8db75f2f7cc383841d47d4
warning,near_duplicate_candidate,medium,deepseek_2026_08_18,assets/data/deepseek_2026_08_18_questions.json,49,ds_cografya_0114,Kîjan welat paytexta wî Pekîn e?,Near duplicate candidate.,9305574c45f307b586604d68ba0d34e8
warning,near_duplicate_candidate,medium,deepseek_2026_08_18,assets/data/deepseek_2026_08_18_questions.json,50,ds_cografya_0115,Paytextê Meksîkê kîjan bajar e?,Near duplicate candidate.,1dbc8b83b7857b2a905a0e98a15a4792
warning,near_duplicate_candidate,medium,deepseek_2026_08_18,assets/data/deepseek_2026_08_18_questions.json,51,ds_cografya_0116,Kîjan welat paytexta wî Atîna ye?,Near duplicate candidate.,43073a6a93e475f84d90b6c01d19f00a
warning,near_duplicate_candidate,medium,deepseek_2026_08_18,assets/data/deepseek_2026_08_18_questions.json,522,ds_sinema_0201,"Kîjan derhênerê amerîkî fîlma ""Pulp Fiction"" di sala 1994an de derxist?",Near duplicate candidate.,ca5f36040f339420c3ff3d6e3f2a8170
warning,near_duplicate_candidate,medium,deepseek_2026_08_18,assets/data/deepseek_2026_08_18_questions.json,523,ds_sinema_0203,"Kîjan derhênerê japonî fîlma ""Seven Samurai"" derxist?",Near duplicate candidate.,f5adacf833972ad2c0f069098a32dd3c
warning,near_duplicate_candidate,medium,deepseek_2026_08_18,assets/data/deepseek_2026_08_18_questions.json,52,ds_cografya_0117,Paytextê Hindistanê kîjan bajar e?,Near duplicate candidate.,feb01276c0368adc6657296b3965507b
warning,near_duplicate_candidate,medium,deepseek_2026_08_18,assets/data/deepseek_2026_08_18_questions.json,53,ds_cografya_0118,Kîjan welat paytexta wî Seûl e?,Near duplicate candidate.,a9015ecb4f97d854246680b570f99ebc
warning,near_duplicate_candidate,medium,deepseek_2026_08_18,assets/data/deepseek_2026_08_18_questions.json,544,ds_teknoloji_0009,Kîjan protokol ji bo wergirtina e-nameyan ji serverê tê bikaranîn?,Near duplicate candidate.,6161f8f6f42d4c4ed4ed184c3d8ab067
warning,near_duplicate_candidate,medium,deepseek_2026_08_18,assets/data/deepseek_2026_08_18_questions.json,54,ds_cografya_0119,Paytextê Arjantînê kîjan bajar e?,Near duplicate candidate.,725a8cd7ed261a77caef7f9bf0024e4d
warning,near_duplicate_candidate,medium,deepseek_2026_08_18,assets/data/deepseek_2026_08_18_questions.json,550,ds_teknoloji_0027,Kîjan protokol ji bo şîfrekirina daneyan di navbera malper û gerokê de tê bikaranîn?,Near duplicate candidate.,b5a00b7b39e71d7fc5619db7ecb5ae2a
warning,near_duplicate_candidate,medium,deepseek_2026_08_18,assets/data/deepseek_2026_08_18_questions.json,554,ds_teknoloji_0044,"Di torê de, kîjan rêje ji bo pîvana leza veguhestina daneyan tê bikaranîn?",Near duplicate candidate.,b7dd0434aefe039e717736b7cbb2317f
warning,near_duplicate_candidate,medium,deepseek_2026_08_18,assets/data/deepseek_2026_08_18_questions.json,558,ds_teknoloji_0045,Kîjan amûr ji bo şîfrekirina daneyan di navbera du aliyan de tê bikaranîn?,Near duplicate candidate.,dfe3e5d3f6cb93f0d79d271d46ea267d
warning,near_duplicate_candidate,medium,deepseek_2026_08_18,assets/data/deepseek_2026_08_18_questions.json,55,ds_cografya_0120,Kîjan welat paytexta wî Viyana ye?,Near duplicate candidate.,b513b56e5e5124b15d28d7ef1aed68cc
warning,near_duplicate_candidate,medium,deepseek_2026_08_18,assets/data/deepseek_2026_08_18_questions.json,560,ds_teknoloji_0066,"Di bernamekirinê de, kîjan têgeh ji bo hilanîna komek nirxan bêyî dubarekirinê tê bikaranîn?",Near duplicate candidate.,fd53bbad9abd644e58ceadf4690418bf
warning,near_duplicate_candidate,medium,deepseek_2026_08_18,assets/data/deepseek_2026_08_18_questions.json,562,ds_teknoloji_0071,"Di bernamekirinê de, kîjan têgeh ji bo hilanîna nirxekê ya ku dikare bibe navnîşek tîpan tê bikaranîn?",Near duplicate candidate.,44908abf83d101a7b9933a031d21d632
warning,near_duplicate_candidate,medium,deepseek_2026_08_18,assets/data/deepseek_2026_08_18_questions.json,563,ds_teknoloji_0054,"Di bernamekirinê de, kîjan têgeh ji bo komkirina komek fermanan di bin navekî de tê bikaranîn?",Near duplicate candidate.,0eaaa11a348144d8265174d57fa47de5
warning,near_duplicate_candidate,medium,deepseek_2026_08_18,assets/data/deepseek_2026_08_18_questions.json,564,ds_teknoloji_0060,"Di bernamekirinê de, kîjan têgeh ji bo hilanîna nirxekê ya rast an derew tê bikaranîn?",Near duplicate candidate.,70633f25cb0e88b19ac066f8fb51adf2
warning,near_duplicate_candidate,medium,deepseek_2026_08_18,assets/data/deepseek_2026_08_18_questions.json,565,ds_teknoloji_0055,"Di bernamekirinê de, ji bo hilanîna navnîşek nirxan di bîra komputerê de kîjan têgeh tê bikaranîn?",Near duplicate candidate.,1c7fc748cff4204bdefb116af40bee26
warning,near_duplicate_candidate,medium,deepseek_2026_08_18,assets/data/deepseek_2026_08_18_questions.json,569,ds_teknoloji_0087,"Di bingeha daneyan de, kîjan têgeh ji bo bilezkirina lêgerîna daneyan tê bikaranîn?",Near duplicate candidate.,cc70aca1558a8b68bddee2e14bc3e524
warning,near_duplicate_candidate,medium,deepseek_2026_08_18,assets/data/deepseek_2026_08_18_questions.json,572,ds_teknoloji_0093,"Di bingeha daneyan de, kîjan têgeh ji bo kêmkirina mezinahiya bingeha daneyan tê bikaranîn?",Near duplicate candidate.,5a9cc9adb9753f59cb2d6d3d067a2dd5
warning,near_duplicate_candidate,medium,deepseek_2026_08_18,assets/data/deepseek_2026_08_18_questions.json,575,ds_teknoloji_0084,"Di strukturên daneyan de, kîjan têgeh ji bo navnîşek ku element tenê ji serî tê zêdekirin û jêbirin tê bikaranîn?",Near duplicate candidate.,079d11f9f2997209d966978657d8f463
warning,near_duplicate_candidate,medium,deepseek_2026_08_18,assets/data/deepseek_2026_08_18_questions.json,577,ds_teknoloji_0088,"Di strukturên daneyan de, kîjan têgeh ji bo navnîşek ku element li gorî rêzekê têne rêzkirin tê bikaranîn?",Near duplicate candidate.,23f9fa082edd9408cdf86cdca19d6ff9
warning,near_duplicate_candidate,medium,deepseek_2026_08_18,assets/data/deepseek_2026_08_18_questions.json,57,ds_cografya_0122,Kîjan welat paytexta wî Stockholm e?,Near duplicate candidate.,ae4b22acc54f588218583dd9a4bd1ca1
warning,near_duplicate_candidate,medium,deepseek_2026_08_18,assets/data/deepseek_2026_08_18_questions.json,58,ds_cografya_0123,Paytextê Polonyayê kîjan bajar e?,Near duplicate candidate.,14ec8141d8673007a96f20f0ec7c3cc5
warning,near_duplicate_candidate,medium,deepseek_2026_08_18,assets/data/deepseek_2026_08_18_questions.json,59,ds_cografya_0124,Kîjan welat paytexta wî Tehran e?,Near duplicate candidate.,a8dc9956b7f5a19af41139aab088e48c
warning,near_duplicate_candidate,medium,deepseek_2026_08_18,assets/data/deepseek_2026_08_18_questions.json,5,ds_cografya_0236,Kîjan gol li Rojhilatê Kurdistanê ye û yek ji golên herî şor ên cîhanê ye?,Near duplicate candidate.,44f44aeca849cbcc8d74361e8a4a7e91
warning,near_duplicate_candidate,medium,deepseek_2026_08_18,assets/data/deepseek_2026_08_18_questions.json,60,ds_cografya_0125,Paytextê Nîjeryayê kîjan bajar e?,Near duplicate candidate.,447f99b23bc3ff77d5b15f674f0627e1
warning,near_duplicate_candidate,medium,deepseek_2026_08_18,assets/data/deepseek_2026_08_18_questions.json,611,ds_teknoloji_0189,"Di têlefonekî jîr de, kîjan beş ji bo nîşandana wêneyan tê bikaranîn?",Near duplicate candidate.,416537011efe0bf38e5921d9efeb0b4d
warning,near_duplicate_candidate,medium,deepseek_2026_08_18,assets/data/deepseek_2026_08_18_questions.json,612,ds_teknoloji_0191,"Di têlefonekî jîr de, kîjan teknolojî ji bo cihnasiyê tê bikaranîn?",Near duplicate candidate.,e63fbb9809aded4f42b21c8e36a428b3
warning,near_duplicate_candidate,medium,deepseek_2026_08_18,assets/data/deepseek_2026_08_18_questions.json,613,ds_teknoloji_0195,"Di têlefonekî jîr de, kîjan sepan ji bo wergirtina nûçeyan tê bikaranîn?",Near duplicate candidate.,c1f008c843ba1e535957387893ead9fc
warning,near_duplicate_candidate,medium,deepseek_2026_08_18,assets/data/deepseek_2026_08_18_questions.json,614,ds_teknoloji_0197,"Di têlefonekî jîr de, kîjan beş ji bo kişandina wêneyan tê bikaranîn?",Near duplicate candidate.,b3897daa500038589a1afff16a810ebe
warning,near_duplicate_candidate,medium,deepseek_2026_08_18,assets/data/deepseek_2026_08_18_questions.json,621,ds_teknoloji_0196,Kîjan teknolojî ji bo veguhestina daneyan bi leza bilind di navbera têlefon û torê de tê bikaranîn?,Near duplicate candidate.,63344d48070e80272c0cb66c33cd3723
warning,near_duplicate_candidate,medium,deepseek_2026_08_18,assets/data/deepseek_2026_08_18_questions.json,630,ds_teknoloji_0220,Kîjan asîstanê dengî yê yekem di sala 2011ê de ji aliyê Apple ve hate derxistin?,Near duplicate candidate.,d1b084d6a45a37a8ef35d2d61cc6af49
warning,near_duplicate_candidate,medium,deepseek_2026_08_18,assets/data/deepseek_2026_08_18_questions.json,635,ds_teknoloji_0242,Kîjan peyk ji bo destnîşankirina cihê rast ê li ser rûyê Erdê ji bo rêveçûna otomobîlan tê bikaranîn?,Near duplicate candidate.,6f34eac48f496579644995f81d80b5cf
warning,near_duplicate_candidate,medium,deepseek_2026_08_18,assets/data/deepseek_2026_08_18_questions.json,641,ds_teknoloji_0262,"Di fîzîkê de, têgeha ku ji bo pîvana mîqdara madeyê di tiştekî de tê bikaranîn çi ye?",Near duplicate candidate.,9653888b7892c95f51e84b8a70c780b9
warning,near_duplicate_candidate,medium,deepseek_2026_08_18,assets/data/deepseek_2026_08_18_questions.json,642,ds_teknoloji_0266,"Di fîzîkê de, têgeha ku ji bo pîvana hêza kişandina erdê li ser tiştekî tê bikaranîn çi ye?",Near duplicate candidate.,46817f6aace074c5cab6e7353fddd4a9
warning,near_duplicate_candidate,medium,deepseek_2026_08_18,assets/data/deepseek_2026_08_18_questions.json,644,ds_teknoloji_0273,"Di fîzîkê de, têgeha ku ji bo pîvana leza guherîna lezê tê bikaranîn çi ye?",Near duplicate candidate.,a6870edcf27c60f422d64a021d36a5b0
warning,near_duplicate_candidate,medium,deepseek_2026_08_18,assets/data/deepseek_2026_08_18_questions.json,64,ds_cografya_0133,Kîjan têgih ji bo erdekî nizm û pan re tê bikaranîn ku ji aliyê çemekî ve tê avdan?,Near duplicate candidate.,3593085e8a4d4b910d025850f436cd75
warning,near_duplicate_candidate,medium,deepseek_2026_08_18,assets/data/deepseek_2026_08_18_questions.json,662,ds_cand_0035,"Kîjan peyv di Kurmancî de ji bo ""bridegroom"" tê bikaranîn?",Near duplicate candidate.,54739b8b69b53054a358b8cb3de77f1d
warning,near_duplicate_candidate,medium,deepseek_2026_08_18,assets/data/deepseek_2026_08_18_questions.json,670,ds_ziman_0010,"Di kurmancî de, kîjan rêzika izafeyê ji bo ""bav"" (nêr) rast e?",Near duplicate candidate.,3e9f6ce518ecc321b245a0c0c13daefe
warning,near_duplicate_candidate,medium,deepseek_2026_08_18,assets/data/deepseek_2026_08_18_questions.json,671,ds_ziman_0011,"Di kurmancî de, kîjan rêzika izafeyê ji bo ""xwişk"" (mê) rast e?",Near duplicate candidate.,9f42740eb0821776f202debccead055e
warning,near_duplicate_candidate,medium,deepseek_2026_08_18,assets/data/deepseek_2026_08_18_questions.json,672,ds_ziman_0012,"Di kurmancî de, kîjan rêzika izafeyê ji bo ""bira"" (nêr) rast e?",Near duplicate candidate.,0d884c7df1eee0f472d0723cc33efefc
warning,near_duplicate_candidate,medium,deepseek_2026_08_18,assets/data/deepseek_2026_08_18_questions.json,673,ds_ziman_0025,"Di kurmancî de, kîjan rêzika izafeyê ji bo ""kitêb"" (mê) ya pirjimar rast e?",Near duplicate candidate.,81dc8329b71b7f9ed6349e28ee5f163a
warning,near_duplicate_candidate,medium,deepseek_2026_08_18,assets/data/deepseek_2026_08_18_questions.json,681,ds_ziman_0045,Kîjan hevok di dema borî ya temam de ye?,Near duplicate candidate.,17b7d1d4b86d781a90c6300cdec44eb1
warning,near_duplicate_candidate,medium,deepseek_2026_08_18,assets/data/deepseek_2026_08_18_questions.json,68,ds_cografya_0154,Kîjan levh li ser rûyê erdê di bin parzemînan de ye?,Near duplicate candidate.,e3324cbb022a4cc69c518e30d0c6a80f
warning,near_duplicate_candidate,medium,deepseek_2026_08_18,assets/data/deepseek_2026_08_18_questions.json,691,ds_ziman_1176,"Kîjan peyva kurmancî ji bo ""dayika bav"" tê bikaranîn?",Near duplicate candidate.,f4997e52560c986f8bb2abafd7d41dad
warning,near_duplicate_candidate,medium,deepseek_2026_08_18,assets/data/deepseek_2026_08_18_questions.json,692,ds_ziman_0178,"Kîjan peyva kurmancî ji bo ""bavê dayikê"" tê bikaranîn?",Near duplicate candidate.,dab28e510cf29cdab0d83ba52bd51dc7
warning,near_duplicate_candidate,medium,deepseek_2026_08_18,assets/data/deepseek_2026_08_18_questions.json,694,ds_ziman_0191,"Kîjan peyv ji bo ""yesterday"" di kurmancî de tê bikaranîn?",Near duplicate candidate.,c267661ddd7726ca33a0ea2ce064e5b0
warning,near_duplicate_candidate,medium,deepseek_2026_08_18,assets/data/deepseek_2026_08_18_questions.json,696,ds_ziman_0231,"Kîjan peyv bi tîpa ""ş""ê tê nivîsîn?",Near duplicate candidate.,67455ca95d781dfd62d2c7cfe5381bc9
warning,near_duplicate_candidate,medium,deepseek_2026_08_18,assets/data/deepseek_2026_08_18_questions.json,697,ds_ziman_0233,"Kîjan peyv bi tîpa ""r""ê tê nivîsîn?",Near duplicate candidate.,e372d0f0c926e4018ba64604a7565185
warning,near_duplicate_candidate,medium,deepseek_2026_08_18,assets/data/deepseek_2026_08_18_questions.json,6,ds_cografya_0007,Kîjan çem di nav bajarê Amedê re derbas dibe?,Near duplicate candidate.,c924153472d3e80f5caec4f9c61035bd
warning,near_duplicate_candidate,medium,deepseek_2026_08_18,assets/data/deepseek_2026_08_18_questions.json,700,ds_cand_0036,"Di dawetên kurdan de, kîjan amûra muzîkê bi gelemperî tê lêxistin?",Near duplicate candidate.,6bc5e80e21d9c1eb7dde12d541474136
warning,near_duplicate_candidate,medium,deepseek_2026_08_18,assets/data/deepseek_2026_08_18_questions.json,701,ds_cand_0041,"Di dawetên kurdan de, kîjan amûra muzîkê bi gelemperî bi tembûrê re tê lêxistin?",Near duplicate candidate.,ac0a640d93423fceb27466a5097e7ec9
warning,near_duplicate_candidate,medium,deepseek_2026_08_18,assets/data/deepseek_2026_08_18_questions.json,703,ds_cand_0086,"Di govendê de, kîjan amûra muzîkê ya biçûk bi gelemperî tê lêxistin?",Near duplicate candidate.,cb5d0d52f3661e964c56a1deda38e51d
warning,near_duplicate_candidate,medium,deepseek_2026_08_18,assets/data/deepseek_2026_08_18_questions.json,705,ds_cand_0096,Kîjan amûra muzîkê ya ku bi têlan tê lêxistin di govendê de tê bikaranîn?,Near duplicate candidate.,450b5184d59c7d247713824f35dcb232
warning,near_duplicate_candidate,medium,deepseek_2026_08_18,assets/data/deepseek_2026_08_18_questions.json,721,ds_ziman_0032,"Di kurmancî de dema niha ji bo lêkera ""dan"" çi ye?",Near duplicate candidate.,c9195e6bd3a0e306c4e939c2eae53491
warning,near_duplicate_candidate,medium,deepseek_2026_08_18,assets/data/deepseek_2026_08_18_questions.json,722,ds_ziman_1034,"Di kurmancî de dema niha ji bo lêkera ""kirin"" çawa tê nivîsîn?",Near duplicate candidate.,c9f475338ae9863db4c1db0c04548cf0
warning,near_duplicate_candidate,medium,deepseek_2026_08_18,assets/data/deepseek_2026_08_18_questions.json,723,ds_ziman_1036,"Di kurmancî de dema niha ji bo lêkera ""vekirin"" çi ye?",Near duplicate candidate.,3f18e82f93b1c617b17535aa8baaf5b8
warning,near_duplicate_candidate,medium,deepseek_2026_08_18,assets/data/deepseek_2026_08_18_questions.json,724,ds_ziman_1038,"Di kurmancî de dema niha ji bo lêkera ""şandin"" çawa tê nivîsîn?",Near duplicate candidate.,b7ceb9ac44f81d78e2fe662598485b30
warning,near_duplicate_candidate,medium,deepseek_2026_08_18,assets/data/deepseek_2026_08_18_questions.json,726,ds_ziman_1031,"Kîjan form ji bo dema niha ya kurmancî ya ""hatin"" rast e?",Near duplicate candidate.,a644342385c68ce21c2002c86763619c
warning,near_duplicate_candidate,medium,deepseek_2026_08_18,assets/data/deepseek_2026_08_18_questions.json,727,ds_ziman_0035,"Kîjan form ji bo dema niha ya kurmancî ya ""girtin"" rast e?",Near duplicate candidate.,0b870b77c79a2b47cea041cbd7223bd2
warning,near_duplicate_candidate,medium,deepseek_2026_08_18,assets/data/deepseek_2026_08_18_questions.json,728,ds_ziman_0039,"Kîjan form ji bo dema niha ya kurmancî ya ""anîn"" rast e?",Near duplicate candidate.,f181b7e5bf61d0a8955bd7df51ebc801
warning,near_duplicate_candidate,medium,deepseek_2026_08_18,assets/data/deepseek_2026_08_18_questions.json,731,ds_ziman_0211,"Kîjan hevok di kurmancî de rengdêra ""nû"" bi awayê rast bi kar tîne?",Near duplicate candidate.,7bca7e5c982700042b02a8adc7255ef0
warning,near_duplicate_candidate,medium,deepseek_2026_08_18,assets/data/deepseek_2026_08_18_questions.json,736,ds_ziman_0094,"Di kurmancî de ""li gel"" çi nîşan dide?",Near duplicate candidate.,c071f1349d653265d78b3bc2271a95d8
warning,near_duplicate_candidate,medium,deepseek_2026_08_18,assets/data/deepseek_2026_08_18_questions.json,740,ds_ziman_1115,Kîjan peyv ji bo cihê ku mirov tê de xwarinê çêdike ye?,Near duplicate candidate.,58e57f9dacc8bfc6c8efd728907b6ee6
warning,near_duplicate_candidate,medium,deepseek_2026_08_18,assets/data/deepseek_2026_08_18_questions.json,741,ds_ziman_0119,Kîjan peyv ji bo cihê ku mirov tê de xwarinê dixwe ye?,Near duplicate candidate.,73f52038828809f54fbba917f56df948
warning,near_duplicate_candidate,medium,deepseek_2026_08_18,assets/data/deepseek_2026_08_18_questions.json,747,ds_ziman_0110,"Di malê de, kîjan cih ji bo rûniştina mêvanan tê bikaranîn?",Near duplicate candidate.,051d84e974cafb30e590b9053d128804
warning,near_duplicate_candidate,medium,deepseek_2026_08_18,assets/data/deepseek_2026_08_18_questions.json,748,ds_ziman_0114,"Di malê de, kîjan cih ji bo hilanîna xwarinan tê bikaranîn?",Near duplicate candidate.,e16cd966b47e36f7a8c43fea53380d0b
warning,near_duplicate_candidate,medium,deepseek_2026_08_18,assets/data/deepseek_2026_08_18_questions.json,749,ds_ziman_0121,"Di malê de, kîjan cih ji bo hilanîna kincan tê bikaranîn?",Near duplicate candidate.,4961fb72943d428dd91ffa30023df12f
warning,near_duplicate_candidate,medium,deepseek_2026_08_18,assets/data/deepseek_2026_08_18_questions.json,751,ds_ziman_0112,"Di metbexê de, kîjan tişt ji bo danîna xwarinê tê bikaranîn?",Near duplicate candidate.,85d0f3dfe51e324c7adf94d6192dc5c5
warning,near_duplicate_candidate,medium,deepseek_2026_08_18,assets/data/deepseek_2026_08_18_questions.json,752,ds_ziman_0123,"Di metbexê de, kîjan tişt ji bo pijandina nan tê bikaranîn?",Near duplicate candidate.,ef75af886dd8a6284cdb2be44eaabb2c
warning,near_duplicate_candidate,medium,deepseek_2026_08_18,assets/data/deepseek_2026_08_18_questions.json,753,ds_ziman_0113,Kîjan tişt ji bo vekirina deriyê malê tê bikaranîn?,Near duplicate candidate.,4b0853ec9991c1f508643ff1c43ce759
warning,near_duplicate_candidate,medium,deepseek_2026_08_18,assets/data/deepseek_2026_08_18_questions.json,755,ds_ziman_0117,Kîjan tişt ji bo pîvana demê di malê de tê bikaranîn?,Near duplicate candidate.,12b1ab8d683f3966edd0d2152643f9ac
warning,near_duplicate_candidate,medium,deepseek_2026_08_18,assets/data/deepseek_2026_08_18_questions.json,756,ds_ziman_0118,"Di serşokê de, kîjan tişt ji bo şuştina destan tê bikaranîn?",Near duplicate candidate.,3ecbdd56bf8e79e84558bf98e38c17db
warning,near_duplicate_candidate,medium,deepseek_2026_08_18,assets/data/deepseek_2026_08_18_questions.json,758,ds_ziman_0122,Kîjan tişt ji bo çêkirina çayê tê bikaranîn?,Near duplicate candidate.,162222d37814a0817306cf1534a44a66
warning,near_duplicate_candidate,medium,deepseek_2026_08_18,assets/data/deepseek_2026_08_18_questions.json,764,ds_ziman_0134,"Di kurmancî de peyva ""ba"" çi ye?",Near duplicate candidate.,f83114a909b496de9c8bd9e3e05320b9
warning,near_duplicate_candidate,medium,deepseek_2026_08_18,assets/data/deepseek_2026_08_18_questions.json,766,ds_ziman_0136,"Di kurmancî de ""daristan"" çi ye?",Near duplicate candidate.,cfa2de121128113a7a5da4e2713aef39
warning,near_duplicate_candidate,medium,deepseek_2026_08_18,assets/data/deepseek_2026_08_18_questions.json,767,ds_ziman_0138,"Di kurmancî de peyva ""xew"" çi wateyê dide?",Near duplicate candidate.,1fa1fbfb02f80a7c46cfad177ec72c3f
warning,near_duplicate_candidate,medium,deepseek_2026_08_18,assets/data/deepseek_2026_08_18_questions.json,769,ds_ziman_0140,"Di kurmancî de ""erd"" çi ye?",Near duplicate candidate.,51832b285eda1493d0bb2c085f755fc7
warning,near_duplicate_candidate,medium,deepseek_2026_08_18,assets/data/deepseek_2026_08_18_questions.json,76,ds_cografya_0183,Kîjan xet li ser nexşeyê hêlîpana sifir e?,Near duplicate candidate.,6e59d28ea0df502eb75f8f80b6001d59
warning,near_duplicate_candidate,medium,deepseek_2026_08_18,assets/data/deepseek_2026_08_18_questions.json,770,ds_ziman_0142,"Di kurmancî de peyva ""baran"" çi ye?",Near duplicate candidate.,4619f6c3026f1dd1a27882d664431725
warning,near_duplicate_candidate,medium,deepseek_2026_08_18,assets/data/deepseek_2026_08_18_questions.json,774,ds_ziman_0157,"Di kurmancî de ""pêncem"" li kîjan rêza hejmarî tê?",Near duplicate candidate.,9877beef1d02f2b0803fdbc44a37780a
warning,near_duplicate_candidate,medium,deepseek_2026_08_18,assets/data/deepseek_2026_08_18_questions.json,775,ds_ziman_0152,Di kurmancî de hejmara 100 çawa tê nivîsîn?,Near duplicate candidate.,e8c96badbdf515046146dd77ee1ba790
warning,near_duplicate_candidate,medium,deepseek_2026_08_18,assets/data/deepseek_2026_08_18_questions.json,776,ds_ziman_0153,Di kurmancî de hejmara 4 çawa tê nivîsîn?,Near duplicate candidate.,8390376489bdbccb2e919e56b58b8c89
warning,near_duplicate_candidate,medium,deepseek_2026_08_18,assets/data/deepseek_2026_08_18_questions.json,779,ds_ziman_1193,Di kurmancî de ji bo zarokên bira û xwişkan kîjan peyv tê bikaranîn?,Near duplicate candidate.,5c14acd4ab51871ab796afa9be4a19e3
warning,near_duplicate_candidate,medium,deepseek_2026_08_18,assets/data/deepseek_2026_08_18_questions.json,780,ds_ziman_0183,Di kurmancî de ji bo kurê apê mirov kîjan peyv tê bikaranîn?,Near duplicate candidate.,dae7d22cfe3edd946c811890f10f523b
warning,near_duplicate_candidate,medium,deepseek_2026_08_18,assets/data/deepseek_2026_08_18_questions.json,784,ds_ziman_0210,Di kurmancî de ji bo kesekî ku zanîn û pisporiya wî kêm e kîjan rengdêr tê bikaranîn?,Near duplicate candidate.,6b60d544c4919f05ebf299b35b87965b
warning,near_duplicate_candidate,medium,deepseek_2026_08_18,assets/data/deepseek_2026_08_18_questions.json,792,ds_ziman_0265,"Gotina ""xwe li ber xwe girtin"" di kurmancî de ji bo kîjan rewşê tê bikaranîn?",Near duplicate candidate.,ef74266c6cc5b4cc941d4a5e38652ee6
warning,near_duplicate_candidate,medium,deepseek_2026_08_18,assets/data/deepseek_2026_08_18_questions.json,793,ds_ziman_0266,"Di kurmancî de ""devê xwe vekirin"" bi wateya xwe ya mecazî çi ye?",Near duplicate candidate.,b8ba881d129ec757fbee21df62a7b9bc
warning,near_duplicate_candidate,medium,deepseek_2026_08_18,assets/data/deepseek_2026_08_18_questions.json,794,ds_ziman_0272,"Di kurmancî de ""devê xwe girtin"" bi wateya xwe ya mecazî çi ye?",Near duplicate candidate.,c1cdece807ca0d385cf3d4d0660d6d00
warning,near_duplicate_candidate,medium,deepseek_2026_08_18,assets/data/deepseek_2026_08_18_questions.json,799,ds_cand_0016,Di Newrozê de çi tê şewitandin?,Near duplicate candidate.,954627b3c4afa482014f6c81aa2ffe3a
warning,near_duplicate_candidate,medium,deepseek_2026_08_18,assets/data/deepseek_2026_08_18_questions.json,7,ds_cografya_0011,Kîjan çem di nav bajarê Hesîçeyê re derbas dibe?,Near duplicate candidate.,deef87b1ae12d5af51f7347be52ff638
warning,near_duplicate_candidate,medium,deepseek_2026_08_18,assets/data/deepseek_2026_08_18_questions.json,800,ds_cand_0024,Di Newrozê de çi tê kirin?,Near duplicate candidate.,1cf44c031c2acaa2371fc776c3aa2925
warning,near_duplicate_candidate,medium,deepseek_2026_08_18,assets/data/deepseek_2026_08_18_questions.json,804,ds_cand_0011,Newroz bi kîjan dînî ve tê girêdan?,Near duplicate candidate.,97fbad187688eb9e9082bc0a6e699fea
warning,near_duplicate_candidate,medium,deepseek_2026_08_18,assets/data/deepseek_2026_08_18_questions.json,806,ds_cand_0018,Di Newrozê de mirov çi li xwe dikin?,Near duplicate candidate.,db27dd0cbc8ce145467e22ebfe72941a
warning,near_duplicate_candidate,medium,deepseek_2026_08_18,assets/data/deepseek_2026_08_18_questions.json,808,ds_cand_1015,Newroz di kîjan rojê de tê pîrozkirin?,Near duplicate candidate.,a11b1ad158c157bfec877ee1aecf4966
warning,near_duplicate_candidate,medium,deepseek_2026_08_18,assets/data/deepseek_2026_08_18_questions.json,810,ds_cand_0021,Newroz bi kîjan demsalê ve tê girêdan?,Near duplicate candidate.,29bac9edf75d150d2d54f33d65ecad34
warning,near_duplicate_candidate,medium,deepseek_2026_08_18,assets/data/deepseek_2026_08_18_questions.json,818,ds_cand_0092,"Li gorî kevneşopiya kurdî, govend bi gelemperî li kû tê dans kirin?",Near duplicate candidate.,36a29696ddaa163983cc8374300c4405
warning,near_duplicate_candidate,medium,deepseek_2026_08_18,assets/data/deepseek_2026_08_18_questions.json,81,ds_cografya_0192,Di nexşeyekê de pîvana 1:1.000.000 tê wateya çi?,Near duplicate candidate.,45c854bf5e5539279d595a547dd164fa
warning,near_duplicate_candidate,medium,deepseek_2026_08_18,assets/data/deepseek_2026_08_18_questions.json,821,ds_cand_1090,Kîjan amûra muzîkê ya kurdî bi gelemperî ji bo govendê tê bikaranîn û ji çerm tê çêkirin?,Near duplicate candidate.,d792e404c8ea704e78c21c7582cd0acc
warning,near_duplicate_candidate,medium,deepseek_2026_08_18,assets/data/deepseek_2026_08_18_questions.json,824,ds_cand_0087,"Di govenda kurdî ya botan de, dansvan bi gelemperî çawa tevdigerin?",Near duplicate candidate.,45c17a189bf29d342d16c56ce5b22c60
warning,near_duplicate_candidate,medium,deepseek_2026_08_18,assets/data/deepseek_2026_08_18_questions.json,826,ds_cand_0099,"Di govenda kurdî ya herêmên cuda de, kîjan amûra muzîkê bi gelemperî tê bikaranîn?",Near duplicate candidate.,27b015f4a390d3e710c5355a2bb8867a
warning,near_duplicate_candidate,medium,deepseek_2026_08_18,assets/data/deepseek_2026_08_18_questions.json,830,ds_cand_0159,"Di çanda kurdî de, dema mêvanek tê, kîjan tişt bi gelemperî tê kirin?",Near duplicate candidate.,0089dc59c4fd2b4ac0d907fcdc1a427c
warning,near_duplicate_candidate,medium,deepseek_2026_08_18,assets/data/deepseek_2026_08_18_questions.json,831,ds_cand_1165,"Di çanda kurdî de, dema mêvanek tê, kîjan tişt bi gelemperî nayê kirin?",Near duplicate candidate.,b9fc2cf6441b241a297b3ef775d0b34a
warning,near_duplicate_candidate,medium,deepseek_2026_08_18,assets/data/deepseek_2026_08_18_questions.json,833,ds_cand_0251,"Di çanda kurdî de, dema pitikek tê dinyayê, kîjan tişt bi gelemperî tê kirin?",Near duplicate candidate.,1d41b429585ad5413c6891859aac45a3
warning,near_duplicate_candidate,medium,deepseek_2026_08_18,assets/data/deepseek_2026_08_18_questions.json,841,ds_cand_0196,"Di zivistanê de, ajal bi gelemperî çi dixwin?",Near duplicate candidate.,ffc9bd002000bf5d427d113b8121054b
warning,near_duplicate_candidate,medium,deepseek_2026_08_18,assets/data/deepseek_2026_08_18_questions.json,846,ds_cand_0235,Kîjan cejn bi gelemperî li ser 10ê Zilhicceyê tê pîrozkirin?,Near duplicate candidate.,fe2db562f55f0f077f879e4817b80eec
warning,near_duplicate_candidate,medium,deepseek_2026_08_18,assets/data/deepseek_2026_08_18_questions.json,848,ds_cand_0233,Kîjan cejn bi gelemperî ji bo bîranîna îbrahîm pêxember tê pîrozkirin?,Near duplicate candidate.,2599003b29e51e09dd130dec4cd4398e
warning,near_duplicate_candidate,medium,deepseek_2026_08_18,assets/data/deepseek_2026_08_18_questions.json,850,ds_cand_0241,Kîjan cejn bi gelemperî ji bo bîranîna bûyera qurbaniyê tê pîrozkirin?,Near duplicate candidate.,82e7ae918b6c2902839b9df51c20cbfb
warning,near_duplicate_candidate,medium,deepseek_2026_08_18,assets/data/deepseek_2026_08_18_questions.json,854,ds_cand_0239,Cejna Remezanê di kîjan meha kamerî de tê pîrozkirin?,Near duplicate candidate.,2d4d990d2e038230a4ab4b803b8fe1e2
warning,near_duplicate_candidate,medium,deepseek_2026_08_18,assets/data/deepseek_2026_08_18_questions.json,857,ds_cand_0242,"Di cejna Remezanê de, kîjan tişt bi gelemperî tê dayîn?",Near duplicate candidate.,4ef7788a689d580a5bf2f0116e2e066a
warning,near_duplicate_candidate,medium,deepseek_2026_08_18,assets/data/deepseek_2026_08_18_questions.json,858,ds_cand_0240,"Di Newrozê de, kîjan tişt bi gelemperî tê vêxistin?",Near duplicate candidate.,8f0690c1086c9a2d7cac48971f376d49
warning,near_duplicate_candidate,medium,deepseek_2026_08_18,assets/data/deepseek_2026_08_18_questions.json,861,ds_cand_0296,"Di çîroka ""Kawayê Hesinker"" de, Kawa bi kîjan awayî serî hildide?",Near duplicate candidate.,c56b42fdc8d52d0532b684e62a960193
warning,missing_source_metadata,high,deepseek_2026_08_18,assets/data/deepseek_2026_08_18_questions.json,864,ds_edebiyat_0223,Kîjan nivîskarê nîjeryayî di sala 1986an de bû afrîkiyê yekem ê ku Xelata Nobelê ya Edebiyatê wergirt?,Source title and URL are both missing.,51a752039208d64fcd132386f3888df8
warning,near_duplicate_candidate,medium,deepseek_2026_08_18,assets/data/deepseek_2026_08_18_questions.json,864,ds_edebiyat_0223,Kîjan nivîskarê nîjeryayî di sala 1986an de bû afrîkiyê yekem ê ku Xelata Nobelê ya Edebiyatê wergirt?,Near duplicate candidate.,cb7615a5cc92900efd42378f851d45e9
warning,missing_source_metadata,high,deepseek_2026_08_18,assets/data/deepseek_2026_08_18_questions.json,865,ds_muzik_0228,"Di kevneşopiya dengbêjiyê de cudahiya sereke ya di navbera ""kilam"" û ""lawik"" de ji aliyê mijar û rîtmê ve çi ye?",Source title and URL are both missing.,fe90a2a7e6be31fe023f6fbbb6680620
warning,missing_source_metadata,high,deepseek_2026_08_18,assets/data/deepseek_2026_08_18_questions.json,866,ds_muzik_0229,Bandora sereke ya dîrokî ya beşa kurdî ya Radyoya Êrîvanê (1955) li ser bîra muzîka kurdî çi bû?,Source title and URL are both missing.,35532b13c2635db017918b19cb3e4aba
warning,near_duplicate_candidate,medium,deepseek_2026_08_18,assets/data/deepseek_2026_08_18_questions.json,866,ds_muzik_0229,Bandora sereke ya dîrokî ya beşa kurdî ya Radyoya Êrîvanê (1955) li ser bîra muzîka kurdî çi bû?,Near duplicate candidate.,06992ceafd777f841bb3eb75afaad697
warning,missing_source_metadata,high,deepseek_2026_08_18,assets/data/deepseek_2026_08_18_questions.json,867,ds_muzik_0230,"Di vegotina dengbêjiyê de taybetmendiya sereke ya ku ekola ""Serhedê"" ji ekola ""Botanê"" cuda dike çi ye?",Source title and URL are both missing.,f01985d68c6b70e61d673b0a2ff71477
warning,missing_source_metadata,high,deepseek_2026_08_18,assets/data/deepseek_2026_08_18_questions.json,868,ds_muzik_0231,"Di mûzîka kurdî de amûra ""şimşal""ê (bilûr) li gorî ""duduk"" an ""mey""ê ji aliyê pêkhateya fîzîkî ve çawa tê cudakirin?",Source title and URL are both missing.,50f5c2375cf01adabe562006b1635170
warning,missing_source_metadata,high,deepseek_2026_08_18,assets/data/deepseek_2026_08_18_questions.json,869,ds_muzik_0232,"Rîtma govendê ya ""Şêxanî"" di mûzîka kurdî de ji aliyê pîvana demê ve bi piranî li ser kîjan pîvanê ava dibe?",Source title and URL are both missing.,59855921b0a1b915697e12edf6af3e67
warning,missing_source_metadata,high,deepseek_2026_08_18,assets/data/deepseek_2026_08_18_questions.json,870,ds_muzik_0233,Di dîroka tomarkirina mûzîka kurdî de rola Meryem Xanê ya li Bexdayê (salên 1930î) çima wekî xaleke werçerxanê tê dîtin?,Source title and URL are both missing.,977d138cf35dd0130e8e2ae237bfffc1
warning,missing_source_metadata,high,deepseek_2026_08_18,assets/data/deepseek_2026_08_18_questions.json,871,ds_muzik_0234,"Di mûzîka Êzdiyan de rola ""Qewl"" û ""Qewlvan"" ji kilamên dengbêjiyê yên klasîk bi çi awayî cuda dibe?",Source title and URL are both missing.,06fc0d8e6a5c52af09cb921bd4657745
warning,missing_source_metadata,high,deepseek_2026_08_18,assets/data/deepseek_2026_08_18_questions.json,872,ds_muzik_0235,"Amûra ""Def"" (Erbene) di ayînên terîqetên Qadirî û Rifaî de çima zincîrên biçûk (xilxal) li hundirê xwe digire?",Source title and URL are both missing.,40b9f079aeb138dcc1dffbbcafd71470
warning,missing_source_metadata,high,deepseek_2026_08_18,assets/data/deepseek_2026_08_18_questions.json,873,ds_muzik_0236,"Sedema sereke ya ku Şakiro di nav dengbêjan de bi navê ""Kewê Ribat"" tê nasîn çi bû?",Source title and URL are both missing.,dc8347ea70c6b668ff30b532dfd45657
warning,missing_source_metadata,high,deepseek_2026_08_18,assets/data/deepseek_2026_08_18_questions.json,874,ds_muzik_0237,Rêzbûna dîrokî ya stasyonên radyoyê yên ku mûzîka kurdî weşandine di kîjan vebijêrkê de rast e?,Source title and URL are both missing.,b62296cc816ebcacf48c8c3a63d2bf57
warning,missing_source_metadata,high,deepseek_2026_08_18,assets/data/deepseek_2026_08_18_questions.json,875,ds_muzik_0238,Di mûzîka kurdî de kîjan ji van taybetmendiyan nîşan dide ku sîstema makamî ji ya klasîk a rojavayî cuda ye?,Source title and URL are both missing.,631f144bf787cddab7cac803df7d4174
warning,missing_source_metadata,high,deepseek_2026_08_18,assets/data/deepseek_2026_08_18_questions.json,876,ds_muzik_0239,"Destana ""Memê Alan"" di kevneşopiya dengbêjiyê de ji kilamên şer ên wekî ""Derwêşê Evdî"" bi kîjan aliyê xwe vediqete?",Source title and URL are both missing.,0c1c7e8cbd4716c0757e0c36813f03af
warning,missing_source_metadata,high,deepseek_2026_08_18,assets/data/deepseek_2026_08_18_questions.json,877,ds_muzik_0240,Dengbêj di nav civaka kurd a beriya sedsala 20an de ji bilî mûzîkê kîjan rola sereke ya civakî dilîstin?,Source title and URL are both missing.,5d414756ca41e878244e9f0ae0fa2c36
warning,missing_source_metadata,high,deepseek_2026_08_18,assets/data/deepseek_2026_08_18_questions.json,878,ds_muzik_0241,"Di salên 1990î de bandora koman ên wekî ""Koma Dengê Azadî"" û ""Koma Amed"" li ser mûzîka nûjen a kurdî çi bû?",Source title and URL are both missing.,b39b48e382e25efcc1dfdd6146fd60f5
warning,missing_source_metadata,high,deepseek_2026_08_18,assets/data/deepseek_2026_08_18_questions.json,879,ds_muzik_0242,"Di Radyoya Êrîvanê de kîjan hunermend wekî amûrjenê ""mey û bilûrê"" tê naskirin, ne wekî dengbêj?",Source title and URL are both missing.,437bdf85623e303d769c8871706e0c23
warning,missing_source_metadata,high,deepseek_2026_08_18,assets/data/deepseek_2026_08_18_questions.json,880,ds_muzik_0243,Taybetmendiya mûzîkal a sereke ya Aram Tîgran a ku di nava mûzîka kurdî de cihekî cuda dide wî çi ye?,Source title and URL are both missing.,9380e1b842aa77f829a661b8b8a6815b
warning,missing_source_metadata,high,deepseek_2026_08_18,assets/data/deepseek_2026_08_18_questions.json,881,ds_muzik_0244,"Cureya strana lîrîk a bi navê ""Heyranok"" bi taybetî aîdî kîjan herêma Kurdistanê ye?",Source title and URL are both missing.,655d27e6f9183c0936b9815b20b3759f
warning,missing_source_metadata,high,deepseek_2026_08_18,assets/data/deepseek_2026_08_18_questions.json,882,ds_muzik_0245,Di salên 1970 û 1980î de şêwaza mûzîkî ya Şivan Perwer çima di nava civakê de bû sedema werçerxanekê?,Source title and URL are both missing.,71208f0460b14f83ef3f48c620e33a7e
warning,missing_source_metadata,high,deepseek_2026_08_18,assets/data/deepseek_2026_08_18_questions.json,883,ds_muzik_0246,"Di nav cureyên strana kurdî de ""Payîzok"" di kîjan demsalê û li ser kîjan mijarê tê gotin?",Source title and URL are both missing.,2fb1812d3b325b8e05ad52116f62f81d
warning,missing_source_metadata,high,deepseek_2026_08_18,assets/data/deepseek_2026_08_18_questions.json,884,ds_muzik_0247,"Cureya mûzîkê ya bi navê ""Siyaçeman"" a li herêma Hewramanê bi kîjan taybetmendiya xwe ya dengî tê naskirin?",Source title and URL are both missing.,448efe3b2bcc3f2396561dc37fb7d2d0
warning,missing_source_metadata,high,deepseek_2026_08_18,assets/data/deepseek_2026_08_18_questions.json,885,ds_muzik_0248,Taybetmendiya sereke ya stranên Mihemed Şêxo ya ku wî li Rojavayê Kurdistanê kir sembol çi bû?,Source title and URL are both missing.,4677ca0335c27482c3887342b5b8403e
warning,missing_source_metadata,high,deepseek_2026_08_18,assets/data/deepseek_2026_08_18_questions.json,886,ds_muzik_0249,Karapêtê Xaço di dîroka dengbêjiya kurdî de çima wekî pireke çandî ya bêhempa tê hesibandin?,Source title and URL are both missing.,289f97a23ad02466548e701adf5e0228
warning,missing_source_metadata,high,deepseek_2026_08_18,assets/data/deepseek_2026_08_18_questions.json,887,ds_muzik_0250,"Di mûzîka gelêrî ya kurdî de strana bi navê ""Narînk"" di kîjan qonaxa jiyanê de tê gotin?",Source title and URL are both missing.,495b482c1ca90a566246bed2604c8694
warning,missing_source_metadata,high,deepseek_2026_08_18,assets/data/deepseek_2026_08_18_questions.json,888,ds_muzik_0251,"Stranên bi navê ""Kilamên Kar"" (wekî stranên teşîristinê û bîrê) di çanda jinên kurd de çi armancê pêk tînin?",Source title and URL are both missing.,9c01dab3eb4cbc1f7e10a987dde55571
warning,missing_source_metadata,high,deepseek_2026_08_18,assets/data/deepseek_2026_08_18_questions.json,889,ds_muzik_0252,Kîjan ji van rêzbûnan serdema dengbêjên navdar ên Serhedê ji ya herî kevn ber bi ya nûtir rast nîşan dide?,Source title and URL are both missing.,f853386f2e3fd552c18e3d6ab26f17b2
warning,missing_source_metadata,high,deepseek_2026_08_18,assets/data/deepseek_2026_08_18_questions.json,890,ds_muzik_0253,"Di destan û kilamên Evdalê Zeynikê de motîfa ""Quling"" (Turna) çi sembolîze dike?",Source title and URL are both missing.,954a6b89e91de2afce13c8918a91ffb9
warning,missing_source_metadata,high,deepseek_2026_08_18,assets/data/deepseek_2026_08_18_questions.json,891,ds_muzik_0254,"Di mûzîka gelerî de cudahiya bikaranîna ""Dohol û Zirne"" li gorî ""Tembûr""ê di kîjan qadê de diyar dibe?",Source title and URL are both missing.,05904c337ec56a692bfe4157ee4cfa8d
warning,missing_source_metadata,high,deepseek_2026_08_18,assets/data/deepseek_2026_08_18_questions.json,892,ds_muzik_0255,Taybetmendiya bêhempa ya Hesen Zîrek di mûzîka kurdî (beşa Rojhilat û Başûr) de çi bû?,Source title and URL are both missing.,37301416726f49d734e6a950adc4f3c3
warning,missing_source_metadata,high,deepseek_2026_08_18,assets/data/deepseek_2026_08_18_questions.json,893,ds_muzik_0256,"Avakirina ""Mala Dengbêjan"" li Amedê (2007) çi bandor li ser parastina mûzîka devkî kir?",Source title and URL are both missing.,71de8edd26c9bbbb9ad22ff22087d898
warning,missing_source_metadata,high,deepseek_2026_08_18,assets/data/deepseek_2026_08_18_questions.json,894,ds_muzik_0257,"Di mûzîka kurdî ya klasîk a herêma Urmiye û Şino de, şêwaza ""Beyt"" çawa tê vegotin?",Source title and URL are both missing.,ee274e766353a212c3f6bd86afdd93b3
warning,missing_source_metadata,high,deepseek_2026_08_18,assets/data/deepseek_2026_08_18_questions.json,895,ds_muzik_0258,"Ciwan Haco di salên 1980 û 1990î de bi albûmên mîna ""Gula Sor"" û ""Dûrî"" çi nûbûn anî mûzîka kurdî?",Source title and URL are both missing.,b80353d528c2515e257b4f137889b9b6
warning,missing_source_metadata,high,deepseek_2026_08_18,assets/data/deepseek_2026_08_18_questions.json,896,ds_sinema_0250,"Di fîlma ""Umut"" (1970) a ""Yılmaz Güney"" de, hêmana ku wê ji sînemaya Yeşilçamê ya serdema xwe cuda dike çi ye?",Source title and URL are both missing.,43b8e1c87c569f5b7044edfa638fead4
warning,missing_source_metadata,high,deepseek_2026_08_18,assets/data/deepseek_2026_08_18_questions.json,897,ds_sinema_0251,"Fîlma ""Yol"" di sala 1982an de dema ku Xelata Palmiyeya Zêrîn a Cannesê wergirt, çima ji aliyê derhêneriyê ve bûyereke bêhempa bû?",Source title and URL are both missing.,79c263c7ebdbcbab984353657d764133
warning,missing_source_metadata,high,deepseek_2026_08_18,assets/data/deepseek_2026_08_18_questions.json,898,ds_sinema_0252,"Di fîlma ""Dema Hespên Serxweş"" de metafora ""serxweşkirina hespan bi meyê"" ji aliyê sînemayî ve çi nîşan dide?",Source title and URL are both missing.,a4986ff3640104e448263892ea334378
warning,missing_source_metadata,high,deepseek_2026_08_18,assets/data/deepseek_2026_08_18_questions.json,899,ds_sinema_0253,"Di fîlma ""My Sweet Pepper Land"" (2013) a Hiner Saleem de, kîjan şêwaza sînemayê bi erdnîgariya Kurdistanê re hatiye lihevanîn?",Source title and URL are both missing.,d9d33227b7d54f07a5bbd05805189c86
warning,near_duplicate_candidate,medium,deepseek_2026_08_18,assets/data/deepseek_2026_08_18_questions.json,89,ds_cografya_0212,Kîjan welat ji bo koçberên Kurdan di salên 1970î de bû armanca sereke?,Near duplicate candidate.,08933284f4cb234bc37cdd19961b194a
warning,near_duplicate_candidate,medium,deepseek_2026_08_18,assets/data/deepseek_2026_08_18_questions.json,8,ds_cografya_0017,Kîjan çem di nav bajarê Mûsilê re derbas dibe?,Near duplicate candidate.,776446ef8b512b1ff07b2b9c213a6114
warning,missing_source_metadata,high,deepseek_2026_08_18,assets/data/deepseek_2026_08_18_questions.json,900,ds_sinema_0254,"Fîlma ""Bahoz"" (Fırtına, 2008) a ""Kazım Öz"" li ser kîjan rastiya civakî ya salên 1990î disekine?",Source title and URL are both missing.,c5a2da34d7159478ccfdc43b7e942552
warning,missing_source_metadata,high,deepseek_2026_08_18,assets/data/deepseek_2026_08_18_questions.json,901,ds_sinema_0255,"Sînemaya ""Ali Kemal Çınar"" (mînak: Veşartî, Gênco) di nav sînemaya kurdî de bi kîjan zimanê şêwazî tê naskirin?",Source title and URL are both missing.,ce6b500048673ae3c06fc669272a6c59
warning,missing_source_metadata,high,deepseek_2026_08_18,assets/data/deepseek_2026_08_18_questions.json,902,ds_sinema_0256,"Di fîlma ""Bêkes"" (2012) a Karzan Kader de, motîvasyona sereke ya du birayên êtîm çi ye?",Source title and URL are both missing.,322ffbe5140f53ecfec96ce36512723e
warning,missing_source_metadata,high,deepseek_2026_08_18,assets/data/deepseek_2026_08_18_questions.json,903,ds_sinema_0257,"Di fîlma ""Kirasê Reş"" û fîlmên li ser karesata Helebceyê de, kîjan dîmen wekî sembola gerdûnî ya êşê tê bikaranîn?",Source title and URL are both missing.,70d74d8905c22cf2f885496f9bcb77f7
warning,missing_source_metadata,high,deepseek_2026_08_18,assets/data/deepseek_2026_08_18_questions.json,904,ds_sinema_0258,"Fîlma ""Min Dît"" (2009) a Miraz Bezar kîjan xelata dîrokî li Festîvala Fîlman a Porteqala Zêrîn a Antalyayê girt?",Source title and URL are both missing.,da511c436b70470834b8dca95271ddc9
warning,missing_source_metadata,high,deepseek_2026_08_18,assets/data/deepseek_2026_08_18_questions.json,905,ds_sinema_0259,"Di fîlma ""Jîn"" (2013) a Reha Erdem de têkiliya keça ciwan a li daristanê bi sirûşt û ajalan re çi nîşan dide?",Source title and URL are both missing.,ff8d1b9b9c2c9596723273f2e3916bca
warning,missing_source_metadata,high,deepseek_2026_08_18,assets/data/deepseek_2026_08_18_questions.json,906,ds_sinema_0260,Rêzbûna dîrokî ya derketina van fîlmên girîng ên sînemaya kurdî di kîjan vebijêrkê de rast e?,Source title and URL are both missing.,8261367b24f31a221198ede447cf3a6e
warning,near_duplicate_candidate,medium,deepseek_2026_08_18,assets/data/deepseek_2026_08_18_questions.json,906,ds_sinema_0260,Rêzbûna dîrokî ya derketina van fîlmên girîng ên sînemaya kurdî di kîjan vebijêrkê de rast e?,Near duplicate candidate.,92bbe20eac13fcd440e620afdb278606
warning,missing_source_metadata,high,deepseek_2026_08_18,assets/data/deepseek_2026_08_18_questions.json,907,ds_sinema_0261,"Belgefîlma ""5 No'lu Cezaevi"" (2009) a Çayan Demirel li ser kîjan rastiya dîrokî hatiye avakirin?",Source title and URL are both missing.,4980be39acb6395d82a68bcad1aed99a
warning,missing_source_metadata,high,deepseek_2026_08_18,assets/data/deepseek_2026_08_18_questions.json,908,ds_sinema_0262,"Di fîlma ""Memories on Stone"" (Bîranînên li ser kevir, 2014) a Shawkat Amin Korki de, mijara fîlmê li ser çi ye?",Source title and URL are both missing.,583bc9d532b2fd8d45a239330cd84f43
warning,missing_source_metadata,high,deepseek_2026_08_18,assets/data/deepseek_2026_08_18_questions.json,909,ds_sinema_0263,Festîvala Navneteweyî ya Fîlman a Duhokê (Duhok IFF) çi roleke sereke di sînemaya kurdî de dilîze?,Source title and URL are both missing.,6b914793596fc3e05a8a1541f60f0407
warning,missing_source_metadata,high,deepseek_2026_08_18,assets/data/deepseek_2026_08_18_questions.json,910,ds_sinema_0264,"Di fîlma ""Zer"" (2017) a ""Kazım Öz"" de, rêwîtiya ciwanekî ji New Yorkê ber bi Dêrsimê ve çi rave dike?",Source title and URL are both missing.,feecc92275c9276c8e74135b3e8527e0
warning,missing_source_metadata,high,deepseek_2026_08_18,assets/data/deepseek_2026_08_18_questions.json,911,ds_sinema_0265,"Fîlma ""Ji bo Azadiyê"" (The End Will Be Spectacular, 2019) a Ersin Çelik li ser kîjan bûyerên dîrokî ye?",Source title and URL are both missing.,3216ede14bcfd701cc13df8c39a58723
warning,missing_source_metadata,high,deepseek_2026_08_18,assets/data/deepseek_2026_08_18_questions.json,912,ds_sinema_0266,"Di fîlma ""Kleine Freiheit"" (A Little Bit of Freedom, 2003) a ""Yüksel Yavuz"" de, mijara sereke çi ye?",Source title and URL are both missing.,379e2080263947d8c15ea4438b0d653b
warning,missing_source_metadata,high,deepseek_2026_08_18,assets/data/deepseek_2026_08_18_questions.json,913,ds_sinema_0267,"Fîlma ""Babamın Kanatları"" bi lîstikvaniya ""Menderes Samancılar"" kîjan pirsgirêka civakî tîne ziman?",Source title and URL are both missing.,3fa12d7f1d3ff8c112983839a1c10c33
warning,missing_source_metadata,high,deepseek_2026_08_18,assets/data/deepseek_2026_08_18_questions.json,914,ds_sinema_0268,"Fîlma ""Vodka Lemon"" (2003) a Hiner Saleem li ku derê hatiye kişandin û kîjan civakê nîşan dide?",Source title and URL are both missing.,d1d6c2e341b7f48b3574d278ca23d2bd
warning,missing_source_metadata,high,deepseek_2026_08_18,assets/data/deepseek_2026_08_18_questions.json,915,ds_sinema_0269,Sînemaya nûjen a kurdî çima bi piranî ji çîrok û motîfên dengbêjiyê sûd werdigire?,Source title and URL are both missing.,381dce08e65c435c0c2512e048894431
warning,missing_source_metadata,high,deepseek_2026_08_18,assets/data/deepseek_2026_08_18_questions.json,916,ds_sinema_0270,"Di gelek fîlmên sînemaya kurdî de bikaranîna dîmenên ""çiyayên asê û rêyên berfê"" ji aliyê zimanê sînemayê ve çi îfade dike?",Source title and URL are both missing.,87df26921d3b72b400d6af2bbc2e0f7a
warning,missing_source_metadata,high,deepseek_2026_08_18,assets/data/deepseek_2026_08_18_questions.json,917,ds_sinema_0271,"Di fîlma ""Yol"" de kîjan dîmena trajîk a di nav berfê de şert û mercên giran ên zivistanê û zextên civakî tîne cem hev?",Source title and URL are both missing.,f32a378ed3d05cc5b5b3903c6d5f7a4a
warning,missing_source_metadata,high,deepseek_2026_08_18,assets/data/deepseek_2026_08_18_questions.json,918,ds_sinema_0272,"Bikaranîna ""bêdengiyê"" (silence) di fîlmên sînemagerên kurd de çima wekî amûreke xurt a zimanê fîlmê tê dîtin?",Source title and URL are both missing.,e1bc55fe4ee337c56a8057e68096c4b8
warning,missing_source_metadata,high,deepseek_2026_08_18,assets/data/deepseek_2026_08_18_questions.json,919,ds_sinema_0273,"Rêzbûna pêşketina şêwaza sînemayî ya ""Yılmaz Güney"" ji sînemaya populer ber bi sînemaya rexneyî di kîjan rêzê de rast e?",Source title and URL are both missing.,6a08bf549d37a8431211a96fa23da51a
warning,missing_source_metadata,high,deepseek_2026_08_18,assets/data/deepseek_2026_08_18_questions.json,920,ds_sinema_0274,"Fîlma ""Kobanî"" (2022) a Özlem Yaşar çawa hate kişandin û kîjan şêwaza xwerû pêk anî?",Source title and URL are both missing.,a9745fe9e657a8cfcc491622d49177b0
warning,missing_source_metadata,high,deepseek_2026_08_18,assets/data/deepseek_2026_08_18_questions.json,921,ds_sinema_0275,"Di fîlma ""Fotoğraf"" (2001) a ""Kazım Öz"" de, rêwîtiya di otobusê de ya du ciwanên ji du bereyên dijber çi sembolîze dike?",Source title and URL are both missing.,aa2a74b6f6179253ce7000e6c48b6d7c
warning,missing_source_metadata,high,deepseek_2026_08_18,assets/data/deepseek_2026_08_18_questions.json,922,ds_sinema_0276,"Mijara sereke ya ku derhênerên jin ên kurd (mînak: Bêrîvan Bînevşa, Özlem Yaşar) tînin rojeva sînemayê çi ye?",Source title and URL are both missing.,b194f0f06c2e5877a1538b49cae090a3
warning,missing_source_metadata,high,deepseek_2026_08_18,assets/data/deepseek_2026_08_18_questions.json,923,ds_sinema_0277,"Sînemagerên kurd ên diyasporayê (mînak: li Almanya, Swêd, Swîsre) çima di fîlmên xwe de pirsa ""nasnameya ducarî"" derdixin pêş?",Source title and URL are both missing.,32ab6893dde9817de31885e0c6f9b1b8
warning,missing_source_metadata,high,deepseek_2026_08_18,assets/data/deepseek_2026_08_18_questions.json,924,ds_sinema_0278,"Di fîlma ""Bîranînên li ser kevir"" de dîmenê lîstikvana ku malbata wê nahêle bilîze çi nîşan dide?",Source title and URL are both missing.,4883a5c2795f203c55d2f71747580264
warning,missing_source_metadata,high,deepseek_2026_08_18,assets/data/deepseek_2026_08_18_questions.json,925,ds_sinema_0279,"Fîlma kurt a ""Ax"" (Toprak, 1999) a ""Kazım Öz"" çîroka kalekî li gundekî valakirî çawa vedibêje?",Source title and URL are both missing.,99011b6624fb27312674701543e50e32
warning,missing_source_metadata,high,deepseek_2026_08_18,assets/data/deepseek_2026_08_18_questions.json,926,ds_sinema_0280,"Di dîroka bajarên Kurdistanê de (wekî Amed, Hewlêr, Silêmanî) salên 1960 û 70î sînema çi fonksiyonek dilîst?",Source title and URL are both missing.,855b86c9ee6be277a1c793255d540cd8
warning,missing_source_metadata,high,deepseek_2026_08_18,assets/data/deepseek_2026_08_18_questions.json,927,ds_sinema_0281,"Di fîlma ""Gava Dibe Tarî"" an belgefîlmên li ser zarokên kolanê çi rastî tê ragihandin?",Source title and URL are both missing.,3318cd4147c77357637a583d35c3d5c6
warning,missing_source_metadata,high,deepseek_2026_08_18,assets/data/deepseek_2026_08_18_questions.json,928,ds_sinema_0282,Mûzîka fîlmê di sînemaya Bahman Ghobadi de (wekî mûzîkên Hossein Alizadeh) çima xwedî cihekî stratejîk e?,Source title and URL are both missing.,7bf8d8e45cbda36d5630080a4c859b0d
warning,missing_source_metadata,high,deepseek_2026_08_18,assets/data/deepseek_2026_08_18_questions.json,929,ds_sinema_0283,Sînemaya serbixwe ya kurdî ya salên 2000î bi piranî li ser kîjan platformên belavkirinê jiyaye?,Source title and URL are both missing.,5bde9fa49201546a09f248d3ba5a1480
warning,missing_source_metadata,high,deepseek_2026_08_18,assets/data/deepseek_2026_08_18_questions.json,930,ds_sinema_0284,"Di sînemaya ""Yılmaz Güney"" de di fîlma ""Ağıt"" (1971) de metafora qaçaqçiyan çi nîşan dide?",Source title and URL are both missing.,289fb95b19e8fd4afd9cf8ce0904df17
warning,missing_source_metadata,high,deepseek_2026_08_18,assets/data/deepseek_2026_08_18_questions.json,931,ds_sinema_0285,Di sînemaya kurdî de fîlmên ku li ser gundên Êzdiyan hatine çêkirin bi piranî kîjan mijarê radixin ber çavan?,Source title and URL are both missing.,db62e1e68917aa476a10383c31157b53
warning,missing_source_metadata,high,deepseek_2026_08_18,assets/data/deepseek_2026_08_18_questions.json,932,ds_sinema_0286,"Di fîlmên Bahman Ghobadi de çima ""têlên strîdar"" (dikenli teller) di gelek dîmenan de dubare dibin?",Source title and URL are both missing.,23985a6054cbba0548654d9ddeabe9d7
warning,missing_source_metadata,high,deepseek_2026_08_18,assets/data/deepseek_2026_08_18_questions.json,933,ds_sinema_0287,Derhênerên kurd çima di fîlmên xwe de pir caran xelkê herêmî (ne profesyonel) wekî lîstikvan hildibijêrin?,Source title and URL are both missing.,01af9189cbc6a6f9e857650de081feb8
warning,missing_source_metadata,high,deepseek_2026_08_18,assets/data/deepseek_2026_08_18_questions.json,934,ds_sinema_0288,"Di fîlma ""14 Tîrmeh"" (14 Temmuz, 2017) a Haşim Aydemir de, zimanê dîtbarî li ser kîjan şêwazê ava dibe?",Source title and URL are both missing.,214f8bc3cab5e652e38fd19fb38ec7c4
warning,missing_source_metadata,high,deepseek_2026_08_18,assets/data/deepseek_2026_08_18_questions.json,935,ds_sinema_0289,"Rola ""Şerif Gören"" di sînemaya Tirkiyeyê û fîlma ""Yol"" de çi bû?",Source title and URL are both missing.,dd91d8e64ad42d43564f136e96299886
warning,missing_source_metadata,high,deepseek_2026_08_18,assets/data/deepseek_2026_08_18_questions.json,936,ds_sinema_0290,"Di sînemaya kurdî ya piştî salên 2010an de, veguhestina mijarê ji çiya û gund ber bi bajarên mezin ve çi nîşan dide?",Source title and URL are both missing.,36a79710330cbf5660f0b3febc13f7ff
warning,missing_source_metadata,high,deepseek_2026_08_18,assets/data/deepseek_2026_08_18_questions.json,937,ds_sinema_0291,"Kîjan ji van derhênerên navdar bi fîlmên xwe yên mînak ""Cîran"", ""Zer"" û ""Klama Dayîka Min"" di qada sînemayê de cîh girtine?",Source title and URL are both missing.,94107b7c92b9e8bffa07f80b188ba035
warning,missing_source_metadata,high,deepseek_2026_08_18,assets/data/deepseek_2026_08_18_questions.json,938,ds_sinema_0292,"Di fîlma ""Dema Hespên Serxweş"" de çima navê fîlmê wekî ""Serxweş"" hatiye binavkirin?",Source title and URL are both missing.,dcdb7e75970fdb18339d353c5c583132
warning,missing_source_metadata,high,deepseek_2026_08_18,assets/data/deepseek_2026_08_18_questions.json,939,ds_sinema_0293,"Di sînemaya Bahman Ghobadi de fîlma ""Turtles Can Fly"" (Kûsî jî difirin) li ser kîjan herêm û serdemê hatiye çêkirin?",Source title and URL are both missing.,8e099c1c20ee2d44447cc39cceae32cb
warning,near_duplicate_candidate,medium,deepseek_2026_08_18,assets/data/deepseek_2026_08_18_questions.json,93,ds_cografya_0218,Kîjan têgih ji bo koçkirina mirovan ji welatekî bo welatekî din tê bikaranîn?,Near duplicate candidate.,6ad0833e5d6376ceb1d0c5cf163065c0
warning,missing_source_metadata,high,deepseek_2026_08_18,assets/data/deepseek_2026_08_18_questions.json,940,ds_dirok_0299,Peymana Sevrê (1920) û Peymana Lozanê (1923) ji aliyê statuya kurdan ve bi çi ji hev cuda dibin?,Source title and URL are both missing.,568eca906f82a5b5ab0cc0655e7d562f
warning,missing_source_metadata,high,deepseek_2026_08_18,assets/data/deepseek_2026_08_18_questions.json,941,ds_dirok_0300,"Şerefxanê Bidlîsî di sala 1597an de pirtûka xwe ya navdar ""Şerefname"" çima bi zimanê farisî nivîsand?",Source title and URL are both missing.,30d46772d58bdda41b4b0d7e33566dd5
warning,missing_source_metadata,high,deepseek_2026_08_18,assets/data/deepseek_2026_08_18_questions.json,942,ds_dirok_0301,"Piştî hilweşîna mîrektiyên kurd di nîveka sedsala 19an de, kîjan hêza civakî di serkêşiya civakê de derket pêş?",Source title and URL are both missing.,fb566e97c130b7cb795ce7cb1bce1ec2
warning,missing_source_metadata,high,deepseek_2026_08_18,assets/data/deepseek_2026_08_18_questions.json,943,ds_dirok_0302,"Di sala 1514an de piştî Şerê Çaldiranê, di navbera Împaratoriya Osmanî û mîrên kurd de kîjan sîstema îdarî pêk hat?",Source title and URL are both missing.,b21ddd353d124c5727336587a0512f1c
warning,missing_source_metadata,high,deepseek_2026_08_18,assets/data/deepseek_2026_08_18_questions.json,944,ds_dirok_0303,"Sedema sereke ya ku rojnameya ""Kurdistan"" (1898) navenda çapkirina xwe ji Qahîreyê bar kir Ewropayê çi bû?",Source title and URL are both missing.,6b8f5bce5932ebbe4d7dac793514301e
warning,missing_source_metadata,high,deepseek_2026_08_18,assets/data/deepseek_2026_08_18_questions.json,945,ds_dirok_0304,Sedema sereke ya navneteweyî ya hilweşîna Komara Kurdistanê li Mehabadê (1946) çi bû?,Source title and URL are both missing.,1da169254b4e3943297698f14696d9d0
warning,missing_source_metadata,high,deepseek_2026_08_18,assets/data/deepseek_2026_08_18_questions.json,946,ds_dirok_0305,"Mîr Celadet Alî Bedirxan dema kovara ""Hawar""ê derxist (1932), çima alfabeya latînî tercîh kir?",Source title and URL are both missing.,39bc8cf47d0b910af182026b7cbb78e6
warning,missing_source_metadata,high,deepseek_2026_08_18,assets/data/deepseek_2026_08_18_questions.json,947,ds_dirok_0306,Tevgera Şêx Ubeydullahê Nehrî (1880) bi kîjan taybetmendiya xwe ji serhildanên beriya xwe cuda dibe?,Source title and URL are both missing.,95fb6a5d4db3094a52b17cdc763b7b3c
warning,missing_source_metadata,high,deepseek_2026_08_18,assets/data/deepseek_2026_08_18_questions.json,948,ds_dirok_0307,"Piştî tevgera 1925an, bi rêya ""Plana Îslahata Şerqê"" kîjan polîtîka li herêmê hate meşandin?",Source title and URL are both missing.,005b3c624d29a510b71b9ed3568e8b76
warning,missing_source_metadata,high,deepseek_2026_08_18,assets/data/deepseek_2026_08_18_questions.json,949,ds_dirok_0308,Dewleta Merwaniyan (983-1085) ji aliyê navenda desthilatdariyê ve ji Şedadiyan çawa cuda dibe?,Source title and URL are both missing.,b36a39340699483aa269f356dc5fec96
warning,near_duplicate_candidate,medium,deepseek_2026_08_18,assets/data/deepseek_2026_08_18_questions.json,94,ds_cografya_0223,Kîjan têgih ji bo koçkirina mirovan ji ber sedemên siyasî tê bikaranîn?,Near duplicate candidate.,64b6e4849d571988e1ecc0fccf4e2858
warning,missing_source_metadata,high,deepseek_2026_08_18,assets/data/deepseek_2026_08_18_questions.json,950,ds_dirok_0309,Serkeftina Selahedînê Eyûbî ya di Şerê Hîtînê de (1187) kîjan encama dîrokî ya mezin bi xwe re anî?,Source title and URL are both missing.,f50770ea7975de90b31439780954e0f1
warning,missing_source_metadata,high,deepseek_2026_08_18,assets/data/deepseek_2026_08_18_questions.json,951,ds_dirok_0310,Cemiyeta Xoybûnê (1927) ji aliyê pêkhateya xwe ve kîjan taybetmendiya nû anî tevgera kurdî?,Source title and URL are both missing.,1eb23f8372893163c32b50e9faeadd70
warning,missing_source_metadata,high,deepseek_2026_08_18,assets/data/deepseek_2026_08_18_questions.json,952,ds_dirok_0311,Peymana Cezayîrê ya sala 1975an çawa bû sedema têkçûna rêkeftina xweseriyê ya 1970yî li Başûr?,Source title and URL are both missing.,a4c145be77a5ca436cef2a90202878f7
warning,missing_source_metadata,high,deepseek_2026_08_18,assets/data/deepseek_2026_08_18_questions.json,953,ds_dirok_0312,Serhildana Ebdurehman Paşayê Baban (1806) di dîroka mîrektiyên kurd de çima xwedî cihekî girîng e?,Source title and URL are both missing.,336dd8e20dfe083a3b1b1438cea52552
warning,missing_source_metadata,high,deepseek_2026_08_18,assets/data/deepseek_2026_08_18_questions.json,954,ds_dirok_0313,"Girîngiya dîrokî ya pêşgotina Ehmedê Xanî ya di ""Mem û Zîn""ê de (1692) li ser çi ye?",Source title and URL are both missing.,44e8c991db9e97e0156939ac8ab56d1e
warning,missing_source_metadata,high,deepseek_2026_08_18,assets/data/deepseek_2026_08_18_questions.json,955,ds_dirok_0314,Di Konferansa Aştiyê ya Parîsê de (1919) Şerîf Paşa kîjan rola dîplomatîk lîst?,Source title and URL are both missing.,14ba9545d37f8b7dfba90728ebdb85e4
warning,missing_source_metadata,high,deepseek_2026_08_18,assets/data/deepseek_2026_08_18_questions.json,956,ds_dirok_0315,"Armanca sereke ya rapora ""Ziya Gökalp"" a bi navê ""Kürt Aşiretleri Hakkında Sosyolojik Tetkikler"" (1922) çi bû?",Source title and URL are both missing.,52531e6099ccdd571fb84e643eec206b
warning,missing_source_metadata,high,deepseek_2026_08_18,assets/data/deepseek_2026_08_18_questions.json,957,ds_dirok_0316,"Cemiyeta Azadiyê (1923, bi serokatiya Xalid Begê Cibirî) ji rêxistinên beriya xwe bi çi cuda dibû?",Source title and URL are both missing.,de1bd71d6da88c8b0656c86b1512bbe3
warning,missing_source_metadata,high,deepseek_2026_08_18,assets/data/deepseek_2026_08_18_questions.json,958,ds_dirok_0317,Taktîka leşkerî ya Îhsan Nûrî Paşa ya di Berxwedana Agiriyê de (1927-1930) çi bû?,Source title and URL are both missing.,9af7e74020b5263f738a275ffea7ddae
warning,missing_source_metadata,high,deepseek_2026_08_18,assets/data/deepseek_2026_08_18_questions.json,959,ds_dirok_0318,Qanûna Tunceliyê ya sala 1935an beriya Operasyona Dêrsimê ya 1937-1938an kîjan guherîna hiqûqî anî?,Source title and URL are both missing.,3bab02c7604259e7d5dbaa16070d5552
warning,missing_source_metadata,high,deepseek_2026_08_18,assets/data/deepseek_2026_08_18_questions.json,960,ds_dirok_0319,"Di sedsala 16an de piştî kêmkirina xetereya Sefewiyan, helwesta Împaratoriya Osmanî li hemberî mîrektiyên kurd çawa guherî?",Source title and URL are both missing.,63226570b0d860bf5a3888535b865960
warning,missing_source_metadata,high,deepseek_2026_08_18,assets/data/deepseek_2026_08_18_questions.json,961,ds_dirok_0320,"Dema ku Ebdulkerîm Qasim di sala 1958an de li Iraqê hate ser desthilatê, di destûra bingehîn de kîjan xal hate bicihkirin?",Source title and URL are both missing.,aa9008d8edad1948d18ed1bf5a8d8e18
warning,missing_source_metadata,high,deepseek_2026_08_18,assets/data/deepseek_2026_08_18_questions.json,962,ds_dirok_0321,"Damezrandina Malên Çanda Rojhilat ên Şoreşger (DDKO, 1969) di dîroka siyasî de kîjan qonaxa nû nîşan da?",Source title and URL are both missing.,c7bdaf1978ffbee051890c14feff0b06
warning,missing_source_metadata,high,deepseek_2026_08_18,assets/data/deepseek_2026_08_18_questions.json,963,ds_dirok_0322,"Cemiyeta Teawûn û Tereqiya Kurd a ku di sala 1908an de hate damezrandin, kîjan rola sereke lîst?",Source title and URL are both missing.,3f798e912609d38254b93634fa229a5c
warning,missing_source_metadata,high,deepseek_2026_08_18,assets/data/deepseek_2026_08_18_questions.json,964,ds_dirok_0323,Xanedana Rewadiyan (Revvadî) di sedsalên 10 û 11an de li kîjan herêmê hukum dikir?,Source title and URL are both missing.,9d80916e8580d0e9c451dfb7435ed981
warning,missing_source_metadata,high,deepseek_2026_08_18,assets/data/deepseek_2026_08_18_questions.json,965,ds_dirok_0324,"Xanedana Hesenkeweyhî (Hasanveyhî, sedsala 10an) ji aliyê erdnîgarî ve li kîjan herêmê serwer bû?",Source title and URL are both missing.,129903dc7d7d679c2f755ebcf419c0af
warning,missing_source_metadata,high,deepseek_2026_08_18,assets/data/deepseek_2026_08_18_questions.json,966,ds_dirok_0325,Sedema vegera Şerefxanê Bidlîsî ji dewleta Sefewiyan bo cem Osmaniyan di sala 1578an de çi bû?,Source title and URL are both missing.,5b5a2c22dd683d13803d6da21c22cf7f
warning,missing_source_metadata,high,deepseek_2026_08_18,assets/data/deepseek_2026_08_18_questions.json,967,ds_dirok_0326,Fermana Tanzîmatê ya sala 1839an ji aliyê îdarî ve çawa bandor li mîrektiyên kurd kir?,Source title and URL are both missing.,2f76a42cb31855f8cdf4fd15ba431dec
warning,missing_source_metadata,high,deepseek_2026_08_18,assets/data/deepseek_2026_08_18_questions.json,968,ds_dirok_0327,Tevgera Koçgiriyê ya sala 1921ê ji aliyê daxwazên xwe yên siyasî ve li ser çi ava bûbû?,Source title and URL are both missing.,35900a5429ce07d7ecc7e81a4603f61c
warning,missing_source_metadata,high,deepseek_2026_08_18,assets/data/deepseek_2026_08_18_questions.json,969,ds_dirok_0328,Peymana Nihênî ya Sykes-Picot (1916) erdnîgariya herêmê li ser kîjan hîmî dabeş kir?,Source title and URL are both missing.,524df6406b1b13857d6aeca990632fa7
warning,missing_source_metadata,high,deepseek_2026_08_18,assets/data/deepseek_2026_08_18_questions.json,970,ds_dirok_0329,"Piştî Şerê Osmanî û Rûsî yê 1828-1829an, helwesta eşîrên kurd ên li ser sînor çawa bû?",Source title and URL are both missing.,e03db4fb69b6367b4caab45695c90f5f
warning,missing_source_metadata,high,deepseek_2026_08_18,assets/data/deepseek_2026_08_18_questions.json,971,ds_dirok_0330,"Taybetmendiya leşkerî û aborî ya Mîrektiya Soran a di serdema Mîr Mihemed de (Mîrê Kor, 1830î) çi bû?",Source title and URL are both missing.,61962f6c3fffcf415e1d30ac613965a2
warning,missing_source_metadata,high,deepseek_2026_08_18,assets/data/deepseek_2026_08_18_questions.json,972,ds_dirok_0331,Tevgerên Barzan ên di salên 1943-1945an de ji bo damezrandina Komara Mehabadê (1946) kîjan sûda rasterast anîn?,Source title and URL are both missing.,77b39815bfbc0f31b82752b3731d2dd0
warning,missing_source_metadata,high,deepseek_2026_08_18,assets/data/deepseek_2026_08_18_questions.json,973,ds_dirok_0332,Sedema sereke ya destpêkirina Şoreşa Îlonê ya sala 1961ê li Başûr çi bû?,Source title and URL are both missing.,bfbc7db7a94c2ae098d8c92fd036e6ea
warning,missing_source_metadata,high,deepseek_2026_08_18,assets/data/deepseek_2026_08_18_questions.json,974,ds_dirok_0333,"Kovara ""Jîn""ê ya ku di salên 1918-1919an de li Stenbolê derket, ji aliyê ramana siyasî ve çi diparast?",Source title and URL are both missing.,a6f718e8360bc5594d9f5f0ff815072d
warning,missing_source_metadata,high,deepseek_2026_08_18,assets/data/deepseek_2026_08_18_questions.json,975,ds_dirok_0334,Di Seyahetnameya Ewliya Çelebî ya sedsala 17an de mîrektiyên kurd çawa hatine teswîrkirin?,Source title and URL are both missing.,66636ac39f3a195f51909ae929ba698f
warning,missing_source_metadata,high,deepseek_2026_08_18,assets/data/deepseek_2026_08_18_questions.json,976,ds_dirok_0335,Dadgehên Îstiqlalê yên Şerqê (1925) piştî serhildanê kîjan rola sereke lîstin?,Source title and URL are both missing.,f00dab25ac5843db9697843386442e87
warning,missing_source_metadata,high,deepseek_2026_08_18,assets/data/deepseek_2026_08_18_questions.json,977,ds_dirok_0336,Dewleta Hesenkeweyhî (Hasanveyhî) di bin serweriya Bûweyhiyan de kîjan pêşketina aborî û ewlehiyê ava kiribû?,Source title and URL are both missing.,ae975268ae2b42c197898a76db382b34
warning,missing_source_metadata,high,deepseek_2026_08_18,assets/data/deepseek_2026_08_18_questions.json,978,ds_dirok_0337,Armanca sereke ya operasyonên Enfalê (1988) yên rejîma Baasê li dijî gelê kurd çi bû?,Source title and URL are both missing.,db8b279a5965bada719a7885fae10df5
warning,missing_source_metadata,high,deepseek_2026_08_18,assets/data/deepseek_2026_08_18_questions.json,979,ds_dirok_0338,"Piştî Şerê Kendavê û piştî biryara 688an di sala 1991ê de, koalîsyonê li bakurê Iraqê kîjan gav avêt?",Source title and URL are both missing.,c46b067646ad7958ef6991044716980b
warning,near_duplicate_candidate,medium,deepseek_2026_08_18,assets/data/deepseek_2026_08_18_questions.json,97,ds_cografya_0209,Di sala 1950î de nifûsa cîhanê derdora çend milyar bû?,Near duplicate candidate.,4dad20dfcf82538d443f73c52271c04c
warning,missing_source_metadata,high,deepseek_2026_08_18,assets/data/deepseek_2026_08_18_questions.json,980,ds_dirok_0339,Serhildana Bidlîsê ya sala 1913an (bi serkêşiya Mela Selîm) li dijî kîjan polîtîkayê derketibû holê?,Source title and URL are both missing.,d677afdf76e70fb05717cbf1f2b8b17a
warning,missing_source_metadata,high,deepseek_2026_08_18,assets/data/deepseek_2026_08_18_questions.json,981,ds_teknoloji_0300,Sedema sereke ya ku protokola HTTP/3 li şûna TCP derbasî ser protokola QUIC (UDP) bû çi ye?,Source title and URL are both missing.,d4a89b6629d33a7a15395a503d979137
warning,missing_source_metadata,high,deepseek_2026_08_18,assets/data/deepseek_2026_08_18_questions.json,982,ds_teknoloji_0301,"Di algorîtmaya ""Consistent Hashing"" de rola çêkirina girêkên xeyalî (virtual nodes) çi ye?",Source title and URL are both missing.,30b99a905f5704d9a172c6ea1b646985
warning,missing_source_metadata,high,deepseek_2026_08_18,assets/data/deepseek_2026_08_18_questions.json,983,ds_teknoloji_0302,"Ji bo sîstemên ku leza nivîsandinê pir lê zêde ye, çima binesaziya ""LSM-Tree"" ji ""B-Tree"" guncawtir e?",Source title and URL are both missing.,89cc93a8245e4104143e72da928ebc24
warning,missing_source_metadata,high,deepseek_2026_08_18,assets/data/deepseek_2026_08_18_questions.json,984,ds_teknoloji_0303,Di protokola TLS 1.3 de kîjan guherîna sereke bûye sedema kêmkirina derengmayîna destpêkirina girêdanê?,Source title and URL are both missing.,f12bcbec9dccd6a4802e81941964b78f
warning,missing_source_metadata,high,deepseek_2026_08_18,assets/data/deepseek_2026_08_18_questions.json,985,ds_teknoloji_0304,"Di algorîtmaya lihevkirinê ya Raft de, mekanîzmaya sereke ya ji bo rêgirtina li dubendiya dengan (split vote) çi ye?",Source title and URL are both missing.,a9215e00c3c99717e020fc32c6dc8c2d
warning,missing_source_metadata,high,deepseek_2026_08_18,assets/data/deepseek_2026_08_18_questions.json,986,ds_teknoloji_0305,"Di protokola hevgirtina bîrgeha lezgîn a MESI de, rewşa ""Invalid"" derbasî kîjan rewşê dibe dema ku dane ji nû ve bên xwendin û di navendên din de nebin?",Source title and URL are both missing.,cb55f3aedd844db0f9692ccfde2d27e6
warning,missing_source_metadata,high,deepseek_2026_08_18,assets/data/deepseek_2026_08_18_questions.json,987,ds_teknoloji_0306,"Kêmasiya ewlehiyê ya ""Spectre"" xwe dispêre kîjan taybetmendiya mîmariya nûjen a pêvajoyeran (CPU)?",Source title and URL are both missing.,d269262312bec1efe0abf17ce13d4d2b
warning,missing_source_metadata,high,deepseek_2026_08_18,assets/data/deepseek_2026_08_18_questions.json,988,ds_teknoloji_0307,Fikrên bingehîn ên mekanîzmaya komkirina çopê ya bi nifşan (Generational Garbage Collection) xwe dispêre çi?,Source title and URL are both missing.,6be39b9c8921c64e90ce034ed61918b0
warning,missing_source_metadata,high,deepseek_2026_08_18,assets/data/deepseek_2026_08_18_questions.json,989,ds_teknoloji_0308,Teorema PACELC di sîstemên belavbûyî de kîjan aliyê ku di Teorema CAP de kêm dima temam dike?,Source title and URL are both missing.,186329c08ddaa630f46e56c04782d767
warning,missing_source_metadata,high,deepseek_2026_08_18,assets/data/deepseek_2026_08_18_questions.json,990,ds_teknoloji_0309,Cudahiya herî girîng a demjimêrên vektorî (Vector Clocks) li gorî demjimêrên Lamport çi ye?,Source title and URL are both missing.,98ed7e521ee73cf5ef99914e1be9da44
warning,missing_source_metadata,high,deepseek_2026_08_18,assets/data/deepseek_2026_08_18_questions.json,991,ds_teknoloji_0310,"Di bangewaziya sîstemê ya ""fork()"" de mekanîzmaya ""Copy-on-Write"" (CoW) çawa sûdê dide xebata bîrgehê?",Source title and URL are both missing.,78c26d6b6f79fed605907c7a05c010b6
warning,missing_source_metadata,high,deepseek_2026_08_18,assets/data/deepseek_2026_08_18_questions.json,992,ds_teknoloji_0311,"Çima di bin hejmareke pir zêde ya girêdanan de mekanîzmaya ""epoll"" ji ""select"" an ""poll"" pir bi bandortir e?",Source title and URL are both missing.,546361ed78c97d52bffa54e20aeb3d10
warning,missing_source_metadata,high,deepseek_2026_08_18,assets/data/deepseek_2026_08_18_questions.json,993,ds_teknoloji_0312,"Cudahiya bingehîn a armancê di navbera ""Two-Phase Locking"" (2PL) û ""Two-Phase Commit"" (2PC) de çi ye?",Source title and URL are both missing.,fb1de24f26060aa01b009dcc7c404075
warning,missing_source_metadata,high,deepseek_2026_08_18,assets/data/deepseek_2026_08_18_questions.json,994,ds_teknoloji_0313,Çima krîptografiya çiqilên elîptîk (ECC) li gorî RSA di asta heman ewlehiyê de bêtir tê tercîhkirin?,Source title and URL are both missing.,fb968cb3c8a52ba4f8233c62e42b0c12
warning,missing_source_metadata,high,deepseek_2026_08_18,assets/data/deepseek_2026_08_18_questions.json,995,ds_teknoloji_0314,"Di nivîsandina algorîtmayên krîptografîk de armanca bikaranîna rêbaza ""Constant-Time"" çi ye?",Source title and URL are both missing.,73dc571da74993ffc8b3df6cfd235c49
warning,missing_source_metadata,high,deepseek_2026_08_18,assets/data/deepseek_2026_08_18_questions.json,996,ds_teknoloji_0315,"Di mekanîzmaya baldarîyê ya Transformeran de (Self-Attention), aloziya hejmartinê li gorî dirêjahiya rêzê (N) çawa zêde dibe?",Source title and URL are both missing.,b1f761a698209770bc2e9d0351266601
warning,missing_source_metadata,high,deepseek_2026_08_18,assets/data/deepseek_2026_08_18_questions.json,997,ds_teknoloji_0316,"Di hilberandina modelên ziman ên mezin (LLM) de feydeya sereke ya binesaziya ""KV-Cache"" çi ye?",Source title and URL are both missing.,44a5ed5144f090fda8627e92d1c1a3d5
warning,missing_source_metadata,high,deepseek_2026_08_18,assets/data/deepseek_2026_08_18_questions.json,998,ds_teknoloji_0317,"Ji bo çareserkirina rewşa asêbûnê (Deadlock), rêbaza şikandina şerta ""Circular Wait"" xwe dispêre çi?",Source title and URL are both missing.,e3a784c5ad31ce244847fb1daef1e386
warning,missing_source_metadata,high,deepseek_2026_08_18,assets/data/deepseek_2026_08_18_questions.json,999,ds_teknoloji_0318,"Dema ku di bîrgeha lezgîn a wergerandina navnîşanan de (TLB) rûpel neyê dîtin (TLB miss), mekanîzmaya MMU çi dike?",Source title and URL are both missing.,2822875d74e1a2b55f66b0f8cb2087b1
warning,near_duplicate_candidate,medium,editorial_runtime_bank,assets/data/editorial_questions.json,102,edit_ziman_0021,"Peyva Kurmancî ""dar"" bi Tirkî çi tê wateyê?",Near duplicate candidate.,38e349b1029b789401dd78ee73edde08
warning,near_duplicate_candidate,medium,editorial_runtime_bank,assets/data/editorial_questions.json,118,edit_cand_0023,"Di dawetên kurdî de ""qelen"" çi ye?",Near duplicate candidate.,cd22b76406c3e370ad4231aace91881f
warning,near_duplicate_candidate,medium,editorial_runtime_bank,assets/data/editorial_questions.json,159,edit_paradigma_0014,"Peyva ""xweza"" bi Tirkî çi tê wateyê?",Near duplicate candidate.,232d2e9139f514108cd04b8adf8bd987
warning,near_duplicate_candidate,medium,editorial_runtime_bank,assets/data/editorial_questions.json,161,edit_ziman_0036,"Peyva Kurmancî ""dest"" bi Tirkî çi tê wateyê?",Near duplicate candidate.,1cb6e07c55887b716376056c57b235d8
warning,near_duplicate_candidate,medium,editorial_runtime_bank,assets/data/editorial_questions.json,162,edit_ziman_0038,"Peyva Kurmancî ""spas"" bi Tirkî çi tê wateyê?",Near duplicate candidate.,162a6ccc04caee94e8317852c9ae0591
warning,near_duplicate_candidate,medium,editorial_runtime_bank,assets/data/editorial_questions.json,163,edit_ziman_0039,"Dijwateya peyva ""dirêj"" di Kurmancî de kîjan e?",Near duplicate candidate.,248369070272d9ba951770c0c6cabdf2
warning,near_duplicate_candidate,medium,editorial_runtime_bank,assets/data/editorial_questions.json,170,edit_ziman_0046,"Hevwateya peyva ""westiyayî"" di Kurmancî de kîjan e?",Near duplicate candidate.,780a18fbfe47af0866c9d0f7091f5c3c
warning,near_duplicate_candidate,medium,editorial_runtime_bank,assets/data/editorial_questions.json,175,edit_cand_0029,"Di çanda kurdî de ""koçerî"" çi ye?",Near duplicate candidate.,f4dc03063e4aad3f50492b7c3766d751
warning,near_duplicate_candidate,medium,editorial_runtime_bank,assets/data/editorial_questions.json,17,edit_ziman_0020,"Di Kurmancî de cudahiya ""min"" û ""ez"" çi ye?",Near duplicate candidate.,abc21fca37a6c96f9eec8466ce3d0b33
warning,near_duplicate_candidate,medium,editorial_runtime_bank,assets/data/editorial_questions.json,192,edit_dirok_0031,Mîrektiya Erdelan navenda xwe li ku derê bû?,Near duplicate candidate.,4ff9af4ef2aefa6f5a7d260bd8fcac82
warning,near_duplicate_candidate,medium,editorial_runtime_bank,assets/data/editorial_questions.json,20,edit_cand_0004,"Di çanda kurdî de ""tiştonek"" çi ye?",Near duplicate candidate.,c13da227fb709105ed10e7c528f54579
warning,near_duplicate_candidate,medium,editorial_runtime_bank,assets/data/editorial_questions.json,215,edit_cografya_0028,Bajarê Kirmanşanê li kîjan perçeyê Kurdistanê ye?,Near duplicate candidate.,6e29296849d602e658738533c82400c0
warning,near_duplicate_candidate,medium,editorial_runtime_bank,assets/data/editorial_questions.json,219,edit_cografya_0033,Bajarê Dihokê li kîjan perçeyê Kurdistanê ye?,Near duplicate candidate.,40c7fc5187b706a07a9f6474ae61bf0e
warning,near_duplicate_candidate,medium,editorial_runtime_bank,assets/data/editorial_questions.json,222,edit_cografya_0036,"Peyva ""behr"" bi Tirkî çi tê wateyê?",Near duplicate candidate.,099666081a62fc86eb7a33b23e6153aa
warning,near_duplicate_candidate,medium,editorial_runtime_bank,assets/data/editorial_questions.json,223,edit_cografya_0037,Bajarê Efrînê li kîjan perçeyê Kurdistanê ye?,Near duplicate candidate.,1457694107cba46930480139af2134f7
warning,near_duplicate_candidate,medium,editorial_runtime_bank,assets/data/editorial_questions.json,235,edit_muzik_0032,"Peyva ""govend"" bi Tirkî çi tê wateyê?",Near duplicate candidate.,a8169f5aba4e2c90f5bdb805cc3c51de
warning,near_duplicate_candidate,medium,editorial_runtime_bank,assets/data/editorial_questions.json,237,edit_siyaset_0021,"Peyva ""wekhevî"" bi Tirkî çi tê wateyê?",Near duplicate candidate.,9ea167f7fc21709c813d40928e83e4a3
warning,near_duplicate_candidate,medium,editorial_runtime_bank,assets/data/editorial_questions.json,24,edit_cand_0008,"Di çanda kurdî de ""heval"" bi giştî çi tê wateyê?",Near duplicate candidate.,0a13a6f8e7c9b529989f3d90edf843e0
warning,near_duplicate_candidate,medium,editorial_runtime_bank,assets/data/editorial_questions.json,31,edit_cand_0015,"Xwarina ""dew"" ji çi tê çêkirin?",Near duplicate candidate.,6a7153ff1418ad7a4206d15d98493772
warning,near_duplicate_candidate,medium,editorial_runtime_bank,assets/data/editorial_questions.json,64,edit_cografya_0008,Bendava Îlisûyê li ser kîjan çemî hatiye avakirin?,Near duplicate candidate.,3dfd8003aa49d90f64d0d03d85449f06
warning,near_duplicate_candidate,medium,editorial_runtime_bank,assets/data/editorial_questions.json,69,edit_cografya_0013,Bajarê Qamişlo li kîjan parçeyê Kurdistanê ye?,Near duplicate candidate.,c8c9b90a8af4c615ecf83bd8ffeda0ac
warning,near_duplicate_candidate,medium,editorial_runtime_bank,assets/data/editorial_questions.json,70,edit_cografya_0014,Bajarê Sineyê (Sanandaj) li kîjan perçeyê Kurdistanê ye?,Near duplicate candidate.,5eb4cef5f05f150a50d44685a2364275
warning,near_duplicate_candidate,medium,editorial_runtime_bank,assets/data/editorial_questions.json,81,edit_muzik_0012,"Peyva ""stran"" bi Tirkî çi tê wateyê?",Near duplicate candidate.,6405b771621b92f37fd00db7cf9dfea4
warning,near_duplicate_candidate,medium,editorial_runtime_bank,assets/data/editorial_questions.json,90,edit_siyaset_0011,"Peyva ""azadî"" bi Tirkî çi tê wateyê?",Near duplicate candidate.,648cfa55625b1ce6a4a66d1aa8c2e5bb
warning,near_duplicate_candidate,medium,editorial_runtime_bank,assets/data/editorial_questions.json,91,edit_siyaset_0012,"Di siyaseta herêmî de ""komûn"" bi giştî çi ye?",Near duplicate candidate.,86b6bc95ab6aff9665c92bc17e771604
warning,near_duplicate_candidate,medium,editorial_runtime_bank,assets/data/editorial_questions.json,96,edit_paradigma_0005,"Di vê paradîgmayê de ""civaka exlaqî û polîtîk"" çi tê wateyê?",Near duplicate candidate.,0acc350dfb6be682efefd4814f4ed445
warning,missing_source_metadata,high,offline_runtime_bank,assets/data/offline_questions.json,1000,offline_tek_0041,"Di bernamesaziyê de ""algorîtma"" bi giştî çi ye?",Source title and URL are both missing.,b42e7221842665a74e14a9b69e526e6f
warning,missing_source_metadata,high,offline_runtime_bank,assets/data/offline_questions.json,1001,offline_tek_0042,Kîjan pergal li gorî tiştên ku te berê temaşe kirine tiştên nû nîşanî te dide?,Source title and URL are both missing.,2ac96a204496b44d27ca7d6c88891558
warning,missing_source_metadata,high,offline_runtime_bank,assets/data/offline_questions.json,1002,offline_tek_0043,"Heke daneyên perwerdehiyê kêm û çewt bin, encam çi dibe?",Source title and URL are both missing.,6d093675d343a7fee03e5c1357f9cfb1
warning,missing_source_metadata,high,offline_runtime_bank,assets/data/offline_questions.json,1003,offline_tek_0044,Bernameya ku bi deng fermanan digire û bersiv dide bi Kurmancî çi ye?,Source title and URL are both missing.,165f4ed245b8704cde4d1ab801048d62
warning,missing_source_metadata,high,offline_runtime_bank,assets/data/offline_questions.json,1004,offline_tek_0045,Kîjan kar ji bo otomasyonê herî guncaw e?,Source title and URL are both missing.,d5687c0f5fcf14ba6d3641e8c6dd43dc
warning,missing_source_metadata,high,offline_runtime_bank,assets/data/offline_questions.json,1005,offline_tek_0046,Robotê axaftinê (chatbot) her bersiva xwe ji mirovekî li paş ekranê digire.,Source title and URL are both missing.,25555e59814df3058ca512f47f328381
warning,missing_source_metadata,high,offline_runtime_bank,assets/data/offline_questions.json,1006,offline_tek_0047,"Di fêrbûna makîneyan de model bersivê bi pêşbîniyê çêdike, ne bi bîranîna her pirsê.",Source title and URL are both missing.,93904e499df866a5562f0a754790dc64
warning,missing_source_metadata,high,offline_runtime_bank,assets/data/offline_questions.json,1007,offline_tek_0048,"Wêneyên ku model çêdikin, dîmenên rastîn ên kamerayê ne.",Source title and URL are both missing.,969983c9fac7381a6d3a4cb02492476f
warning,missing_source_metadata,high,offline_runtime_bank,assets/data/offline_questions.json,1008,offline_tek_0049,Berî komputerê jî mirovan algorîtma bi kar dianîn.,Source title and URL are both missing.,012c4b86c28143b2272f332ae3dfc141
warning,missing_source_metadata,high,offline_runtime_bank,assets/data/offline_questions.json,1009,offline_tek_0050,Bernameya ku li ser telefonên destan tê barkirin û tê bikaranîn bi Kurmancî çi ye?,Source title and URL are both missing.,e81907988eaae8e69bf4c9dd6903c35d
warning,missing_source_metadata,high,offline_runtime_bank,assets/data/offline_questions.json,100,offline_2354,Bajarê Kobanê li kîjan perçeyê Kurdistanê ye?,Source title and URL are both missing.,eef19633ed6baab25ea7b7831f5ae034
warning,near_duplicate_candidate,medium,offline_runtime_bank,assets/data/offline_questions.json,100,offline_2354,Bajarê Kobanê li kîjan perçeyê Kurdistanê ye?,Near duplicate candidate.,af6f23bde1f88fb880159ed2dc2a7abe
warning,missing_source_metadata,high,offline_runtime_bank,assets/data/offline_questions.json,1010,offline_tek_0051,"Peyva Kurmancî ""agahdarî"" di sepanên mobîl de bi Tirkî çi tê gotin?",Source title and URL are both missing.,7dbc568f77308014eef098d4039ca520
warning,missing_source_metadata,high,offline_runtime_bank,assets/data/offline_questions.json,1011,offline_tek_0052,"Ji bo barkirina sepaneke nû li ser telefonê, çavkaniya herî ewle kîjan e?",Source title and URL are both missing.,d1782b824a9fde4cc42896a06c3e5fee
warning,missing_source_metadata,high,offline_runtime_bank,assets/data/offline_questions.json,1012,offline_tek_0053,Çima hin sepan bêyî girêdana înternetê jî dixebitin?,Source title and URL are both missing.,2ceb3f386081c8f6d899c7c7b8a24d5b
warning,missing_source_metadata,high,offline_runtime_bank,assets/data/offline_questions.json,1013,offline_tek_0054,GPS di amûrên mobîl de bi giştî ji bo çi tê bikaranîn?,Source title and URL are both missing.,c93fea1c8028eb6835166e600b1a6035
warning,missing_source_metadata,high,offline_runtime_bank,assets/data/offline_questions.json,1014,offline_tek_0055,"Gava sepanek cara yekem hewceyî mîkrofona amûrê dibe, pergal çi dike?",Source title and URL are both missing.,5b75295c08a89158413cdbf51f560912
warning,missing_source_metadata,high,offline_runtime_bank,assets/data/offline_questions.json,1015,offline_tek_0056,"Heke telefonek winda bibe, kilîta ekranê bêkêr e.",Source title and URL are both missing.,abf1480b0314d8548faa9873f8bd8ba6
warning,missing_source_metadata,high,offline_runtime_bank,assets/data/offline_questions.json,1016,offline_tek_0057,Bikarhêner dikare agahdariyên sepanekê ji mîhengên amûrê vemirîne.,Source title and URL are both missing.,5397aa44fc9f04def4c737011c40a627
warning,missing_source_metadata,high,offline_runtime_bank,assets/data/offline_questions.json,1017,offline_tek_0058,Temaşekirina vîdyoyê ji xwendina nivîsê kêmtir daneyên mobîl xerc dike.,Source title and URL are both missing.,63b3d988535ae8f9092a95eb6090f4b9
warning,missing_source_metadata,high,offline_runtime_bank,assets/data/offline_questions.json,1018,offline_tek_0059,"Dema sepanek ji amûrê tê jêbirin, daneyên ku di hundirê sepanê de hatine tomarkirin jî diçin.",Source title and URL are both missing.,703f9bfe6afbc72f30d8475e6fe29305
warning,missing_source_metadata,high,offline_runtime_bank,assets/data/offline_questions.json,1019,offline_tek_0060,Di bernamesaziyê de kîjan hêman çend fermanan di bin navekî de kom dike û paşê gelek caran tê bikaranîn?,Source title and URL are both missing.,5f18cb6bd512b624bfa32460e58fa3e3
warning,missing_source_metadata,high,offline_runtime_bank,assets/data/offline_questions.json,101,offline_2362,Zimanê kevneşopî yê civaka êzidî kîjan zarava ye?,Source title and URL are both missing.,3a4ce840e2fb07bb3f79e07593b91a85
warning,missing_source_metadata,high,offline_runtime_bank,assets/data/offline_questions.json,1020,offline_tek_0061,Kîjan hêman li gorî rewşê diyar dike ka bername kîjan rê bigire?,Source title and URL are both missing.,70c671d6313f52eed589491d5e357223
warning,missing_source_metadata,high,offline_runtime_bank,assets/data/offline_questions.json,1021,offline_tek_0062,Di bernamesaziyê de kîjan têgeh gelek nirxan bi rêzê di bin yek navî de digire?,Source title and URL are both missing.,45d2b0917af00928654bef4345db6e70
warning,missing_source_metadata,high,offline_runtime_bank,assets/data/offline_questions.json,1022,offline_tek_0063,Kîjan nermalav koda ku mirov nivîsandiye vediguherîne fermanên ku pêvajoker dimeşîne?,Source title and URL are both missing.,f84ece386d9aaf6e770e9969d97ccde4
warning,missing_source_metadata,high,offline_runtime_bank,assets/data/offline_questions.json,1023,offline_tek_0064,Kîjan nermalav guhertoyên kodê yek bi yek tomar dike û vegera ser rewşa berê hêsan dike?,Source title and URL are both missing.,8ca03937a56a640a87bc7c99e2f10eeb
warning,missing_source_metadata,high,offline_runtime_bank,assets/data/offline_questions.json,1024,offline_tek_0065,Çima di projeyeke nermalavê de pirtûkxaneyeke amade tê bikaranîn?,Source title and URL are both missing.,56843408d2dd86e933a728a83fbf8c4f
warning,missing_source_metadata,high,offline_runtime_bank,assets/data/offline_questions.json,1025,offline_tek_0066,Çewtiyeke tîpê ya piçûk jî dikare bernameyekê ji xebatê bixe.,Source title and URL are both missing.,533370d47fd0fada1892dc9e74ab44e0
warning,missing_source_metadata,high,offline_runtime_bank,assets/data/offline_questions.json,1026,offline_tek_0067,Şiroveyên di nav kodê de ji aliyê komputerê ve nayên meşandin.,Source title and URL are both missing.,704cc51220378869f27385a0b4113116
warning,missing_source_metadata,high,offline_runtime_bank,assets/data/offline_questions.json,1027,offline_tek_0068,Her zimanê bernamesaziyê ji bo her karî bi heman awayî guncaw e.,Source title and URL are both missing.,e9d9498cb9fb14c71889a9a2f89869e4
warning,missing_source_metadata,high,offline_runtime_bank,assets/data/offline_questions.json,1028,offline_tek_0069,"Heke hemû ceribandin bi ser bikevin, êdî di kodê de tu çewtî namîne.",Source title and URL are both missing.,f3ba95260c5ec4bbee16cb3d2dfe8b8e
warning,missing_source_metadata,high,offline_runtime_bank,assets/data/offline_questions.json,1029,offline_tek_0070,Deng bi gelemperî bi kîjan cureyê dosyayê tê tomarkirin?,Source title and URL are both missing.,b902a1c0d51693d01ca6d51fdda59631
warning,missing_source_metadata,high,offline_runtime_bank,assets/data/offline_questions.json,102,offline_2376,"Bajarê ku bi erebî ""Erbîl"" tê gotin, navê wî yê kurdî çi ye?",Source title and URL are both missing.,0c532a20664cefeaa09a87e73488dacf
warning,missing_source_metadata,high,offline_runtime_bank,assets/data/offline_questions.json,1030,offline_tek_0071,Mezinahiya dosyayekê bi çi tê pîvandin?,Source title and URL are both missing.,ad6dbeb804175fdbdcd2190ab0f267fb
warning,missing_source_metadata,high,offline_runtime_bank,assets/data/offline_questions.json,1031,offline_tek_0072,"Ji ya herî biçûk ber bi ya herî mezin ve, rêza rast kîjan e?",Source title and URL are both missing.,f14f8e9b7a53f1f0a02418d942642153
warning,missing_source_metadata,high,offline_runtime_bank,assets/data/offline_questions.json,1032,offline_tek_0073,Bi gelemperî kîjan dosya ji hemûyan bêtir cih digire?,Source title and URL are both missing.,b0dab14b7a1e589b818573e0ba1a2a71
warning,missing_source_metadata,high,offline_runtime_bank,assets/data/offline_questions.json,1033,offline_tek_0074,Pergala ku agahiyan birêkûpêk hildigire û lêgerînê hêsan dike bi Kurmancî çi ye?,Source title and URL are both missing.,066140d6ad00cfac518afe425d212023
warning,missing_source_metadata,high,offline_runtime_bank,assets/data/offline_questions.json,1034,offline_tek_0076,"Heke paşgirê navê dosyayekê ji .txt bo .mp3 were guhertin, naverok jî dibe deng.",Source title and URL are both missing.,ff4c440e50914042756a47a19deeb48b
warning,missing_source_metadata,high,offline_runtime_bank,assets/data/offline_questions.json,1035,offline_tek_0077,Dosyayeke PDF li ser amûrên cuda bi heman awayî xuya dike.,Source title and URL are both missing.,6e2a3b9b423c77a20e25fc0e2ad98fb9
warning,missing_source_metadata,high,offline_runtime_bank,assets/data/offline_questions.json,1036,offline_tek_0078,Wêneyên ku bi telefonê tên kişandin dikarin agahiya cihê kişandinê jî di nav xwe de bigirin.,Source title and URL are both missing.,f52826f94e733c8068e5a4d6f6d3a2f1
warning,missing_source_metadata,high,offline_runtime_bank,assets/data/offline_questions.json,1037,offline_tek_0079,Her awayê kêmkirina mezinahiya dosyayan bêyî windakirina agahiyan dixebite.,Source title and URL are both missing.,22a87991ab936f3431aca12b28c302f0
warning,missing_source_metadata,high,offline_runtime_bank,assets/data/offline_questions.json,1038,offline_tek_0080,Bernameya ku pê rûpelên malperan têne vekirin bi Kurmancî çi ye?,Source title and URL are both missing.,90ed337302085da1cf0d6cb175ce0cf6
warning,missing_source_metadata,high,offline_runtime_bank,assets/data/offline_questions.json,1039,offline_tek_0081,"Peyva Kurmancî ""lêgerîn"" bi Tirkî çi tê gotin?",Source title and URL are both missing.,5127cf5aa6f9e1c5511dbba97a98d968
warning,missing_source_metadata,high,offline_runtime_bank,assets/data/offline_questions.json,103,offline_2381,"""Erbane"" kîjan cureyê amûrê ye?",Source title and URL are both missing.,ed77cb70eaa08e73cc627f2cbbdf27ef
warning,missing_source_metadata,high,offline_runtime_bank,assets/data/offline_questions.json,1040,offline_tek_0082,Encamên yekem ên motora lêgerînê her tim çavkaniyên herî pêbawer in.,Source title and URL are both missing.,c265f3093df12c086abd646f28d2a7d9
warning,missing_source_metadata,high,offline_runtime_bank,assets/data/offline_questions.json,1041,offline_tek_0083,E-nameyek ji kesekî nenas bi pêvekekê re hat. Tevgera herî ewle kîjan e?,Source title and URL are both missing.,313fa7a5090b538f6489539e7ce2bf32
warning,missing_source_metadata,high,offline_runtime_bank,assets/data/offline_questions.json,1042,offline_tek_0084,Mîhengên malbatî yên li ser amûrê dikarin naveroka neguncaw ji zarokan re sînordar bikin.,Source title and URL are both missing.,dddfe84a6c3344ed420e0f81f350e127
warning,missing_source_metadata,high,offline_runtime_bank,assets/data/offline_questions.json,1043,offline_tek_0085,"Dema tu li malperekê digerî, ""cookie"" çi dike?",Source title and URL are both missing.,aee5c506022f572673e7107ba6cce7e5
warning,missing_source_metadata,high,offline_runtime_bank,assets/data/offline_questions.json,1044,offline_tek_0086,"Wêne û nivîsên ku tu li ser înternetê belav dikî, piştî jêbirinê jî dikarin li cihên din bimînin.",Source title and URL are both missing.,01e46657c589fdf46ae899480e8d4276
warning,missing_source_metadata,high,offline_runtime_bank,assets/data/offline_questions.json,1045,offline_tek_0087,"Berî kirînê li ser înternetê, divê mirov pêşî li çi binêre?",Source title and URL are both missing.,79416aaf43c00bdaa58cac7a7e6dd976
warning,missing_source_metadata,high,offline_runtime_bank,assets/data/offline_questions.json,1046,offline_tek_0088,"Wêneyê ku bi nûçeyekê re tê belavkirin, bi tena serê xwe îsbat dike ku bûyer wisa qewimiye.",Source title and URL are both missing.,9d2bce42b5b8390a181c70a0dcadf9ee
warning,missing_source_metadata,high,offline_runtime_bank,assets/data/offline_questions.json,1047,offline_tek_0089,Kîjan mîheng diyar dikin ka kî dikare agahiyên te yên hesabê bibîne?,Source title and URL are both missing.,22713e824d9959ecbcca5b6d99e29b05
warning,missing_source_metadata,high,offline_runtime_bank,assets/data/offline_questions.json,1048,offline_sin_2001,"Çima ""Klamek ji bo Beko"" (1992) di dîroka sînemaya kurdî de xwedî cihekî taybet e?",Source title and URL are both missing.,e76dccd9bbceb6a07dcf25b36fa60479
warning,missing_source_metadata,high,offline_runtime_bank,assets/data/offline_questions.json,1049,offline_sin_2002,Alfred Hitchcock tu carî Oscara derhêneriya herî baş wernegirt.,Source title and URL are both missing.,eda930f6babf06492541efc966cfbc51
warning,missing_source_metadata,high,offline_runtime_bank,assets/data/offline_questions.json,104,offline_2388,Ji wan serpêhatiyên ku zivistanan têne vegotin re bi Kurmancî bi giştî çi tê gotin?,Source title and URL are both missing.,135500a479f7025a5bd9e6bfbe18c0e2
warning,missing_source_metadata,high,offline_runtime_bank,assets/data/offline_questions.json,1050,offline_sin_2003,"Fîlmê ""Ji bo Azadiyê"" (2019) berhema komîneke sînemayê ye; ev komîn li kîjan herêmê hatiye damezrandin?",Source title and URL are both missing.,00569e9d0b96dafbec60ddc312d0595b
warning,missing_source_metadata,high,offline_runtime_bank,assets/data/offline_questions.json,1051,offline_sin_2004,"Bûyerên fîlmê ""Kilomètre zéro"" di kîjan şerî de derbas dibin?",Source title and URL are both missing.,1d18a513ff59a8e1941212699d9bb64f
warning,missing_source_metadata,high,offline_runtime_bank,assets/data/offline_questions.json,1052,offline_sin_2005,"Belgefîlma ""Nanook of the North"" piştî Şerê Cîhanê yê Duyem hate kişandin.",Source title and URL are both missing.,9bebb29153a88228042879bf5e4c990b
warning,missing_source_metadata,high,offline_runtime_bank,assets/data/offline_questions.json,1053,offline_sin_2006,"Yilmaz Guney berî ku bibe derhêner, karê wî yê sereke li sînemayê çi bû?",Source title and URL are both missing.,7313952de50b8640806760a71eeaaff5
warning,missing_source_metadata,high,offline_runtime_bank,assets/data/offline_questions.json,1054,offline_sin_2007,"Jano Rosebiani di fîlmê ""Jiyan"" (2002) de li ser encamên kîjan bûyerê radiweste?",Source title and URL are both missing.,833477aefb821e24fd75fd4bbfaa729f
warning,missing_source_metadata,high,offline_runtime_bank,assets/data/offline_questions.json,1055,offline_sin_2008,Di sînemaya klasîk de ji bo tevgereke xwezayî di çirkeyekê de 24 wêne tên nîşandan.,Source title and URL are both missing.,52c3934b2da754653fceb26402fae081
warning,missing_source_metadata,high,offline_runtime_bank,assets/data/offline_questions.json,1056,offline_sin_2009,Karê ku tê de dîmenên kişandî li gorî rêzekê tên birîn û bi hev ve tên girêdan çi ye?,Source title and URL are both missing.,cc79152a5d62f1c8dfaa84c60f639dfa
warning,missing_source_metadata,high,offline_runtime_bank,assets/data/offline_questions.json,1057,offline_sin_2010,Kîjan derhênerê îranî di sala 1997'an de Palmiya Zêrîn a Cannesê wergirt?,Source title and URL are both missing.,b0dd910a3a9e67176c541f4be8eb8169
warning,missing_source_metadata,high,offline_runtime_bank,assets/data/offline_questions.json,1058,offline_sin_2011,"Yekem fîlmê dirêj ê bi deng ""Ronahiyên Bajêr"" bû.",Source title and URL are both missing.,0e6a9da81bf5f29ff4bcc152c75fe9f5
warning,missing_source_metadata,high,offline_runtime_bank,assets/data/offline_questions.json,1059,offline_sin_2012,"Sê fîlmên ""Pather Panchali"", ""Aparajito"" û ""Apur Sansar"" ji kîjan welatî ne?",Source title and URL are both missing.,be7ef16674e424b8085592b3a0cf3223
warning,missing_source_metadata,high,offline_runtime_bank,assets/data/offline_questions.json,105,offline_2406,"Kovara ""Hawar"" ya ku beşdarî kurdiya nûjen kiriye li kîjan bajarî derketiye?",Source title and URL are both missing.,633f40404c3238abd03fe68240aaaed2
warning,missing_source_metadata,high,offline_runtime_bank,assets/data/offline_questions.json,1060,offline_sin_2013,"Ousmane Sembène, ku wek bavê sînemaya Afrîkayê tê hesibandin, ji kîjan welatî ye?",Source title and URL are both missing.,bbcb3bce995c7761b6bf15addf414713
warning,missing_source_metadata,high,offline_runtime_bank,assets/data/offline_questions.json,1061,offline_sin_2014,Qedexeya fermî ya çêkirina fîlman nekarî Jafar Panahi rawestîne; wî piştî wê biryarê jî fîlm çêkirin.,Source title and URL are both missing.,bc9eda8370205f2de166944442bf2ebb
warning,missing_source_metadata,high,offline_runtime_bank,assets/data/offline_questions.json,1062,offline_sin_2015,"Peyva ""paparazzi"" ku îro ji bo wênegirên stêrkan tê bikaranîn, ji karakterekî kîjan fîlmî tê?",Source title and URL are both missing.,237509e720162a1b72d8904e2b3c5019
warning,missing_source_metadata,high,offline_runtime_bank,assets/data/offline_questions.json,1063,offline_sin_2016,Kîjan derhênerê sovyetî bi planên xwe yên pir dirêj û bi vegotina xwe ya hêdî tê nasîn?,Source title and URL are both missing.,1096f5da34c585577b225c450df7e1e7
warning,missing_source_metadata,high,offline_runtime_bank,assets/data/offline_questions.json,1064,offline_sin_2017,"Fîlmê ""Zer"" (2017) bêyî tu destwerdanê gihîşt salonên sînemayê.",Source title and URL are both missing.,78a00c14fe804b9d55285c22916ecb05
warning,missing_source_metadata,high,offline_runtime_bank,assets/data/offline_questions.json,1065,offline_sin_2018,"Belgefîlma ""Der Imker"" ya Mano Khalil çîroka penaberekî kurd li kîjan welatî vedibêje?",Source title and URL are both missing.,0b9f6b6355986d66d23340b5b4e487bd
warning,missing_source_metadata,high,offline_runtime_bank,assets/data/offline_questions.json,1066,offline_sin_2019,"Du zarokên fîlmê ""Bekas"" dixwazin biçin Amerîkayê da ku kê bibînin?",Source title and URL are both missing.,927ab3633c817b863f1fa037b836dbc2
warning,missing_source_metadata,high,offline_runtime_bank,assets/data/offline_questions.json,1067,offline_sin_2020,"Zarok di fîlmê ""Min Dît"" de rolên sereke dilîzin û fîlm bi kurmancî hatiye kişandin.",Source title and URL are both missing.,b5b329b48d15132ef10ac45b55a8b6a3
warning,missing_source_metadata,high,offline_runtime_bank,assets/data/offline_questions.json,1068,offline_tek_2001,Panelên li ser banan elektrîkê ji kîjan çavkaniyê çêdikin?,Source title and URL are both missing.,828fa5d0177b1589edcd7e4d3ff5ef28
warning,missing_source_metadata,high,offline_runtime_bank,assets/data/offline_questions.json,1069,offline_tek_2002,Bendav bi herikîna avê elektrîkê çêdike.,Source title and URL are both missing.,6f99e07734fe4f4c4aaea78b36dd8cf3
warning,missing_source_metadata,high,offline_runtime_bank,assets/data/offline_questions.json,106,offline_2417,"""Agir"" tê çi wateyê?",Source title and URL are both missing.,983cd3f5a708dd7556813b46dbb8822c
warning,missing_source_metadata,high,offline_runtime_bank,assets/data/offline_questions.json,1070,offline_tek_2003,Ji van çavkaniyan kîjan piştî bikaranînê ji nû ve çênabe?,Source title and URL are both missing.,7245a8746de93dd7ee703d385b2d57fd
warning,missing_source_metadata,high,offline_runtime_bank,assets/data/offline_questions.json,1071,offline_tek_2004,Trimbêlên elektrîkî li şûna benzînê bi çi dixebitin?,Source title and URL are both missing.,d37769ed874bc1634974bd4347eb5206
warning,missing_source_metadata,high,offline_runtime_bank,assets/data/offline_questions.json,1072,offline_tek_2005,"Balafir li bilindahiyên mezin difirin, ji ber ku hewaya tenik pêşî li wan kêmtir digire.",Source title and URL are both missing.,3bd880068eee1ee0a854105e53278d61
warning,missing_source_metadata,high,offline_runtime_bank,assets/data/offline_questions.json,1073,offline_tek_2006,Çima avdana bi dilopan ji ya bi lehiyê kêmtir avê xerc dike?,Source title and URL are both missing.,0ae4c4c6b3f76597647ba7fc98bcc420
warning,missing_source_metadata,high,offline_runtime_bank,assets/data/offline_questions.json,1074,offline_tek_2007,Xwarina ku di cihekî sar de tê parastin qet xera nabe.,Source title and URL are both missing.,5a6c25087194b759d18d428be642fa70
warning,missing_source_metadata,high,offline_runtime_bank,assets/data/offline_questions.json,1075,offline_tek_2008,Kîjan amûr dihêle ku bijîşk hestiyên şikestî bêyî vekirina laş bibîne?,Source title and URL are both missing.,17bad7c54d5e05b91c34f705840e0038
warning,missing_source_metadata,high,offline_runtime_bank,assets/data/offline_questions.json,1076,offline_tek_2009,Çima çêkirina dermanekî nû bi salan didome?,Source title and URL are both missing.,6c8bb4138a5bb0ab68c172796c38e8ff
warning,missing_source_metadata,high,offline_runtime_bank,assets/data/offline_questions.json,1077,offline_tek_2010,Peykên li derdora Erdê bi giranî ji bo çi tên bikaranîn?,Source title and URL are both missing.,6cef9c596ab7db2571f2df8c94e556f6
warning,missing_source_metadata,high,offline_runtime_bank,assets/data/offline_questions.json,1078,offline_tek_2011,"Li stasyona fezayê hêza kişandina Erdê bi tevahî winda dibe, loma astronot li hewayê diherikin.",Source title and URL are both missing.,36b45ccd6cbaff6d5ba416e9f544e3a5
warning,missing_source_metadata,high,offline_runtime_bank,assets/data/offline_questions.json,1079,offline_tek_2012,Av di pîvana Celsius de li kîjan pileyê dikele?,Source title and URL are both missing.,fc94b1b54bd53263ed59c788e8bbf4bb
warning,missing_source_metadata,high,offline_runtime_bank,assets/data/offline_questions.json,107,offline_2429,Kurê Mistefa Barzanî yê ku serokatiya KDPê kiriye kî ye?,Source title and URL are both missing.,be6d1e66349b01081cfccd7f36801db9
warning,missing_source_metadata,high,offline_runtime_bank,assets/data/offline_questions.json,1080,offline_tek_2013,"Yekîneya ""wat"" di jiyana rojane de çi dide zanîn?",Source title and URL are both missing.,ad4d16569f8934857e82ecb100bf675f
warning,missing_source_metadata,high,offline_runtime_bank,assets/data/offline_questions.json,1081,offline_tek_2014,Amûrek ku vemirandî ye lê qabloya wê hîn jî girêdayî ye bi tu awayî elektrîkê naxwe.,Source title and URL are both missing.,bdd5eca77c119b7c61eb89b88f6b9d41
warning,missing_source_metadata,high,offline_runtime_bank,assets/data/offline_questions.json,1082,offline_tek_2015,"Berî îcada motora buxarê, keştî bi giranî bi çi dimeşiyan?",Source title and URL are both missing.,a669345b9d1487654f594bcae8232cec
warning,missing_source_metadata,high,offline_runtime_bank,assets/data/offline_questions.json,1083,offline_par_2001,"Di nav van armancan de kîjan ne armanca ""femînîzmê"" ye?",Source title and URL are both missing.,e1635d0f6b9184528a1962fccf0c04c2
warning,missing_source_metadata,high,offline_runtime_bank,assets/data/offline_questions.json,1084,offline_par_2002,"Kîjan taybetî ""demokrasiya nûnertiyê"" ji demokrasiya rasterast cuda dike?",Source title and URL are both missing.,1d9dad24bf1cca364cd2a51684e81cbc
warning,missing_source_metadata,high,offline_runtime_bank,assets/data/offline_questions.json,1085,offline_par_2003,"""Asîmîlasyon"" ne tenê bi qedexeyên fermî, bi rêya perwerde û medyayê jî dimeşe. Ev nirxandin durist e?",Source title and URL are both missing.,8b3c8b7da0272e7106f20fc45f5c693c
warning,missing_source_metadata,high,offline_runtime_bank,assets/data/offline_questions.json,1086,offline_par_2004,"Çima ""mêtingerî"" tenê wek dagirkeriya axê nayê pênasekirin?",Source title and URL are both missing.,61677edb284eadc3f1e2dcaa8354eaef
warning,missing_source_metadata,high,offline_runtime_bank,assets/data/offline_questions.json,1087,offline_par_2005,"Di ramana civakî de ""şoreşa neolîtîk"" çima wek qonaxeke veguherînê tê dîtin?",Source title and URL are both missing.,23a4367ff67d55f87b76256764b50dc3
warning,missing_source_metadata,high,offline_runtime_bank,assets/data/offline_questions.json,1088,offline_par_2006,"Hin kes dibêjin ""hemwelatî"" tenê bi cihê jidayikbûnê tê diyarkirin. Ev îdîa rast e?",Source title and URL are both missing.,217f9615661e3bfe1646f7d70567580a
warning,missing_source_metadata,high,offline_runtime_bank,assets/data/offline_questions.json,1089,offline_par_2007,"Peyva ""utopya"" yekem car di pirtûka kê de wek navê giravekê derbas bû?",Source title and URL are both missing.,e076c37130d108e9c777ac32287469ce
warning,missing_source_metadata,high,offline_runtime_bank,assets/data/offline_questions.json,108,offline_2430,Komara Mahabadê di kîjan salê de hatiye damezrandin?,Source title and URL are both missing.,6fe4efea6fd286899b418526ee5e90a8
warning,missing_source_metadata,high,offline_runtime_bank,assets/data/offline_questions.json,1090,offline_par_2008,"Li gorî hinekan ""anarşîzm"" hem dewletê hem jî her cûre rêxistinbûna civakî red dike. Ev nirxandin durist e?",Source title and URL are both missing.,1c70ddf620a6822503a99317fd8a1fe1
warning,missing_source_metadata,high,offline_runtime_bank,assets/data/offline_questions.json,1091,offline_par_2009,"Kîjan bingeh di ramana ""lîberalîzmê"" de cih nagire?",Source title and URL are both missing.,e0b137cd7005178648a89e5f08a2d662
warning,missing_source_metadata,high,offline_runtime_bank,assets/data/offline_questions.json,1092,offline_par_2010,"Gava mirov dadperweriya civakî ji xêrxwaziyê cuda dike, xala herî bingehîn kîjan e?",Source title and URL are both missing.,e498c934832221cba2e38d59085dc1f7
warning,missing_source_metadata,high,offline_runtime_bank,assets/data/offline_questions.json,1093,offline_par_2011,"""Çîna civakî"" di nêrîna Marksîst de ne bi dilxwaziya kesan, lê bi cihê wan ê di têkiliyên hilberînê de tê diyarkirin. Ev gotin durist e?",Source title and URL are both missing.,cdad4e1f2abd56cc7922430779f58c57
warning,missing_source_metadata,high,offline_runtime_bank,assets/data/offline_questions.json,1094,offline_par_2012,"Ziman, dîrok û bîra hevpar hêmanên ""nasnameya civakî"" ne. Ev gotin durist e?",Source title and URL are both missing.,e1818a68598df8ef735160992d08d7cc
warning,missing_source_metadata,high,offline_runtime_bank,assets/data/offline_questions.json,1095,offline_par_2013,"Li bajarekî çend ziman, çend ol û çend çand bi hev re dijîn; ev rewş bi kîjan têgehê tê binavkirin?",Source title and URL are both missing.,6f5f12a59656523ed95758ce42514732
warning,missing_source_metadata,high,offline_runtime_bank,assets/data/offline_questions.json,1096,offline_par_2014,Gundiyên gundekî bi hev re nexweşxaneyeke biçûk ava dikin û lêçûnê parve dikin; ev helwest kîjan nirxa civakî nîşan dide?,Source title and URL are both missing.,9bc7a1669ff6721430f9d7cbbc6f1db2
warning,missing_source_metadata,high,offline_runtime_bank,assets/data/offline_questions.json,1097,offline_ede_2001,"Çima Ehmedê Xanî berhema xwe ya mezin ne bi farisî, lê bi kurdî nivîsî?",Source title and URL are both missing.,f95784035658d3a4331a4f6989ac38e4
warning,missing_source_metadata,high,offline_runtime_bank,assets/data/offline_questions.json,1098,offline_ede_2002,Dîwan bi kîjan taybetiyê ji destanê cuda dibe?,Source title and URL are both missing.,1255a72272376d4d2b356877f8aeb778
warning,missing_source_metadata,high,offline_runtime_bank,assets/data/offline_questions.json,1099,offline_ede_2003,Ji van berheman kîjan ne ya Ehmedê Xanî ye?,Source title and URL are both missing.,2e89a49ca4780b1f86142ba348b8b783
warning,missing_source_metadata,high,offline_runtime_bank,assets/data/offline_questions.json,109,offline_2436,"Navê navneteweyî yê çemê ""Dîcle"" kîjan e?",Source title and URL are both missing.,4fb2b29b7328a9736f97ad593a4ef0bd
warning,missing_source_metadata,high,offline_runtime_bank,assets/data/offline_questions.json,10,offline_0045,"Wêneya ""heval"": berambera Tirkî ya rast kîjan e?",Source title and URL are both missing.,e62c36742b1a41975c9f7c167e77b4fa
warning,missing_source_metadata,high,offline_runtime_bank,assets/data/offline_questions.json,1100,offline_ede_2004,Ji van kovarên kurdî kîjan ya herî kevn e?,Source title and URL are both missing.,b2fbcccc925f0935bf82a8be842b5c90
warning,missing_source_metadata,high,offline_runtime_bank,assets/data/offline_questions.json,1101,offline_ede_2005,"Mehmed Uzun di romana ""Bîra Qederê"" de li ser jiyana Celadet Alî Bedirxan disekine.",Source title and URL are both missing.,93304a08285d5e11f8bdcd61cc906665
warning,missing_source_metadata,high,offline_runtime_bank,assets/data/offline_questions.json,1102,offline_ede_2006,"Cudahiya sereke di navbera destana ""Memê Alan"" û berhema Ehmedê Xanî de çi ye?",Source title and URL are both missing.,440acef0d935f93151532bc8b1f4228a
warning,missing_source_metadata,high,offline_runtime_bank,assets/data/offline_questions.json,1103,offline_ede_2007,Erebê Şemo romana xwe ya yekem li Stenbolê weşand.,Source title and URL are both missing.,8e7b6bda69550fe6e3d62c9e1b6022cb
warning,missing_source_metadata,high,offline_runtime_bank,assets/data/offline_questions.json,1104,offline_ede_2008,"Di şevbêrkên zivistanê de kesê ku efsane û bûyerên gelêrî bi devkî digihîne guhdaran, bi çi navî tê nasîn?",Source title and URL are both missing.,a6079d080ceb2fbdbc3bc3d8eb54ec78
warning,missing_source_metadata,high,offline_runtime_bank,assets/data/offline_questions.json,1105,offline_ede_2009,Di nav helbestvanên klasîk ên kurd de kîjan nav yê jinekê ye?,Source title and URL are both missing.,d9d529777b233041c889414e3519927f
warning,missing_source_metadata,high,offline_runtime_bank,assets/data/offline_questions.json,1106,offline_ede_2010,"Gava nivîskar çîrokê bi devê lehengê sereke vedibêje, ew kîjan awayê vegotinê bi kar tîne?",Source title and URL are both missing.,4d40d081eda90af54d7b5fe801f53982
warning,missing_source_metadata,high,offline_runtime_bank,assets/data/offline_questions.json,1107,offline_ede_2011,Feqiyê Teyran û Melayê Cizîrî di heman serdemê de jiyan.,Source title and URL are both missing.,a7d772f751a2b08c8d0b3cfaa2586753
warning,missing_source_metadata,high,offline_runtime_bank,assets/data/offline_questions.json,1108,offline_ede_2012,"Kovara ""Nûdem"" ku li Swêdê derdiket ji aliyê kîjan nivîskarî ve dihat weşandin?",Source title and URL are both missing.,83016e2761d6c0e9ded5eeb067f0fb31
warning,missing_source_metadata,high,offline_runtime_bank,assets/data/offline_questions.json,1109,offline_ede_2013,"Ehmedê Xanî destana Mem û Zînê bi pexşanê nivîsî, ne bi helbestê.",Source title and URL are both missing.,430786bc099a55c1834b092cc5ec8eb7
warning,missing_source_metadata,high,offline_runtime_bank,assets/data/offline_questions.json,110,offline_2443,Di modela xweseriya demokratîk de biryar bi giranî li ku têne girtin?,Source title and URL are both missing.,f2784bab3fe10cd677e5c57515893dd0
warning,missing_source_metadata,high,offline_runtime_bank,assets/data/offline_questions.json,1110,offline_ede_2014,"""Don Kîşot"" wek yekem romana nûjen a wêjeya Ewropayê tê hesibandin.",Source title and URL are both missing.,e437650c38692b6a8f3705dae6cf29e6
warning,missing_source_metadata,high,offline_runtime_bank,assets/data/offline_questions.json,1111,offline_ede_2015,Kîjan cureyê wêjeya devkî li ser pirseke ku bersiva wê veşartî ye ava dibe?,Source title and URL are both missing.,eaf69f09f4690d4b44e5659a09d22aaf
warning,missing_source_metadata,high,offline_runtime_bank,assets/data/offline_questions.json,1112,offline_muz_2001,Çima dengbêjê kevneşopî kilamên xwe bêyî amûrên muzîkê dibêje?,Source title and URL are both missing.,01994d73a97d045adb07f280879e2019
warning,missing_source_metadata,high,offline_runtime_bank,assets/data/offline_questions.json,1113,offline_muz_2002,Kîjan ji van amûran bi lêdanê deng nade?,Source title and URL are both missing.,81d0cc6ebab9746c0f9f8f24901a698f
warning,missing_source_metadata,high,offline_runtime_bank,assets/data/offline_questions.json,1114,offline_muz_2003,Sergovend di govendê de çi dike?,Source title and URL are both missing.,bf3a0a1606ac0d14b6dc2cf642d27e9f
warning,missing_source_metadata,high,offline_runtime_bank,assets/data/offline_questions.json,1115,offline_muz_2004,Radyoya Erîvanê di kîjan salî de ji nû ve dest bi weşana kurdî kir?,Source title and URL are both missing.,c93dc00929f542875c1b180161016a63
warning,missing_source_metadata,high,offline_runtime_bank,assets/data/offline_questions.json,1116,offline_muz_2005,Kîjan taybetmendî lawikî ji kilamên şer cuda dike?,Source title and URL are both missing.,e40c43c7687080d4c218e8b9c6511ffb
warning,missing_source_metadata,high,offline_runtime_bank,assets/data/offline_questions.json,1117,offline_muz_2006,"Berî ku tomarkirina bi kaset û plakê belav bibe, kilamên dengbêjan çawa ji nifşekî derbasî nifşê din dibûn?",Source title and URL are both missing.,2f4a6d4757a7562ec56940d9b76bee32
warning,missing_source_metadata,high,offline_runtime_bank,assets/data/offline_questions.json,1118,offline_muz_2007,Şêwaza dengbêjiyê ya Serhedê bi taybetî li dora kîjan deveran geş bûye?,Source title and URL are both missing.,9d2cf0aaddd13e178ac1811e6caae157
warning,missing_source_metadata,high,offline_runtime_bank,assets/data/offline_questions.json,1119,offline_muz_2008,Helbesta ku paşê bû sirûda neteweyî ya kurdan ji aliyê kîjan helbestvanî ve hatiye nivîsandin?,Source title and URL are both missing.,5c2aecb770f8f1af9138b7a008dd51a8
warning,missing_source_metadata,high,offline_runtime_bank,assets/data/offline_questions.json,111,offline_2451,"""Newroz"" ji kîjan du peyvan pêk tê?",Source title and URL are both missing.,ba2ab89fe2e499c5568c4150240605cd
warning,missing_source_metadata,high,offline_runtime_bank,assets/data/offline_questions.json,1120,offline_muz_2009,Ayşe Şan û Meryem Xan di dîroka muzîka kurdî de bi kîjan aliyê xwe dişibin hev?,Source title and URL are both missing.,ce901bfeacc891fdf442247ae12b2d75
warning,missing_source_metadata,high,offline_runtime_bank,assets/data/offline_questions.json,1121,offline_muz_2010,Bilûr bi gelemperî ji çi tê çêkirin?,Source title and URL are both missing.,64d7c234567af2e4d39df57304648d3b
warning,near_duplicate_candidate,medium,offline_runtime_bank,assets/data/offline_questions.json,1121,offline_muz_2010,Bilûr bi gelemperî ji çi tê çêkirin?,Near duplicate candidate.,f565aa57594ebbfad4f3d99fb0010ecd
warning,missing_source_metadata,high,offline_runtime_bank,assets/data/offline_questions.json,1122,offline_muz_2011,"Kilamên dengbêjan bi rîtmeke azad tên gotin, ne bi pîvaneke demê ya diyarkirî.",Source title and URL are both missing.,d69e528c47522aad247b1c8463bca032
warning,missing_source_metadata,high,offline_runtime_bank,assets/data/offline_questions.json,1123,offline_muz_2012,Zirne amûreke têlî ye û bi mizrabê tê lêxistin.,Source title and URL are both missing.,5c8b03ce42b77dcc7de0c72fd0f5d2a4
warning,missing_source_metadata,high,offline_runtime_bank,assets/data/offline_questions.json,1124,offline_muz_2013,Meryem Xanê di salên 1940î de li Radyoya Bexdayê stranên xwe tomar kirin.,Source title and URL are both missing.,658911d06550e24000036c2bc1c7f6f6
warning,missing_source_metadata,high,offline_runtime_bank,assets/data/offline_questions.json,1125,offline_muz_2014,Hesen Zîrekî stranên xwe bi zaravayê kurmancî gotine.,Source title and URL are both missing.,6ec26d896d45d0d3e795839fe9b4a0e9
warning,missing_source_metadata,high,offline_runtime_bank,assets/data/offline_questions.json,1126,offline_muz_2015,Ciwan Haco di stranên xwe de deng û awazên rock û cazê bi kar tîne.,Source title and URL are both missing.,6f46ddc1e73ec11747a1c9c70e854ae3
warning,missing_source_metadata,high,offline_runtime_bank,assets/data/offline_questions.json,1127,offline_9101,Motîfên kilimê çawa çêdibin?,Source title and URL are both missing.,c7eb0f9d176f79157f20215b39995216
warning,missing_source_metadata,high,offline_runtime_bank,assets/data/offline_questions.json,1128,offline_9102,Destan bi kevneşopî çawa digihîje nifşên nû?,Source title and URL are both missing.,51607d95ae17c706a25748ad8656d2ff
warning,missing_source_metadata,high,offline_runtime_bank,assets/data/offline_questions.json,1129,offline_9103,Di govendê de govendger çawa li hev girêdayî ne?,Source title and URL are both missing.,e7a8888a1ab970b58acb77770b3e11f6
warning,missing_source_metadata,high,offline_runtime_bank,assets/data/offline_questions.json,112,offline_2452,Di çanda herêmê de heyîna efsaneyî ya bi motîfa mar a berbelav kîjan e?,Source title and URL are both missing.,aeb57a3ac566b6d193855824daa874bd
warning,missing_source_metadata,high,offline_runtime_bank,assets/data/offline_questions.json,1130,offline_9104,"Peyva ""nav"" di rêzimanê de kîjan cureya peyvê nîşan dide?",Source title and URL are both missing.,146eeb14eb4548f527a7d6fcf5ccf70b
warning,missing_source_metadata,high,offline_runtime_bank,assets/data/offline_questions.json,1131,offline_9105,"Di avahiya vegotinekê de ""destpêk"" kîjan beş e?",Source title and URL are both missing.,a343b101840142fbd91fdf0abf958c37
warning,missing_source_metadata,high,offline_runtime_bank,assets/data/offline_questions.json,113,offline_2455,"""Cejna Newrozê"" tê çi wateyê?",Source title and URL are both missing.,6570b4c643621ff11a27491e25a9463f
warning,missing_source_metadata,high,offline_runtime_bank,assets/data/offline_questions.json,114,offline_2458,Merwaniyan di kîjan serdemê de li derdora Amedê hukum kiriye?,Source title and URL are both missing.,d86f82f5b570bfead665fe13ae0e2f1c
warning,missing_source_metadata,high,offline_runtime_bank,assets/data/offline_questions.json,115,offline_2459,"""Şerefname"" di bingehê de çi vedibêje?",Source title and URL are both missing.,e279e3ab4a89a7f379a18458827df266
warning,missing_source_metadata,high,offline_runtime_bank,assets/data/offline_questions.json,116,offline_2464,"""Semsûr"" navê Kurdî yê kîjan bajarî ye?",Source title and URL are both missing.,52d79b0fae02da3eb993647df390cf9a
warning,missing_source_metadata,high,offline_runtime_bank,assets/data/offline_questions.json,117,offline_2467,Herêma Hewramî (Hawraman) di kêleka sînorê kîjan du welatan de ye?,Source title and URL are both missing.,f157714fdd95d47c0a08aea531d1914d
warning,missing_source_metadata,high,offline_runtime_bank,assets/data/offline_questions.json,118,offline_2468,"""Govend"" di bingehê de çalakiyeke çawa ye?",Source title and URL are both missing.,4ea89c2916018195bacf100c0ff2000a
warning,missing_source_metadata,high,offline_runtime_bank,assets/data/offline_questions.json,119,offline_2481,Sê rengên bingehîn ên li ser ala Kurdî kîjan in?,Source title and URL are both missing.,8b46da83ef81da78866e68c62d9fe86b
warning,missing_source_metadata,high,offline_runtime_bank,assets/data/offline_questions.json,11,offline_0050,"Wêneya ""bajar"" tê çi wateyê?",Source title and URL are both missing.,41a2c50ded290ab813a032ad7e0d787f
warning,missing_source_metadata,high,offline_runtime_bank,assets/data/offline_questions.json,120,offline_2486,Ji qetlîamên ku Êzidî di dîrokê de rastî wan hatine re bi zimanê wan çi tê gotin?,Source title and URL are both missing.,88a3ad32c55e7740f14d6dc96d8f7e56
warning,missing_source_metadata,high,offline_runtime_bank,assets/data/offline_questions.json,121,offline_2497,"Bajarên wek Amed, Riha û Mêrdîn li kîjan herêma dîrokî cih digirin?",Source title and URL are both missing.,0c5d0bf430e4d74177b7ed87fa2efa49
warning,missing_source_metadata,high,offline_runtime_bank,assets/data/offline_questions.json,122,offline_2499,"Amûrên bi şêwaza ""Mey"" dikevin kîjan komê?",Source title and URL are both missing.,c90fa9a0434fb023f14b652b94b4981a
warning,missing_source_metadata,high,offline_runtime_bank,assets/data/offline_questions.json,123,offline_2502,"Di têgihiştina ""Netewa demokratîk"" de gelên cuda çawa bi hev re dijîn?",Source title and URL are both missing.,4aaf5c5f6286a23bb90d47d534de55ea
warning,missing_source_metadata,high,offline_runtime_bank,assets/data/offline_questions.json,124,offline_2503,"Ramana ""Ekolojiya Civakî"" kîjan têkiliyê dike navend?",Source title and URL are both missing.,eb966cc1fb78dbefe65e0adcbf4698a9
warning,missing_source_metadata,high,offline_runtime_bank,assets/data/offline_questions.json,125,offline_2507,"Di Kurmancî de ""heft"" kîjan hejmar e?",Source title and URL are both missing.,66902d9930fd31f34a25807948c84ce9
warning,missing_source_metadata,high,offline_runtime_bank,assets/data/offline_questions.json,126,offline_2520,Di Zazakî (Kirmanckî) de yek ji mewlûdên nivîskî yên pêşîn kî nivîsiye?,Source title and URL are both missing.,92158b402b3c354d2d3ba0c66fcd6a91
warning,missing_source_metadata,high,offline_runtime_bank,assets/data/offline_questions.json,127,offline_2538,"""Çiya"" tê çi wateyê?",Source title and URL are both missing.,45feee41ee8412c746195a585efc2800
warning,missing_source_metadata,high,offline_runtime_bank,assets/data/offline_questions.json,128,offline_2542,Kevneşopiya dengbêjiyê berê bi giranî li kîjan cihan zindî dihat girtin?,Source title and URL are both missing.,c4a10ff2cd3089c69024de63948af193
warning,missing_source_metadata,high,offline_runtime_bank,assets/data/offline_questions.json,129,offline_2556,Herêma Behdînan bi piranî li kîjan perçeyê Kurdistanê ye?,Source title and URL are both missing.,6f6c44a75e7bce1ed22ccb8ebd6e0db8
warning,near_duplicate_candidate,medium,offline_runtime_bank,assets/data/offline_questions.json,129,offline_2556,Herêma Behdînan bi piranî li kîjan perçeyê Kurdistanê ye?,Near duplicate candidate.,795fcdb911c4a1d49da1e19444dd4832
warning,missing_source_metadata,high,offline_runtime_bank,assets/data/offline_questions.json,12,offline_0055,"Wêne ""nan"" dibêje — wateya rast kîjan e?",Source title and URL are both missing.,4fe0def21bc2041fe781db0b81b1453a
warning,missing_source_metadata,high,offline_runtime_bank,assets/data/offline_questions.json,130,offline_2565,"Di çanda Kurdî de ""mîr"" tê çi wateyê?",Source title and URL are both missing.,052e4075bc73dca1beb4ae6720a9703b
warning,missing_source_metadata,high,offline_runtime_bank,assets/data/offline_questions.json,131,offline_2578,Kîjan wek yek ji gelên antîk ên bav û kalên Kurdan tê bibîranîn?,Source title and URL are both missing.,08b1c06f4f5f32b80e1ca3f176b1ec89
warning,missing_source_metadata,high,offline_runtime_bank,assets/data/offline_questions.json,132,offline_2584,Romanên Kurdî yên pêşîn bi piranî di kîjan serdemê de derketine?,Source title and URL are both missing.,0f3f82ac55d4456058847d5c3378e08d
warning,missing_source_metadata,high,offline_runtime_bank,assets/data/offline_questions.json,133,offline_2594,"Li şûna ""peymana civakî"" paradîgma çi pêşniyar dike?",Source title and URL are both missing.,05d123b3ce7b5079befe9e01699b2390
warning,missing_source_metadata,high,offline_runtime_bank,assets/data/offline_questions.json,134,offline_2599,"Di Kurmancî de peyva ""mast"" kîjan xwarinê nîşan dide?",Source title and URL are both missing.,fb4396b786f11125f3d65ac7a9896fef
warning,missing_source_metadata,high,offline_runtime_bank,assets/data/offline_questions.json,135,offline_2606,"Biwêja ""Bav û kal"" çi îfade dike?",Source title and URL are both missing.,9630efda378a008db8c935fff0b367a3
warning,missing_source_metadata,high,offline_runtime_bank,assets/data/offline_questions.json,136,offline_2610,Newroz bi kîjan demsal û mehê re têkildar e?,Source title and URL are both missing.,c59792b4b73a87c66dd243704d22bec9
warning,missing_source_metadata,high,offline_runtime_bank,assets/data/offline_questions.json,137,offline_2625,"Di Kurmancî de lêkera ""çûn"" tê çi wateyê?",Source title and URL are both missing.,52c9778e8f857365b2333651437ed8af
warning,missing_source_metadata,high,offline_runtime_bank,assets/data/offline_questions.json,138,offline_2628,"Di Kurmancî de ""dîtin"" tê çi wateyê?",Source title and URL are both missing.,0335664259b35bf6040293797846b11b
warning,near_duplicate_candidate,medium,offline_runtime_bank,assets/data/offline_questions.json,138,offline_2628,"Di Kurmancî de ""dîtin"" tê çi wateyê?",Near duplicate candidate.,374987b88afb7c78a83c2d448ac805f9
warning,missing_source_metadata,high,offline_runtime_bank,assets/data/offline_questions.json,139,offline_2629,"Di Kurmancî de lêkera ""kirin"" tê çi wateyê?",Source title and URL are both missing.,c377303fb69af13a3f10222b479808da
warning,near_duplicate_candidate,medium,offline_runtime_bank,assets/data/offline_questions.json,139,offline_2629,"Di Kurmancî de lêkera ""kirin"" tê çi wateyê?",Near duplicate candidate.,e9911f3f7d7999116ecf515488d4ca3d
warning,missing_source_metadata,high,offline_runtime_bank,assets/data/offline_questions.json,13,offline_0060,"Ev wêne ji bo ""rê"" e: berambera rast kîjan e?",Source title and URL are both missing.,a95f9fa9eedafd8a2cdcf3de6e476e9c
warning,missing_source_metadata,high,offline_runtime_bank,assets/data/offline_questions.json,140,offline_2638,"""Hesenwayhîler"" li kîjan herêmê hukim kiriye, xanedaneke Kurd e?",Source title and URL are both missing.,33f1e86a400d684467e6eaf1336676b3
warning,missing_source_metadata,high,offline_runtime_bank,assets/data/offline_questions.json,141,offline_2639,Di efsaneya Newrozê de Dehak wek kesekî çawa tê vegotin?,Source title and URL are both missing.,4b6c9881b3376af3993bf37e93b7cbdc
warning,missing_source_metadata,high,offline_runtime_bank,assets/data/offline_questions.json,142,offline_2644,"""Erzirom"" bilêvkirina Kurdî-herêmî ya kîjan bajarî ye?",Source title and URL are both missing.,6083b8dbc7fe0a47dfe987b6ad059cee
warning,missing_source_metadata,high,offline_runtime_bank,assets/data/offline_questions.json,143,offline_2653,"""Pirrengî"" di neteweya demokratîk de çi misoger dike?",Source title and URL are both missing.,91648ff7123083ecca0cce12a87aa8be
warning,missing_source_metadata,high,offline_runtime_bank,assets/data/offline_questions.json,144,offline_2658,"Di Kurmancî de ""bîst"" kîjan hejmar e?",Source title and URL are both missing.,afcd026ec1ae6a61527b3aab3ad0af97
warning,near_duplicate_candidate,medium,offline_runtime_bank,assets/data/offline_questions.json,144,offline_2658,"Di Kurmancî de ""bîst"" kîjan hejmar e?",Near duplicate candidate.,27a85e6a33132750818ee3285e905162
warning,missing_source_metadata,high,offline_runtime_bank,assets/data/offline_questions.json,145,offline_2666,"Di Kurmancî de ""bav"" tê çi wateyê?",Source title and URL are both missing.,4119e1865d03dd27497547fdc0151aae
warning,missing_source_metadata,high,offline_runtime_bank,assets/data/offline_questions.json,146,offline_2668,Selahaddînê Eyûbî li kîjan bajarî ji dayik bûye?,Source title and URL are both missing.,fe633882244bc35cbfd3aa000e5a6071
warning,missing_source_metadata,high,offline_runtime_bank,assets/data/offline_questions.json,147,offline_2669,Eyyubiyan kîjan bajaran ji bo demek dirêj wek navend bi kar anîne?,Source title and URL are both missing.,a12ad8c7d0cb5c50e7d73fc93280cd87
warning,missing_source_metadata,high,offline_runtime_bank,assets/data/offline_questions.json,148,offline_2674,Cigerxwîn berhemên xwe bi kîjan zimanî nivîsandiye?,Source title and URL are both missing.,f865f9325ac207f7438bc4626c3dd09f
warning,missing_source_metadata,high,offline_runtime_bank,assets/data/offline_questions.json,149,offline_2682,"""Civaka Ekolojîk"" ji civaka pîşesaziyê bi kîjan aliyê ve cuda dibe?",Source title and URL are both missing.,87a2c3942bda5f51283fd2871e793049
warning,missing_source_metadata,high,offline_runtime_bank,assets/data/offline_questions.json,14,offline_0062,"Bi Kurmancî ""teşekkür"" çi ye?",Source title and URL are both missing.,3beea1d09f0ce31ef49c27a81596d914
warning,missing_source_metadata,high,offline_runtime_bank,assets/data/offline_questions.json,150,offline_2692,Serokatiya olî ya civaka Êzidî bi kevneşopî ji aliyê kê ve tê meşandin?,Source title and URL are both missing.,1d5196638b8813c7839d5acebd929c43
warning,missing_source_metadata,high,offline_runtime_bank,assets/data/offline_questions.json,151,offline_2696,Peymana ku şûna Sevrê girt û statuya Kurdan tê de tune kîjan e?,Source title and URL are both missing.,18cea639ea3a830b6a8f59b710708b87
warning,missing_source_metadata,high,offline_runtime_bank,assets/data/offline_questions.json,152,offline_2699,Mehmed Uzun berhemên xwe bi piranî bi kîjan zimanî nivîsandiye?,Source title and URL are both missing.,32b131de94c11d26f0d5be516a875ba2
warning,missing_source_metadata,high,offline_runtime_bank,assets/data/offline_questions.json,153,offline_2705,"""Çiyayê Sîpan"" nêzîkî kîjan golê ye?",Source title and URL are both missing.,e166465e6ae85247d8738888a7a83af0
warning,missing_source_metadata,high,offline_runtime_bank,assets/data/offline_questions.json,154,offline_2710,"Di paradîgmayê de mafê ""Zimanê zikmakî"" herî zêde bi çi re tê têkildarkirin?",Source title and URL are both missing.,19439cd279ac296d39706132401d26d6
warning,missing_source_metadata,high,offline_runtime_bank,assets/data/offline_questions.json,155,offline_2722,"Di Kurmancî de ""zer"" kîjan reng e?",Source title and URL are both missing.,39d4fd5f856245e3dc3ebb63c1cc6856
warning,near_duplicate_candidate,medium,offline_runtime_bank,assets/data/offline_questions.json,155,offline_2722,"Di Kurmancî de ""zer"" kîjan reng e?",Near duplicate candidate.,f3934aede3980b1cb1744e3459e46be1
warning,missing_source_metadata,high,offline_runtime_bank,assets/data/offline_questions.json,156,offline_2724,Di çanda gelêrî ya Kurdî de girîngiya ku ji çiyayan re tê dayîn herî zêde bi çi tê ravekirin?,Source title and URL are both missing.,14aab71480d91f7ffb25cb914b816f41
warning,missing_source_metadata,high,offline_runtime_bank,assets/data/offline_questions.json,157,offline_2727,Selahaddînê Eyûbî piştî kîjan şerî Qudsê vegerand?,Source title and URL are both missing.,8c736255d87d3e4dcd5420291d4cc648
warning,missing_source_metadata,high,offline_runtime_bank,assets/data/offline_questions.json,158,offline_2741,"""Aştî û siyaseta demokratîk"" kîjan rêbazê red dike?",Source title and URL are both missing.,d36e137d1d54134bb97a6573f373ce53
warning,missing_source_metadata,high,offline_runtime_bank,assets/data/offline_questions.json,159,offline_2749,"Di Kurmancî de ""nivîsîn"" bi Tirkî tê çi wateyê?",Source title and URL are both missing.,06de7184aa9e8e52403d8025f4928d16
warning,missing_source_metadata,high,offline_runtime_bank,assets/data/offline_questions.json,15,offline_0065,"Wêneya ""spas"" tê çi wateyê?",Source title and URL are both missing.,4d8577f9a4c568f5116354658d2fa345
warning,near_duplicate_candidate,medium,offline_runtime_bank,assets/data/offline_questions.json,15,offline_0065,"Wêneya ""spas"" tê çi wateyê?",Near duplicate candidate.,613ca154d45aaa5c84ba76ce00ac06f8
warning,missing_source_metadata,high,offline_runtime_bank,assets/data/offline_questions.json,160,offline_2780,"Di Kurmancî de ""aştî"" tê çi wateyê?",Source title and URL are both missing.,188cd23fdca121d74f8c46629b630e4f
warning,near_duplicate_candidate,medium,offline_runtime_bank,assets/data/offline_questions.json,160,offline_2780,"Di Kurmancî de ""aştî"" tê çi wateyê?",Near duplicate candidate.,abc3690cca3305a0cbf2a4002e01c834
warning,missing_source_metadata,high,offline_runtime_bank,assets/data/offline_questions.json,161,offline_2782,Di Êzidîtiyê de kevneşopiya duakirina ber bi rojê ve çi nîşan dide?,Source title and URL are both missing.,ac9e2163a4b47bdbbcdd7bb5137ab5e3
warning,missing_source_metadata,high,offline_runtime_bank,assets/data/offline_questions.json,162,offline_2787,Wêjeya devkî ya kurdî ji nifşî bo nifşî kî hilgirtiye?,Source title and URL are both missing.,a6953f24305f29240258195ce7fc1be9
warning,missing_source_metadata,high,offline_runtime_bank,assets/data/offline_questions.json,163,offline_2790,"""Euphrates"" navê din ê kîjan çem e?",Source title and URL are both missing.,006e6faedf3b3aecd19e591fb3937e84
warning,missing_source_metadata,high,offline_runtime_bank,assets/data/offline_questions.json,164,offline_2801,"Govend, dengbêjî û kilam bi hev re çi pêk tînin?",Source title and URL are both missing.,ef07ce611e5893af3677e1867475393c
warning,missing_source_metadata,high,offline_runtime_bank,assets/data/offline_questions.json,165,offline_2803,"Di Kurmancî de ""bîr"" tê çi wateyê?",Source title and URL are both missing.,7d25035546d15d508da6508b1c84acbf
warning,near_duplicate_candidate,medium,offline_runtime_bank,assets/data/offline_questions.json,165,offline_2803,"Di Kurmancî de ""bîr"" tê çi wateyê?",Near duplicate candidate.,c73914234f0c5b21a616051a8ef8b1d6
warning,missing_source_metadata,high,offline_runtime_bank,assets/data/offline_questions.json,166,offline_2804,"Di Kurmancî de ""kar"" tê çi wateyê?",Source title and URL are both missing.,9ecf798c9c9397ee0f73a27fbe248773
warning,near_duplicate_candidate,medium,offline_runtime_bank,assets/data/offline_questions.json,166,offline_2804,"Di Kurmancî de ""kar"" tê çi wateyê?",Near duplicate candidate.,02ed86aa88acd2dc8be3ae5eb7443899
warning,missing_source_metadata,high,offline_runtime_bank,assets/data/offline_questions.json,167,offline_2811,"Di dîroka kurdî de piştî ""serdema mîrektiyan"" kîjan pêvajo hatiye jiyîn?",Source title and URL are both missing.,4b0b81a76b36296119882622d3d8087a
warning,missing_source_metadata,high,offline_runtime_bank,assets/data/offline_questions.json,168,offline_2818,"Navên ""Cizîr û Botan"" bi kîjan herêma dîrokî ve tên bibîranîn?",Source title and URL are both missing.,a0af9c6f175488c9015ae333406cc30c
warning,missing_source_metadata,high,offline_runtime_bank,assets/data/offline_questions.json,169,offline_2820,"""Modernîteya Demokratîk"" derbaskirina kîjan sê krîzan armanc dike?",Source title and URL are both missing.,29608011c9af53d95d87afe91cf4e046
warning,missing_source_metadata,high,offline_runtime_bank,assets/data/offline_questions.json,16,offline_0067,"Hevwateya ""güzel/iyi"" bi Kurmancî çi ye?",Source title and URL are both missing.,3f4aea90e827f423de347586bf5a799e
warning,missing_source_metadata,high,offline_runtime_bank,assets/data/offline_questions.json,170,offline_2823,"""Çareseriya demokratîk"" kîjan nirxan pêşanî dike?",Source title and URL are both missing.,86a9664c65a208fdf3ec10626a4860a3
warning,missing_source_metadata,high,offline_runtime_bank,assets/data/offline_questions.json,171,offline_2825,"""Kilam, stran û lawik"" bi hevpariyê wek kî tê naskirin?",Source title and URL are both missing.,e3d3fbb84385b06d9ce0624d349bdc39
warning,missing_source_metadata,high,offline_runtime_bank,assets/data/offline_questions.json,172,offline_2826,"""Şerefname"" ji aliyê kê ve hatiye nivîsandin?",Source title and URL are both missing.,db95b8396e4ae5c7e22ed740addff359
warning,missing_source_metadata,high,offline_runtime_bank,assets/data/offline_questions.json,173,offline_5012,"Peyva Kurmancî ""dê"" bi Tirkî çi tê gotin?",Source title and URL are both missing.,6752d1535711618e2f77f2adc60058c4
warning,near_duplicate_candidate,medium,offline_runtime_bank,assets/data/offline_questions.json,173,offline_5012,"Peyva Kurmancî ""dê"" bi Tirkî çi tê gotin?",Near duplicate candidate.,d9e08f8be9533e78ca6ec016380b9886
warning,missing_source_metadata,high,offline_runtime_bank,assets/data/offline_questions.json,174,offline_5016,"Ji bo gotina ""aslan"" di Kurmancî de kîjan peyv tê bikaranîn?",Source title and URL are both missing.,a9b8bde15ddc93076d66d19696fde134
warning,missing_source_metadata,high,offline_runtime_bank,assets/data/offline_questions.json,175,offline_5030,"Kîjan ji van peyva Kurmancî ye ku wateya wê ""yaşlı/ihtiyar"" ye?",Source title and URL are both missing.,4928ce14226683b689689d9a428732d2
warning,missing_source_metadata,high,offline_runtime_bank,assets/data/offline_questions.json,176,offline_5035,"Wateya Tirkî ya ""stêrk"" ""yıldız"" e?",Source title and URL are both missing.,27e1f27c34b9ea216690ad2fbec60479
warning,missing_source_metadata,high,offline_runtime_bank,assets/data/offline_questions.json,177,offline_5039,"Wateya Tirkî ya ""wêne"" ""ses"" e?",Source title and URL are both missing.,e801e87c1f718bd9eb09703d32651a85
warning,missing_source_metadata,high,offline_runtime_bank,assets/data/offline_questions.json,178,offline_5041,"Kîjan ji van peyva Kurmancî ye ku wateya wê ""okumak"" ye?",Source title and URL are both missing.,b090204bfb14005e50133f70f3165503
warning,missing_source_metadata,high,offline_runtime_bank,assets/data/offline_questions.json,179,offline_5090,"Kîjan ji van peyva Kurmancî ye ku wateya wê ""kalp/gönül"" ye?",Source title and URL are both missing.,98aef4b4894256948b40c0d2dffdbe95
warning,near_duplicate_candidate,medium,offline_runtime_bank,assets/data/offline_questions.json,179,offline_5090,"Kîjan ji van peyva Kurmancî ye ku wateya wê ""kalp/gönül"" ye?",Near duplicate candidate.,bf878350f0ca476ccd23f4e723366571
warning,missing_source_metadata,high,offline_runtime_bank,assets/data/offline_questions.json,17,offline_0070,"Wêne ""xweş"" dibêje — wateya rast kîjan e?",Source title and URL are both missing.,8311eff5384d63e93c9522af44368ca3
warning,missing_source_metadata,high,offline_runtime_bank,assets/data/offline_questions.json,180,offline_5094,"""şev"" (Kurmancî) bi Tirkî kîjan wateyê digire?",Source title and URL are both missing.,75aeae71567fc843c6f6ef0687943f54
warning,missing_source_metadata,high,offline_runtime_bank,assets/data/offline_questions.json,181,offline_5095,"Hevwateya ""okul/akademi"" bi Kurmancî çi ye?",Source title and URL are both missing.,72bec4b079d5195aff50c53aebe6ea3a
warning,missing_source_metadata,high,offline_runtime_bank,assets/data/offline_questions.json,182,offline_5099,"Di Kurmancî de dema ""mase"" tê gotin, ""sandalye"" tê xwestin?",Source title and URL are both missing.,f992975bacfd7741199c21219de4bd31
warning,missing_source_metadata,high,offline_runtime_bank,assets/data/offline_questions.json,183,offline_5143,"""welat"" (Kurmancî) bi Tirkî kîjan wateyê digire?",Source title and URL are both missing.,11c6de05e33cb164043791cdbd28defb
warning,missing_source_metadata,high,offline_runtime_bank,assets/data/offline_questions.json,184,offline_5158,"Wateya Tirkî ya ""berf"" ""ateş"" e?",Source title and URL are both missing.,cba8cccdea0e4144c61e1d9990a82b7b
warning,missing_source_metadata,high,offline_runtime_bank,assets/data/offline_questions.json,185,offline_5168,"Wateya Tirkî ya ""kûçik"" ""kedi"" e?",Source title and URL are both missing.,2dd9e3f3dca01362d1ad0d1f9eb681e4
warning,missing_source_metadata,high,offline_runtime_bank,assets/data/offline_questions.json,186,offline_5174,"Wateya Tirkî ya ""ba"" ""yağmur"" e?",Source title and URL are both missing.,dd1e90e79faab247a66b3eac63074c9c
warning,missing_source_metadata,high,offline_runtime_bank,assets/data/offline_questions.json,187,offline_5188,"Wateya Tirkî ya peyva ""kaxiz"" kîjan e?",Source title and URL are both missing.,343a11bf7e40d0e5eb7148610efdee50
warning,missing_source_metadata,high,offline_runtime_bank,assets/data/offline_questions.json,188,offline_5202,"Wateya Tirkî ya peyva ""xanî"" kîjan e?",Source title and URL are both missing.,b4d02e7ee58c727928b1714fc16d4c63
warning,near_duplicate_candidate,medium,offline_runtime_bank,assets/data/offline_questions.json,188,offline_5202,"Wateya Tirkî ya peyva ""xanî"" kîjan e?",Near duplicate candidate.,4d43db5ca9f847e04a0adfa4491ecd5e
warning,missing_source_metadata,high,offline_runtime_bank,assets/data/offline_questions.json,189,offline_5204,"Wateya Tirkî ya ""pirtûk"" ""bilmek"" e?",Source title and URL are both missing.,06b58a2e6f58a687544328d2e4b7f5b0
warning,missing_source_metadata,high,offline_runtime_bank,assets/data/offline_questions.json,18,offline_0075,"Di wêneyê de ""sar"" tê çi wateyê?",Source title and URL are both missing.,88b3787086e432eb45ad70ee48daa80a
warning,near_duplicate_candidate,medium,offline_runtime_bank,assets/data/offline_questions.json,18,offline_0075,"Di wêneyê de ""sar"" tê çi wateyê?",Near duplicate candidate.,bbf6867a5b3ff0c92686141acaee8164
warning,missing_source_metadata,high,offline_runtime_bank,assets/data/offline_questions.json,190,offline_5208,"Rast e an şaş e: Kurmancî ""zarok"" = ""öğrenci"".",Source title and URL are both missing.,07e164e1cda26bd9e5580c8e307bc9d2
warning,missing_source_metadata,high,offline_runtime_bank,assets/data/offline_questions.json,191,offline_5221,"Wateya Tirkî ya peyva ""kal"" kîjan e?",Source title and URL are both missing.,d7559a1e43ef1b8c526bbb152a209ecf
warning,near_duplicate_candidate,medium,offline_runtime_bank,assets/data/offline_questions.json,191,offline_5221,"Wateya Tirkî ya peyva ""kal"" kîjan e?",Near duplicate candidate.,2ec02744173ada1617a82d810e7cf4c5
warning,missing_source_metadata,high,offline_runtime_bank,assets/data/offline_questions.json,192,offline_5225,"Ji bo gotina ""göz"" di Kurmancî de kîjan peyv tê bikaranîn?",Source title and URL are both missing.,bdfd080615d5f962ca93019cbd76c045
warning,near_duplicate_candidate,medium,offline_runtime_bank,assets/data/offline_questions.json,192,offline_5225,"Ji bo gotina ""göz"" di Kurmancî de kîjan peyv tê bikaranîn?",Near duplicate candidate.,85e4ca7899aa78c841471b2c667991f7
warning,missing_source_metadata,high,offline_runtime_bank,assets/data/offline_questions.json,193,offline_5236,"Ji bo gotina ""yol"" di Kurmancî de kîjan peyv tê bikaranîn?",Source title and URL are both missing.,4f22f97783734566fe34952279441883
warning,near_duplicate_candidate,medium,offline_runtime_bank,assets/data/offline_questions.json,193,offline_5236,"Ji bo gotina ""yol"" di Kurmancî de kîjan peyv tê bikaranîn?",Near duplicate candidate.,24e2e0aefe92224413c1492b4f484e05
warning,missing_source_metadata,high,offline_runtime_bank,assets/data/offline_questions.json,194,offline_5260,"Peyva Kurmancî ""reng"" bi Tirkî çi tê gotin?",Source title and URL are both missing.,b79fb7753ef6bd668da8ec4f11bb3946
warning,near_duplicate_candidate,medium,offline_runtime_bank,assets/data/offline_questions.json,194,offline_5260,"Peyva Kurmancî ""reng"" bi Tirkî çi tê gotin?",Near duplicate candidate.,b7204e881b20cc7101225312184f6305
warning,missing_source_metadata,high,offline_runtime_bank,assets/data/offline_questions.json,195,offline_5264,"Kîjan ji van peyva Kurmancî ye ku wateya wê ""kapı"" ye?",Source title and URL are both missing.,0dd64d151debe6b4d84cd244eb51598d
warning,near_duplicate_candidate,medium,offline_runtime_bank,assets/data/offline_questions.json,195,offline_5264,"Kîjan ji van peyva Kurmancî ye ku wateya wê ""kapı"" ye?",Near duplicate candidate.,4a01c0d35d4b48db1fb85ff04c2d26fa
warning,missing_source_metadata,high,offline_runtime_bank,assets/data/offline_questions.json,196,offline_5268,"Rast e an şaş e: Kurmancî ""pisîk"" = ""kedi"".",Source title and URL are both missing.,62e888df51c17512dc66c8a7feae6ef2
warning,near_duplicate_candidate,medium,offline_runtime_bank,assets/data/offline_questions.json,196,offline_5268,"Rast e an şaş e: Kurmancî ""pisîk"" = ""kedi"".",Near duplicate candidate.,f6f22d9c5e03cbfd49185d853c3f4029
warning,missing_source_metadata,high,offline_runtime_bank,assets/data/offline_questions.json,197,offline_5270,"Hevwateya ""sevmek"" bi Kurmancî çi ye?",Source title and URL are both missing.,8e4750f1d0bf8fc6df91f5374d060ea4
warning,near_duplicate_candidate,medium,offline_runtime_bank,assets/data/offline_questions.json,197,offline_5270,"Hevwateya ""sevmek"" bi Kurmancî çi ye?",Near duplicate candidate.,b07793b2d84280b226951d4c745f4814
warning,missing_source_metadata,high,offline_runtime_bank,assets/data/offline_questions.json,198,offline_5297,"Peyva Kurmancî ""malbat"" bi Tirkî çi tê gotin?",Source title and URL are both missing.,ae1bafcfbbf4ce6384c269b27b770899
warning,near_duplicate_candidate,medium,offline_runtime_bank,assets/data/offline_questions.json,198,offline_5297,"Peyva Kurmancî ""malbat"" bi Tirkî çi tê gotin?",Near duplicate candidate.,b2c34f98ca819d000f594988c008e042
warning,missing_source_metadata,high,offline_runtime_bank,assets/data/offline_questions.json,199,offline_5307,"Di Kurmancî de dema ""av"" tê gotin, ""gün/güneş"" tê xwestin?",Source title and URL are both missing.,5751d1b5f74044cf4868fc27e723cd7a
warning,near_duplicate_candidate,medium,offline_runtime_bank,assets/data/offline_questions.json,199,offline_5307,"Di Kurmancî de dema ""av"" tê gotin, ""gün/güneş"" tê xwestin?",Near duplicate candidate.,d60cc43bcc9d201aea1f749474a8ed47
warning,missing_source_metadata,high,offline_runtime_bank,assets/data/offline_questions.json,19,offline_0080,"Wêne ""biçûk"" dibêje — wateya rast kîjan e?",Source title and URL are both missing.,7d7a609b722fd3d0a8addc184befd5bb
warning,near_duplicate_candidate,medium,offline_runtime_bank,assets/data/offline_questions.json,19,offline_0080,"Wêne ""biçûk"" dibêje — wateya rast kîjan e?",Near duplicate candidate.,f6f0c62c9adf3444bf5f6aa6b757b69b
warning,missing_source_metadata,high,offline_runtime_bank,assets/data/offline_questions.json,1,offline_0005,"Di wêneya ku têgiha ""av"" nîşan dide de, wateya rast kîjan e?",Source title and URL are both missing.,c07da1e75753c2fd4b9f836849eb8540
warning,missing_source_metadata,high,offline_runtime_bank,assets/data/offline_questions.json,200,offline_5314,"Wateya Tirkî ya ""ba"" ""rüzgar"" e?",Source title and URL are both missing.,f6e5be3ded5378732d8ac5d1185a94dc
warning,near_duplicate_candidate,medium,offline_runtime_bank,assets/data/offline_questions.json,200,offline_5314,"Wateya Tirkî ya ""ba"" ""rüzgar"" e?",Near duplicate candidate.,359c14f296ba83da2c28341830d4dc29
warning,missing_source_metadata,high,offline_runtime_bank,assets/data/offline_questions.json,201,offline_5325,"Kîjan ji van peyva Kurmancî ye ku wateya wê ""işitmek"" ye?",Source title and URL are both missing.,59b2ebd6e82d5d9245e91c02594531fc
warning,near_duplicate_candidate,medium,offline_runtime_bank,assets/data/offline_questions.json,201,offline_5325,"Kîjan ji van peyva Kurmancî ye ku wateya wê ""işitmek"" ye?",Near duplicate candidate.,2a2da9ffda433691529ec44f5deca497
warning,missing_source_metadata,high,offline_runtime_bank,assets/data/offline_questions.json,202,offline_5364,"Di Kurmancî de dema ""derî"" tê gotin, ""pencere"" tê xwestin?",Source title and URL are both missing.,230c434e82ea8e537ae5e809dc189f2e
warning,near_duplicate_candidate,medium,offline_runtime_bank,assets/data/offline_questions.json,202,offline_5364,"Di Kurmancî de dema ""derî"" tê gotin, ""pencere"" tê xwestin?",Near duplicate candidate.,18d81bdeab0f262b052299a899da254e
warning,missing_source_metadata,high,offline_runtime_bank,assets/data/offline_questions.json,203,offline_5386,"Peyva Kurmancî ""rûniştin"" bi Tirkî çi tê gotin?",Source title and URL are both missing.,023401a85435d0e3fcad42a33267b00f
warning,near_duplicate_candidate,medium,offline_runtime_bank,assets/data/offline_questions.json,203,offline_5386,"Peyva Kurmancî ""rûniştin"" bi Tirkî çi tê gotin?",Near duplicate candidate.,ca63d7c483f33eef82da3546602c0057
warning,missing_source_metadata,high,offline_runtime_bank,assets/data/offline_questions.json,204,offline_5433,"Wateya Tirkî ya ""destpêk"" ""ağaç"" e?",Source title and URL are both missing.,557caa8c6f160eea3845b29e066167a2
warning,missing_source_metadata,high,offline_runtime_bank,assets/data/offline_questions.json,205,offline_5440,"""mamoste"" (Kurmancî) bi Tirkî kîjan wateyê digire?",Source title and URL are both missing.,d5bcfbcb3b0fffef0d32a754ee81a1aa
warning,missing_source_metadata,high,offline_runtime_bank,assets/data/offline_questions.json,206,offline_5448,"Wateya Tirkî ya peyva ""wêne"" kîjan e?",Source title and URL are both missing.,b015e44e1165526cfca230c40510918a
warning,near_duplicate_candidate,medium,offline_runtime_bank,assets/data/offline_questions.json,206,offline_5448,"Wateya Tirkî ya peyva ""wêne"" kîjan e?",Near duplicate candidate.,cfedc71e763bb67f236ba36ef86cff21
warning,missing_source_metadata,high,offline_runtime_bank,assets/data/offline_questions.json,207,offline_5459,"Hevwateya ""ağız"" bi Kurmancî çi ye?",Source title and URL are both missing.,3a0b944f37f85c194b6d34d3c9ef18d1
warning,near_duplicate_candidate,medium,offline_runtime_bank,assets/data/offline_questions.json,207,offline_5459,"Hevwateya ""ağız"" bi Kurmancî çi ye?",Near duplicate candidate.,655bccdc822b94de838a27fedeada732
warning,missing_source_metadata,high,offline_runtime_bank,assets/data/offline_questions.json,208,offline_5475,"Wateya Tirkî ya ""deşt"" ""kaya"" e?",Source title and URL are both missing.,cf190ed7146c1222217c31be222ef661
warning,missing_source_metadata,high,offline_runtime_bank,assets/data/offline_questions.json,209,offline_5499,"Di Kurmancî de dema ""nanpêj"" tê gotin, ""fırıncı"" tê xwestin?",Source title and URL are both missing.,7837708b9c8b9b70e548672c93686b35
warning,near_duplicate_candidate,medium,offline_runtime_bank,assets/data/offline_questions.json,209,offline_5499,"Di Kurmancî de dema ""nanpêj"" tê gotin, ""fırıncı"" tê xwestin?",Near duplicate candidate.,c73c3b3acf115fd9c6453d58c3118d98
warning,missing_source_metadata,high,offline_runtime_bank,assets/data/offline_questions.json,20,offline_0085,"Di wêneya ku têgiha ""kevin"" nîşan dide de, wateya rast kîjan e?",Source title and URL are both missing.,05fb81997fba1889747c773bdfe3b11d
warning,missing_source_metadata,high,offline_runtime_bank,assets/data/offline_questions.json,210,offline_5514,"Peyva Kurmancî ""jin"" bi Tirkî çi tê gotin?",Source title and URL are both missing.,9ce71f389fea168bc43900640262b77e
warning,near_duplicate_candidate,medium,offline_runtime_bank,assets/data/offline_questions.json,210,offline_5514,"Peyva Kurmancî ""jin"" bi Tirkî çi tê gotin?",Near duplicate candidate.,7c7eae2b2cdf379c475c43b2c5923ab5
warning,missing_source_metadata,high,offline_runtime_bank,assets/data/offline_questions.json,211,offline_5524,"Ji bo gotina ""Kürt"" di Kurmancî de kîjan peyv tê bikaranîn?",Source title and URL are both missing.,18193a371fe6358caa59790e91531c9c
warning,near_duplicate_candidate,medium,offline_runtime_bank,assets/data/offline_questions.json,211,offline_5524,"Ji bo gotina ""Kürt"" di Kurmancî de kîjan peyv tê bikaranîn?",Near duplicate candidate.,aa52b7b01ef0bae86a354405e73044bc
warning,missing_source_metadata,high,offline_runtime_bank,assets/data/offline_questions.json,212,offline_5542,"Kîjan ji van peyva Kurmancî ye ku wateya wê ""arkadaş"" ye?",Source title and URL are both missing.,4cc9b1a37d4e18a0350e978631e8d552
warning,near_duplicate_candidate,medium,offline_runtime_bank,assets/data/offline_questions.json,212,offline_5542,"Kîjan ji van peyva Kurmancî ye ku wateya wê ""arkadaş"" ye?",Near duplicate candidate.,6991e83aa5513038429d245c930dbb62
warning,missing_source_metadata,high,offline_runtime_bank,assets/data/offline_questions.json,213,offline_5557,"Peyva ""kaxiz"" tê wateya ""resim/fotoğraf"".",Source title and URL are both missing.,b5fff1fe70117fc4edf1128fbe627026
warning,missing_source_metadata,high,offline_runtime_bank,assets/data/offline_questions.json,214,offline_5591,"Rast e an şaş e: Kurmancî ""xwendekar"" = ""doğru"".",Source title and URL are both missing.,70eb69573f0f32466d3de6ce5928ddb1
warning,near_duplicate_candidate,medium,offline_runtime_bank,assets/data/offline_questions.json,214,offline_5591,"Rast e an şaş e: Kurmancî ""xwendekar"" = ""doğru"".",Near duplicate candidate.,fac6f4f609e6f21e4390f7ff853cf871
warning,missing_source_metadata,high,offline_runtime_bank,assets/data/offline_questions.json,215,offline_5593,"Rast e an şaş e: Kurmancî ""çav"" = ""burun"".",Source title and URL are both missing.,485962cf42ad7cbfc3bbb26b15945a3e
warning,near_duplicate_candidate,medium,offline_runtime_bank,assets/data/offline_questions.json,215,offline_5593,"Rast e an şaş e: Kurmancî ""çav"" = ""burun"".",Near duplicate candidate.,57dc4b0ac1cd0a277999dcfeceba22ba
warning,missing_source_metadata,high,offline_runtime_bank,assets/data/offline_questions.json,216,offline_5599,"Hevwateya ""kalkmak"" bi Kurmancî çi ye?",Source title and URL are both missing.,e2cef2c6381ed505a8efd731f95df10c
warning,near_duplicate_candidate,medium,offline_runtime_bank,assets/data/offline_questions.json,216,offline_5599,"Hevwateya ""kalkmak"" bi Kurmancî çi ye?",Near duplicate candidate.,81254734adb1905fe81679c7d1002e56
warning,missing_source_metadata,high,offline_runtime_bank,assets/data/offline_questions.json,217,offline_5606,Ji bo ronahî û hewayê li dîwarê tê vekirin; bi Tirkî kîjan e?,Source title and URL are both missing.,c3ad9054f025f1e3fbb9682bbea251b1
warning,missing_source_metadata,high,offline_runtime_bank,assets/data/offline_questions.json,218,offline_5631,"Di Kurmancî de dema ""şev"" tê gotin, ""deniz"" tê xwestin?",Source title and URL are both missing.,3306133cb9c5e72bd35024e51d6b4707
warning,near_duplicate_candidate,medium,offline_runtime_bank,assets/data/offline_questions.json,218,offline_5631,"Di Kurmancî de dema ""şev"" tê gotin, ""deniz"" tê xwestin?",Near duplicate candidate.,03a9a372a011b0dc0b5232d35986b93c
warning,missing_source_metadata,high,offline_runtime_bank,assets/data/offline_questions.json,219,offline_5632,"Wateya Tirkî ya ""şêr"" ""köpek"" e?",Source title and URL are both missing.,fdaba8ea29217d1f9b9636f3b690b3c0
warning,missing_source_metadata,high,offline_runtime_bank,assets/data/offline_questions.json,21,offline_0090,"Di wêneya ku têgiha ""îro"" nîşan dide de, wateya rast kîjan e?",Source title and URL are both missing.,d2340f0e7a6f15868f6f4574a96e46d8
warning,near_duplicate_candidate,medium,offline_runtime_bank,assets/data/offline_questions.json,21,offline_0090,"Di wêneya ku têgiha ""îro"" nîşan dide de, wateya rast kîjan e?",Near duplicate candidate.,db193ef18e686ebdec3f754864c6423b
warning,missing_source_metadata,high,offline_runtime_bank,assets/data/offline_questions.json,220,offline_5644,"Kîjan ji van peyva Kurmancî ye ku wateya wê ""el"" ye?",Source title and URL are both missing.,3bee72123e41def4e754e19c3262d109
warning,near_duplicate_candidate,medium,offline_runtime_bank,assets/data/offline_questions.json,220,offline_5644,"Kîjan ji van peyva Kurmancî ye ku wateya wê ""el"" ye?",Near duplicate candidate.,4e380402b5efbab186494a6a29f7211c
warning,missing_source_metadata,high,offline_runtime_bank,assets/data/offline_questions.json,221,offline_5675,"Rast e an şaş e: Kurmancî ""pê"" = ""baş/kafa"".",Source title and URL are both missing.,ee327bff6c07a0d948ca66d463dc0c5c
warning,missing_source_metadata,high,offline_runtime_bank,assets/data/offline_questions.json,222,offline_5676,"Di Kurmancî de dema ""diran"" tê gotin, ""saç"" tê xwestin?",Source title and URL are both missing.,246e2df79b5212c5d8d769880556cc21
warning,near_duplicate_candidate,medium,offline_runtime_bank,assets/data/offline_questions.json,222,offline_5676,"Di Kurmancî de dema ""diran"" tê gotin, ""saç"" tê xwestin?",Near duplicate candidate.,e5ed109b32f97bf1b55fbe28e720ac91
warning,missing_source_metadata,high,offline_runtime_bank,assets/data/offline_questions.json,223,offline_5685,"Hevwateya ""ay"" bi Kurmancî çi ye?",Source title and URL are both missing.,9226b34c987a79cd73c7896046d20f77
warning,near_duplicate_candidate,medium,offline_runtime_bank,assets/data/offline_questions.json,223,offline_5685,"Hevwateya ""ay"" bi Kurmancî çi ye?",Near duplicate candidate.,95c72b038c929bdf2af2ff4e643bc8c9
warning,missing_source_metadata,high,offline_runtime_bank,assets/data/offline_questions.json,224,offline_5699,"Ji bo gotina ""yazmak"" di Kurmancî de kîjan peyv tê bikaranîn?",Source title and URL are both missing.,f3d96f9fee8fcffe4fe34fd4117ce484
warning,missing_source_metadata,high,offline_runtime_bank,assets/data/offline_questions.json,225,offline_5719,"Peyva ""ax"" tê wateya ""toprak"".",Source title and URL are both missing.,d3ef8ada41721a382d761424b59b2ee3
warning,missing_source_metadata,high,offline_runtime_bank,assets/data/offline_questions.json,226,offline_5722,"Di Kurmancî de dema ""ziman"" tê gotin, ""okul"" tê xwestin?",Source title and URL are both missing.,bac0084ac27f5dcd452902c363015428
warning,near_duplicate_candidate,medium,offline_runtime_bank,assets/data/offline_questions.json,226,offline_5722,"Di Kurmancî de dema ""ziman"" tê gotin, ""okul"" tê xwestin?",Near duplicate candidate.,af7b1015763a1c8b4790b86421366116
warning,missing_source_metadata,high,offline_runtime_bank,assets/data/offline_questions.json,227,offline_5733,"Di Kurmancî de dema ""cîhan"" tê gotin, ""dünya"" tê xwestin?",Source title and URL are both missing.,56b305e1f871f941b62f19037bff6bfb
warning,near_duplicate_candidate,medium,offline_runtime_bank,assets/data/offline_questions.json,227,offline_5733,"Di Kurmancî de dema ""cîhan"" tê gotin, ""dünya"" tê xwestin?",Near duplicate candidate.,eef76febd6a41ef5085ab57f51fcff77
warning,missing_source_metadata,high,offline_runtime_bank,assets/data/offline_questions.json,228,offline_5805,"Kîjan ji van peyva Kurmancî ye ku wateya wê ""aile"" ye?",Source title and URL are both missing.,48682f71efb7262dddb35917dd9a48fe
warning,near_duplicate_candidate,medium,offline_runtime_bank,assets/data/offline_questions.json,228,offline_5805,"Kîjan ji van peyva Kurmancî ye ku wateya wê ""aile"" ye?",Near duplicate candidate.,0010ab42f58557e19ba1d3440211f302
warning,missing_source_metadata,high,offline_runtime_bank,assets/data/offline_questions.json,229,offline_5813,"Di Kurmancî de peyva ""baran"" bi Tirkî çi ye?",Source title and URL are both missing.,c5e5a68756a08fa8d1e6d7bfa2b5eb65
warning,missing_source_metadata,high,offline_runtime_bank,assets/data/offline_questions.json,22,offline_0095,"Nîşana wêneyê: ""duh"". Wateya wê çi ye?",Source title and URL are both missing.,f4808fedaba0e07429634f7d5e8a9d81
warning,missing_source_metadata,high,offline_runtime_bank,assets/data/offline_questions.json,230,offline_5834,"Di Kurmancî de dema ""pir"" tê gotin, ""başlangıç"" tê xwestin?",Source title and URL are both missing.,c3132165d407ae78c1afb33680dca2a8
warning,near_duplicate_candidate,medium,offline_runtime_bank,assets/data/offline_questions.json,230,offline_5834,"Di Kurmancî de dema ""pir"" tê gotin, ""başlangıç"" tê xwestin?",Near duplicate candidate.,5912ec74a8bfd986126eab895c9d29e2
warning,missing_source_metadata,high,offline_runtime_bank,assets/data/offline_questions.json,231,offline_5848,"Di Kurmancî de dema ""welat"" tê gotin, ""dünya"" tê xwestin?",Source title and URL are both missing.,f051fbb05c4bff3846756a3edcaf012e
warning,near_duplicate_candidate,medium,offline_runtime_bank,assets/data/offline_questions.json,231,offline_5848,"Di Kurmancî de dema ""welat"" tê gotin, ""dünya"" tê xwestin?",Near duplicate candidate.,cbcca9f7976378bf546b8a2d4d04a929
warning,missing_source_metadata,high,offline_runtime_bank,assets/data/offline_questions.json,232,offline_5886,"Kîjan ji van peyva Kurmancî ye ku wateya wê ""ülke/vatan"" ye?",Source title and URL are both missing.,50679ca097f836ddd16fee88b3a763e6
warning,near_duplicate_candidate,medium,offline_runtime_bank,assets/data/offline_questions.json,232,offline_5886,"Kîjan ji van peyva Kurmancî ye ku wateya wê ""ülke/vatan"" ye?",Near duplicate candidate.,08809550561306fa0a65ba882149c30d
warning,missing_source_metadata,high,offline_runtime_bank,assets/data/offline_questions.json,233,offline_5894,"""nivîn"" (Kurmancî) bi Tirkî kîjan wateyê digire?",Source title and URL are both missing.,aebb58995f61636e8aa0a0e4c72979af
warning,missing_source_metadata,high,offline_runtime_bank,assets/data/offline_questions.json,234,offline_5897,"Kîjan ji van peyva Kurmancî ye ku wateya wê ""yatak"" ye?",Source title and URL are both missing.,077f64b29b459253ca30ba020510bc57
warning,near_duplicate_candidate,medium,offline_runtime_bank,assets/data/offline_questions.json,234,offline_5897,"Kîjan ji van peyva Kurmancî ye ku wateya wê ""yatak"" ye?",Near duplicate candidate.,5f95722b421ec3da2f181e70be1efb3a
warning,missing_source_metadata,high,offline_runtime_bank,assets/data/offline_questions.json,235,offline_5903,"Kîjan ji van peyva Kurmancî ye ku wateya wê ""bugün"" ye?",Source title and URL are both missing.,e5b742ea153bb4989d32a9654a171284
warning,near_duplicate_candidate,medium,offline_runtime_bank,assets/data/offline_questions.json,235,offline_5903,"Kîjan ji van peyva Kurmancî ye ku wateya wê ""bugün"" ye?",Near duplicate candidate.,bf53c7046f8b8979f671a770f022f919
warning,missing_source_metadata,high,offline_runtime_bank,assets/data/offline_questions.json,236,offline_5916,"Peyva Kurmancî ""çem"" bi Tirkî çi tê gotin?",Source title and URL are both missing.,470edc7942c1ef6469fdeb6cf20ea287
warning,near_duplicate_candidate,medium,offline_runtime_bank,assets/data/offline_questions.json,236,offline_5916,"Peyva Kurmancî ""çem"" bi Tirkî çi tê gotin?",Near duplicate candidate.,2f2f1a0cdebb00f7348614c62349862c
warning,missing_source_metadata,high,offline_runtime_bank,assets/data/offline_questions.json,237,offline_5930,"""kanî"" (Kurmancî) bi Tirkî kîjan wateyê digire?",Source title and URL are both missing.,36a5dd27cc46460802540816d110ba1c
warning,missing_source_metadata,high,offline_runtime_bank,assets/data/offline_questions.json,238,offline_5933,"Hevwateya ""masa"" bi Kurmancî çi ye?",Source title and URL are both missing.,8b88d0930af136d1a5e36c2de427d339
warning,near_duplicate_candidate,medium,offline_runtime_bank,assets/data/offline_questions.json,238,offline_5933,"Hevwateya ""masa"" bi Kurmancî çi ye?",Near duplicate candidate.,8756b92277c34fe3e9b8349a137f73a7
warning,missing_source_metadata,high,offline_runtime_bank,assets/data/offline_questions.json,239,offline_5934,"Di Kurmancî de peyva ""teşt"" bi Tirkî çi ye?",Source title and URL are both missing.,60d731727452a7514c8e77f746ab13f1
warning,near_duplicate_candidate,medium,offline_runtime_bank,assets/data/offline_questions.json,239,offline_5934,"Di Kurmancî de peyva ""teşt"" bi Tirkî çi ye?",Near duplicate candidate.,2a676b6486bb4ed02eea106b2a50caec
warning,missing_source_metadata,high,offline_runtime_bank,assets/data/offline_questions.json,23,offline_0105,"Wêneya ""zarok"": berambera Tirkî ya rast kîjan e?",Source title and URL are both missing.,d3f69239379ae0874f32230a0d41e6c2
warning,near_duplicate_candidate,medium,offline_runtime_bank,assets/data/offline_questions.json,23,offline_0105,"Wêneya ""zarok"": berambera Tirkî ya rast kîjan e?",Near duplicate candidate.,b2cf2ac11f4001a1ad787998f629a178
warning,missing_source_metadata,high,offline_runtime_bank,assets/data/offline_questions.json,240,offline_5941,"Di Kurmancî de dema ""derya"" tê gotin, ""yıldız"" tê xwestin?",Source title and URL are both missing.,5edb99f083a9144e12d34bc0b111f765
warning,near_duplicate_candidate,medium,offline_runtime_bank,assets/data/offline_questions.json,240,offline_5941,"Di Kurmancî de dema ""derya"" tê gotin, ""yıldız"" tê xwestin?",Near duplicate candidate.,2416665ab524f47df64498c99c843796
warning,missing_source_metadata,high,offline_runtime_bank,assets/data/offline_questions.json,241,offline_5969,"Kîjan vebijêrk tê wateya ""şahmaran""?",Source title and URL are both missing.,56dde9670955f95fb87c7d105fdcf6d0
warning,missing_source_metadata,high,offline_runtime_bank,assets/data/offline_questions.json,242,offline_6020,"Ji aliyê Çandê ve ji bo ""govendên herêmî"" îfadeya rast kîjan e?",Source title and URL are both missing.,230decabbae63b602eab5e9d1036b024
warning,missing_source_metadata,high,offline_runtime_bank,assets/data/offline_questions.json,243,offline_6042,"Peyva ""pêncşem"" bi Tirkî çi ye?",Source title and URL are both missing.,25180ae41bd9b3130bdd3b332f59971f
warning,missing_source_metadata,high,offline_runtime_bank,assets/data/offline_questions.json,244,offline_6053,"Derbarê ""şal û şapik"" de ravekirina rast kîjan e?",Source title and URL are both missing.,6e057b7129dba201cc4c0a88a38ccdff
warning,missing_source_metadata,high,offline_runtime_bank,assets/data/offline_questions.json,245,offline_6059,"Ji bo ""hewran"" pênaseya derbasdar kîjan e?",Source title and URL are both missing.,5a723cc88c3a4b167340e152fbd9259f
warning,missing_source_metadata,high,offline_runtime_bank,assets/data/offline_questions.json,246,offline_6067,"Derbarê ""çilkez"" de ya rast a zanîn çi ye?",Source title and URL are both missing.,8d49a827c15276771ddab65ce1853cb2
warning,missing_source_metadata,high,offline_runtime_bank,assets/data/offline_questions.json,247,offline_6083,"Peyva ""destmal"" bi tirkî çi ye?",Source title and URL are both missing.,0b8aab1b75510b7ef4b9c2e0e859d212
warning,near_duplicate_candidate,medium,offline_runtime_bank,assets/data/offline_questions.json,247,offline_6083,"Peyva ""destmal"" bi tirkî çi ye?",Near duplicate candidate.,1c48545c1e9bc76353e3348227ca35eb
warning,missing_source_metadata,high,offline_runtime_bank,assets/data/offline_questions.json,248,offline_6093,"Ji bo ""tûrik"" pênaseya derbasdar kîjan e?",Source title and URL are both missing.,6647ece057571a5f6e48b365a5c80845
warning,near_duplicate_candidate,medium,offline_runtime_bank,assets/data/offline_questions.json,248,offline_6093,"Ji bo ""tûrik"" pênaseya derbasdar kîjan e?",Near duplicate candidate.,c8e086feedcc7703eefb4d8c211edbe5
warning,missing_source_metadata,high,offline_runtime_bank,assets/data/offline_questions.json,249,offline_6117,"Derbarê ""nanê tenûrê"" de kîjan rast e?",Source title and URL are both missing.,19b7ccff3e4d55306198b93d7c0ea2eb
warning,missing_source_metadata,high,offline_runtime_bank,assets/data/offline_questions.json,24,offline_0110,"Wêneya ""xwendekar"" tê çi wateyê?",Source title and URL are both missing.,114a8630527e44589a8cf5ff182d594f
warning,near_duplicate_candidate,medium,offline_runtime_bank,assets/data/offline_questions.json,24,offline_0110,"Wêneya ""xwendekar"" tê çi wateyê?",Near duplicate candidate.,4b1e55da131f7612cbdef403881d1d6d
warning,missing_source_metadata,high,offline_runtime_bank,assets/data/offline_questions.json,250,offline_6136,"Kîjan têgiha ""koçerî"" rast şirove dike?",Source title and URL are both missing.,7acd9fcbbb3f16d4d8c7350c1e5b6f68
warning,missing_source_metadata,high,offline_runtime_bank,assets/data/offline_questions.json,251,offline_6182,"""memê alan"" çi îfade dike?",Source title and URL are both missing.,11d0a9522487dec1d47bcadeacb6442e
warning,missing_source_metadata,high,offline_runtime_bank,assets/data/offline_questions.json,252,offline_6189,"Îfadeya ku têgiha ""cîranî"" rast vedibêje kîjan e?",Source title and URL are both missing.,13665140b879cada303fa56a5ee07a00
warning,missing_source_metadata,high,offline_runtime_bank,assets/data/offline_questions.json,253,offline_6206,"""dengbêj"" çawa tê pênasekirin?",Source title and URL are both missing.,5d613b0e4058c82308881f48bd2eb7fe
warning,missing_source_metadata,high,offline_runtime_bank,assets/data/offline_questions.json,254,offline_6260,"Kîjan pênase bi ""Newroz"" re li hev tê?",Source title and URL are both missing.,3b11faab8c6542ae7368c71fbd4978e9
warning,missing_source_metadata,high,offline_runtime_bank,assets/data/offline_questions.json,255,offline_6325,"Derbarê ""bilûr"" de ya rast a zanîn çi ye?",Source title and URL are both missing.,c7598fdfa43a734e3744e2d9b7ef64d4
warning,near_duplicate_candidate,medium,offline_runtime_bank,assets/data/offline_questions.json,255,offline_6325,"Derbarê ""bilûr"" de ya rast a zanîn çi ye?",Near duplicate candidate.,41e87372623978a0752f471a88f02426
warning,missing_source_metadata,high,offline_runtime_bank,assets/data/offline_questions.json,256,offline_6343,"Li jêr ji bo ""tûtik"" kîjan rast e?",Source title and URL are both missing.,7afa01265f4f33b17b41449f9775f2d2
warning,missing_source_metadata,high,offline_runtime_bank,assets/data/offline_questions.json,257,offline_6365,"Derbarê ""zembîlfiroş"" de kîjan rast e?",Source title and URL are both missing.,021f95be2221eaae126fee86a1fe1043
warning,near_duplicate_candidate,medium,offline_runtime_bank,assets/data/offline_questions.json,257,offline_6365,"Derbarê ""zembîlfiroş"" de kîjan rast e?",Near duplicate candidate.,9748db49f302b93c4e617b17dda06ce9
warning,missing_source_metadata,high,offline_runtime_bank,assets/data/offline_questions.json,258,offline_6406,"Berambera rast a peyva ""govend"" kîjan e?",Source title and URL are both missing.,01b7d0a0e84242f5c94d053486a3ca70
warning,missing_source_metadata,high,offline_runtime_bank,assets/data/offline_questions.json,259,offline_6457,"""şabaş"" çawa tê pênasekirin?",Source title and URL are both missing.,556d224020ef820e0acdb25e80a9233f
warning,missing_source_metadata,high,offline_runtime_bank,assets/data/offline_questions.json,25,offline_0115,"Peyva ""rast"" bi Tirkî çi tê gotin?",Source title and URL are both missing.,a28da848375c2b901c7b7038f485cb83
warning,near_duplicate_candidate,medium,offline_runtime_bank,assets/data/offline_questions.json,25,offline_0115,"Peyva ""rast"" bi Tirkî çi tê gotin?",Near duplicate candidate.,caf081eaa316c957d037cbaa0eff6f88
warning,missing_source_metadata,high,offline_runtime_bank,assets/data/offline_questions.json,260,offline_6465,"Ji bo Çandê derbarê ""sersal"" de vebijêrka rast kîjan e?",Source title and URL are both missing.,92bbc1bdb1fe957f5712d7de07549db3
warning,missing_source_metadata,high,offline_runtime_bank,assets/data/offline_questions.json,261,offline_6523,"""şîlan"" çawa divê bê fêmkirin?",Source title and URL are both missing.,2a33ee31fffc4e80eb53467ecddf9999
warning,missing_source_metadata,high,offline_runtime_bank,assets/data/offline_questions.json,262,offline_6530,"Dema ""kelaş"" tê gotin, çi tê xwestin?",Source title and URL are both missing.,f92a789fd41fe09d3a1018c5fb6b3e83
warning,missing_source_metadata,high,offline_runtime_bank,assets/data/offline_questions.json,263,offline_6533,"Kîjan têgiha ""vegotina çîrokan"" rast şirove dike?",Source title and URL are both missing.,f15d318cb493c59ab3fd492027c6e488
warning,missing_source_metadata,high,offline_runtime_bank,assets/data/offline_questions.json,264,offline_6538,"Bi ""şevbêrk"" çi tê xwestin?",Source title and URL are both missing.,fe5ceb0b77551319d9f537908e3a81c9
warning,missing_source_metadata,high,offline_runtime_bank,assets/data/offline_questions.json,265,offline_6555,"Kîjan têgiha ""serzêr"" rast şirove dike?",Source title and URL are both missing.,c6f2bc46d194f60065e42001fb4e0154
warning,near_duplicate_candidate,medium,offline_runtime_bank,assets/data/offline_questions.json,265,offline_6555,"Kîjan têgiha ""serzêr"" rast şirove dike?",Near duplicate candidate.,b03a9dea411aa08d8cbb5e2c1284051d
warning,missing_source_metadata,high,offline_runtime_bank,assets/data/offline_questions.json,266,offline_6560,"Derbarê ""çilkez"" de agahiya herî rast kîjan e?",Source title and URL are both missing.,566e6260ddd3b8d9522a585b6257d5d0
warning,missing_source_metadata,high,offline_runtime_bank,assets/data/offline_questions.json,267,offline_6575,"Kîjan têgiha ""şabaş"" rast şirove dike?",Source title and URL are both missing.,5517e7c6d8c171c12cf762396e7a6f2a
warning,near_duplicate_candidate,medium,offline_runtime_bank,assets/data/offline_questions.json,267,offline_6575,"Kîjan têgiha ""şabaş"" rast şirove dike?",Near duplicate candidate.,6bfef244c5460a34c6c74f3cb86cb5ef
warning,missing_source_metadata,high,offline_runtime_bank,assets/data/offline_questions.json,268,offline_6581,"Derbarê ""nanê sêlê"" de ravekirina rast kîjan e?",Source title and URL are both missing.,02a18ab82facd14e03e721aac73d0e5a
warning,missing_source_metadata,high,offline_runtime_bank,assets/data/offline_questions.json,269,offline_6610,"""lûr"" çawa tê pênasekirin?",Source title and URL are both missing.,4521fc7aa8b191414705df4d7594ba60
warning,missing_source_metadata,high,offline_runtime_bank,assets/data/offline_questions.json,26,offline_0120,"Di wêneya ku têgiha ""pir"" nîşan dide de, wateya rast kîjan e?",Source title and URL are both missing.,c6eb303c7b71e9656bdccf671f8252bb
warning,near_duplicate_candidate,medium,offline_runtime_bank,assets/data/offline_questions.json,26,offline_0120,"Di wêneya ku têgiha ""pir"" nîşan dide de, wateya rast kîjan e?",Near duplicate candidate.,5221f48090a48a20f1a30b951fafeb5e
warning,missing_source_metadata,high,offline_runtime_bank,assets/data/offline_questions.json,270,offline_6626,"Derbarê ""şînî"" de agahiya herî rast kîjan e?",Source title and URL are both missing.,43e9b831859fcad38e4a73e87e4a6854
warning,near_duplicate_candidate,medium,offline_runtime_bank,assets/data/offline_questions.json,270,offline_6626,"Derbarê ""şînî"" de agahiya herî rast kîjan e?",Near duplicate candidate.,5f662896fb2ccbed67fc16a5cbe87626
warning,missing_source_metadata,high,offline_runtime_bank,assets/data/offline_questions.json,271,offline_6642,"Dema ""mêvanperwerî"" tê gotin, çi tê xwestin?",Source title and URL are both missing.,3bd59c246e7be3a7189f949b1b2f999e
warning,missing_source_metadata,high,offline_runtime_bank,assets/data/offline_questions.json,272,offline_6716,"Berambera rast a biwêja ""bêrîvan"" kîjan e?",Source title and URL are both missing.,04837f37f1855bea0870605d5e28774f
warning,missing_source_metadata,high,offline_runtime_bank,assets/data/offline_questions.json,273,offline_6722,"""fistan"" çi îfade dike?",Source title and URL are both missing.,0d61ff9412ffa19a9cb34ff57c3a5f96
warning,missing_source_metadata,high,offline_runtime_bank,assets/data/offline_questions.json,274,offline_6730,"Derbarê ""serpêhatî"" de vebijêrka rast kîjan e?",Source title and URL are both missing.,1ce55ac21def4edd8fc5b61775e01122
warning,missing_source_metadata,high,offline_runtime_bank,assets/data/offline_questions.json,275,offline_6823,"Kîjan têgiha ""motîfên kilimê"" rast şirove dike?",Source title and URL are both missing.,e6c5c67dba05cbbaa1ed9e5cfc5ed706
warning,near_duplicate_candidate,medium,offline_runtime_bank,assets/data/offline_questions.json,275,offline_6823,"Kîjan têgiha ""motîfên kilimê"" rast şirove dike?",Near duplicate candidate.,d140f8834a9f7749c388fb5d0f916241
warning,missing_source_metadata,high,offline_runtime_bank,assets/data/offline_questions.json,276,offline_6835,"Derbarê ""qutik"" de ravekirina rast kîjan e?",Source title and URL are both missing.,50c3d2fb0b2339f5fb405c93815c5b55
warning,near_duplicate_candidate,medium,offline_runtime_bank,assets/data/offline_questions.json,276,offline_6835,"Derbarê ""qutik"" de ravekirina rast kîjan e?",Near duplicate candidate.,bb95d68c5b6072e1f26d15bd66260fb5
warning,missing_source_metadata,high,offline_runtime_bank,assets/data/offline_questions.json,277,offline_6841,"""reşmal"" çawa divê bê fêmkirin?",Source title and URL are both missing.,b4ffa425cc239232f7f5ca447d37d76e
warning,missing_source_metadata,high,offline_runtime_bank,assets/data/offline_questions.json,278,offline_6882,"Li jêr ji bo ""mitbaxa gel"" kîjan rast e?",Source title and URL are both missing.,9276d05544cceb3376fd10b9fcc9e2b8
warning,near_duplicate_candidate,medium,offline_runtime_bank,assets/data/offline_questions.json,278,offline_6882,"Li jêr ji bo ""mitbaxa gel"" kîjan rast e?",Near duplicate candidate.,951c9af9b61ca9a55321004cae0bf536
warning,missing_source_metadata,high,offline_runtime_bank,assets/data/offline_questions.json,279,offline_6971,"Ji bo ""sêpê"" pênaseya derbasdar kîjan e?",Source title and URL are both missing.,1d205ef7c4369acf8a3d9e1981c2651c
warning,missing_source_metadata,high,offline_runtime_bank,assets/data/offline_questions.json,27,offline_0121,"Peyva Kurmancî ""destpêk"" bi Tirkî çi tê gotin?",Source title and URL are both missing.,6c44f158e25f436d6485ea8f1b0be052
warning,near_duplicate_candidate,medium,offline_runtime_bank,assets/data/offline_questions.json,27,offline_0121,"Peyva Kurmancî ""destpêk"" bi Tirkî çi tê gotin?",Near duplicate candidate.,02afc90efb7cec8109c5471dad9db4d2
warning,missing_source_metadata,high,offline_runtime_bank,assets/data/offline_questions.json,280,offline_7011,"Rojnameya ""Jiyan"" çi bû?",Source title and URL are both missing.,cc3e38d4242eaafc4c19654bdf71ad9f
warning,missing_source_metadata,high,offline_runtime_bank,assets/data/offline_questions.json,281,offline_7015,"Di zanîna dîrokê de der barê ""Eyaleta Kurdistanê"" de ya rast kîjan e?",Source title and URL are both missing.,0414907efa1a006453689eff40044016
warning,missing_source_metadata,high,offline_runtime_bank,assets/data/offline_questions.json,282,offline_7053,"""Tevgera Barzanî"" tê çi wateyê?",Source title and URL are both missing.,e34541d2a4b850bad529b18d17d3e66e
warning,missing_source_metadata,high,offline_runtime_bank,assets/data/offline_questions.json,283,offline_7058,"Li jêr kîjan têgiha ""Mezopotamya"" rave dike?",Source title and URL are both missing.,a61e225296f66a69347916b2cc9a9c3c
warning,missing_source_metadata,high,offline_runtime_bank,assets/data/offline_questions.json,284,offline_7066,"""Dersim 1937"" bi kîjan aliyê xwe ve tê nasîn?",Source title and URL are both missing.,ccc3971020fb12a1ba575568116870cf
warning,missing_source_metadata,high,offline_runtime_bank,assets/data/offline_questions.json,285,offline_7145,"""Şeyh Said"" di mijara dîrokê de çi vedibêje?",Source title and URL are both missing.,b36f89ce1266e434f7b86d5b4b4c1e6d
warning,missing_source_metadata,high,offline_runtime_bank,assets/data/offline_questions.json,286,offline_7151,"""Mîrgeha Babanê"" bi awayekî rast çawa tê ravekirin?",Source title and URL are both missing.,778ce6f9fbeed9fc66daf8943e39e2f4
warning,missing_source_metadata,high,offline_runtime_bank,assets/data/offline_questions.json,287,offline_7201,"""Celadet Bedirxan"" wek kî tê naskirin?",Source title and URL are both missing.,503fee7c3e5bbdb9a1be86f619867af0
warning,missing_source_metadata,high,offline_runtime_bank,assets/data/offline_questions.json,288,offline_7210,"Kîjan kesê/a ""Mîrê Kor"" rast dide nasîn?",Source title and URL are both missing.,ba80c53ea578b4be26f3d4984d655db3
warning,missing_source_metadata,high,offline_runtime_bank,assets/data/offline_questions.json,289,offline_7223,"Ji bo ""Peymana Qesrişîrînê"" ravekirina herî dirust kîjan e?",Source title and URL are both missing.,b2f1e2718a049f7af408161e14ab9eea
warning,missing_source_metadata,high,offline_runtime_bank,assets/data/offline_questions.json,28,offline_0534,Ji bo dîroka Kurd û Kurdistanê ravekirina herî guncav a têgeha dîroka devkî kîjan e?,Source title and URL are both missing.,4478f273b7f7cf8978c4ef5a355c130e
warning,missing_source_metadata,high,offline_runtime_bank,assets/data/offline_questions.json,290,offline_7242,"Li jêr kîjan têgiha ""Peymana Lozanê"" rave dike?",Source title and URL are both missing.,30b2b87433f667e2c30d2f86ac51d54e
warning,near_duplicate_candidate,medium,offline_runtime_bank,assets/data/offline_questions.json,290,offline_7242,"Li jêr kîjan têgiha ""Peymana Lozanê"" rave dike?",Near duplicate candidate.,e698dd5d51cb707f41d91d984da33077
warning,missing_source_metadata,high,offline_runtime_bank,assets/data/offline_questions.json,291,offline_7247,"Li jêr ji bo ""Şengal"" kîjan rast e?",Source title and URL are both missing.,57c930eaf94a941e839cb705047b0b06
warning,missing_source_metadata,high,offline_runtime_bank,assets/data/offline_questions.json,292,offline_7249,"Di dîrokê de ""Şeyh Mahmud Berzenci"" kî ye?",Source title and URL are both missing.,dc06d4eeaa8685bd6c0aa4171f422ae8
warning,missing_source_metadata,high,offline_runtime_bank,assets/data/offline_questions.json,293,offline_7257,"""Qazi Muhammed"" çi îfade dike?",Source title and URL are both missing.,7633e0ed321e3360e1c891efabb8c091
warning,missing_source_metadata,high,offline_runtime_bank,assets/data/offline_questions.json,294,offline_7293,"""Serhildanên Agirî"" bi kîjan aliyê xwe ve tê nasîn?",Source title and URL are both missing.,5bf8ed1d8627a9bc2887bb1ee5018ad4
warning,missing_source_metadata,high,offline_runtime_bank,assets/data/offline_questions.json,295,offline_7300,"Li jêr ji bo ""Mela Mahmude Bayazidi"" kîjan rast e?",Source title and URL are both missing.,0a62ccde4527d39e13b523311ba57c03
warning,missing_source_metadata,high,offline_runtime_bank,assets/data/offline_questions.json,296,offline_7334,"Têgiha ""Tevgera Barzanî"" çi pêk tîne?",Source title and URL are both missing.,03dd721f68417634e409204fec47b8ca
warning,missing_source_metadata,high,offline_runtime_bank,assets/data/offline_questions.json,297,offline_7335,"Derbarê ""Ehmedê Xanî"" de agahiya rast kîjan e?",Source title and URL are both missing.,b1ae980a160e1de96ee7cfe27d0933f8
warning,missing_source_metadata,high,offline_runtime_bank,assets/data/offline_questions.json,298,offline_7360,"Ji bo ""Mîrgeha Soran"" ravekirina herî dirust kîjan e?",Source title and URL are both missing.,fca3a5142b86da92c7c3b40f610efa38
warning,near_duplicate_candidate,medium,offline_runtime_bank,assets/data/offline_questions.json,298,offline_7360,"Ji bo ""Mîrgeha Soran"" ravekirina herî dirust kîjan e?",Near duplicate candidate.,7519af329408ca56fa4dcfac903a2ec4
warning,missing_source_metadata,high,offline_runtime_bank,assets/data/offline_questions.json,299,offline_7383,"Kîjan pênase ji bo ""Komara Mehabadê"" rast e?",Source title and URL are both missing.,49c9cb67077732a270dbb9798bb2cce3
warning,missing_source_metadata,high,offline_runtime_bank,assets/data/offline_questions.json,29,offline_0543,Di xebata dîroka Kurd û Kurdistanê de Mezopotamya çi îfade dike?,Source title and URL are both missing.,13ea7fc5e6c5f6a9857172e75cf77288
warning,missing_source_metadata,high,offline_runtime_bank,assets/data/offline_questions.json,2,offline_0010,"Nîşana wêneyê: ""roj"". Kîjan vebijêrk her du wateyên sereke yên vê peyvê dide?",Source title and URL are both missing.,dba2d038099eeb727e9d5e4c4dbd5cf4
warning,missing_source_metadata,high,offline_runtime_bank,assets/data/offline_questions.json,300,offline_7394,"Kîjan pênase bi ""Serhildana Koçgirî"" re li hev tê?",Source title and URL are both missing.,2cdf1d331a00517407ad52483a427353
warning,missing_source_metadata,high,offline_runtime_bank,assets/data/offline_questions.json,301,offline_7417,"""şîroveya dîrokî"" çi îfade dike?",Source title and URL are both missing.,687e6e99c77fa384e05f3daf617230d3
warning,missing_source_metadata,high,offline_runtime_bank,assets/data/offline_questions.json,302,offline_7443,"""Eyûbî"" çawa tê pênasekirin?",Source title and URL are both missing.,b2ae69f4a04517d582e7ce3b68832c20
warning,missing_source_metadata,high,offline_runtime_bank,assets/data/offline_questions.json,303,offline_7474,"Berambera rast a biwêja ""dîroka devkî"" kîjan e?",Source title and URL are both missing.,6d8da511303273180513883208e1ccf4
warning,missing_source_metadata,high,offline_runtime_bank,assets/data/offline_questions.json,304,offline_7480,"Kîjan vebijêrk tê wateya ""Cizîr""?",Source title and URL are both missing.,e7c784ed1272c188bbb221813d36676e
warning,missing_source_metadata,high,offline_runtime_bank,assets/data/offline_questions.json,305,offline_7483,Qadî Mihemed kî ye?,Source title and URL are both missing.,945f699bd08b29d7296905056416b2cf
warning,missing_source_metadata,high,offline_runtime_bank,assets/data/offline_questions.json,306,offline_7497,"""Mustafa Barzani"" bi kîjan aliyê xwe ve tê nasîn?",Source title and URL are both missing.,8b13b082b236b5f76dbf398d1c83eccd
warning,missing_source_metadata,high,offline_runtime_bank,assets/data/offline_questions.json,307,offline_7507,"""koçberî"" çawa tê pênasekirin?",Source title and URL are both missing.,5323f1c1d43163a3be3e5ecf084971d8
warning,missing_source_metadata,high,offline_runtime_bank,assets/data/offline_questions.json,308,offline_7527,"""Amida"" di mijara dîrokê de çi vedibêje?",Source title and URL are both missing.,6edc3103f7255b1bb2cec738bcb7e7e0
warning,missing_source_metadata,high,offline_runtime_bank,assets/data/offline_questions.json,309,offline_7569,"Derbarê ""kronoloji"" de ya rast a zanîn çi ye?",Source title and URL are both missing.,31fee6be3bccf129f041aeae1a5dc077
warning,missing_source_metadata,high,offline_runtime_bank,assets/data/offline_questions.json,30,offline_0652,"Peyva ""çîrok"" bi tirkî çi ye?",Source title and URL are both missing.,1f3c173bf6d16f39db81dfc2fef1b1f3
warning,missing_source_metadata,high,offline_runtime_bank,assets/data/offline_questions.json,310,offline_7598,"Dema ""Rojnameya Kurdistan"" tê gotin, çi tê xwestin?",Source title and URL are both missing.,7fcf1228a0a39d2a2308a29604de80b2
warning,missing_source_metadata,high,offline_runtime_bank,assets/data/offline_questions.json,311,offline_7605,"Kîjan têgeha ""çavkaniya yekemîn"" di nav dîrokê de rast bi cih dike?",Source title and URL are both missing.,64cab1b4074880e7453cb6f30b8f325f
warning,missing_source_metadata,high,offline_runtime_bank,assets/data/offline_questions.json,312,offline_7633,"Kîjan kesê/a ""Leyla Qasim"" rast dide nasîn?",Source title and URL are both missing.,bc55ccdbbc24b15e220ca016d04946fe
warning,missing_source_metadata,high,offline_runtime_bank,assets/data/offline_questions.json,313,offline_7643,"""Mikdat Mithat Bedirxan"" çawa divê bê fêmkirin?",Source title and URL are both missing.,ff5230945acd743e8d9327227edc52ca
warning,missing_source_metadata,high,offline_runtime_bank,assets/data/offline_questions.json,314,offline_7644,"Ji bo ""Amida"" ravekirina herî dirust kîjan e?",Source title and URL are both missing.,c3a92fab409a95e7b39af40b4b4fa865
warning,near_duplicate_candidate,medium,offline_runtime_bank,assets/data/offline_questions.json,314,offline_7644,"Ji bo ""Amida"" ravekirina herî dirust kîjan e?",Near duplicate candidate.,90377e6b2699fb5afad4babcca38c464
warning,missing_source_metadata,high,offline_runtime_bank,assets/data/offline_questions.json,315,offline_7657,"Kîjan kesê/a ""Mîrgeha Bidlîsê"" rast dide nasîn?",Source title and URL are both missing.,d32dec21a0be10c1d59fbb45e9b8ba15
warning,near_duplicate_candidate,medium,offline_runtime_bank,assets/data/offline_questions.json,315,offline_7657,"Kîjan kesê/a ""Mîrgeha Bidlîsê"" rast dide nasîn?",Near duplicate candidate.,77b0866e342b73945f5771b7f25377fc
warning,missing_source_metadata,high,offline_runtime_bank,assets/data/offline_questions.json,316,offline_7668,"Dema ""Komkujiya Helebceyê"" tê gotin, çi tê xwestin?",Source title and URL are both missing.,43477d3ce2cb800bab3f630951f9bc03
warning,near_duplicate_candidate,medium,offline_runtime_bank,assets/data/offline_questions.json,316,offline_7668,"Dema ""Komkujiya Helebceyê"" tê gotin, çi tê xwestin?",Near duplicate candidate.,f82efd5dfb3014886203242a033ea97c
warning,missing_source_metadata,high,offline_runtime_bank,assets/data/offline_questions.json,317,offline_7717,"Kîjan vebijêrk pênaseya ""Cemiyeta Tealiya Kurdan"" dide?",Source title and URL are both missing.,4be10cb38c9f33e1e46c34d79de18c95
warning,missing_source_metadata,high,offline_runtime_bank,assets/data/offline_questions.json,318,offline_7763,"Derbarê ""Mîrgeha Botan"" de vebijêrka rast kîjan e?",Source title and URL are both missing.,2d9cdf41c87118dcbdc61dd04a33c175
warning,missing_source_metadata,high,offline_runtime_bank,assets/data/offline_questions.json,319,offline_7778,"""Merwanî"" çi îfade dike?",Source title and URL are both missing.,eea1c30957adaa36573795d264be11b7
warning,missing_source_metadata,high,offline_runtime_bank,assets/data/offline_questions.json,31,offline_0668,"Wêneyê ""tema"" di metnekê de kîjan hêmanê vedibêje?",Source title and URL are both missing.,1b037fdf9d4674533be5c861c751e56c
warning,missing_source_metadata,high,offline_runtime_bank,assets/data/offline_questions.json,320,offline_7798,"Li jêr ji bo ""Îhsan Nûrî Paşa"" kîjan rast e?",Source title and URL are both missing.,ffab236e92fd1f546cd24024db3d5667
warning,missing_source_metadata,high,offline_runtime_bank,assets/data/offline_questions.json,321,offline_7852,"""Kovara Hawar"" çawa tê pênasekirin?",Source title and URL are both missing.,14e8777ef9e3254b20b1c35360b1c463
warning,missing_source_metadata,high,offline_runtime_bank,assets/data/offline_questions.json,322,offline_7866,"Derbarê ""arkeoloji"" de agahiya herî rast kîjan e?",Source title and URL are both missing.,6f9aa93d077be07c3595fb112e1f7102
warning,near_duplicate_candidate,medium,offline_runtime_bank,assets/data/offline_questions.json,322,offline_7866,"Derbarê ""arkeoloji"" de agahiya herî rast kîjan e?",Near duplicate candidate.,a720f4f064a11c05f0c5f1fe8bff30f3
warning,missing_source_metadata,high,offline_runtime_bank,assets/data/offline_questions.json,323,offline_7874,"""Împaratoriya Medî"" bi kîjan aliyê xwe ve tê nasîn?",Source title and URL are both missing.,bb87a07ed5180e0dcffce4b5483c0995
warning,missing_source_metadata,high,offline_runtime_bank,assets/data/offline_questions.json,324,offline_7881,"Ji aliyê dîrokê ve ji bo ""bandora çandî"" gotina rast kîjan e?",Source title and URL are both missing.,2244032db18ba65223ea61f098758b78
warning,missing_source_metadata,high,offline_runtime_bank,assets/data/offline_questions.json,325,offline_7905,"Di zanîna dîrokê de der barê ""Kampanyaya Enfalê"" de ya rast kîjan e?",Source title and URL are both missing.,688ac3901e9207fc9a399c1919fb8b73
warning,near_duplicate_candidate,medium,offline_runtime_bank,assets/data/offline_questions.json,325,offline_7905,"Di zanîna dîrokê de der barê ""Kampanyaya Enfalê"" de ya rast kîjan e?",Near duplicate candidate.,8c583877fe40312d816dbdccb8fd0636
warning,missing_source_metadata,high,offline_runtime_bank,assets/data/offline_questions.json,326,offline_7983,"Berambera rast a biwêja ""jiyana nîştecîh"" kîjan e?",Source title and URL are both missing.,439ff1ad3c36704eac59dbe0903aa3b1
warning,near_duplicate_candidate,medium,offline_runtime_bank,assets/data/offline_questions.json,326,offline_7983,"Berambera rast a biwêja ""jiyana nîştecîh"" kîjan e?",Near duplicate candidate.,a11bb3fbde4676bd4209b255aa663ac2
warning,missing_source_metadata,high,offline_runtime_bank,assets/data/offline_questions.json,327,offline_8023,"Kîjan di Dîrokê de têgiha ""Heskîf"" rast bi cih dike?",Source title and URL are both missing.,b8c3e9b7d1a645b5fdeea67303059b8c
warning,missing_source_metadata,high,offline_runtime_bank,assets/data/offline_questions.json,328,offline_8108,"""herêma Behdînan"" di erdnîgariyê de çi îfade dike?",Source title and URL are both missing.,2e49fd5898216e0b34d26f8b04433dbe
warning,missing_source_metadata,high,offline_runtime_bank,assets/data/offline_questions.json,329,offline_8141,"Li jêr ji bo ""Gola Derbendîxanê"" kîjan rast e?",Source title and URL are both missing.,71e7ea5c604084e9aeb1c936facce770
warning,missing_source_metadata,high,offline_runtime_bank,assets/data/offline_questions.json,32,offline_0670,"""Mecaz"" di edebiyatê de çi ye?",Source title and URL are both missing.,0f86e7ea0eeaadedd26cd3c8ad230bd4
warning,missing_source_metadata,high,offline_runtime_bank,assets/data/offline_questions.json,330,offline_8149,"""Munzur vadisi"" çawa divê bê fêmkirin?",Source title and URL are both missing.,7a8f3a118a606da362b042ff11984456
warning,missing_source_metadata,high,offline_runtime_bank,assets/data/offline_questions.json,331,offline_8155,"""Çiyayê Sîpanê"" çi îfade dike?",Source title and URL are both missing.,b963495e9d2090cca1a135d54bef72d5
warning,missing_source_metadata,high,offline_runtime_bank,assets/data/offline_questions.json,332,offline_8181,"Peyva ""daristan"" bi tirkî çi ye?",Source title and URL are both missing.,c4f6547878042c1540ca42e6a1c9382e
warning,missing_source_metadata,high,offline_runtime_bank,assets/data/offline_questions.json,333,offline_8200,"""Deşta Sêwregê"" di mijara erdnîgariyê de çi vedibêje?",Source title and URL are both missing.,d27a9b85de10d4297cd0ba7f7b1d6407
warning,missing_source_metadata,high,offline_runtime_bank,assets/data/offline_questions.json,334,offline_8220,"""Zap vadisi"" kîjan hêmana erdnîgariyê ye?",Source title and URL are both missing.,60be774932b217725d2fa06f25d29840
warning,missing_source_metadata,high,offline_runtime_bank,assets/data/offline_questions.json,335,offline_8242,Beşa Firata Jorîn li ku derê ye?,Source title and URL are both missing.,d43d11c4e12fa78de5007aaea1f41720
warning,missing_source_metadata,high,offline_runtime_bank,assets/data/offline_questions.json,336,offline_8255,"Li jêr ji bo ""Rêzeçiyayên Zagrosê"" kîjan rast e?",Source title and URL are both missing.,6a7d8ce4024005cbf6c181ebc728ab78
warning,near_duplicate_candidate,medium,offline_runtime_bank,assets/data/offline_questions.json,336,offline_8255,"Li jêr ji bo ""Rêzeçiyayên Zagrosê"" kîjan rast e?",Near duplicate candidate.,41179f2938dbad390c2f31fe9d63756a
warning,missing_source_metadata,high,offline_runtime_bank,assets/data/offline_questions.json,337,offline_8263,"Li jêr ji bo ""Çemê Botanê"" kîjan rast e?",Source title and URL are both missing.,0bb078343f207522b8e460ebd37af16f
warning,missing_source_metadata,high,offline_runtime_bank,assets/data/offline_questions.json,338,offline_8316,"""daristanên berû"" çi îfade dike?",Source title and URL are both missing.,872669424a8c52dc52749955763448e7
warning,missing_source_metadata,high,offline_runtime_bank,assets/data/offline_questions.json,339,offline_8319,"""Nemrut krateri"" li ku / wek çi tê zanîn?",Source title and URL are both missing.,411290271390db842624feaa3afcb066
warning,missing_source_metadata,high,offline_runtime_bank,assets/data/offline_questions.json,33,offline_0678,Di edebiyata Kurdî de diyalog tê çi wateyê?,Source title and URL are both missing.,b2231e111b723b51739fe298e426ca31
warning,missing_source_metadata,high,offline_runtime_bank,assets/data/offline_questions.json,340,offline_8331,"Ji aliyê erdnîgariyê ve derbarê ""Gola Ûrmiyeyê"" de vebijêrka rast kîjan e?",Source title and URL are both missing.,d869934b9ea7cff31d93a381d57cebb2
warning,missing_source_metadata,high,offline_runtime_bank,assets/data/offline_questions.json,341,offline_8356,"""Çiyayê Halgurdê"" çawa divê bê fêmkirin?",Source title and URL are both missing.,ec855dbb6979d9c7653a734945f2b696
warning,missing_source_metadata,high,offline_runtime_bank,assets/data/offline_questions.json,342,offline_8361,"Li jêr ji bo ""Çiyayên Bîngolê"" kîjan rast e?",Source title and URL are both missing.,f9a46293723bedf67440893c5cb6eb99
warning,near_duplicate_candidate,medium,offline_runtime_bank,assets/data/offline_questions.json,342,offline_8361,"Li jêr ji bo ""Çiyayên Bîngolê"" kîjan rast e?",Near duplicate candidate.,742f01220abb75c6fe066db77ffc52f5
warning,missing_source_metadata,high,offline_runtime_bank,assets/data/offline_questions.json,343,offline_8367,"Ji aliyê erdnîgariyê ve ""gol"" çi ye?",Source title and URL are both missing.,47e09d89a7796e7d9d65650c3bbc64a6
warning,missing_source_metadata,high,offline_runtime_bank,assets/data/offline_questions.json,344,offline_8384,"Di zanîna erdnîgariyê de der barê ""Deşta Hewlêrê"" de ya rast kîjan e?",Source title and URL are both missing.,585f40961a142138c11b4d93096cee8a
warning,missing_source_metadata,high,offline_runtime_bank,assets/data/offline_questions.json,345,offline_8406,"Kîjan wate ji bo peyva ""erd"" rast e?",Source title and URL are both missing.,d6b338527ec75d6c71268574febbfe55
warning,missing_source_metadata,high,offline_runtime_bank,assets/data/offline_questions.json,346,offline_8473,"Derbarê ""Gola Wanê"" de ya rast kîjan e?",Source title and URL are both missing.,f9528d8b8fa14aabdaa6ef9814267fe7
warning,missing_source_metadata,high,offline_runtime_bank,assets/data/offline_questions.json,347,offline_8479,Ji bo Gevera (Yüksekova) ravekirina herî dirust kîjan e?,Source title and URL are both missing.,75ddca3dce5c5f2d21c67fb16d904df8
warning,missing_source_metadata,high,offline_runtime_bank,assets/data/offline_questions.json,348,offline_8480,"Derbarê ""Karacadax"" de vebijêrka rast kîjan e?",Source title and URL are both missing.,8242037548488c86685ba89695cdc3e9
warning,missing_source_metadata,high,offline_runtime_bank,assets/data/offline_questions.json,349,offline_8506,"""Çiyayên Qendîlê"" li ku ne?",Source title and URL are both missing.,e0c109494f84035d05f5418519f2fbcd
warning,missing_source_metadata,high,offline_runtime_bank,assets/data/offline_questions.json,34,offline_0745,"Kurdistanê de, di Kurmancî de ""çiya"" nêzîkî çi ye?",Source title and URL are both missing.,80d25cd78d4d7f56e3bc3d15777fe1cd
warning,missing_source_metadata,high,offline_runtime_bank,assets/data/offline_questions.json,350,offline_8523,"Di zanîna erdnîgariyê de der barê ""Dicle nehri"" de ya rast kîjan e?",Source title and URL are both missing.,57053fe42b8256485af597b9d0e3f910
warning,near_duplicate_candidate,medium,offline_runtime_bank,assets/data/offline_questions.json,350,offline_8523,"Di zanîna erdnîgariyê de der barê ""Dicle nehri"" de ya rast kîjan e?",Near duplicate candidate.,bdb6200c1878c940036f3df516c6395c
warning,missing_source_metadata,high,offline_runtime_bank,assets/data/offline_questions.json,351,offline_8532,Gola Dokanê li ku derê ye?,Source title and URL are both missing.,1e008d25e1a78b4d89bafd103139f550
warning,missing_source_metadata,high,offline_runtime_bank,assets/data/offline_questions.json,352,offline_8539,"""avhewaya Kurdistanê"" çawa divê bê fêmkirin?",Source title and URL are both missing.,c55285676cf1e805e650e18a3be02fc0
warning,missing_source_metadata,high,offline_runtime_bank,assets/data/offline_questions.json,353,offline_8561,"Ji bo ""akdeniz iklimi"" ravekirina herî dirust kîjan e?",Source title and URL are both missing.,97d31c6e7c6850874f0c2a9e43ff7c2e
warning,near_duplicate_candidate,medium,offline_runtime_bank,assets/data/offline_questions.json,353,offline_8561,"Ji bo ""akdeniz iklimi"" ravekirina herî dirust kîjan e?",Near duplicate candidate.,7fe1c5d2d494b46f47b43d9e38b83606
warning,missing_source_metadata,high,offline_runtime_bank,assets/data/offline_questions.json,354,offline_8585,"Kîjan têgeha ""Deşta Şehrezorê"" di nav erdnîgariyê de rast bi cih dike?",Source title and URL are both missing.,e39f9faefb477fae7b5a675dc49dd221
warning,missing_source_metadata,high,offline_runtime_bank,assets/data/offline_questions.json,355,offline_8603,Gola Hazarê li ku derê ye?,Source title and URL are both missing.,7b94bdeeac9eb3657e6559ed489a8b40
warning,near_duplicate_candidate,medium,offline_runtime_bank,assets/data/offline_questions.json,355,offline_8603,Gola Hazarê li ku derê ye?,Near duplicate candidate.,18595d73caefbbaa05956d4c4a712b5f
warning,missing_source_metadata,high,offline_runtime_bank,assets/data/offline_questions.json,356,offline_8615,"Peyva ""çem"" bi tirkî çi ye?",Source title and URL are both missing.,ae83e535957fca5f4ce6067b1a83212f
warning,near_duplicate_candidate,medium,offline_runtime_bank,assets/data/offline_questions.json,356,offline_8615,"Peyva ""çem"" bi tirkî çi ye?",Near duplicate candidate.,49879538d83b237dbec57d8bcbf81959
warning,missing_source_metadata,high,offline_runtime_bank,assets/data/offline_questions.json,357,offline_8672,"Ji aliyê erdnîgariyê ve derbarê ""Beşa Dîcleyê"" de vebijêrka rast kîjan e?",Source title and URL are both missing.,a3d52c000af52b01396648e7855b8623
warning,near_duplicate_candidate,medium,offline_runtime_bank,assets/data/offline_questions.json,357,offline_8672,"Ji aliyê erdnîgariyê ve derbarê ""Beşa Dîcleyê"" de vebijêrka rast kîjan e?",Near duplicate candidate.,6bd003a96bd363f2a3550ec39982acec
warning,missing_source_metadata,high,offline_runtime_bank,assets/data/offline_questions.json,358,offline_8678,"""sînor"" bi awayekî rast çawa tê ravekirin?",Source title and URL are both missing.,0178103f0100cf4ec85d2b60d45f8fb3
warning,missing_source_metadata,high,offline_runtime_bank,assets/data/offline_questions.json,359,offline_8686,"Derbarê ""Çiyayên Mûnzûrê"" de ya rast kîjan e?",Source title and URL are both missing.,3cd36a4b2db879bcd076b3777c36474e
warning,missing_source_metadata,high,offline_runtime_bank,assets/data/offline_questions.json,35,offline_0748,Ev wêne kîjan şiklê erdê nîşan dide?,Source title and URL are both missing.,f54eae04d83a880630975b24a90064d7
warning,missing_source_metadata,high,offline_runtime_bank,assets/data/offline_questions.json,360,offline_8715,"Peyva ""hewa"" bi Tirkî çi tê gotin?",Source title and URL are both missing.,be7861de80102c5f438b29c3007df860
warning,near_duplicate_candidate,medium,offline_runtime_bank,assets/data/offline_questions.json,360,offline_8715,"Peyva ""hewa"" bi Tirkî çi tê gotin?",Near duplicate candidate.,1a0c7276ccba54d036fd8d57966cff03
warning,missing_source_metadata,high,offline_runtime_bank,assets/data/offline_questions.json,361,offline_8828,"""Çemê Garzanê"" tê çi wateyê?",Source title and URL are both missing.,42f44d1234849ed1533952252eac6346
warning,missing_source_metadata,high,offline_runtime_bank,assets/data/offline_questions.json,362,offline_8833,"""Çiyayê Agirî"" di mijara erdnîgariyê de çi vedibêje?",Source title and URL are both missing.,f79b3d8e3b33e3c2271d3456bd5b615f
warning,missing_source_metadata,high,offline_runtime_bank,assets/data/offline_questions.json,363,offline_8902,"Derbarê ""newal"" de vebijêrka rast kîjan e?",Source title and URL are both missing.,824732f2541019926d651ad490f293a9
warning,near_duplicate_candidate,medium,offline_runtime_bank,assets/data/offline_questions.json,363,offline_8902,"Derbarê ""newal"" de vebijêrka rast kîjan e?",Near duplicate candidate.,2cce69192ed0e18df6ea26ee75b08b7e
warning,missing_source_metadata,high,offline_runtime_bank,assets/data/offline_questions.json,364,offline_8903,"Di zanîna erdnîgariyê de der barê ""Çemê Firatê"" de ya rast kîjan e?",Source title and URL are both missing.,205ae00d9cdd7cabbcd5ce4d95a66e23
warning,near_duplicate_candidate,medium,offline_runtime_bank,assets/data/offline_questions.json,364,offline_8903,"Di zanîna erdnîgariyê de der barê ""Çemê Firatê"" de ya rast kîjan e?",Near duplicate candidate.,fa2f5e616719572fbe5059de42b23973
warning,missing_source_metadata,high,offline_runtime_bank,assets/data/offline_questions.json,365,offline_8916,"Derbarê ""Aras nehri"" de ya rast kîjan e?",Source title and URL are both missing.,4fc519a025cf6c567201c980055befbd
warning,near_duplicate_candidate,medium,offline_runtime_bank,assets/data/offline_questions.json,365,offline_8916,"Derbarê ""Aras nehri"" de ya rast kîjan e?",Near duplicate candidate.,7959f7a1fe5d891ead44c1013c37d315
warning,missing_source_metadata,high,offline_runtime_bank,assets/data/offline_questions.json,366,offline_8950,"""Gola Dokanê"" ji aliyê erdnîgarî ve çi vedibêje?",Source title and URL are both missing.,a9ef22e7938eeed021433abcfa46ce9b
warning,missing_source_metadata,high,offline_runtime_bank,assets/data/offline_questions.json,367,offline_8965,"Kîjan vebijark têgeha ""Gever (Yüksekova)"" rave dike?",Source title and URL are both missing.,f1c67d29d2a44943c5ab307b063c1182
warning,missing_source_metadata,high,offline_runtime_bank,assets/data/offline_questions.json,368,offline_8986,"""Çiyayê Şengalê"" kîjan hêmana erdnîgariyê ye?",Source title and URL are both missing.,85362cc3bcc41ec3d2b29c61eecd5c99
warning,missing_source_metadata,high,offline_runtime_bank,assets/data/offline_questions.json,369,offline_9008,"""Deşta Mûşê"" ji aliyê erdnîgarî ve çi vedibêje?",Source title and URL are both missing.,460d328cf99ed8c495ef45ab52111e30
warning,missing_source_metadata,high,offline_runtime_bank,assets/data/offline_questions.json,36,offline_0755,Av yek ji wan têgehan e ku ji bo têgihiştina erdnîgariya Kurdistanê tê bikaranîn.,Source title and URL are both missing.,0783f5fd6dc1ea85b4756d60cd181f3b
warning,missing_source_metadata,high,offline_runtime_bank,assets/data/offline_questions.json,370,offline_9036,"Kîjan cihê ""Çiyayê Tendûrekê"" rast tarîf dike?",Source title and URL are both missing.,c2779ad0ac0f2d11c66fa853cb347246
warning,missing_source_metadata,high,offline_runtime_bank,assets/data/offline_questions.json,371,offline_9087,"""deşt"" tê çi wateyê?",Source title and URL are both missing.,0e78ac89347b489f176fcfe134c444b8
warning,missing_source_metadata,high,offline_runtime_bank,assets/data/offline_questions.json,372,offline_9096,"Ji aliyê erdnîgariyê ve ji bo ""Çemê Garzanê"" îfadeya rast kîjan e?",Source title and URL are both missing.,960e270baec1d5800ed2e955a56ecac9
warning,missing_source_metadata,high,offline_runtime_bank,assets/data/offline_questions.json,373,offline_9132,"""Çemê Xabûrê"" ji aliyê erdnîgarî ve çi vedibêje?",Source title and URL are both missing.,dcc379769fda3fb95ce661037b646e50
warning,missing_source_metadata,high,offline_runtime_bank,assets/data/offline_questions.json,374,offline_9207,"Kovara ""Ronahî"" çi bû?",Source title and URL are both missing.,6780310770f9e39d45cc46559cecc9ba
warning,missing_source_metadata,high,offline_runtime_bank,assets/data/offline_questions.json,375,offline_9215,Kîjan cureya vegotinê bi gelemperî kurt e û li ser bûyerek an çend bûyeran e?,Source title and URL are both missing.,7a06e528dda61ecc22351f3b685cf3d2
warning,missing_source_metadata,high,offline_runtime_bank,assets/data/offline_questions.json,376,offline_9227,"""Cegerxwîn"" çi îfade dike?",Source title and URL are both missing.,4d6fdc27260389c0064448d28cbb7f43
warning,missing_source_metadata,high,offline_runtime_bank,assets/data/offline_questions.json,377,offline_9266,"Dema ""diyalog"" tê gotin, çi tê xwestin?",Source title and URL are both missing.,b454a59fcffccee6d055e50c829918b2
warning,missing_source_metadata,high,offline_runtime_bank,assets/data/offline_questions.json,378,offline_9280,"Li jêr ji bo ""roman"" ya rast kîjan e?",Source title and URL are both missing.,db3a83ce6cc03c91bfef696c5fa9719f
warning,missing_source_metadata,high,offline_runtime_bank,assets/data/offline_questions.json,379,offline_9287,"""karakter"" di mijara wêjeyê de çi vedibêje?",Source title and URL are both missing.,179b7d32c19c44acbd00527e38fcef0c
warning,missing_source_metadata,high,offline_runtime_bank,assets/data/offline_questions.json,37,offline_0756,Ev wêne kîjan hêmana xwezayî nîşan dide?,Source title and URL are both missing.,c999ecc11bfc9d87ffb71c6b525df594
warning,near_duplicate_candidate,medium,offline_runtime_bank,assets/data/offline_questions.json,37,offline_0756,Ev wêne kîjan hêmana xwezayî nîşan dide?,Near duplicate candidate.,ae18e17a115955973296c7aff7f6a8c0
warning,missing_source_metadata,high,offline_runtime_bank,assets/data/offline_questions.json,380,offline_9344,"Kîjan têgeha ""Hejar Mukriyanî"" di nav wêjeyê de rast bi cih dike?",Source title and URL are both missing.,c95265ca73b2a703ef516eafc175918d
warning,missing_source_metadata,high,offline_runtime_bank,assets/data/offline_questions.json,381,offline_9378,"Derbarê ""Feqiyê Teyran"" de ya rast kîjan e?",Source title and URL are both missing.,6948100b2b97bc1e8d2e25fed385883e
warning,missing_source_metadata,high,offline_runtime_bank,assets/data/offline_questions.json,382,offline_9405,"Ji aliyê Edebiyatê ve ji bo ""Mem û Zîn"" îfadeya rast kîjan e?",Source title and URL are both missing.,ca4691a8964c1f2c07344b270e40bc02
warning,missing_source_metadata,high,offline_runtime_bank,assets/data/offline_questions.json,383,offline_9408,"""Mestûre Kurdistanî"" tê çi wateyê?",Source title and URL are both missing.,6da69d7792d0aabf3f26708604b69260
warning,missing_source_metadata,high,offline_runtime_bank,assets/data/offline_questions.json,384,offline_9409,"Ji bo Edebiyatê derbarê ""Ehmedê Xasî"" de vebijêrka rast kîjan e?",Source title and URL are both missing.,84108dace0838d1d3dbe2911cd0289c2
warning,missing_source_metadata,high,offline_runtime_bank,assets/data/offline_questions.json,385,offline_9410,"Derbarê ""destana Memê Alan"" de ya rast a zanîn çi ye?",Source title and URL are both missing.,1392e35ce3fb158f0d5955c22f9a6681
warning,missing_source_metadata,high,offline_runtime_bank,assets/data/offline_questions.json,386,offline_9434,"Rojnameya ""Riya Taza"" çawa tê pênasekirin?",Source title and URL are both missing.,d70d1d2a474896f3208045a2e435dc60
warning,missing_source_metadata,high,offline_runtime_bank,assets/data/offline_questions.json,387,offline_9456,"Ji bo ""Xanî Mektebi"" ravekirina herî dirust kîjan e?",Source title and URL are both missing.,e6b7584471e1efb3212b462e24e9f9d2
warning,missing_source_metadata,high,offline_runtime_bank,assets/data/offline_questions.json,388,offline_9459,"Têgiha ""vebêj"" çi pêk tîne?",Source title and URL are both missing.,3849b049b5d5ba17b7dc1520a0a55627
warning,missing_source_metadata,high,offline_runtime_bank,assets/data/offline_questions.json,389,offline_9473,"""Arabê Şamo"" di mijara wêjeyê de çi vedibêje?",Source title and URL are both missing.,eca8aee4a55087caf9188d6adf82e884
warning,missing_source_metadata,high,offline_runtime_bank,assets/data/offline_questions.json,38,offline_0757,"Ji bo gotina ""su"" peyva Kurmancî ya herî guncav kîjan e?",Source title and URL are both missing.,58217994c720a4a361dbed69b5bec24e
warning,missing_source_metadata,high,offline_runtime_bank,assets/data/offline_questions.json,390,offline_9474,"Der barê ""Abdulla Goran"" de ji bo wêjeyê bijardeya rast kîjan e?",Source title and URL are both missing.,0273cbf03edae179211f59542d80062e
warning,missing_source_metadata,high,offline_runtime_bank,assets/data/offline_questions.json,391,offline_9529,"Kîjan têgeha ""Şivanê Kurd"" di nav wêjeyê de rast bi cih dike?",Source title and URL are both missing.,125e5b1d43f5b0a6bc1749511bafd5b0
warning,near_duplicate_candidate,medium,offline_runtime_bank,assets/data/offline_questions.json,391,offline_9529,"Kîjan têgeha ""Şivanê Kurd"" di nav wêjeyê de rast bi cih dike?",Near duplicate candidate.,916b5471a4fdfdeb1e3637704d5c0d5d
warning,missing_source_metadata,high,offline_runtime_bank,assets/data/offline_questions.json,392,offline_9552,"Di zanîna wêjeyê de der barê ""Masture Erdelan"" de ya rast kîjan e?",Source title and URL are both missing.,5aa57bdf191b795098554cf78de7be3f
warning,missing_source_metadata,high,offline_runtime_bank,assets/data/offline_questions.json,393,offline_9579,"""Ferhad û Şîrîn"" di mijara wêjeyê de çi vedibêje?",Source title and URL are both missing.,854c500dff9e5ee3edad202ff6493a11
warning,missing_source_metadata,high,offline_runtime_bank,assets/data/offline_questions.json,394,offline_9594,"Kîjan têgiha ""Nûbihara Biçukan"" rast şirove dike?",Source title and URL are both missing.,1b0e4195dd4416183eb32a5b94be48da
warning,missing_source_metadata,high,offline_runtime_bank,assets/data/offline_questions.json,395,offline_9612,"Têgiha ""kafiye"" çi pêk tîne?",Source title and URL are both missing.,c20053b7afb8a66f221d3f140f4eeb54
warning,near_duplicate_candidate,medium,offline_runtime_bank,assets/data/offline_questions.json,395,offline_9612,"Têgiha ""kafiye"" çi pêk tîne?",Near duplicate candidate.,3c5bc04a4720fd15d1ca2446c15c6cde
warning,missing_source_metadata,high,offline_runtime_bank,assets/data/offline_questions.json,396,offline_9623,"Derbarê ""tema"" de vebijêrka rast kîjan e?",Source title and URL are both missing.,2431bdd03955db852e0475052d92a0f3
warning,missing_source_metadata,high,offline_runtime_bank,assets/data/offline_questions.json,397,offline_9625,"""Osman Sabri"" wek kî tê naskirin?",Source title and URL are both missing.,09c5145ad0b692698bc477ef27993493
warning,missing_source_metadata,high,offline_runtime_bank,assets/data/offline_questions.json,398,offline_9668,"Kîjan li gorî pênaseya ""destana Dewrêşê Evdî"" ye?",Source title and URL are both missing.,8a8933314da57ac91a9f636fe268b4e7
warning,missing_source_metadata,high,offline_runtime_bank,assets/data/offline_questions.json,399,offline_9716,"Derbarê ""Hêmin Mukriyanî"" de ya rast kîjan e?",Source title and URL are both missing.,7d44d4affc9a028ab5cbc822fb182670
warning,near_duplicate_candidate,medium,offline_runtime_bank,assets/data/offline_questions.json,399,offline_9716,"Derbarê ""Hêmin Mukriyanî"" de ya rast kîjan e?",Near duplicate candidate.,d17ed2daf298aca3cb5e9f0dd4ce928d
warning,missing_source_metadata,high,offline_runtime_bank,assets/data/offline_questions.json,39,offline_0760,Ev wêne kîjan hebûna avê vedibêje?,Source title and URL are both missing.,b491f86ca4707b73f7962ee3956b4e3c
warning,missing_source_metadata,high,offline_runtime_bank,assets/data/offline_questions.json,3,offline_0014,"Wateya Tirkî ya ""mal"" ""okul"" e?",Source title and URL are both missing.,dabde43065a1acde83152cb1640aa7ba
warning,missing_source_metadata,high,offline_runtime_bank,assets/data/offline_questions.json,400,offline_9724,"Ji bo ""Ekola Hawarê"" ravekirina herî dirust kîjan e?",Source title and URL are both missing.,10dd57af71d8df86cca12c5df455d1a7
warning,near_duplicate_candidate,medium,offline_runtime_bank,assets/data/offline_questions.json,400,offline_9724,"Ji bo ""Ekola Hawarê"" ravekirina herî dirust kîjan e?",Near duplicate candidate.,3cfbca0a06d78058307120a1f70de491
warning,missing_source_metadata,high,offline_runtime_bank,assets/data/offline_questions.json,401,offline_9730,"Di zanîna wêjeyê de der barê ""Şêrko Bêkes"" de ya rast kîjan e?",Source title and URL are both missing.,a4be76f48d161a7548a7391462084f04
warning,near_duplicate_candidate,medium,offline_runtime_bank,assets/data/offline_questions.json,401,offline_9730,"Di zanîna wêjeyê de der barê ""Şêrko Bêkes"" de ya rast kîjan e?",Near duplicate candidate.,e5e8358f6e80cfb26fd84d1365320de7
warning,missing_source_metadata,high,offline_runtime_bank,assets/data/offline_questions.json,402,offline_9749,"Ji bo Edebiyatê derbarê ""Qanadê Kurdo"" de vebijêrka rast kîjan e?",Source title and URL are both missing.,fec4bcb5ddc444be55dde1e58acd4f2c
warning,near_duplicate_candidate,medium,offline_runtime_bank,assets/data/offline_questions.json,402,offline_9749,"Ji bo Edebiyatê derbarê ""Qanadê Kurdo"" de vebijêrka rast kîjan e?",Near duplicate candidate.,c3f20a5e3cee94df1f50a55b1936cf6d
warning,missing_source_metadata,high,offline_runtime_bank,assets/data/offline_questions.json,403,offline_9778,"Di zanîna Edebiyatê de derbarê ""Nalî"" de ya rast kîjan e?",Source title and URL are both missing.,a3dab815a8fcf8f99c77f3f96f6d933b
warning,missing_source_metadata,high,offline_runtime_bank,assets/data/offline_questions.json,404,offline_9918,"Kîjan têgeha ""Evdirehîm Rehmî Hekarî"" di nav wêjeyê de rast bi cih dike?",Source title and URL are both missing.,fa48ac096c359ed1acf70adaa7df8dd0
warning,near_duplicate_candidate,medium,offline_runtime_bank,assets/data/offline_questions.json,404,offline_9918,"Kîjan têgeha ""Evdirehîm Rehmî Hekarî"" di nav wêjeyê de rast bi cih dike?",Near duplicate candidate.,ddabd1dd3e47b76eee045ca9f83df773
warning,missing_source_metadata,high,offline_runtime_bank,assets/data/offline_questions.json,405,offline_9936,"Ji bo Edebiyatê derbarê ""Qedrîcan"" de vebijêrka rast kîjan e?",Source title and URL are both missing.,028a29d8a30b3e84ff31a8c7531583fe
warning,near_duplicate_candidate,medium,offline_runtime_bank,assets/data/offline_questions.json,405,offline_9936,"Ji bo Edebiyatê derbarê ""Qedrîcan"" de vebijêrka rast kîjan e?",Near duplicate candidate.,55ec9501be117ce9865421cfdf5dc1d7
warning,missing_source_metadata,high,offline_runtime_bank,assets/data/offline_questions.json,406,offline_9942,"""Pertew Begê Hkarî"" bi kîjan aliyê xwe ve tê nasîn?",Source title and URL are both missing.,1e9e0948fdbe703339c3760c6910ce3b
warning,missing_source_metadata,high,offline_runtime_bank,assets/data/offline_questions.json,407,offline_9950,"Di dîrokê de ""Melayê Bateyî"" kî ye?",Source title and URL are both missing.,bf749b7e8e4e818bb02ec233fa9f5933
warning,missing_source_metadata,high,offline_runtime_bank,assets/data/offline_questions.json,408,offline_9953,Harisê Bidlîsî kî ye?,Source title and URL are both missing.,d21342d3f420063b1a9a1e463ff29721
warning,missing_source_metadata,high,offline_runtime_bank,assets/data/offline_questions.json,409,offline_10002,"""Kamuran Bedirxan"" tê çi wateyê?",Source title and URL are both missing.,b95d1626740ab5af005a36db5e48d87d
warning,missing_source_metadata,high,offline_runtime_bank,assets/data/offline_questions.json,40,offline_0772,Şiklê erdê yê di vê wêneyê de kîjan e?,Source title and URL are both missing.,13a39c022139c448db8284241eff24a5
warning,missing_source_metadata,high,offline_runtime_bank,assets/data/offline_questions.json,410,offline_10045,"Der barê ""Melayê Cizîrî"" de ji bo wêjeyê bijardeya rast kîjan e?",Source title and URL are both missing.,c7a6862f20738eee4da855ade875c2f8
warning,near_duplicate_candidate,medium,offline_runtime_bank,assets/data/offline_questions.json,410,offline_10045,"Der barê ""Melayê Cizîrî"" de ji bo wêjeyê bijardeya rast kîjan e?",Near duplicate candidate.,d8e5f763b6ffee464540538bbd0886bf
warning,missing_source_metadata,high,offline_runtime_bank,assets/data/offline_questions.json,411,offline_10071,"Ji aliyê Edebiyatê ve ji bo ""Elî Herîrî"" îfadeya rast kîjan e?",Source title and URL are both missing.,3a451abe174a5ad01205309ba742a184
warning,near_duplicate_candidate,medium,offline_runtime_bank,assets/data/offline_questions.json,411,offline_10071,"Ji aliyê Edebiyatê ve ji bo ""Elî Herîrî"" îfadeya rast kîjan e?",Near duplicate candidate.,e0bde53484566d131d19ea2116411410
warning,missing_source_metadata,high,offline_runtime_bank,assets/data/offline_questions.json,412,offline_10074,"Ji aliyê wêjeyê ve ji bo ""Dîwana Melayê Cizîrî"" gotina rast kîjan e?",Source title and URL are both missing.,f47acbd64e86b043f341826d25c7f3bd
warning,missing_source_metadata,high,offline_runtime_bank,assets/data/offline_questions.json,413,offline_10104,"""Yaşar Kemal"" çi îfade dike?",Source title and URL are both missing.,45bb5284f9cf9709ae773c537cce1def
warning,missing_source_metadata,high,offline_runtime_bank,assets/data/offline_questions.json,414,offline_10228,"""destan"" çawa divê bê fêmkirin?",Source title and URL are both missing.,24f1b8eddd8b7536cc5aa10879dd2ca5
warning,missing_source_metadata,high,offline_runtime_bank,assets/data/offline_questions.json,415,offline_10237,"Peyva ""helbest"" bi Tirkî çi tê gotin?",Source title and URL are both missing.,4fa3b0f6b79ee9f72a676828a65d27c0
warning,missing_source_metadata,high,offline_runtime_bank,assets/data/offline_questions.json,416,offline_10314,"Bi ""awazên Serhedê"" çi tê xwestin?",Source title and URL are both missing.,588b3e8e384b401ba019eecd382971c3
warning,missing_source_metadata,high,offline_runtime_bank,assets/data/offline_questions.json,417,offline_10320,"Li jêr ji bo ""dibistana dengbêjiyê"" kîjan rast e?",Source title and URL are both missing.,d83a029211b0f73e0c62fd1b276506db
warning,missing_source_metadata,high,offline_runtime_bank,assets/data/offline_questions.json,418,offline_10333,"Kîjan vebijêrk tê wateya ""zurna""?",Source title and URL are both missing.,65892f9d5b87b0bc3e9f97b72f96ee5b
warning,missing_source_metadata,high,offline_runtime_bank,assets/data/offline_questions.json,419,offline_10344,Koma Kardeş Türküler çi ye?,Source title and URL are both missing.,f211e8e7d249904f09b401dbe95f6f88
warning,missing_source_metadata,high,offline_runtime_bank,assets/data/offline_questions.json,41,offline_0873,Di muzîka kurdî de rîtm bi çi re têkildar e?,Source title and URL are both missing.,088dd6ece65401e7a7f5cc503d07e82a
warning,missing_source_metadata,high,offline_runtime_bank,assets/data/offline_questions.json,420,offline_10372,"Derbarê ""melodî"" de vebijêrka rast kîjan e?",Source title and URL are both missing.,e993a83bd0fe177bddae1daab47d1f28
warning,missing_source_metadata,high,offline_runtime_bank,assets/data/offline_questions.json,421,offline_10379,"Bi ""makam"" çi tê xwestin?",Source title and URL are both missing.,5207bc8634d297ff7d2a09059f3e2496
warning,near_duplicate_candidate,medium,offline_runtime_bank,assets/data/offline_questions.json,421,offline_10379,"Bi ""makam"" çi tê xwestin?",Near duplicate candidate.,a7c643123fc5adc1fe0318c811577763
warning,missing_source_metadata,high,offline_runtime_bank,assets/data/offline_questions.json,422,offline_10423,"Derbarê ""tembûr"" de vebijêrka rast kîjan e?",Source title and URL are both missing.,af8f9a123f5233cca2eb74ccb8910303
warning,near_duplicate_candidate,medium,offline_runtime_bank,assets/data/offline_questions.json,422,offline_10423,"Derbarê ""tembûr"" de vebijêrka rast kîjan e?",Near duplicate candidate.,d7941d92e07c6874b7a10a202fbded68
warning,missing_source_metadata,high,offline_runtime_bank,assets/data/offline_questions.json,423,offline_10427,"Bi ""hîran"" çi tê xwestin?",Source title and URL are both missing.,0b6341319460c6405a32e205962e285b
warning,near_duplicate_candidate,medium,offline_runtime_bank,assets/data/offline_questions.json,423,offline_10427,"Bi ""hîran"" çi tê xwestin?",Near duplicate candidate.,0799942155615164ffd6c6de2c514d6e
warning,missing_source_metadata,high,offline_runtime_bank,assets/data/offline_questions.json,424,offline_10433,"Li jêr ji bo ""Aram Tigran"" kîjan rast e?",Source title and URL are both missing.,70a44dca346eea3a3b21bde065eda5ec
warning,missing_source_metadata,high,offline_runtime_bank,assets/data/offline_questions.json,425,offline_10463,"Kîjan vebijêrk tê wateya ""lawik""?",Source title and URL are both missing.,da850395b5eb7c98c509dbebcd89d307
warning,near_duplicate_candidate,medium,offline_runtime_bank,assets/data/offline_questions.json,425,offline_10463,"Kîjan vebijêrk tê wateya ""lawik""?",Near duplicate candidate.,bc18fb0229f75eb41f2e215c805eae72
warning,missing_source_metadata,high,offline_runtime_bank,assets/data/offline_questions.json,426,offline_10480,"Dema ""awazên Botanê"" tê gotin, çi tê xwestin?",Source title and URL are both missing.,9b5746579cf04fb6eba86fd9ded69c1d
warning,missing_source_metadata,high,offline_runtime_bank,assets/data/offline_questions.json,427,offline_10498,"Kîjan di Muzîkê de têgiha ""Koma Amed"" rast bi cih dike?",Source title and URL are both missing.,da1a7803f298b20ca70bf6e9af427bb3
warning,missing_source_metadata,high,offline_runtime_bank,assets/data/offline_questions.json,428,offline_10537,"Kîjan kesê/a ""Aynur Dogan"" rast dide nasîn?",Source title and URL are both missing.,853f5c09544458430235250a248364fe
warning,missing_source_metadata,high,offline_runtime_bank,assets/data/offline_questions.json,429,offline_10547,"Derbarê ""Erdewan Zaxoyî"" de ya rast kîjan e?",Source title and URL are both missing.,78432b6816fb6fe4917464d073adc91e
warning,missing_source_metadata,high,offline_runtime_bank,assets/data/offline_questions.json,42,offline_2009,"""Erê"" û ""na"" bi Tirkî çi ne?",Source title and URL are both missing.,ad6d39fbfa7fccb95817384250cce2c6
warning,missing_source_metadata,high,offline_runtime_bank,assets/data/offline_questions.json,430,offline_10566,"Derbarê ""nota"" de agahiya herî rast kîjan e?",Source title and URL are both missing.,c684327c40d5f4397519d2cbb2876d0b
warning,missing_source_metadata,high,offline_runtime_bank,assets/data/offline_questions.json,431,offline_10572,"Li jêr ji bo ""Hasan Cizrawî"" kîjan rast e?",Source title and URL are both missing.,362fbbf478dc2a96ba365216d044f9b6
warning,near_duplicate_candidate,medium,offline_runtime_bank,assets/data/offline_questions.json,431,offline_10572,"Li jêr ji bo ""Hasan Cizrawî"" kîjan rast e?",Near duplicate candidate.,61d589be04acabff0b6a1a720af465b8
warning,missing_source_metadata,high,offline_runtime_bank,assets/data/offline_questions.json,432,offline_10606,"Berambera rast a biwêja ""muzîka şevbêrkê"" kîjan e?",Source title and URL are both missing.,eedc8235a8e1cca33accdd8d91196f6b
warning,missing_source_metadata,high,offline_runtime_bank,assets/data/offline_questions.json,433,offline_10615,"Derbarê ""Meryem Xan"" de ya rast kîjan e?",Source title and URL are both missing.,00af301041cd69e8025ba1061f0a9646
warning,missing_source_metadata,high,offline_runtime_bank,assets/data/offline_questions.json,434,offline_10715,"""Mihemed Taha Akreyî"" bi kîjan aliyê xwe ve tê nasîn?",Source title and URL are both missing.,4eda71d9a4d9229c7f2f09f115f43f13
warning,missing_source_metadata,high,offline_runtime_bank,assets/data/offline_questions.json,435,offline_10813,"""kevneşopiya şabaşê"" tê çi wateyê?",Source title and URL are both missing.,92386f0071d69b591813efc8ce3d22a1
warning,missing_source_metadata,high,offline_runtime_bank,assets/data/offline_questions.json,436,offline_10827,"""Karapetê Xaço"" wek kî tê naskirin?",Source title and URL are both missing.,925bd4f4db6a38594f7f0284f2ff85be
warning,missing_source_metadata,high,offline_runtime_bank,assets/data/offline_questions.json,437,offline_10878,"""Kardeş Türküler"" tê çi wateyê?",Source title and URL are both missing.,1dc9279e02d4b0f7fb10c439bfef3d3c
warning,missing_source_metadata,high,offline_runtime_bank,assets/data/offline_questions.json,438,offline_10882,"""strana Zembîlfiroş"" çi îfade dike?",Source title and URL are both missing.,c5b95c429fa353ad3bed5ac3049e5cce
warning,missing_source_metadata,high,offline_runtime_bank,assets/data/offline_questions.json,439,offline_10926,"Ji aliyê Muzîkê ve ji bo ""Mihemed Şêxo"" îfadeya rast kîjan e?",Source title and URL are both missing.,98b00ed9e4b913a2a302a83cc9ce2fe9
warning,missing_source_metadata,high,offline_runtime_bank,assets/data/offline_questions.json,43,offline_2020,"""Havîn"" bi Tirkî çi ye?",Source title and URL are both missing.,b59d36e5347ca19e73a45e4ccc4863ca
warning,missing_source_metadata,high,offline_runtime_bank,assets/data/offline_questions.json,440,offline_10930,"Têgiha ""Mala Dengbêjan"" çi pêk tîne?",Source title and URL are both missing.,07c677957b599e4c8b432dc1a2034172
warning,missing_source_metadata,high,offline_runtime_bank,assets/data/offline_questions.json,441,offline_10939,"Kîjan li gorî pênaseya ""koro"" ye?",Source title and URL are both missing.,3a626d5484e6f28de1bd891e2b8a09d6
warning,missing_source_metadata,high,offline_runtime_bank,assets/data/offline_questions.json,442,offline_10962,"""stranên Şakiro"" tê çi wateyê?",Source title and URL are both missing.,c82e5d06bb29a3938a0dbae68f2f439f
warning,missing_source_metadata,high,offline_runtime_bank,assets/data/offline_questions.json,443,offline_10963,"""Ciwan Haco"" çawa divê bê fêmkirin?",Source title and URL are both missing.,31d02a88d9b13a722d141d55449f0de9
warning,missing_source_metadata,high,offline_runtime_bank,assets/data/offline_questions.json,444,offline_11013,"Bi ""stran"" çi tê xwestin?",Source title and URL are both missing.,59017e9fcc584190cb18565d0e8df299
warning,near_duplicate_candidate,medium,offline_runtime_bank,assets/data/offline_questions.json,444,offline_11013,"Bi ""stran"" çi tê xwestin?",Near duplicate candidate.,f8b038ce45759d6e166608f5f78bdd28
warning,missing_source_metadata,high,offline_runtime_bank,assets/data/offline_questions.json,445,offline_11068,"Li jêr ji bo ""awazên Behdînî"" ya rast kîjan e?",Source title and URL are both missing.,655c5e3142e9b7a4882d89ee6edd9250
warning,near_duplicate_candidate,medium,offline_runtime_bank,assets/data/offline_questions.json,445,offline_11068,"Li jêr ji bo ""awazên Behdînî"" ya rast kîjan e?",Near duplicate candidate.,6b44f3efb72511944490b12ce7cb96c3
warning,missing_source_metadata,high,offline_runtime_bank,assets/data/offline_questions.json,446,offline_11107,"Di zanîna Muzîkê de derbarê ""kemençe"" de ya rast kîjan e?",Source title and URL are both missing.,e3a781af6429ba003ba23cd33631ed89
warning,missing_source_metadata,high,offline_runtime_bank,assets/data/offline_questions.json,447,offline_11123,"Derbarê ""Şakiro"" de ravekirina rast kîjan e?",Source title and URL are both missing.,d583afb14921c0b5849284068be30b93
warning,near_duplicate_candidate,medium,offline_runtime_bank,assets/data/offline_questions.json,447,offline_11123,"Derbarê ""Şakiro"" de ravekirina rast kîjan e?",Near duplicate candidate.,b8d3185a8ab4449f438332f8f22c98c2
warning,missing_source_metadata,high,offline_runtime_bank,assets/data/offline_questions.json,448,offline_11125,"Di dîrokê de ""Şivan Perwer"" kî ye?",Source title and URL are both missing.,28596476d6ec2caef964505ad435d256
warning,missing_source_metadata,high,offline_runtime_bank,assets/data/offline_questions.json,449,offline_11127,"Ji bo Muzîkê derbarê ""Koma Wetan"" de vebijêrka rast kîjan e?",Source title and URL are both missing.,9639e34d4658e5ae79740698d2e43c30
warning,missing_source_metadata,high,offline_runtime_bank,assets/data/offline_questions.json,44,offline_2025,"Neyîniya (olumsuz) ""ez dizanim"" çi ye?",Source title and URL are both missing.,bd682bbe0df4dbca03df6d13daf105e3
warning,missing_source_metadata,high,offline_runtime_bank,assets/data/offline_questions.json,450,offline_11136,"Derbarê ""ritim"" de vebijêrka rast kîjan e?",Source title and URL are both missing.,4d83e7c6a9d24a2f97b3106f14ce8a4f
warning,near_duplicate_candidate,medium,offline_runtime_bank,assets/data/offline_questions.json,450,offline_11136,"Derbarê ""ritim"" de vebijêrka rast kîjan e?",Near duplicate candidate.,72f2d27459188223dacdd6f7fb3f5ff0
warning,missing_source_metadata,high,offline_runtime_bank,assets/data/offline_questions.json,451,offline_11143,"Berambera rast a biwêja ""stranbêj"" kîjan e?",Source title and URL are both missing.,4a108f58a79e88aa2a68a52c12050c27
warning,near_duplicate_candidate,medium,offline_runtime_bank,assets/data/offline_questions.json,451,offline_11143,"Berambera rast a biwêja ""stranbêj"" kîjan e?",Near duplicate candidate.,eb5728430e57b726f57682f4bbf2a73a
warning,missing_source_metadata,high,offline_runtime_bank,assets/data/offline_questions.json,452,offline_11154,"Derbarê ""kilam"" de vebijêrka rast kîjan e?",Source title and URL are both missing.,e499263ea9d4690aa703b94c5a52a42a
warning,near_duplicate_candidate,medium,offline_runtime_bank,assets/data/offline_questions.json,452,offline_11154,"Derbarê ""kilam"" de vebijêrka rast kîjan e?",Near duplicate candidate.,e2aa28e549bdb946efa9902f2ae512bd
warning,missing_source_metadata,high,offline_runtime_bank,assets/data/offline_questions.json,453,offline_11180,"Têgiha ""makama dengbêjan"" çi pêk tîne?",Source title and URL are both missing.,ecf8929dc6fbea5d797d9efa9af18931
warning,near_duplicate_candidate,medium,offline_runtime_bank,assets/data/offline_questions.json,453,offline_11180,"Têgiha ""makama dengbêjan"" çi pêk tîne?",Near duplicate candidate.,9f1e92db2f6f5a342a8257f468a18cdf
warning,missing_source_metadata,high,offline_runtime_bank,assets/data/offline_questions.json,454,offline_11200,"Derbarê ""dahol"" de ravekirina rast kîjan e?",Source title and URL are both missing.,836373cb1a50682dfdafb49a2405787e
warning,near_duplicate_candidate,medium,offline_runtime_bank,assets/data/offline_questions.json,454,offline_11200,"Derbarê ""dahol"" de ravekirina rast kîjan e?",Near duplicate candidate.,5572ec8197bca83195706abc12f38e7d
warning,missing_source_metadata,high,offline_runtime_bank,assets/data/offline_questions.json,455,offline_11227,"Bi ""defbaz"" çi tê xwestin?",Source title and URL are both missing.,80b77a318417b165b4d38429cc231435
warning,near_duplicate_candidate,medium,offline_runtime_bank,assets/data/offline_questions.json,455,offline_11227,"Bi ""defbaz"" çi tê xwestin?",Near duplicate candidate.,d1ea79e5ea92815ab7fd717c0a893d53
warning,missing_source_metadata,high,offline_runtime_bank,assets/data/offline_questions.json,456,offline_11294,"Ji aliyê Muzîkê ve ji bo ""erbane"" îfadeya rast kîjan e?",Source title and URL are both missing.,8cb7bd2359064cafda6b0e5e35ee4b4e
warning,missing_source_metadata,high,offline_runtime_bank,assets/data/offline_questions.json,457,offline_11326,"Kîjan pênase bi ""muzîka kirmanckî"" re li hev tê?",Source title and URL are both missing.,1e365289103c51a6f17b82f7a8ec3e6c
warning,missing_source_metadata,high,offline_runtime_bank,assets/data/offline_questions.json,458,offline_11366,"""solo"" di mijara muzîkê de çi vedibêje?",Source title and URL are both missing.,ce80f86a2ba02b61f075ff634170876a
warning,missing_source_metadata,high,offline_runtime_bank,assets/data/offline_questions.json,459,offline_11383,"Derbarê ""heyran"" de agahiya herî rast kîjan e?",Source title and URL are both missing.,1d5ed69b360a39604fdf12bbbbf9b0d4
warning,near_duplicate_candidate,medium,offline_runtime_bank,assets/data/offline_questions.json,459,offline_11383,"Derbarê ""heyran"" de agahiya herî rast kîjan e?",Near duplicate candidate.,d7deb2d29e65a10ed7ed9256d79e7eed
warning,missing_source_metadata,high,offline_runtime_bank,assets/data/offline_questions.json,45,offline_2027,"Fermana (emir kipi) lêkera ""hatin"" çi ye?",Source title and URL are both missing.,ce78a0f33e4a7ee0719b21a46150630e
warning,missing_source_metadata,high,offline_runtime_bank,assets/data/offline_questions.json,460,offline_11420,"Ji aliyê Muzîkê ve ji bo ""muzîka govendê"" îfadeya rast kîjan e?",Source title and URL are both missing.,43ed4eb6c8bea4d25f0621445803f707
warning,near_duplicate_candidate,medium,offline_runtime_bank,assets/data/offline_questions.json,460,offline_11420,"Ji aliyê Muzîkê ve ji bo ""muzîka govendê"" îfadeya rast kîjan e?",Near duplicate candidate.,053fc49246cbd5aa0b5d84faaff8ac82
warning,missing_source_metadata,high,offline_runtime_bank,assets/data/offline_questions.json,461,offline_11431,"Kîjan vebijêrk tê wateya ""dengbêj""?",Source title and URL are both missing.,0ca8c76ce64e6493cb86d5ddb827bd20
warning,near_duplicate_candidate,medium,offline_runtime_bank,assets/data/offline_questions.json,461,offline_11431,"Kîjan vebijêrk tê wateya ""dengbêj""?",Near duplicate candidate.,b9a23cc845e5229109e6f71a69bffbc5
warning,missing_source_metadata,high,offline_runtime_bank,assets/data/offline_questions.json,462,offline_11493,"Kîjan vebijêrk tê wateya ""hevgirtina demokratîk""?",Source title and URL are both missing.,d737417faa0e973c4241f47d1d0b44f9
warning,missing_source_metadata,high,offline_runtime_bank,assets/data/offline_questions.json,463,offline_11511,"""hiyerarşî"" bi awayekî rast çawa tê ravekirin?",Source title and URL are both missing.,103a11bbd8358ca490ed2724b6af3758
warning,missing_source_metadata,high,offline_runtime_bank,assets/data/offline_questions.json,464,offline_11517,"Der barê ""pîşesaziya ekolojîk"" de ji bo paradîgmayê bijardeya rast kîjan e?",Source title and URL are both missing.,411cf917d70778bcd846dd7e81bc475d
warning,missing_source_metadata,high,offline_runtime_bank,assets/data/offline_questions.json,465,offline_11538,"Dema ""pîvana azadiyê"" tê gotin, çi tê xwestin?",Source title and URL are both missing.,fe1c841f22711da251d511a79ab4472e
warning,missing_source_metadata,high,offline_runtime_bank,assets/data/offline_questions.json,466,offline_11543,"""jiyana hevpar a azad"" çawa tê pênasekirin?",Source title and URL are both missing.,0c354e337a10053b80cb24083a28d9c6
warning,missing_source_metadata,high,offline_runtime_bank,assets/data/offline_questions.json,467,offline_11556,"""peymana civakî"" tê çi wateyê?",Source title and URL are both missing.,db2c7a563866ca6e8c7a56abb488f54a
warning,missing_source_metadata,high,offline_runtime_bank,assets/data/offline_questions.json,468,offline_11584,"Têgiha ""komîn"" çi pêk tîne?",Source title and URL are both missing.,a9745f00f336f74d84b86d6b9e74b84c
warning,missing_source_metadata,high,offline_runtime_bank,assets/data/offline_questions.json,469,offline_11587,"Derbarê ""azadîxwaziya zayendî"" de agahiya herî rast kîjan e?",Source title and URL are both missing.,a57ead323921d903a915326711ed7ffd
warning,missing_source_metadata,high,offline_runtime_bank,assets/data/offline_questions.json,46,offline_2035,"Hejmara ""deh"" bi Tirkî çi ye?",Source title and URL are both missing.,cd23657f73526a4d4db502b0067d4c67
warning,missing_source_metadata,high,offline_runtime_bank,assets/data/offline_questions.json,470,offline_11588,"""hêza exlaqî"" çi îfade dike?",Source title and URL are both missing.,955cc81a882606ab99cd12e546c0f275
warning,missing_source_metadata,high,offline_runtime_bank,assets/data/offline_questions.json,471,offline_11597,"Bi ""rexneya patriyarkayê"" çi tê xwestin?",Source title and URL are both missing.,f19e182d6b8c18f1729901e56067e5af
warning,missing_source_metadata,high,offline_runtime_bank,assets/data/offline_questions.json,472,offline_11599,"Têgiha ""aboriya komûnal"" çi pêk tîne?",Source title and URL are both missing.,20178ff391bf20fec8e8a7fb08e082b9
warning,near_duplicate_candidate,medium,offline_runtime_bank,assets/data/offline_questions.json,472,offline_11599,"Têgiha ""aboriya komûnal"" çi pêk tîne?",Near duplicate candidate.,69423f57eec697c9ad71a1af2ad81ca3
warning,missing_source_metadata,high,offline_runtime_bank,assets/data/offline_questions.json,473,offline_11605,"Der barê ""konfederalîzma demokratîk"" de bijardeya rast kîjan e?",Source title and URL are both missing.,15e506074deedd763de7ad4f21904455
warning,missing_source_metadata,high,offline_runtime_bank,assets/data/offline_questions.json,474,offline_11624,"""azadiya jinê"" çi îfade dike?",Source title and URL are both missing.,92cdc23d921150957b594480cbcd19e6
warning,missing_source_metadata,high,offline_runtime_bank,assets/data/offline_questions.json,475,offline_11649,"Ji bo ""meclis"" pênaseya derbasdar kîjan e?",Source title and URL are both missing.,7059e248ce8c6a751e1c87478dac9355
warning,missing_source_metadata,high,offline_runtime_bank,assets/data/offline_questions.json,476,offline_11713,"""civaka exlaqî-polîtîk"" bi awayekî rast çawa tê ravekirin?",Source title and URL are both missing.,a345587111e9028169534e0391bf2c51
warning,missing_source_metadata,high,offline_runtime_bank,assets/data/offline_questions.json,477,offline_11728,"Li jêr ji bo ""dewleta netewe"" ya rast kîjan e?",Source title and URL are both missing.,6018573b8ff0ea12eb86aa8b76b688ee
warning,missing_source_metadata,high,offline_runtime_bank,assets/data/offline_questions.json,478,offline_11779,"Der barê ""modernîteya kapîtalîst"" de ji bo paradîgmayê bijardeya rast kîjan e?",Source title and URL are both missing.,795eb7f07ae3bf809935bb7c1ffdcdec
warning,near_duplicate_candidate,medium,offline_runtime_bank,assets/data/offline_questions.json,478,offline_11779,"Der barê ""modernîteya kapîtalîst"" de ji bo paradîgmayê bijardeya rast kîjan e?",Near duplicate candidate.,f38927bfe24e15df0faad4a3ae0c4218
warning,missing_source_metadata,high,offline_runtime_bank,assets/data/offline_questions.json,479,offline_11782,"Kîjan têgeha ""tekelparêzî"" di nav paradîgmayê de rast bi cih dike?",Source title and URL are both missing.,037fea44a63530885ea7227b2e327470
warning,missing_source_metadata,high,offline_runtime_bank,assets/data/offline_questions.json,47,offline_2036,"Hejmara ""pênc"" bi Tirkî çi ye?",Source title and URL are both missing.,a0422c84b5656f35008bceb6fb3e9f12
warning,near_duplicate_candidate,medium,offline_runtime_bank,assets/data/offline_questions.json,47,offline_2036,"Hejmara ""pênc"" bi Tirkî çi ye?",Near duplicate candidate.,8a76d1b6e6ba4bee96daa19185ad5b21
warning,missing_source_metadata,high,offline_runtime_bank,assets/data/offline_questions.json,480,offline_11789,"Derbarê ""Akademiya Modernîteya Demokratîk"" de kîjan rast e?",Source title and URL are both missing.,7ee6d2b1328210a72f3bf31200978bbc
warning,missing_source_metadata,high,offline_runtime_bank,assets/data/offline_questions.json,481,offline_11792,"Derbarê ""zanistiya demokratîk"" de kîjan rast e?",Source title and URL are both missing.,ee55168f54503540ffbac95ed79614cd
warning,near_duplicate_candidate,medium,offline_runtime_bank,assets/data/offline_questions.json,481,offline_11792,"Derbarê ""zanistiya demokratîk"" de kîjan rast e?",Near duplicate candidate.,dbcc48e9dff8b5600ad83ecc88255ee8
warning,missing_source_metadata,high,offline_runtime_bank,assets/data/offline_questions.json,482,offline_11813,"Ji bo ""netewa demokratîk"" pênaseya derbasdar kîjan e?",Source title and URL are both missing.,4ed8beba9e339a0c1458f9f51011b433
warning,near_duplicate_candidate,medium,offline_runtime_bank,assets/data/offline_questions.json,482,offline_11813,"Ji bo ""netewa demokratîk"" pênaseya derbasdar kîjan e?",Near duplicate candidate.,9a7ce296dcf92f2235a91d039f56dad8
warning,missing_source_metadata,high,offline_runtime_bank,assets/data/offline_questions.json,483,offline_11820,"""civaka sivîl"" di mijara paradîgmayê de çi vedibêje?",Source title and URL are both missing.,2679c30c66d03f0e463cca3e5ab52814
warning,missing_source_metadata,high,offline_runtime_bank,assets/data/offline_questions.json,484,offline_11838,"Derbarê ""şaristaniya demokratîk"" de ravekirina rast kîjan e?",Source title and URL are both missing.,fabb1b4034e9df1eb2c25dbb4f5d4d7c
warning,near_duplicate_candidate,medium,offline_runtime_bank,assets/data/offline_questions.json,484,offline_11838,"Derbarê ""şaristaniya demokratîk"" de ravekirina rast kîjan e?",Near duplicate candidate.,2d156755f559dc1b128743cca830a1e0
warning,missing_source_metadata,high,offline_runtime_bank,assets/data/offline_questions.json,485,offline_11846,"Têgiha ""kantona demokratîk"" çi pêk tîne?",Source title and URL are both missing.,554e535b3cb31545dc71af54de9809cb
warning,near_duplicate_candidate,medium,offline_runtime_bank,assets/data/offline_questions.json,485,offline_11846,"Têgiha ""kantona demokratîk"" çi pêk tîne?",Near duplicate candidate.,8cb58970517df8793ca5ac2d88577038
warning,missing_source_metadata,high,offline_runtime_bank,assets/data/offline_questions.json,486,offline_11864,"Kîjan li gorî pênaseya ""konfederalîzma demokratîk"" ye?",Source title and URL are both missing.,4a46ab551eeea9eb817ad24a26f1282f
warning,missing_source_metadata,high,offline_runtime_bank,assets/data/offline_questions.json,487,offline_11870,"Kîjan têgeha ""ekolojiya civakî"" di nav paradîgmayê de rast bi cih dike?",Source title and URL are both missing.,0c6763a217d0c9389883d325d44e5975
warning,near_duplicate_candidate,medium,offline_runtime_bank,assets/data/offline_questions.json,487,offline_11870,"Kîjan têgeha ""ekolojiya civakî"" di nav paradîgmayê de rast bi cih dike?",Near duplicate candidate.,260bf6bc37d1ab094b8f24d239919bb9
warning,missing_source_metadata,high,offline_runtime_bank,assets/data/offline_questions.json,488,offline_11886,"Derbarê ""peymana civakî"" de vebijêrka rast kîjan e?",Source title and URL are both missing.,ef7da0d645c9b0cabc94dbcb4e2ae52d
warning,missing_source_metadata,high,offline_runtime_bank,assets/data/offline_questions.json,489,offline_11893,"Li jêr kîjan têgiha ""civaka ekolojîk"" rave dike?",Source title and URL are both missing.,772e92028bc668c0d7211d24401a9e92
warning,missing_source_metadata,high,offline_runtime_bank,assets/data/offline_questions.json,48,offline_2042,"Tîpên ""e"" û ""ê"" di Kurmancî de heman deng in.",Source title and URL are both missing.,7473c1a43d54c4390af9fcc907685227
warning,missing_source_metadata,high,offline_runtime_bank,assets/data/offline_questions.json,490,offline_11917,"Li jêr kîjan têgiha ""eşseroktî"" rave dike?",Source title and URL are both missing.,188393d1de0f959aa9eedc286d04a2fa
warning,near_duplicate_candidate,medium,offline_runtime_bank,assets/data/offline_questions.json,490,offline_11917,"Li jêr kîjan têgiha ""eşseroktî"" rave dike?",Near duplicate candidate.,3797480d671707eb8957781770a276e8
warning,missing_source_metadata,high,offline_runtime_bank,assets/data/offline_questions.json,491,offline_11957,"Dema ""zayenda civakî"" tê gotin, çi tê xwestin?",Source title and URL are both missing.,f41c2b3f7faa7930dc99e0196d66b924
warning,near_duplicate_candidate,medium,offline_runtime_bank,assets/data/offline_questions.json,491,offline_11957,"Dema ""zayenda civakî"" tê gotin, çi tê xwestin?",Near duplicate candidate.,9699c2f7b842f8758f4bfda36b4e2a88
warning,missing_source_metadata,high,offline_runtime_bank,assets/data/offline_questions.json,492,offline_11996,"""antîkapîtalîzm"" çi îfade dike?",Source title and URL are both missing.,1b5b182be5f50cc20f533a52131c4be7
warning,missing_source_metadata,high,offline_runtime_bank,assets/data/offline_questions.json,493,offline_12036,"Ji aliyê paradîgmayê ve ji bo ""pîşesazîparêzî"" gotina rast kîjan e?",Source title and URL are both missing.,8c643fade760efe11cb647bd4a386c20
warning,missing_source_metadata,high,offline_runtime_bank,assets/data/offline_questions.json,494,offline_12069,"Dema ""milkiyeta komûnal"" tê gotin, çi tê xwestin?",Source title and URL are both missing.,11677bcc3b03190932607af5d33299b8
warning,near_duplicate_candidate,medium,offline_runtime_bank,assets/data/offline_questions.json,494,offline_12069,"Dema ""milkiyeta komûnal"" tê gotin, çi tê xwestin?",Near duplicate candidate.,ba117a96cf7516b5b08613e531b988db
warning,missing_source_metadata,high,offline_runtime_bank,assets/data/offline_questions.json,495,offline_12073,"Derbarê ""akademiyên jinan"" de kîjan rast e?",Source title and URL are both missing.,0a0f458196ea6fa85be2b0c1b1fbc04d
warning,near_duplicate_candidate,medium,offline_runtime_bank,assets/data/offline_questions.json,495,offline_12073,"Derbarê ""akademiyên jinan"" de kîjan rast e?",Near duplicate candidate.,8ab90912c946b483d0bee147b50b7247
warning,missing_source_metadata,high,offline_runtime_bank,assets/data/offline_questions.json,496,offline_12122,"Derbarê ""patriyarka"" de vebijêrka rast kîjan e?",Source title and URL are both missing.,fdecafc9d048b1be2ebb20e02fedd6b7
warning,near_duplicate_candidate,medium,offline_runtime_bank,assets/data/offline_questions.json,496,offline_12122,"Derbarê ""patriyarka"" de vebijêrka rast kîjan e?",Near duplicate candidate.,cbabe4734879b620ad8b04c1ae233db8
warning,missing_source_metadata,high,offline_runtime_bank,assets/data/offline_questions.json,497,offline_12261,"""civaka bêhiyerarşî"" tê çi wateyê?",Source title and URL are both missing.,56b5a8baec4b2e0b1d319ae2c7755983
warning,missing_source_metadata,high,offline_runtime_bank,assets/data/offline_questions.json,498,offline_12291,"""politîkbûn"" bi awayekî rast çawa tê ravekirin?",Source title and URL are both missing.,618d0c5c86094b5d219f6adcc923a674
warning,missing_source_metadata,high,offline_runtime_bank,assets/data/offline_questions.json,499,offline_12331,"Derbarê ""demokrasiya rasterast"" de agahiya herî rast kîjan e?",Source title and URL are both missing.,68a8190fb2ce8bb94a9530704e4f6846
warning,missing_source_metadata,high,offline_runtime_bank,assets/data/offline_questions.json,49,offline_2049,"""Mal"" û ""xanî"" herdu jî bi Tirkî dikarin ""ev"" bin.",Source title and URL are both missing.,287383382c81e6f5c2681360757fed80
warning,missing_source_metadata,high,offline_runtime_bank,assets/data/offline_questions.json,4,offline_0015,"Wêne ""mal"" dibêje — wateya rast kîjan e?",Source title and URL are both missing.,11b05aa7758eea22506e85fdf71a7df7
warning,near_duplicate_candidate,medium,offline_runtime_bank,assets/data/offline_questions.json,4,offline_0015,"Wêne ""mal"" dibêje — wateya rast kîjan e?",Near duplicate candidate.,58e5151c6d78124c3987762c57d2a4a1
warning,missing_source_metadata,high,offline_runtime_bank,assets/data/offline_questions.json,500,offline_12344,"""kooperatîfvanî"" çawa divê bê fêmkirin?",Source title and URL are both missing.,586c6e0590835e88c432999878e75a2b
warning,missing_source_metadata,high,offline_runtime_bank,assets/data/offline_questions.json,501,offline_12366,"Derbarê ""parastina rewa"" de ravekirina rast kîjan e?",Source title and URL are both missing.,ed85637acdb37f992f17c2d504107a2f
warning,near_duplicate_candidate,medium,offline_runtime_bank,assets/data/offline_questions.json,501,offline_12366,"Derbarê ""parastina rewa"" de ravekirina rast kîjan e?",Near duplicate candidate.,6a76e971a9838bf5bfb0839b2abb89de
warning,missing_source_metadata,high,offline_runtime_bank,assets/data/offline_questions.json,502,offline_12391,"""şaristaniya dewletparêz"" tê çi wateyê?",Source title and URL are both missing.,0b368a494a10719c59b3c9194a49b7c9
warning,missing_source_metadata,high,offline_runtime_bank,assets/data/offline_questions.json,503,offline_12401,"Li jêr ji bo ""komunalîzma demokratîk"" kîjan rast e?",Source title and URL are both missing.,bed6fcdeac9fc162f1cee2bb84a66481
warning,near_duplicate_candidate,medium,offline_runtime_bank,assets/data/offline_questions.json,503,offline_12401,"Li jêr ji bo ""komunalîzma demokratîk"" kîjan rast e?",Near duplicate candidate.,0c0958340e040444d0089f5ea0f0c740
warning,missing_source_metadata,high,offline_runtime_bank,assets/data/offline_questions.json,504,offline_12660,"""aştiya civakî"" çawa tê pênasekirin?",Source title and URL are both missing.,c660995f4ff71fa63e888a26d72a131c
warning,missing_source_metadata,high,offline_runtime_bank,assets/data/offline_questions.json,505,offline_12703,"""komîsyona rastiyê"" bi awayekî rast çawa tê ravekirin?",Source title and URL are both missing.,2cfdc5ff6fbfd654278712f2ee5ffc80
warning,missing_source_metadata,high,offline_runtime_bank,assets/data/offline_questions.json,506,offline_12742,"Kîjan têgiha ""demokrasiya temsîlî"" rast şirove dike?",Source title and URL are both missing.,c418107d5d6b70a036eadbc236efc07e
warning,missing_source_metadata,high,offline_runtime_bank,assets/data/offline_questions.json,507,offline_12743,"""demokrasiya herêmî"" çi îfade dike?",Source title and URL are both missing.,02e3ef08e24704de45d3f9a6584ba89d
warning,missing_source_metadata,high,offline_runtime_bank,assets/data/offline_questions.json,508,offline_12745,"""demokrasiya pirreng"" tê çi wateyê?",Source title and URL are both missing.,bd9bd838f1301cf3f142903413ef3ff6
warning,missing_source_metadata,high,offline_runtime_bank,assets/data/offline_questions.json,509,offline_12758,"Kîjan pênase bi ""siyaseta demokratîk"" re li hev tê?",Source title and URL are both missing.,02632c69ce61a480c95a7442a53e2cf7
warning,missing_source_metadata,high,offline_runtime_bank,assets/data/offline_questions.json,50,offline_2052,Newroz cejna sersala biharê ye.,Source title and URL are both missing.,c4dd3a310f62f0eac4850deb1009e3b6
warning,missing_source_metadata,high,offline_runtime_bank,assets/data/offline_questions.json,510,offline_12760,"Di zanîna siyasetê de der barê ""xweseriya demokratîk"" de ya rast kîjan e?",Source title and URL are both missing.,8ed9fe4212bb2e57f870d6a6bf5e1e1c
warning,missing_source_metadata,high,offline_runtime_bank,assets/data/offline_questions.json,511,offline_12771,"Têgiha ""hevpeymaniyên demokratîk"" çi pêk tîne?",Source title and URL are both missing.,fd57321b33b79a954dbfe60152f7e9b1
warning,missing_source_metadata,high,offline_runtime_bank,assets/data/offline_questions.json,512,offline_12774,"""lihevkirina demokratîk"" tê çi wateyê?",Source title and URL are both missing.,cff834b3ae4e9476ea500296e1d21fc2
warning,missing_source_metadata,high,offline_runtime_bank,assets/data/offline_questions.json,513,offline_12776,"Têgiha ""lihevkirina civakî"" çi pêk tîne?",Source title and URL are both missing.,d0c5e4464ae161e819b261cd618dab9e
warning,missing_source_metadata,high,offline_runtime_bank,assets/data/offline_questions.json,514,offline_12779,"Bi ""mafê statuyê"" çi tê xwestin?",Source title and URL are both missing.,b292bb094326cde0a854f75d31716786
warning,missing_source_metadata,high,offline_runtime_bank,assets/data/offline_questions.json,515,offline_12780,"Derbarê ""muxalefeta civakî"" de vebijêrka rast kîjan e?",Source title and URL are both missing.,ad9457fece02d225ff2b140127426c61
warning,missing_source_metadata,high,offline_runtime_bank,assets/data/offline_questions.json,516,offline_12818,"Derbarê ""beşdariya rasterast"" de ravekirina rast kîjan e?",Source title and URL are both missing.,5b3bb0af296fd2297de290db4289299e
warning,missing_source_metadata,high,offline_runtime_bank,assets/data/offline_questions.json,517,offline_12832,"""Çareseriya aştiyane"" çawa tê pênasekirin?",Source title and URL are both missing.,698d373daab38e1a2daf25eb38a011fa
warning,missing_source_metadata,high,offline_runtime_bank,assets/data/offline_questions.json,518,offline_12875,"Îfadeya ku têgiha ""veqetandina hêzan"" rast vedibêje kîjan e?",Source title and URL are both missing.,add1de38dd72cddf559d168023a437f1
warning,missing_source_metadata,high,offline_runtime_bank,assets/data/offline_questions.json,519,offline_12882,"Derbarê ""pêvajoya aştiyê"" de vebijêrka rast kîjan e?",Source title and URL are both missing.,ab21f85ac6876c00691d024f13606b02
warning,near_duplicate_candidate,medium,offline_runtime_bank,assets/data/offline_questions.json,519,offline_12882,"Derbarê ""pêvajoya aştiyê"" de vebijêrka rast kîjan e?",Near duplicate candidate.,b907562ef700cdeb5172dc7b4bb8bcf0
warning,missing_source_metadata,high,offline_runtime_bank,assets/data/offline_questions.json,51,offline_2066,"""Xelat"" tê çi wateyê?",Source title and URL are both missing.,88b79e05816d43f0878dabed0ab03eaa
warning,missing_source_metadata,high,offline_runtime_bank,assets/data/offline_questions.json,520,offline_12891,"Di zanîna siyasetê de der barê ""daxwaza statuyê"" de ya rast kîjan e?",Source title and URL are both missing.,1a808a1e818922d1a2bf660a02099a67
warning,near_duplicate_candidate,medium,offline_runtime_bank,assets/data/offline_questions.json,520,offline_12891,"Di zanîna siyasetê de der barê ""daxwaza statuyê"" de ya rast kîjan e?",Near duplicate candidate.,f92893775e0580b2dbe32393777d683b
warning,missing_source_metadata,high,offline_runtime_bank,assets/data/offline_questions.json,521,offline_12899,"Ji bo ""ademî-navendîbûn"" ravekirina herî dirust kîjan e?",Source title and URL are both missing.,6742e1d59d2bc8bf5eb8f0241b197aad
warning,missing_source_metadata,high,offline_runtime_bank,assets/data/offline_questions.json,522,offline_12946,"Derbarê ""dadgehkirina dadperwer"" de vebijêrka rast kîjan e?",Source title and URL are both missing.,b387df052bd9f003dd05ef40a6117b3e
warning,near_duplicate_candidate,medium,offline_runtime_bank,assets/data/offline_questions.json,522,offline_12946,"Derbarê ""dadgehkirina dadperwer"" de vebijêrka rast kîjan e?",Near duplicate candidate.,1780b74b7fd9eca3d8b45515a3f33187
warning,missing_source_metadata,high,offline_runtime_bank,assets/data/offline_questions.json,523,offline_12954,"Kîjan pênase bi ""beşdariya siyasî"" re li hev tê?",Source title and URL are both missing.,bccc8b2c5dae63d54299944975f04033
warning,near_duplicate_candidate,medium,offline_runtime_bank,assets/data/offline_questions.json,523,offline_12954,"Kîjan pênase bi ""beşdariya siyasî"" re li hev tê?",Near duplicate candidate.,c66a8686b01509d2564222e98c6958af
warning,missing_source_metadata,high,offline_runtime_bank,assets/data/offline_questions.json,524,offline_12961,"Der barê ""meclîsên herêmî"" de ji bo siyasetê bijardeya rast kîjan e?",Source title and URL are both missing.,a3b36cf3c53f86f46cbe7002add833ce
warning,missing_source_metadata,high,offline_runtime_bank,assets/data/offline_questions.json,525,offline_12981,"Derbarê ""perwerdehiya bi zimanê zikmakî"" de vebijêrka rast kîjan e?",Source title and URL are both missing.,9c9be85492d4837159da952fad31bfec
warning,missing_source_metadata,high,offline_runtime_bank,assets/data/offline_questions.json,526,offline_12985,"Derbarê ""demokrasiya radîkal"" de vebijêrka rast kîjan e?",Source title and URL are both missing.,e1ebcc59a8609fb89f9ca98f5aca165a
warning,near_duplicate_candidate,medium,offline_runtime_bank,assets/data/offline_questions.json,526,offline_12985,"Derbarê ""demokrasiya radîkal"" de vebijêrka rast kîjan e?",Near duplicate candidate.,7ee3487c00ee25d9f9f0a74b329809ea
warning,missing_source_metadata,high,offline_runtime_bank,assets/data/offline_questions.json,527,offline_12989,"""xweseriya îdarî"" çawa divê bê fêmkirin?",Source title and URL are both missing.,8d615318378f64b5e4d86299918b50ff
warning,missing_source_metadata,high,offline_runtime_bank,assets/data/offline_questions.json,528,offline_13040,"Ji bo ""mafên hindikahiyan"" ravekirina herî dirust kîjan e?",Source title and URL are both missing.,0a30074c1c26d1d6a2eb7a7444231d86
warning,near_duplicate_candidate,medium,offline_runtime_bank,assets/data/offline_questions.json,528,offline_13040,"Ji bo ""mafên hindikahiyan"" ravekirina herî dirust kîjan e?",Near duplicate candidate.,b6c91afe01cb59aeaa538d4b5df8f9a5
warning,missing_source_metadata,high,offline_runtime_bank,assets/data/offline_questions.json,529,offline_13117,"""exlaqê siyasî"" tê çi wateyê?",Source title and URL are both missing.,0a00e21042a345035d50a8d93aa98cfc
warning,missing_source_metadata,high,offline_runtime_bank,assets/data/offline_questions.json,52,offline_2079,Li gelek malên Kurdan vexwarina çayê kevneşopiyeke rojane ye.,Source title and URL are both missing.,3434743920c21edc9632f139769440ca
warning,missing_source_metadata,high,offline_runtime_bank,assets/data/offline_questions.json,530,offline_13122,"Ji aliyê Siyasetê ve ji bo ""mafê aştiyê"" îfadeya rast kîjan e?",Source title and URL are both missing.,d967fc0767bc13abd16d43842d01ddcf
warning,missing_source_metadata,high,offline_runtime_bank,assets/data/offline_questions.json,531,offline_13124,"Derbarê ""mafê zimanê zikmakî"" de ya rast a zanîn çi ye?",Source title and URL are both missing.,47a8db1ab9cade458be10dc0adb02d9a
warning,missing_source_metadata,high,offline_runtime_bank,assets/data/offline_questions.json,532,offline_13129,"Kîjan pênase bi ""rêveberiya herêmî"" re li hev tê?",Source title and URL are both missing.,579ce33542b48899abfdd1027715d06c
warning,near_duplicate_candidate,medium,offline_runtime_bank,assets/data/offline_questions.json,532,offline_13129,"Kîjan pênase bi ""rêveberiya herêmî"" re li hev tê?",Near duplicate candidate.,e0dee2d40c76a95bf7a6a86a1cf33ef5
warning,missing_source_metadata,high,offline_runtime_bank,assets/data/offline_questions.json,533,offline_13169,"""dadperweriya civakî"" tê çi wateyê?",Source title and URL are both missing.,bda206f49e05ee3afb77bd32cb69b719
warning,missing_source_metadata,high,offline_runtime_bank,assets/data/offline_questions.json,534,offline_13252,"""mafên mirovan"" di mijara siyasetê de çi vedibêje?",Source title and URL are both missing.,4bc317be4d10b47104ad995e7ae0c339
warning,missing_source_metadata,high,offline_runtime_bank,assets/data/offline_questions.json,535,offline_13382,"Derbarê ""îtaetsiziya sivîl"" de ya rast a zanîn çi ye?",Source title and URL are both missing.,e4c727b5bc5668cf0002c6eb6cca1cfc
warning,near_duplicate_candidate,medium,offline_runtime_bank,assets/data/offline_questions.json,535,offline_13382,"Derbarê ""îtaetsiziya sivîl"" de ya rast a zanîn çi ye?",Near duplicate candidate.,697c69ad79b352082b2218276df483ee
warning,missing_source_metadata,high,offline_runtime_bank,assets/data/offline_questions.json,536,offline_13390,"Derbarê ""meşruiyet"" de ya rast a zanîn çi ye?",Source title and URL are both missing.,dd9b311e43d725dde4b111cd7435d358
warning,near_duplicate_candidate,medium,offline_runtime_bank,assets/data/offline_questions.json,536,offline_13390,"Derbarê ""meşruiyet"" de ya rast a zanîn çi ye?",Near duplicate candidate.,95b15af691c42479f51d3d817417820b
warning,missing_source_metadata,high,offline_runtime_bank,assets/data/offline_questions.json,537,offline_13394,"""xweseriya siyasî"" bi awayekî rast çawa tê ravekirin?",Source title and URL are both missing.,8619deef6f5113953b083b4b09959370
warning,missing_source_metadata,high,offline_runtime_bank,assets/data/offline_questions.json,538,offline_13486,"Ji aliyê siyasetê ve ji bo ""mafê xwerêveberiyê"" gotina rast kîjan e?",Source title and URL are both missing.,2d1e1bdcf881f8ff5ac49143eb720b09
warning,near_duplicate_candidate,medium,offline_runtime_bank,assets/data/offline_questions.json,538,offline_13486,"Ji aliyê siyasetê ve ji bo ""mafê xwerêveberiyê"" gotina rast kîjan e?",Near duplicate candidate.,7505afe4a55c44b963b692d5f17cd36a
warning,missing_source_metadata,high,offline_runtime_bank,assets/data/offline_questions.json,539,offline_13600,"Derbarê ""pergala meclîsan"" de agahiya herî rast kîjan e?",Source title and URL are both missing.,b295a44a8a426e7160228db53756e2bf
warning,missing_source_metadata,high,offline_runtime_bank,assets/data/offline_questions.json,53,offline_2086,Pira Malabadê li ser kîjan avê ye?,Source title and URL are both missing.,9b2557073b1d5c324015e7ef983ba1c5
warning,missing_source_metadata,high,offline_runtime_bank,assets/data/offline_questions.json,540,offline_13604,"Îfadeya ku têgiha ""mafên demokratîk"" rast vedibêje kîjan e?",Source title and URL are both missing.,e5aee0b1d59c92301eed9a1c3e3ffe7b
warning,near_duplicate_candidate,medium,offline_runtime_bank,assets/data/offline_questions.json,540,offline_13604,"Îfadeya ku têgiha ""mafên demokratîk"" rast vedibêje kîjan e?",Near duplicate candidate.,f7204d3602da785297de76e6e8b5d12e
warning,missing_source_metadata,high,offline_runtime_bank,assets/data/offline_questions.json,541,offline_13649,"Ji bo Siyasetê derbarê ""eşseroktî"" de vebijêrka rast kîjan e?",Source title and URL are both missing.,52ca7da68da17cf2e1ff32937c965b53
warning,missing_source_metadata,high,offline_runtime_bank,assets/data/offline_questions.json,542,offline_13729,"Derbarê ""danûstandin"" de ravekirina rast kîjan e?",Source title and URL are both missing.,63a2aa4cb7463193c5389dba374701cc
warning,near_duplicate_candidate,medium,offline_runtime_bank,assets/data/offline_questions.json,542,offline_13729,"Derbarê ""danûstandin"" de ravekirina rast kîjan e?",Near duplicate candidate.,3eb3cdc731e5cd57cf54fd0042239b35
warning,missing_source_metadata,high,offline_runtime_bank,assets/data/offline_questions.json,543,offline_13745,"Derbarê ""pirrengî"" de agahiya herî rast kîjan e?",Source title and URL are both missing.,03b1c7d159b8a9d7ca9d0895c0013169
warning,near_duplicate_candidate,medium,offline_runtime_bank,assets/data/offline_questions.json,543,offline_13745,"Derbarê ""pirrengî"" de agahiya herî rast kîjan e?",Near duplicate candidate.,a208a7b0f36ffb4d57e68e8c451e690a
warning,missing_source_metadata,high,offline_runtime_bank,assets/data/offline_questions.json,544,offline_13790,"Kîjan pênase bi ""muxalefeta demokratîk"" re li hev tê?",Source title and URL are both missing.,67006fb25593087e85954c805433548b
warning,near_duplicate_candidate,medium,offline_runtime_bank,assets/data/offline_questions.json,544,offline_13790,"Kîjan pênase bi ""muxalefeta demokratîk"" re li hev tê?",Near duplicate candidate.,fef0e0a7c36632eac4934822d7d6dd70
warning,missing_source_metadata,high,offline_runtime_bank,assets/data/offline_questions.json,545,offline_curated_20001,Kîjan têgeh bi vê ravekirinê tê nasîn: 'avahiya rêzimanî ya ku kirdeya lêkerên gerguhêz di dema borî de tewandî nîşan dide'?,Source title and URL are both missing.,d2fef4893457cdde6b17a5529adbb574
warning,missing_source_metadata,high,offline_runtime_bank,assets/data/offline_questions.json,546,offline_curated_20026,"Kîjan têgeh bi vê ravekirinê tê nasîn: ""guhertina paşgira navdêr an cînavkan li gorî rola wan a di hevokê de""?",Source title and URL are both missing.,b37b2be2ace12f40094a63eeca5c40dc
warning,missing_source_metadata,high,offline_runtime_bank,assets/data/offline_questions.json,547,offline_curated_20051,"Kîjan têgeh bi vê ravekirinê tê nasîn: ""têkiliya veqetandeka mê (a) û nêr (ê) ya ku navdêran bi hev ve girê dide""?",Source title and URL are both missing.,9198b388f3edeb575f6220b7bcf34a27
warning,missing_source_metadata,high,offline_runtime_bank,assets/data/offline_questions.json,548,offline_curated_20076,"Kîjan têgeh bi vê ravekirinê tê nasîn: cînavkên wekî ""min, te, wî, wê, me, we, wan"" ku di bin tewandinê de ne?",Source title and URL are both missing.,28449518ed651ba0c826cc92890f2704
warning,missing_source_metadata,high,offline_runtime_bank,assets/data/offline_questions.json,549,offline_curated_20100,"Têgeha ""daçekên hevedudanî"" bi kîjan ravekirinê çêtir tê fêmkirin?",Source title and URL are both missing.,9a76afa65397524414aca253889ed504
warning,missing_source_metadata,high,offline_runtime_bank,assets/data/offline_questions.json,54,offline_2092,Mîrgeha Erdelanê navenda xwe li kîjan bajarî bû?,Source title and URL are both missing.,341aa8cccbbcd829543d6bafd562a948
warning,missing_source_metadata,high,offline_runtime_bank,assets/data/offline_questions.json,550,offline_curated_20126,Kîjan têgeh bi vê ravekirinê tê nasîn: 'lêkerên ku hewcedariya wan bi bireserê tewandî heye bo temamkirina wateyê'?,Source title and URL are both missing.,f3d7ee34e2f83f30967542bfb5641ab1
warning,missing_source_metadata,high,offline_runtime_bank,assets/data/offline_questions.json,551,offline_curated_20151,Kîjan têgeh bi vê ravekirinê tê nasîn: 'pergala alfabeya kurdî ya bi tîpên latînî ku ji aliyê Celadet Bedirxan ve hatibû amadekirin'?,Source title and URL are both missing.,f2d97f4328cdc7fda827c4d622e1217e
warning,missing_source_metadata,high,offline_runtime_bank,assets/data/offline_questions.json,552,offline_curated_20176,"Kîjan têgeh bi vê ravekirinê tê nasîn: cînavkên wekî ""ez, tu, ew, em, hûn, ew"" ên ku bo kesan tên bikaranîn?",Source title and URL are both missing.,3fb7e3ea0612c1818d7b0fd9091b523f
warning,missing_source_metadata,high,offline_runtime_bank,assets/data/offline_questions.json,553,offline_curated_20201,"Kîjan têgeh bi vê ravekirinê tê nasîn: ""avahiya lêkerê ya ku kiryarek berî kiryareke din a rabirdûyê qediyaye nîşan dide""?",Source title and URL are both missing.,c5d9cc99e85beffcbeba6dac036c2d14
warning,missing_source_metadata,high,offline_runtime_bank,assets/data/offline_questions.json,554,offline_curated_20226,"Kîjan têgeh bi vê ravekirinê tê nasîn: ""hêmanên wekî ""-î, -ê, -an' ku di tewandina navdêran de cih digirin'?",Source title and URL are both missing.,c047c8b28aa537a0c6dd50e7fd65d41a
warning,missing_source_metadata,high,offline_runtime_bank,assets/data/offline_questions.json,555,offline_curated_20251,Kîjan têgeh bi vê ravekirinê tê nasîn: 'helbestvanê mezin ê klasîk ku bi dîwana xwe ya felsefî û tesewifî tê naskirin'?,Source title and URL are both missing.,9df82a8f1c940d77c462e8af1a090bf8
warning,missing_source_metadata,high,offline_runtime_bank,assets/data/offline_questions.json,556,offline_curated_20276,"Kîjan têgeh bi vê ravekirinê tê nasîn: helbestvanê klasîk ê ku bi berhema ""Şêx Sen'an"" û axaftina bi çûkan re navdar e?",Source title and URL are both missing.,df04decc834055b97fafbd600e4a31ae
warning,missing_source_metadata,high,offline_runtime_bank,assets/data/offline_questions.json,557,offline_curated_20304,"Ji bo dersa edebiyat kîjan vebijark ravekirina têgeha ""Ehmedê Xanî"" bi awayekî rast temam dike?",Source title and URL are both missing.,8e12d2f33bc22f5d9f75d281341f8930
warning,missing_source_metadata,high,offline_runtime_bank,assets/data/offline_questions.json,558,offline_curated_20326,"Kîjan têgeh bi vê ravekirinê tê nasîn: ""helbestvanê ku Mewlûda Kurdî ya yekem bi zaravayê kurmancî nivîsiye""?",Source title and URL are both missing.,359527cb1e138f5258c1d0dc52686e97
warning,missing_source_metadata,high,offline_runtime_bank,assets/data/offline_questions.json,559,offline_curated_20351,Kîjan têgeh bi vê ravekirinê tê nasîn: 'kovara edebî û çandî ya ku di sala 1932an de li Şamê bi destê Bedirxaniyan derketiye'?,Source title and URL are both missing.,23900323ad69fa1744d3a7efc9be3ba3
warning,missing_source_metadata,high,offline_runtime_bank,assets/data/offline_questions.json,55,offline_2102,Urartû navenda xwe li kîjan derê bû?,Source title and URL are both missing.,5581a214f21835c785c46dfe8317b7a4
warning,missing_source_metadata,high,offline_runtime_bank,assets/data/offline_questions.json,560,offline_curated_20375,"Têgeha ""Cegerxwîn"" bi kîjan ravekirinê çêtir tê fêmkirin?",Source title and URL are both missing.,5c3808c21b9375e91441ccb26ba95644
warning,missing_source_metadata,high,offline_runtime_bank,assets/data/offline_questions.json,561,offline_curated_20401,"Kîjan têgeh bi vê ravekirinê tê nasîn: 'nivîskarê romana ""Şivanê Kurd"" ku wekî romana yekem a kurdî tê qebûlkirin'?",Source title and URL are both missing.,e21425deb35eabb538ae022965720e22
warning,missing_source_metadata,high,offline_runtime_bank,assets/data/offline_questions.json,562,offline_curated_20426,Kîjan têgeh bi vê ravekirinê tê nasîn: 'romannivîsê kurd ê modern ku bi zimanekî kûr û edebî şoreşek di romana kurdî de çêkir'?,Source title and URL are both missing.,a6dae01f3678944463e3f8201e00f59f
warning,missing_source_metadata,high,offline_runtime_bank,assets/data/offline_questions.json,563,offline_curated_20451,Kîjan têgeh bi vê ravekirinê tê nasîn: 'civînên şevê yên ku tê de helbest û çîrokên klasîk û modern dihatin xwendin'?,Source title and URL are both missing.,f51da30ab483919d454253fb2322124c
warning,missing_source_metadata,high,offline_runtime_bank,assets/data/offline_questions.json,564,offline_curated_20476,Kîjan têgeh bi vê ravekirinê tê nasîn: 'rêbaza helbesta nûjen a bê pîvan û bê qafiye ku bi taybetî li ser peyvan ava dide'?,Source title and URL are both missing.,2a3ce7633d4a5d78027cef4d7abac1d5
warning,missing_source_metadata,high,offline_runtime_bank,assets/data/offline_questions.json,565,offline_curated_20501,Kîjan têgeh bi vê ravekirinê tê nasîn: 'hêza mezin a antik a li Zagrosê ku di hin vegotinên kurdî de bi kalan ve girêdayî ye'?,Source title and URL are both missing.,ff4160a49f7f796ec5619ca6ee99805a
warning,missing_source_metadata,high,offline_runtime_bank,assets/data/offline_questions.json,566,offline_curated_20504,"Ji bo dersa dîrok kîjan vebijark ravekirina têgeha ""Împaratoriya Medî"" bi awayekî rast temam dike?",Source title and URL are both missing.,3596e8202b2eec66e0ea7dcb74c6bd46
warning,missing_source_metadata,high,offline_runtime_bank,assets/data/offline_questions.json,567,offline_curated_20526,"Kîjan têgeh bi vê ravekirinê tê nasîn: ""xanedaniya kurdî ya serdema navîn ku navenda wê Amed û doralên wê bûn""?",Source title and URL are both missing.,0930998d02eca65c3821790d32f3f461
warning,missing_source_metadata,high,offline_runtime_bank,assets/data/offline_questions.json,568,offline_curated_20551,Kîjan têgeh bi vê ravekirinê tê nasîn: 'mîrnişîna kurdî ya bihêz a ku navenda wê Cizîra Botan bû û xwedî serxwebûneke çandî bû'?,Source title and URL are both missing.,0ca5e26333cafbd98e97d8b30de7f8b3
warning,missing_source_metadata,high,offline_runtime_bank,assets/data/offline_questions.json,569,offline_curated_20576,Kîjan têgeh bi vê ravekirinê tê nasîn: 'pirtûka dîroka mîrgehên kurdî ku di sala 1597an de ji aliyê Şerefxanê Bedlîsî ve hatibû nivîsandin'?,Source title and URL are both missing.,db83a98e08aa0cec9e0f83d1f6469ae6
warning,missing_source_metadata,high,offline_runtime_bank,assets/data/offline_questions.json,56,offline_2106,Mîrgeha Baban navenda xwe li kîjan bajarî bû?,Source title and URL are both missing.,5963c5894d7fe19f8c5b29596eca9205
warning,near_duplicate_candidate,medium,offline_runtime_bank,assets/data/offline_questions.json,56,offline_2106,Mîrgeha Baban navenda xwe li kîjan bajarî bû?,Near duplicate candidate.,97522a8142844b306ff8376b58125082
warning,missing_source_metadata,high,offline_runtime_bank,assets/data/offline_questions.json,570,offline_curated_20601,Kîjan têgeh bi vê ravekirinê tê nasîn: 'weşana dîrokî ya kurdî ya serdema destpêka sedsala 20an ku li ser mafên neteweyî dinivîsî'?,Source title and URL are both missing.,dcdf4173889bf5199544f08eadc44900
warning,missing_source_metadata,high,offline_runtime_bank,assets/data/offline_questions.json,571,offline_curated_20625,"Têgeha ""Selaheddînê Eyûbî"" bi kîjan ravekirinê çêtir tê fêmkirin?",Source title and URL are both missing.,98e165d1afada3c4533a78a2b4b2cbfb
warning,missing_source_metadata,high,offline_runtime_bank,assets/data/offline_questions.json,572,offline_curated_20650,"Têgeha ""Mîrê Kor"" bi kîjan ravekirinê çêtir tê fêmkirin?",Source title and URL are both missing.,7c567c305b2b8c447eb03ec07b2464aa
warning,missing_source_metadata,high,offline_runtime_bank,assets/data/offline_questions.json,573,offline_curated_20676,Kîjan têgeh bi vê ravekirinê tê nasîn: 'rojnameya yekem a kurdî ku di sala 1898an de li Qahîreyê ji aliyê Mîqdat Mîdhad Bedirxan ve hat weşandin'?,Source title and URL are both missing.,52217e1bd0fa9d4ae372da6ae8f6d51a
warning,missing_source_metadata,high,offline_runtime_bank,assets/data/offline_questions.json,574,offline_curated_20679,"Ji bo dersa dîrok kîjan vebijark ravekirina têgeha ""Rojnameya Kurdistan"" bi awayekî rast temam dike?",Source title and URL are both missing.,958dbfb913b1e7735f5024088dd34e49
warning,near_duplicate_candidate,medium,offline_runtime_bank,assets/data/offline_questions.json,574,offline_curated_20679,"Ji bo dersa dîrok kîjan vebijark ravekirina têgeha ""Rojnameya Kurdistan"" bi awayekî rast temam dike?",Near duplicate candidate.,b379f4cfcceef0569a2e24b36c16a505
warning,missing_source_metadata,high,offline_runtime_bank,assets/data/offline_questions.json,575,offline_curated_20701,"Kîjan têgeh bi vê ravekirinê tê nasîn: ""mîrnişîneke kevnar a kurdî ya li rojhilat ku navenda wê Sine bû""?",Source title and URL are both missing.,8ab844fb528b8524fb2279692d830f75
warning,missing_source_metadata,high,offline_runtime_bank,assets/data/offline_questions.json,576,offline_curated_20726,Kîjan têgeh bi vê ravekirinê tê nasîn: 'peymana navdewletî ya 1923an ku cihê Sevrê girt û statûyeke kurdî nedihewand'?,Source title and URL are both missing.,b44a35bd924775b3dfcac23a893e3da7
warning,missing_source_metadata,high,offline_runtime_bank,assets/data/offline_questions.json,577,offline_curated_20750,"Têgeha ""çiyayên Zagrosê"" bi kîjan ravekirinê çêtir tê fêmkirin?",Source title and URL are both missing.,219831711f8bfe46e9bd8864c520c7d5
warning,missing_source_metadata,high,offline_runtime_bank,assets/data/offline_questions.json,578,offline_curated_20776,"Kîjan têgeh bi vê ravekirinê tê nasîn: ""geliyê mezin ê ku çemê Dîcleyê tê re diherike û Amedê diparêze""?",Source title and URL are both missing.,41eaa914a93dc15e38e2e1d499bfd088
warning,missing_source_metadata,high,offline_runtime_bank,assets/data/offline_questions.json,579,offline_curated_20804,"Ji bo dersa cografya kîjan vebijark ravekirina têgeha ""Çemê Firatê"" bi awayekî rast temam dike?",Source title and URL are both missing.,c0d73c60dff014018dea66243b2a35de
warning,missing_source_metadata,high,offline_runtime_bank,assets/data/offline_questions.json,57,offline_2108,Çar birca navdar a Amedê ya li ser sûran kîjan e?,Source title and URL are both missing.,fc6f34f550704f661ab9bae614e03ee8
warning,missing_source_metadata,high,offline_runtime_bank,assets/data/offline_questions.json,580,offline_curated_20826,Kîjan têgeh bi vê ravekirinê tê nasîn: 'çiyayê pîroz ê ku li gorî baweriyan keştiya Nûh Pêxember li ser rûniştiye'?,Source title and URL are both missing.,2c973057a4c1b0ee14c5fc9f8a0bc319
warning,missing_source_metadata,high,offline_runtime_bank,assets/data/offline_questions.json,581,offline_curated_20851,"Kîjan têgeh bi vê ravekirinê tê nasîn: ""şûna herî kevn a perestgehên mirovahiyê ku li nêzîkî bajarê Rihayê ye""?",Source title and URL are both missing.,7448ec19ceca2789d581d078675c5c6a
warning,missing_source_metadata,high,offline_runtime_bank,assets/data/offline_questions.json,582,offline_curated_20879,"Ji bo dersa cografya kîjan vebijark ravekirina têgeha ""Gola Wanê"" bi awayekî rast temam dike?",Source title and URL are both missing.,73afbd3ef33676172a99fdeedd04140e
warning,near_duplicate_candidate,medium,offline_runtime_bank,assets/data/offline_questions.json,582,offline_curated_20879,"Ji bo dersa cografya kîjan vebijark ravekirina têgeha ""Gola Wanê"" bi awayekî rast temam dike?",Near duplicate candidate.,eb39a0a3214249ccea68c87540632a86
warning,missing_source_metadata,high,offline_runtime_bank,assets/data/offline_questions.json,583,offline_curated_20901,"Kîjan têgeh bi vê ravekirinê tê nasîn: ""çiyayê volkanîk ê bilind û berfîn ê li bakurê Gola Wanê""?",Source title and URL are both missing.,ed2013460e9a6dcbfbc4fc1499b76720
warning,missing_source_metadata,high,offline_runtime_bank,assets/data/offline_questions.json,584,offline_curated_20926,"Kîjan têgeh bi vê ravekirinê tê nasîn: ""geliyê kûr û teng ê ku ava Zapê ya hov tê re diherike ber bi başûr ve""?",Source title and URL are both missing.,f699707fb3f3209a0ebe5b5c8bef4ce9
warning,missing_source_metadata,high,offline_runtime_bank,assets/data/offline_questions.json,585,offline_curated_20929,"Ji bo dersa cografya kîjan vebijark ravekirina têgeha ""Geliyê Zapê"" bi awayekî rast temam dike?",Source title and URL are both missing.,abb77e0991a29d7604472808e8818e67
warning,near_duplicate_candidate,medium,offline_runtime_bank,assets/data/offline_questions.json,585,offline_curated_20929,"Ji bo dersa cografya kîjan vebijark ravekirina têgeha ""Geliyê Zapê"" bi awayekî rast temam dike?",Near duplicate candidate.,fc8a9b761e53e6731ef88de8aa444c7b
warning,missing_source_metadata,high,offline_runtime_bank,assets/data/offline_questions.json,586,offline_curated_20951,Kîjan têgeh bi vê ravekirinê tê nasîn: 'bajarê kevnar û dîrokî yê li ser çemê Dîcleyê ku xwedî şikeftên bêhempa ye'?,Source title and URL are both missing.,8e9b8196f6e105c395af75ebf8222eb9
warning,missing_source_metadata,high,offline_runtime_bank,assets/data/offline_questions.json,587,offline_curated_20954,"Ji bo dersa cografya kîjan vebijark ravekirina têgeha ""Heskîf"" bi awayekî rast temam dike?",Source title and URL are both missing.,5bf63d7b098c610f2d24922b39d1e9b7
warning,near_duplicate_candidate,medium,offline_runtime_bank,assets/data/offline_questions.json,587,offline_curated_20954,"Ji bo dersa cografya kîjan vebijark ravekirina têgeha ""Heskîf"" bi awayekî rast temam dike?",Near duplicate candidate.,decf92f577f806065de9515c9c8a9ca3
warning,missing_source_metadata,high,offline_runtime_bank,assets/data/offline_questions.json,588,offline_curated_20976,"Kîjan têgeh bi vê ravekirinê tê nasîn: ""çiyayê volkanîk ê bazaltî ku deşta Amedê ji ya rihayê vediqetîne""?",Source title and URL are both missing.,aeb3b1ed6ddd40079649d24db7a77fff
warning,missing_source_metadata,high,offline_runtime_bank,assets/data/offline_questions.json,589,offline_curated_21001,Kîjan têgeh bi vê ravekirinê tê nasîn: 'kela parastina ziman û dîrokê ku bi riya stran û klamên dengbêjan tê meşandin'?,Source title and URL are both missing.,96679dac6b01885c5e4d6a537c51fd1f
warning,missing_source_metadata,high,offline_runtime_bank,assets/data/offline_questions.json,58,offline_2110,Xirabreşk (Girê Mirazan / Göbekli Tepe) li nêzîkî kîjan bajarî ye?,Source title and URL are both missing.,05fbf7cfc01c97667b177ad4886c037b
warning,missing_source_metadata,high,offline_runtime_bank,assets/data/offline_questions.json,590,offline_curated_21029,"Ji bo dersa çand kîjan vebijark ravekirina têgeha ""Newroz"" bi awayekî rast temam dike?",Source title and URL are both missing.,beaa81103317f4b39cad511f24d3465f
warning,missing_source_metadata,high,offline_runtime_bank,assets/data/offline_questions.json,591,offline_curated_21054,"Ji bo dersa çand kîjan vebijark ravekirina têgeha ""Kalo û Sersal"" bi awayekî rast temam dike?",Source title and URL are both missing.,a9e4159efc6ef54b189fb4f9d2961ac0
warning,near_duplicate_candidate,medium,offline_runtime_bank,assets/data/offline_questions.json,591,offline_curated_21054,"Ji bo dersa çand kîjan vebijark ravekirina têgeha ""Kalo û Sersal"" bi awayekî rast temam dike?",Near duplicate candidate.,cabece0ec813246c3820ae0cad97f036
warning,missing_source_metadata,high,offline_runtime_bank,assets/data/offline_questions.json,592,offline_curated_21076,Kîjan têgeh bi vê ravekirinê tê nasîn: 'dansa komî û gelêrî ya ku bi hevgirtina destan û bi rihê hevkariyê tê gerandin'?,Source title and URL are both missing.,899ec9a1180825323c4b6e24a0e65d74
warning,missing_source_metadata,high,offline_runtime_bank,assets/data/offline_questions.json,593,offline_curated_21101,Kîjan têgeh bi vê ravekirinê tê nasîn: 'şêwazê jiyana kevnar a li ser zozan û germiyanê ku çanda kurdî pir dewlemend kiriye'?,Source title and URL are both missing.,f4dec08c7b8408e5b1a7e88367b62b4a
warning,missing_source_metadata,high,offline_runtime_bank,assets/data/offline_questions.json,594,offline_curated_21126,"Kîjan têgeh bi vê ravekirinê tê nasîn: ""têkiliya civakî ya ku tê de mêvan wekî bereketa malê tê qebûl kirin""?",Source title and URL are both missing.,e56eaf874749d31c5acf21ca220f0fd5
warning,missing_source_metadata,high,offline_runtime_bank,assets/data/offline_questions.json,595,offline_curated_21154,"Ji bo dersa çand kîjan vebijark ravekirina têgeha ""kilimên kurdî"" bi awayekî rast temam dike?",Source title and URL are both missing.,91ef65edb5cbe249a24433f291eff234
warning,near_duplicate_candidate,medium,offline_runtime_bank,assets/data/offline_questions.json,595,offline_curated_21154,"Ji bo dersa çand kîjan vebijark ravekirina têgeha ""kilimên kurdî"" bi awayekî rast temam dike?",Near duplicate candidate.,67ef8b0be5f7e2b16301338cb20719b3
warning,missing_source_metadata,high,offline_runtime_bank,assets/data/offline_questions.json,596,offline_curated_21176,"Kîjan têgeh bi vê ravekirinê tê nasîn: ""destana neteweyî ya kurdî ya ku hîmê Mem û Zîna Xanî pêk tîne""?",Source title and URL are both missing.,b3509f176cac27a4a0c9cebe3bc9d839
warning,missing_source_metadata,high,offline_runtime_bank,assets/data/offline_questions.json,597,offline_curated_21200,"Têgeha ""hewran"" bi kîjan ravekirinê çêtir tê fêmkirin?",Source title and URL are both missing.,c672b041da7575989ab8e8e21f2ace34
warning,missing_source_metadata,high,offline_runtime_bank,assets/data/offline_questions.json,598,offline_curated_21226,Kîjan têgeh bi vê ravekirinê tê nasîn: 'civînên şevê yên zivistanê ku tê de çîrokên gelêrî û metelok dihatin gotin'?,Source title and URL are both missing.,3a799958bdb78379b8067667ac4c73d3
warning,missing_source_metadata,high,offline_runtime_bank,assets/data/offline_questions.json,599,offline_curated_21251,Kîjan têgeh bi vê ravekirinê tê nasîn: 'amûra têldar a ku di kevneşopiya Yarsan/Ehlê Heq de pîroz tê hesibandin ku bi taybetî di civatên olî de tê lêdan'?,Source title and URL are both missing.,ab1295e58c41b7cb3f88bd190366af13
warning,missing_source_metadata,high,offline_runtime_bank,assets/data/offline_questions.json,59,offline_2113,"Ehmedê Xanî ""Mem û Zîn"" kîjan salê qedand?",Source title and URL are both missing.,a015542e6e1664fd975c8c56066b4568
warning,missing_source_metadata,high,offline_runtime_bank,assets/data/offline_questions.json,5,offline_0016,"Wateya Tirkî ya peyva ""pirtûk"" kîjan e?",Source title and URL are both missing.,209b960fceee924d055f977005500f71
warning,near_duplicate_candidate,medium,offline_runtime_bank,assets/data/offline_questions.json,5,offline_0016,"Wateya Tirkî ya peyva ""pirtûk"" kîjan e?",Near duplicate candidate.,3d69c7fd6a44f9b61d164cf93cc89466
warning,missing_source_metadata,high,offline_runtime_bank,assets/data/offline_questions.json,600,offline_curated_21276,Kîjan têgeh bi vê ravekirinê tê nasîn: 'amûra lêdanê ya zildar ku di muzîka kurdî ya olî û gelêrî de xwedî cihekî girîng e'?,Source title and URL are both missing.,9fe0da4afa7daffbf755ba8728b4157d
warning,missing_source_metadata,high,offline_runtime_bank,assets/data/offline_questions.json,601,offline_curated_21301,"Kîjan têgeh bi vê ravekirinê tê nasîn: ""amûra bayê ya çobanan ku bi dengê xwe yê xemgîn û lîrik tê naskirin""?",Source title and URL are both missing.,c34bbffd80d663a5a0a86505a7a90432
warning,missing_source_metadata,high,offline_runtime_bank,assets/data/offline_questions.json,602,offline_curated_21326,Kîjan têgeh bi vê ravekirinê tê nasîn: 'avahiya helbestî ya kilamên dengbêjiyê ku çîrokên evîn û şeran vedibêjin'?,Source title and URL are both missing.,bd20ac903307af468bd794e773f57bf6
warning,missing_source_metadata,high,offline_runtime_bank,assets/data/offline_questions.json,603,offline_curated_21351,"Kîjan têgeh bi vê ravekirinê tê nasîn: 'dengbêjê mezin ê ku wekî ""Şahê Dengbêjan"" tê naskirin û xwedî dengekî bêhempa bû'?",Source title and URL are both missing.,63afe6d357d76350b81e3bd7c6edec18
warning,missing_source_metadata,high,offline_runtime_bank,assets/data/offline_questions.json,604,offline_curated_21376,Kîjan têgeh bi vê ravekirinê tê nasîn: 'yek ji stûnên muzîka kurmancî ya klasîk ku kilamên devera Botan tomar kirine'?,Source title and URL are both missing.,e4cd0aa20fd53dac65346afe97a0fa58
warning,missing_source_metadata,high,offline_runtime_bank,assets/data/offline_questions.json,605,offline_curated_21401,"Kîjan têgeh bi vê ravekirinê tê nasîn: ""stranbêja yekem a kurd ku dengê xwe li ser plakan tomar kiriye""?",Source title and URL are both missing.,05e2587c6e0699359259df89224025fb
warning,missing_source_metadata,high,offline_runtime_bank,assets/data/offline_questions.json,606,offline_curated_21446,Koma Wetan di muzîka kurdî de bi çi tê nasîn?,Source title and URL are both missing.,73bd545d2abd86c4a4cf2033c719a79b
warning,missing_source_metadata,high,offline_runtime_bank,assets/data/offline_questions.json,607,offline_curated_21451,"Kîjan têgeh bi vê ravekirinê tê nasîn: ""şêwazê kilama dengbêjiyê ya lîrîk ku bi piranî li ser evîn û hesretê ye""?",Source title and URL are both missing.,f18b4038b73b42e084ba476897c697b3
warning,missing_source_metadata,high,offline_runtime_bank,assets/data/offline_questions.json,608,offline_curated_21475,"Têgeha ""heyran"" bi kîjan ravekirinê çêtir tê fêmkirin?",Source title and URL are both missing.,9f245e4cb6bdcd8c0d8317185dcdf808
warning,missing_source_metadata,high,offline_runtime_bank,assets/data/offline_questions.json,609,offline_curated_21500,"Têgeha ""Demokrasiya radîkal"" bi kîjan ravekirinê çêtir tê fêmkirin?",Source title and URL are both missing.,64315d395a7f0f0b14c8a9a2388236e0
warning,missing_source_metadata,high,offline_runtime_bank,assets/data/offline_questions.json,60,offline_2119,"Kovara ""Hawar"" kê derxist?",Source title and URL are both missing.,4cc673fed931981a198628a7be91156d
warning,missing_source_metadata,high,offline_runtime_bank,assets/data/offline_questions.json,610,offline_curated_21526,Kîjan têgeh bi vê ravekirinê tê nasîn: 'sîstema hevseng a ku tê de jin û mêr bi hev re di hemû saziyan de seroktiyê dikin'?,Source title and URL are both missing.,526fed67b76a2f9a110f5d414a69d499
warning,missing_source_metadata,high,offline_runtime_bank,assets/data/offline_questions.json,611,offline_curated_21551,"Kîjan têgeh bi vê ravekirinê tê nasîn: ""avahiyên herî bingehîn ên xwe-rêveberiya gel li tax û gundan""?",Source title and URL are both missing.,c2e8d2336cf6702220bc18bdbe0e2626
warning,missing_source_metadata,high,offline_runtime_bank,assets/data/offline_questions.json,612,offline_curated_21575,"Têgeha ""peymana civakî"" bi kîjan ravekirinê çêtir tê fêmkirin?",Source title and URL are both missing.,9d2eefd03fce222ee52e52dcff9bc602
warning,near_duplicate_candidate,medium,offline_runtime_bank,assets/data/offline_questions.json,612,offline_curated_21575,"Têgeha ""peymana civakî"" bi kîjan ravekirinê çêtir tê fêmkirin?",Near duplicate candidate.,df8a1eca257e74f305574d83a0ce1cf6
warning,missing_source_metadata,high,offline_runtime_bank,assets/data/offline_questions.json,613,offline_curated_21601,"Kîjan têgeh bi vê ravekirinê tê nasîn: ""parvekirina desthilatê ji navendê ber bi herêm û rêveberiyên xweser ve""?",Source title and URL are both missing.,acbaae7a8cafcfd3ddfea5cf3efb7a61
warning,missing_source_metadata,high,offline_runtime_bank,assets/data/offline_questions.json,614,offline_curated_21626,"Kîjan têgeh bi vê ravekirinê tê nasîn: ""mafê parastina xwezayî ya civakê li dijî êrîşên derveyî""?",Source title and URL are both missing.,9fac2f108d53ec2d5d1301283c4e612a
warning,missing_source_metadata,high,offline_runtime_bank,assets/data/offline_questions.json,615,offline_curated_21651,"Kîjan têgeh bi vê ravekirinê tê nasîn: ""prensîba parastin û pejirandina hemû nasnameyên cuda yê di civakê de""?",Source title and URL are both missing.,ceacab09588d1a1bc33f5132a0de0ac7
warning,missing_source_metadata,high,offline_runtime_bank,assets/data/offline_questions.json,616,offline_curated_21676,"Kîjan têgeh bi vê ravekirinê tê nasîn: ""şêwazê rêveberiyê ku tê de gel bêyî nûneran biryaran dide""?",Source title and URL are both missing.,ae64c4b1ef5cf58910d52f586c987cec
warning,missing_source_metadata,high,offline_runtime_bank,assets/data/offline_questions.json,617,offline_curated_21701,"Kîjan têgeh bi vê ravekirinê tê nasîn: ""modela siyasî ya ku tê de gelên herêmê saziyên xwe bi xwe birêve dibin""?",Source title and URL are both missing.,10bd77e2502ae33fd3ce21842b5c439d
warning,missing_source_metadata,high,offline_runtime_bank,assets/data/offline_questions.json,618,offline_curated_21726,"Kîjan têgeh bi vê ravekirinê tê nasîn: ""têkiliya stratejîk a di navbera hêzên guhertinê yê civakê de""?",Source title and URL are both missing.,a511c4528d3a56a529d229a48f85a119
warning,missing_source_metadata,high,offline_runtime_bank,assets/data/offline_questions.json,619,offline_curated_21751,"Kîjan têgeh bi vê ravekirinê tê nasîn: ""modela birêvebirina civakê ya li derveyî sîstema dewlet-neteweyê""?",Source title and URL are both missing.,f980110af074f114f82d533feba580ec
warning,missing_source_metadata,high,offline_runtime_bank,assets/data/offline_questions.json,61,offline_2121,Hawar li kîjan bajarî dihat weşandin?,Source title and URL are both missing.,9f63a8a18ab232a5b54c004123ebb8cf
warning,missing_source_metadata,high,offline_runtime_bank,assets/data/offline_questions.json,620,offline_curated_21776,"Kîjan têgeh bi vê ravekirinê tê nasîn: ""modela alternatîf a jiyanê ya li dijî kapîtalîzma modern""?",Source title and URL are both missing.,1606b746f98414c706fd8d68ac645d67
warning,missing_source_metadata,high,offline_runtime_bank,assets/data/offline_questions.json,621,offline_curated_21800,"Têgeha ""Jineolojî"" bi kîjan ravekirinê çêtir tê fêmkirin?",Source title and URL are both missing.,10439801c835eb68cf71679a8771d329
warning,missing_source_metadata,high,offline_runtime_bank,assets/data/offline_questions.json,622,offline_curated_21826,"Kîjan têgeh bi vê ravekirinê tê nasîn: ""têkiliya hevseng û dostane ya di navbera civakê û xwezayê de""?",Source title and URL are both missing.,13e5a7d5eb7eff6213c081000587d27e
warning,missing_source_metadata,high,offline_runtime_bank,assets/data/offline_questions.json,623,offline_curated_21851,"Kîjan têgeh bi vê ravekirinê tê nasîn: 'modela aboriyê ya ku li ser bingeha parvekirin û hewcedariyê ava dibe, ne li ser qezencê'?",Source title and URL are both missing.,144909fd802f38b9e0763a5a3caf6bb9
warning,missing_source_metadata,high,offline_runtime_bank,assets/data/offline_questions.json,624,offline_curated_21876,"Kîjan têgeh bi vê ravekirinê tê nasîn: ""civaka azad a ku biryarên xwe bi hişmendiya exlakî û polîtîk dide""?",Source title and URL are both missing.,a042cb70e467ad9d831aef32c1db4056
warning,missing_source_metadata,high,offline_runtime_bank,assets/data/offline_questions.json,625,offline_curated_21901,"Kîjan têgeh bi vê ravekirinê tê nasîn: ""analîzkirin û hilweşandina sîstema serdest a mêr a li ser civakê""?",Source title and URL are both missing.,6ecb58ab196930ab6bedf00202b503e3
warning,missing_source_metadata,high,offline_runtime_bank,assets/data/offline_questions.json,626,offline_curated_21926,"Kîjan têgeh bi vê ravekirinê tê nasîn: ""avahiya serdestiyê ya ku civakê dabeşî çînên jor û jêr dike""?",Source title and URL are both missing.,ddd5a6620a80a4b92564d7ddc89daafa
warning,missing_source_metadata,high,offline_runtime_bank,assets/data/offline_questions.json,627,offline_curated_21951,Kîjan têgeh bi vê ravekirinê tê nasîn: 'hişmendiya zanistî ya ku ji bin tekelên desthilatê derketiye û ji civakê re xizmet dike'?,Source title and URL are both missing.,fa4e6324de2e7a044e4da82ac1c3e961
warning,missing_source_metadata,high,offline_runtime_bank,assets/data/offline_questions.json,628,offline_curated_21975,"Têgeha ""azadiya zayendî"" bi kîjan ravekirinê çêtir tê fêmkirin?",Source title and URL are both missing.,16b9d71d94f58ea52303f992317ea562
warning,missing_source_metadata,high,offline_runtime_bank,assets/data/offline_questions.json,629,offline_curated_30001,"Wateya Tirkî ya ""komputer"" ""bilgisayar"" e?",Source title and URL are both missing.,7fcb860c64982b11e4c7e885257a24f9
warning,missing_source_metadata,high,offline_runtime_bank,assets/data/offline_questions.json,62,offline_2122,Alfabeya Kurmancî ya Latînî kê amade kir?,Source title and URL are both missing.,331131cb2951ef48dd062eab7cee03fe
warning,missing_source_metadata,high,offline_runtime_bank,assets/data/offline_questions.json,630,offline_curated_30002,"Peyva ""klavye"" di Kurmancî de bi kîjan peyvê tê naskirin?",Source title and URL are both missing.,0bf00a56b3f64eabb4ca5d2671f0404e
warning,missing_source_metadata,high,offline_runtime_bank,assets/data/offline_questions.json,631,offline_curated_30003,Kîjan têgeh di programkirinê de ji bo çerxên dubarekirinê (loop) tê bikaranîn?,Source title and URL are both missing.,3ecf778b77f174d231f6e8f19e1ec6ae
warning,missing_source_metadata,high,offline_runtime_bank,assets/data/offline_questions.json,632,offline_curated_30004,"Wateya Tirkî ya ""şîfre"" ""parola/şifre"" ye?",Source title and URL are both missing.,6727c7bded6c69cd7fb7b90862b73535
warning,missing_source_metadata,high,offline_runtime_bank,assets/data/offline_questions.json,633,offline_curated_30007,"Di înternetê de peyva ""dane"" tê wateya ""veri""?",Source title and URL are both missing.,241b15b0b3a7d2c38842e96690b5524f
warning,missing_source_metadata,high,offline_runtime_bank,assets/data/offline_questions.json,634,offline_curated_30008,"Peyva ""mouse"" di Kurmancî de bi kîjan navî tê nasîn?",Source title and URL are both missing.,166314c1bf014243f93d7bf87e406c6d
warning,missing_source_metadata,high,offline_runtime_bank,assets/data/offline_questions.json,635,offline_curated_30009,"Peyva ""pel"" bi Tirkî çi tê wateyê?",Source title and URL are both missing.,12bda7e22bf9f4cbb0eaffc35b20866b
warning,missing_source_metadata,high,offline_runtime_bank,assets/data/offline_questions.json,636,offline_curated_30010,Di torên komputerê de kîjan pergal navên malperan vediguherîne navnîşanên IP?,Source title and URL are both missing.,05ddaf32770345161948bd4531b3e813
warning,missing_source_metadata,high,offline_runtime_bank,assets/data/offline_questions.json,637,offline_curated_30012,"Peyva ""ewr"" di warê teknolojiyê de ji bo ""cloud computing"" (bulut bilişim) tê bikaranîn?",Source title and URL are both missing.,18dd8eb2af2abd376c772866666046bd
warning,missing_source_metadata,high,offline_runtime_bank,assets/data/offline_questions.json,638,offline_curated_30013,"Peyva ""fermo"" di Tirkî de tê çi wateyê?",Source title and URL are both missing.,3b4eab4f0ab117d3c3a45857276f2e14
warning,missing_source_metadata,high,offline_runtime_bank,assets/data/offline_questions.json,639,offline_curated_30014,"Wateya ""ji kerema xwe"" bi Tirkî ""teşekkür ederim"" e?",Source title and URL are both missing.,c395bc85f7385165e346f35b8c4dae17
warning,missing_source_metadata,high,offline_runtime_bank,assets/data/offline_questions.json,63,offline_2129,"""Destan"" çi ye?",Source title and URL are both missing.,6434acc6cf912ff98690ed2b9108b1d5
warning,missing_source_metadata,high,offline_runtime_bank,assets/data/offline_questions.json,640,offline_curated_30016,"Di silavkirinê de ""rojbaş"" tê wateya ""roj baş""?",Source title and URL are both missing.,6f2f229c06400bcfded23cfe86e242dc
warning,missing_source_metadata,high,offline_runtime_bank,assets/data/offline_questions.json,641,offline_curated_30017,Kesek dema derbasî êvarê dibe silav dide te; tu jî bi heman peyva silavê bersivê didî. Ev peyv çi ye?,Source title and URL are both missing.,748babe84f5a25847af5a1b95ca3f16d
warning,missing_source_metadata,high,offline_runtime_bank,assets/data/offline_questions.json,642,offline_curated_30018,"Wateya ""şevbaş"" ""iyi akşamlar"" e?",Source title and URL are both missing.,2321c3f914dd436e3e7c1888112767e9
warning,missing_source_metadata,high,offline_runtime_bank,assets/data/offline_questions.json,643,offline_curated_30024,"Tiştoka ""Bi roj hevalê min e, bi şev hevalê dîwêr e"" bersiva wê çi ye?",Source title and URL are both missing.,65b3ccab49bfa7510a930635f1e88b9d
warning,missing_source_metadata,high,offline_runtime_bank,assets/data/offline_questions.json,644,offline_curated_30025,"Tiştoka ""Reng spî ye lê ne berf e, dixwure lê ne heywan e"" bersiva wê çi ye?",Source title and URL are both missing.,abf83e8d34fea74c763a599d15e8f52a
warning,missing_source_metadata,high,offline_runtime_bank,assets/data/offline_questions.json,645,offline_curated_30029,"Tiştoka ""Heta jê nekirî mezin nabe"" bersiva wê çi ye?",Source title and URL are both missing.,9e366750d9558e5706d1ff00ff97666c
warning,missing_source_metadata,high,offline_runtime_bank,assets/data/offline_questions.json,646,offline_curated_30033,"Di tiştokên kurdî de, bersiva ""Li ser lingekî dimeşe lê ne mirov e"" peyva ""sivik"" e?",Source title and URL are both missing.,b37bc5ef4071e304b6494e159b76e4c2
warning,missing_source_metadata,high,offline_runtime_bank,assets/data/offline_questions.json,647,offline_tf_0001,"Rast e an şaş e: Têgeha ""Arabê Şamo"" tê vê wateyê: helbestvanê ku Mewlûda Kurdî ya yekem bi zaravayê kurmancî nivîsiye.",Source title and URL are both missing.,4718de9b0b8d796dd790958bde200f14
warning,missing_source_metadata,high,offline_runtime_bank,assets/data/offline_questions.json,648,offline_tf_0003,"Rast e an şaş e: Têgeha ""Cegerxwîn"" tê vê wateyê: nivîskarê destana nemir a ""Mem û Zîn"" ku hîmê ramanî yê kurdewariyê daniye.",Source title and URL are both missing.,ce8eb85d32556cfd7b062e8faeecae3a
warning,missing_source_metadata,high,offline_runtime_bank,assets/data/offline_questions.json,649,offline_tf_0005,"Rast e an şaş e: Têgeha ""Destana Memê Alan"" tê vê wateyê: cejna neteweyî û sersala kurdî ya ku sembola serhildan, azadî û vejîna xwezayê ye.",Source title and URL are both missing.,ddf4dd36bfd9454b61d3c2f4329410ef
warning,missing_source_metadata,high,offline_runtime_bank,assets/data/offline_questions.json,64,offline_2132,Çîrokên kurt ên ku ji bo kenandinê tên gotin çi ne?,Source title and URL are both missing.,6d64dadbf42cca357efd55e9b7bca39d
warning,missing_source_metadata,high,offline_runtime_bank,assets/data/offline_questions.json,650,offline_tf_0007,"Rast e an şaş e: Têgeha ""Dewleta Merwaniyan"" tê vê wateyê: serokê mezin ê kurd ku Quds ji xaçperestan rizgar kir û xanedaniya Eyûbiyan ava kir.",Source title and URL are both missing.,22c12de33825aefd1a158be4295e77f2
warning,missing_source_metadata,high,offline_runtime_bank,assets/data/offline_questions.json,651,offline_tf_0008,"Rast e an şaş e: Têgeha ""Ehmedê Xanî"" tê vê wateyê: nivîskarê destana nemir a ""Mem û Zîn"" ku hîmê ramanî yê kurdewariyê daniye.",Source title and URL are both missing.,40bc805b0712ec08f2217d38a97a1b17
warning,near_duplicate_candidate,medium,offline_runtime_bank,assets/data/offline_questions.json,651,offline_tf_0008,"Rast e an şaş e: Têgeha ""Ehmedê Xanî"" tê vê wateyê: nivîskarê destana nemir a ""Mem û Zîn"" ku hîmê ramanî yê kurdewariyê daniye.",Near duplicate candidate.,87b54fb997a49b83d7b2362692f8a91b
warning,missing_source_metadata,high,offline_runtime_bank,assets/data/offline_questions.json,652,offline_tf_0009,"Rast e an şaş e: Têgeha ""Ehmedê Xanî"" tê vê wateyê: helbestvanê ku Mewlûda Kurdî ya yekem bi zaravayê kurmancî nivîsiye.",Source title and URL are both missing.,6f769d00925deb97617f7c22bb4f88c7
warning,near_duplicate_candidate,medium,offline_runtime_bank,assets/data/offline_questions.json,652,offline_tf_0009,"Rast e an şaş e: Têgeha ""Ehmedê Xanî"" tê vê wateyê: helbestvanê ku Mewlûda Kurdî ya yekem bi zaravayê kurmancî nivîsiye.",Near duplicate candidate.,d1ef0a06380369b753f63783d51fa6a0
warning,missing_source_metadata,high,offline_runtime_bank,assets/data/offline_questions.json,653,offline_tf_0011,"Rast e an şaş e: Têgeha ""Ekolojiya Civakî"" tê vê wateyê: civaka azad a ku biryarên xwe bi hişmendiya exlakî û polîtîk dide.",Source title and URL are both missing.,a954785979daecc2307234eb8a27bc41
warning,missing_source_metadata,high,offline_runtime_bank,assets/data/offline_questions.json,654,offline_tf_0013,"Rast e an şaş e: Têgeha ""Feqiyê Teyran"" tê vê wateyê: helbestvanê ku Mewlûda Kurdî ya yekem bi zaravayê kurmancî nivîsiye.",Source title and URL are both missing.,9b491fbcd9f32bdacdad6fe27d37623c
warning,missing_source_metadata,high,offline_runtime_bank,assets/data/offline_questions.json,655,offline_tf_0015,"Rast e an şaş e: Têgeha ""Geliyê Zapê"" tê vê wateyê: çiyayê volkanîk ê bazaltî ku deşta Amedê ji ya rihayê vediqetîne.",Source title and URL are both missing.,6a88075ab65bb257351ca59dba6319da
warning,missing_source_metadata,high,offline_runtime_bank,assets/data/offline_questions.json,656,offline_tf_0017,"Rast e an şaş e: Têgeha ""Girê Mirazan"" tê vê wateyê: bajarê kevnar û dîrokî yê li ser çemê Dîcleyê ku xwedî şikeftên bêhempa ye.",Source title and URL are both missing.,d3833b466616aef2706ff6237187063a
warning,missing_source_metadata,high,offline_runtime_bank,assets/data/offline_questions.json,657,offline_tf_0019,"Rast e an şaş e: Têgeha ""Gola Wanê"" tê vê wateyê: çiyayê volkanîk ê bazaltî ku deşta Amedê ji ya rihayê vediqetîne.",Source title and URL are both missing.,e52a65ae096fba42a65fa399b67147a3
warning,near_duplicate_candidate,medium,offline_runtime_bank,assets/data/offline_questions.json,657,offline_tf_0019,"Rast e an şaş e: Têgeha ""Gola Wanê"" tê vê wateyê: çiyayê volkanîk ê bazaltî ku deşta Amedê ji ya rihayê vediqetîne.",Near duplicate candidate.,6d62145e9070723fc6849e4e7dfbad1b
warning,missing_source_metadata,high,offline_runtime_bank,assets/data/offline_questions.json,658,offline_tf_0021,"Rast e an şaş e: Têgeha ""Govenda Kurdî"" tê vê wateyê: destana neteweyî ya kurdî ya ku hîmê Mem û Zîna Xanî pêk tîne.",Source title and URL are both missing.,dbaa3cd63e6503b6211b43891340fd92
warning,missing_source_metadata,high,offline_runtime_bank,assets/data/offline_questions.json,659,offline_tf_0023,"Rast e an şaş e: Têgeha ""Hasan Cizrawî"" tê vê wateyê: amûra lêdanê ya zildar ku di muzîka kurdî ya olî û gelêrî de xwedî cihekî girîng e.",Source title and URL are both missing.,92b3af0ebdca4b719ab3d6655ae38e40
warning,missing_source_metadata,high,offline_runtime_bank,assets/data/offline_questions.json,65,offline_2134,"Gotina pêşiyan: ""Dest destê dişo, ..."" berdewamiya wê çi ye?",Source title and URL are both missing.,9316e832a6cba0d5705f892e74bb6f72
warning,missing_source_metadata,high,offline_runtime_bank,assets/data/offline_questions.json,660,offline_tf_0025,"Rast e an şaş e: Têgeha ""Helbesta Azad"" tê vê wateyê: nivîskarê romana ""Şivanê Kurd"" ku wekî romana yekem a kurdî tê qebûlkirin.",Source title and URL are both missing.,12bfa0dae8f67568b0c850288cec7320
warning,missing_source_metadata,high,offline_runtime_bank,assets/data/offline_questions.json,661,offline_tf_0027,"Rast e an şaş e: Têgeha ""Heskîf"" tê vê wateyê: geliyê kûr û teng ê ku ava Zapê ya hov tê re diherike ber bi başûr ve.",Source title and URL are both missing.,25360fb3297011e9f84845f8d830b1d0
warning,missing_source_metadata,high,offline_runtime_bank,assets/data/offline_questions.json,662,offline_tf_0029,"Rast e an şaş e: Têgeha ""Jineolojî"" tê vê wateyê: modela aboriyê ya ku li ser bingeha parvekirin û hewcedariyê ava dibe, ne li ser qezencê.",Source title and URL are both missing.,09e4ac5267e58a6bdfca11315c7de5c4
warning,missing_source_metadata,high,offline_runtime_bank,assets/data/offline_questions.json,663,offline_tf_0031,"Rast e an şaş e: Têgeha ""Kalo û Sersal"" tê vê wateyê: têkiliya civakî ya ku tê de mêvan wekî bereketa malê tê qebûl kirin.",Source title and URL are both missing.,5690babbab2ea9a23bb072565a9d193c
warning,missing_source_metadata,high,offline_runtime_bank,assets/data/offline_questions.json,664,offline_tf_0033,"Rast e an şaş e: Têgeha ""Koma Wetan"" tê vê wateyê: klamên evînê yên devera Serhadê ku bi taybetî ji aliyê jinan ve dihatin gotin.",Source title and URL are both missing.,15ccc0fe1d93b35353240ef708dfca3e
warning,missing_source_metadata,high,offline_runtime_bank,assets/data/offline_questions.json,665,offline_tf_0035,"Rast e an şaş e: Têgeha ""Konfederalîzma Demokratîk"" tê vê wateyê: zanistiya jinê ku bingeha azadiya civakê li ser azadiya jinê ava dike.",Source title and URL are both missing.,cb75cb18c09a10ef3c71f8ad0e70b9ef
warning,missing_source_metadata,high,offline_runtime_bank,assets/data/offline_questions.json,666,offline_tf_0037,"Rast e an şaş e: Têgeha ""Kovara Jîn"" tê vê wateyê: serokê mezin ê kurd ku Quds ji xaçperestan rizgar kir û xanedaniya Eyûbiyan ava kir.",Source title and URL are both missing.,56403263fcce901ad5bb11903f60e56f
warning,missing_source_metadata,high,offline_runtime_bank,assets/data/offline_questions.json,667,offline_tf_0039,"Rast e an şaş e: Têgeha ""Mehmed Uzun"" tê vê wateyê: rêbaza helbesta nûjen a bê pîvan û bê qafiye ku bi taybetî li ser peyvan ava dide.",Source title and URL are both missing.,188527660dbad5d0bb297097fc26c19e
warning,missing_source_metadata,high,offline_runtime_bank,assets/data/offline_questions.json,668,offline_tf_0041,"Rast e an şaş e: Têgeha ""Melayê Bateyî"" tê vê wateyê: nivîskarê romana ""Şivanê Kurd"" ku wekî romana yekem a kurdî tê qebûlkirin.",Source title and URL are both missing.,70997e5bcdb313dfc0dc564b6ea6b587
warning,near_duplicate_candidate,medium,offline_runtime_bank,assets/data/offline_questions.json,668,offline_tf_0041,"Rast e an şaş e: Têgeha ""Melayê Bateyî"" tê vê wateyê: nivîskarê romana ""Şivanê Kurd"" ku wekî romana yekem a kurdî tê qebûlkirin.",Near duplicate candidate.,74af3a690bc3c05b0db6f67ba8ee996c
warning,missing_source_metadata,high,offline_runtime_bank,assets/data/offline_questions.json,669,offline_tf_0043,"Rast e an şaş e: Têgeha ""Melayê Cizîrî"" tê vê wateyê: romannivîsê kurd ê modern ku bi zimanekî kûr û edebî şoreşek di romana kurdî de çêkir.",Source title and URL are both missing.,f3a204586074e0699333c212b53b78b5
warning,missing_source_metadata,high,offline_runtime_bank,assets/data/offline_questions.json,66,offline_2141,Çiyayê herî bilind ê Tirkiyeyê kîjan e?,Source title and URL are both missing.,3b36e1066e3039e4ed540a4af2f85d30
warning,missing_source_metadata,high,offline_runtime_bank,assets/data/offline_questions.json,670,offline_tf_0045,"Rast e an şaş e: Têgeha ""Meryem Xan"" tê vê wateyê: amûra têldar a ku di kevneşopiya Yarsan/Ehlê Heq de pîroz tê hesibandin ku bi taybetî di civatên olî de tê lêdan.",Source title and URL are both missing.,dbc929fdc4b6eb6e48c229d7cc39944a
warning,missing_source_metadata,high,offline_runtime_bank,assets/data/offline_questions.json,671,offline_tf_0047,"Rast e an şaş e: Têgeha ""Modernîteya Demokratîk"" tê vê wateyê: avahiya serdestiyê ya ku civakê dabeşî çînên jor û jêr dike.",Source title and URL are both missing.,5715b7c083d97cdb9d3552c24b342bb0
warning,missing_source_metadata,high,offline_runtime_bank,assets/data/offline_questions.json,672,offline_tf_0049,"Rast e an şaş e: Têgeha ""Mîrgeha Botan"" tê vê wateyê: peymana navdewletî ya 1923an ku cihê Sevrê girt û statûyeke kurdî nedihewand.",Source title and URL are both missing.,0f46ca54e2fa5713391d7d09ead2b290
warning,missing_source_metadata,high,offline_runtime_bank,assets/data/offline_questions.json,673,offline_tf_0051,"Rast e an şaş e: Têgeha ""Mîrgeha Erdelanê"" tê vê wateyê: rojnameya yekem a kurdî ku di sala 1898an de li Qahîreyê ji aliyê Mîqdat Mîdhad Bedirxan ve hat weşandin.",Source title and URL are both missing.,d92311a0a3ebad89122879cfd060b66b
warning,missing_source_metadata,high,offline_runtime_bank,assets/data/offline_questions.json,674,offline_tf_0053,"Rast e an şaş e: Têgeha ""Mîrê Kor"" tê vê wateyê: peymana navdewletî ya 1923an ku cihê Sevrê girt û statûyeke kurdî nedihewand.",Source title and URL are both missing.,bd2b08a87572efd890d0540183de1cf2
warning,near_duplicate_candidate,medium,offline_runtime_bank,assets/data/offline_questions.json,674,offline_tf_0053,"Rast e an şaş e: Têgeha ""Mîrê Kor"" tê vê wateyê: peymana navdewletî ya 1923an ku cihê Sevrê girt û statûyeke kurdî nedihewand.",Near duplicate candidate.,c0e9ea57b60cd4c74e9147e10078d2f6
warning,missing_source_metadata,high,offline_runtime_bank,assets/data/offline_questions.json,675,offline_tf_0055,"Rast e an şaş e: Têgeha ""Newala Dîcleyê"" tê vê wateyê: çiyayê pîroz ê ku li gorî baweriyan keştiya Nûh Pêxember li ser rûniştiye.",Source title and URL are both missing.,1de5e83302378b6a75b8b87917b08551
warning,missing_source_metadata,high,offline_runtime_bank,assets/data/offline_questions.json,676,offline_tf_0057,"Rast e an şaş e: Têgeha ""Newroz"" tê vê wateyê: dansa komî û gelêrî ya ku bi hevgirtina destan û bi rihê hevkariyê tê gerandin.",Source title and URL are both missing.,bb3ef81f066a1184be13dd3d14e08ea2
warning,missing_source_metadata,high,offline_runtime_bank,assets/data/offline_questions.json,677,offline_tf_0059,"Rast e an şaş e: Têgeha ""Peymana Lozanê"" tê vê wateyê: mîrnişîna kurdî ya bihêz a ku navenda wê Cizîra Botan bû û xwedî serxwebûneke çandî bû.",Source title and URL are both missing.,c5d6298e9f636c57ed8bd3f2e5502509
warning,missing_source_metadata,high,offline_runtime_bank,assets/data/offline_questions.json,678,offline_tf_0061,"Rast e an şaş e: Têgeha ""Qerejdax"" tê vê wateyê: geliyê mezin ê ku çemê Dîcleyê tê re diherike û Amedê diparêze.",Source title and URL are both missing.,7fe6a7f0a0618b34fcd043427852fe8c
warning,missing_source_metadata,high,offline_runtime_bank,assets/data/offline_questions.json,679,offline_tf_0063,"Rast e an şaş e: Têgeha ""Demokrasiya radîkal"" tê vê wateyê: modela siyasî ya ku tê de gelên herêmê saziyên xwe bi xwe birêve dibin.",Source title and URL are both missing.,14391630b3df9d75591384dc3516f3f4
warning,missing_source_metadata,high,offline_runtime_bank,assets/data/offline_questions.json,67,offline_2147,Çiyayê Cûdî li nêzîkî kîjan bajarî ye?,Source title and URL are both missing.,ac5eeab939bacc9bd7cc2935d4e6df44
warning,missing_source_metadata,high,offline_runtime_bank,assets/data/offline_questions.json,680,offline_tf_0064,"Rast e an şaş e: Têgeha ""Rojnameya Kurdistan"" tê vê wateyê: rojnameya yekem a kurdî ku di sala 1898an de li Qahîreyê ji aliyê Mîqdat Mîdhad Bedirxan ve hat weşandin.",Source title and URL are both missing.,a50d2b64a8394d8d5713fbe9f49d8cdc
warning,near_duplicate_candidate,medium,offline_runtime_bank,assets/data/offline_questions.json,680,offline_tf_0064,"Rast e an şaş e: Têgeha ""Rojnameya Kurdistan"" tê vê wateyê: rojnameya yekem a kurdî ku di sala 1898an de li Qahîreyê ji aliyê Mîqdat Mîdhad Bedirxan ve hat weşandin.",Near duplicate candidate.,26b9dc0c5bdd1e389f6fcaa1a54a623e
warning,missing_source_metadata,high,offline_runtime_bank,assets/data/offline_questions.json,681,offline_tf_0065,"Rast e an şaş e: Têgeha ""Rojnameya Kurdistan"" tê vê wateyê: peymana navdewletî ya 1923an ku cihê Sevrê girt û statûyeke kurdî nedihewand.",Source title and URL are both missing.,93c58d450662576daaa2cc4fc0b55666
warning,near_duplicate_candidate,medium,offline_runtime_bank,assets/data/offline_questions.json,681,offline_tf_0065,"Rast e an şaş e: Têgeha ""Rojnameya Kurdistan"" tê vê wateyê: peymana navdewletî ya 1923an ku cihê Sevrê girt û statûyeke kurdî nedihewand.",Near duplicate candidate.,320adabc2c1b701bc595ffe7ab08998d
warning,missing_source_metadata,high,offline_runtime_bank,assets/data/offline_questions.json,682,offline_tf_0067,"Rast e an şaş e: Têgeha ""Sazîbûna Dengbêjiyê"" tê vê wateyê: dansa komî û gelêrî ya ku bi hevgirtina destan û bi rihê hevkariyê tê gerandin.",Source title and URL are both missing.,07ceb1a5d3734226aad7b60f04d4a71f
warning,near_duplicate_candidate,medium,offline_runtime_bank,assets/data/offline_questions.json,682,offline_tf_0067,"Rast e an şaş e: Têgeha ""Sazîbûna Dengbêjiyê"" tê vê wateyê: dansa komî û gelêrî ya ku bi hevgirtina destan û bi rihê hevkariyê tê gerandin.",Near duplicate candidate.,7adb665c4813633659b536fe814edc3a
warning,missing_source_metadata,high,offline_runtime_bank,assets/data/offline_questions.json,683,offline_tf_0069,"Rast e an şaş e: Têgeha ""Selaheddînê Eyûbî"" tê vê wateyê: peymana navdewletî ya 1923an ku cihê Sevrê girt û statûyeke kurdî nedihewand.",Source title and URL are both missing.,6b3e36ac33e9814d43c3963ed88b158c
warning,near_duplicate_candidate,medium,offline_runtime_bank,assets/data/offline_questions.json,683,offline_tf_0069,"Rast e an şaş e: Têgeha ""Selaheddînê Eyûbî"" tê vê wateyê: peymana navdewletî ya 1923an ku cihê Sevrê girt û statûyeke kurdî nedihewand.",Near duplicate candidate.,cebe3c62eae2811f68a97854e8f0300f
warning,missing_source_metadata,high,offline_runtime_bank,assets/data/offline_questions.json,684,offline_tf_0071,"Rast e an şaş e: Têgeha ""aboriya komûnal"" tê vê wateyê: civaka azad a ku biryarên xwe bi hişmendiya exlakî û polîtîk dide.",Source title and URL are both missing.,8ba4a28f8bea680db7702c003db6e0a3
warning,near_duplicate_candidate,medium,offline_runtime_bank,assets/data/offline_questions.json,684,offline_tf_0071,"Rast e an şaş e: Têgeha ""aboriya komûnal"" tê vê wateyê: civaka azad a ku biryarên xwe bi hişmendiya exlakî û polîtîk dide.",Near duplicate candidate.,7ddceef0826b34ea1fd50d6667249551
warning,missing_source_metadata,high,offline_runtime_bank,assets/data/offline_questions.json,685,offline_tf_0073,"Rast e an şaş e: Têgeha ""ademi-merkeziyet"" tê vê wateyê: teoriya siyasî ya ku beşdariya rasterast a gel di biryaran de diparêze.",Source title and URL are both missing.,14899a66871d869d554582290e8da535
warning,missing_source_metadata,high,offline_runtime_bank,assets/data/offline_questions.json,686,offline_tf_0075,"Rast e an şaş e: Têgeha ""azadiya zayendî"" tê vê wateyê: têkiliya hevseng û dostane ya di navbera civakê û xwezayê de.",Source title and URL are both missing.,c2aaa7ccb8630451a89094024890b526
warning,missing_source_metadata,high,offline_runtime_bank,assets/data/offline_questions.json,687,offline_tf_0077,"Rast e an şaş e: Têgeha ""bilûr"" tê vê wateyê: amûra lêdanê ya zildar ku di muzîka kurdî ya olî û gelêrî de xwedî cihekî girîng e.",Source title and URL are both missing.,5144108ebf57ecb77439d2cd010cb32e
warning,near_duplicate_candidate,medium,offline_runtime_bank,assets/data/offline_questions.json,687,offline_tf_0077,"Rast e an şaş e: Têgeha ""bilûr"" tê vê wateyê: amûra lêdanê ya zildar ku di muzîka kurdî ya olî û gelêrî de xwedî cihekî girîng e.",Near duplicate candidate.,c5bd7d751443064e1a2d4c71d5ebb55c
warning,missing_source_metadata,high,offline_runtime_bank,assets/data/offline_questions.json,688,offline_tf_0079,"Rast e an şaş e: Têgeha ""civaka exlaqî-polîtîk"" tê vê wateyê: prensîba azadiya jin û mêr û wekheviya wan a di her qada jiyanê de.",Source title and URL are both missing.,e7ec0a06a4ec3c27567b4abb835f38ac
warning,missing_source_metadata,high,offline_runtime_bank,assets/data/offline_questions.json,689,offline_tf_0081,"Rast e an şaş e: Têgeha ""cînavkên kesane"" tê vê wateyê: pergala alfabeya kurdî ya bi tîpên latînî ku ji aliyê Celadet Bedirxan ve hatibû amadekirin.",Source title and URL are both missing.,ae168ee55314b5dcbd54c46050e69860
warning,missing_source_metadata,high,offline_runtime_bank,assets/data/offline_questions.json,68,offline_2168,Çemê Ferat ji axa Tirkiyeyê derdikeve.,Source title and URL are both missing.,e83e45daf94dbf6070d0d82799b452ff
warning,missing_source_metadata,high,offline_runtime_bank,assets/data/offline_questions.json,690,offline_tf_0083,"Rast e an şaş e: Têgeha ""cînavkên tewandî"" tê vê wateyê: cînavkên wekî ""ez, tu, ew, em, hûn, ew"" ên ku bo kesan tên bikaranîn.",Source title and URL are both missing.,dcf480ec1c00831023e3166726a74382
warning,missing_source_metadata,high,offline_runtime_bank,assets/data/offline_questions.json,691,offline_tf_0085,"Rast e an şaş e: Têgeha ""daçekên hevedudanî"" tê vê wateyê: avahiya rêzimanî ya ku kirdeya lêkerên gerguhêz di dema borî de tewandî nîşan dide.",Source title and URL are both missing.,ab6d8aaab71c3fa88bc1a7c97014c1e2
warning,missing_source_metadata,high,offline_runtime_bank,assets/data/offline_questions.json,692,offline_tf_0087,"Rast e an şaş e: Têgeha ""dema borî ya dûr"" tê vê wateyê: guhertina paşgira navdêr an cînavkan li gorî rola wan a di hevokê de.",Source title and URL are both missing.,514bb2d57e2921d10e997338fdedb03f
warning,missing_source_metadata,high,offline_runtime_bank,assets/data/offline_questions.json,693,offline_tf_0089,"Rast e an şaş e: Têgeha ""demokrasiya rasterast"" tê vê wateyê: prensîba parastin û pejirandina hemû nasnameyên cuda yê di civakê de.",Source title and URL are both missing.,c7b66be6d5ed24885a29cbb6b1003649
warning,missing_source_metadata,high,offline_runtime_bank,assets/data/offline_questions.json,694,offline_tf_0091,"Rast e an şaş e: Têgeha ""erbane"" tê vê wateyê: avahiya helbestî ya kilamên dengbêjiyê ku çîrokên evîn û şeran vedibêjin.",Source title and URL are both missing.,4f637121404ae57e5329015c6752f84e
warning,missing_source_metadata,high,offline_runtime_bank,assets/data/offline_questions.json,695,offline_tf_0093,"Rast e an şaş e: Têgeha ""ergatîf"" tê vê wateyê: hêmanên wekî ""-î, -ê, -an"" ku di tewandina navdêran de cih digirin.",Source title and URL are both missing.,30fac0b8d987972f9eae6f5fa3e34318
warning,missing_source_metadata,high,offline_runtime_bank,assets/data/offline_questions.json,696,offline_tf_0095,"Rast e an şaş e: Têgeha ""ezafe"" tê vê wateyê: lêkerên ku hewcedariya wan bi bireserê tewandî heye bo temamkirina wateyê.",Source title and URL are both missing.,1c271cd8f5b2cc29567b24e0905fcc79
warning,missing_source_metadata,high,offline_runtime_bank,assets/data/offline_questions.json,697,offline_tf_0097,"Rast e an şaş e: Têgeha ""eşseroktî"" tê vê wateyê: teoriya siyasî ya ku beşdariya rasterast a gel di biryaran de diparêze.",Source title and URL are both missing.,f41ffbdc17eb403b9b4369f4bd032df2
warning,near_duplicate_candidate,medium,offline_runtime_bank,assets/data/offline_questions.json,697,offline_tf_0097,"Rast e an şaş e: Têgeha ""eşseroktî"" tê vê wateyê: teoriya siyasî ya ku beşdariya rasterast a gel di biryaran de diparêze.",Near duplicate candidate.,ebd6373855c3b4f494438d8fb8a593be
warning,missing_source_metadata,high,offline_runtime_bank,assets/data/offline_questions.json,698,offline_tf_0099,"Rast e an şaş e: Têgeha ""hevpeymaniya demokratîk"" tê vê wateyê: teoriya siyasî ya ku beşdariya rasterast a gel di biryaran de diparêze.",Source title and URL are both missing.,459dd45639a21eb0ebc7bdd8c5298ab5
warning,near_duplicate_candidate,medium,offline_runtime_bank,assets/data/offline_questions.json,698,offline_tf_0099,"Rast e an şaş e: Têgeha ""hevpeymaniya demokratîk"" tê vê wateyê: teoriya siyasî ya ku beşdariya rasterast a gel di biryaran de diparêze.",Near duplicate candidate.,9cf1c44fb68abd59ed580f3e73dbc0a9
warning,missing_source_metadata,high,offline_runtime_bank,assets/data/offline_questions.json,699,offline_tf_0101,"Rast e an şaş e: Têgeha ""hewran"" tê vê wateyê: şêwazê jiyana kevnar a li ser zozan û germiyanê ku çanda kurdî pir dewlemend kiriye.",Source title and URL are both missing.,0905733864377316583c806d68b048bd
warning,missing_source_metadata,high,offline_runtime_bank,assets/data/offline_questions.json,69,offline_2171,Zapê Mezin û Zapê Biçûk diherikin nav kîjan çemî?,Source title and URL are both missing.,ef2952279a85b1e12c46bd15d40e82f3
warning,missing_source_metadata,high,offline_runtime_bank,assets/data/offline_questions.json,6,offline_0020,"Wêneya ""pirtûk"" tê çi wateyê?",Source title and URL are both missing.,eac2440e480d32cdc77a4874331a30f7
warning,near_duplicate_candidate,medium,offline_runtime_bank,assets/data/offline_questions.json,6,offline_0020,"Wêneya ""pirtûk"" tê çi wateyê?",Near duplicate candidate.,3cdc4cff8c0789753c509b78f63135f7
warning,missing_source_metadata,high,offline_runtime_bank,assets/data/offline_questions.json,700,offline_tf_0103,"Rast e an şaş e: Têgeha ""heyran"" tê vê wateyê: avahiya helbestî ya kilamên dengbêjiyê ku çîrokên evîn û şeran vedibêjin.",Source title and URL are both missing.,3421b9421eba2bba595d4e2bf27a22aa
warning,near_duplicate_candidate,medium,offline_runtime_bank,assets/data/offline_questions.json,700,offline_tf_0103,"Rast e an şaş e: Têgeha ""heyran"" tê vê wateyê: avahiya helbestî ya kilamên dengbêjiyê ku çîrokên evîn û şeran vedibêjin.",Near duplicate candidate.,2fd3e6c16516f8676975abeb4dfcdb62
warning,missing_source_metadata,high,offline_runtime_bank,assets/data/offline_questions.json,701,offline_tf_0105,"Rast e an şaş e: Têgeha ""hiyerarşiya civakî"" tê vê wateyê: civaka azad a ku biryarên xwe bi hişmendiya exlakî û polîtîk dide.",Source title and URL are both missing.,f112ef99e62fc6ae981ee2a680acdbc9
warning,near_duplicate_candidate,medium,offline_runtime_bank,assets/data/offline_questions.json,701,offline_tf_0105,"Rast e an şaş e: Têgeha ""hiyerarşiya civakî"" tê vê wateyê: civaka azad a ku biryarên xwe bi hişmendiya exlakî û polîtîk dide.",Near duplicate candidate.,ba48e687dad3050165881fba8870cc73
warning,missing_source_metadata,high,offline_runtime_bank,assets/data/offline_questions.json,702,offline_tf_0107,"Rast e an şaş e: Têgeha ""kilimên kurdî"" tê vê wateyê: dansa komî û gelêrî ya ku bi hevgirtina destan û bi rihê hevkariyê tê gerandin.",Source title and URL are both missing.,3eba325172f0b7a125324f33dc1a522a
warning,near_duplicate_candidate,medium,offline_runtime_bank,assets/data/offline_questions.json,702,offline_tf_0107,"Rast e an şaş e: Têgeha ""kilimên kurdî"" tê vê wateyê: dansa komî û gelêrî ya ku bi hevgirtina destan û bi rihê hevkariyê tê gerandin.",Near duplicate candidate.,17dea3e8baa54dc0a0b70746582b45ce
warning,missing_source_metadata,high,offline_runtime_bank,assets/data/offline_questions.json,703,offline_tf_0109,"Rast e an şaş e: Têgeha ""komûn û meclîs"" tê vê wateyê: prensîba parastin û pejirandina hemû nasnameyên cuda yê di civakê de.",Source title and URL are both missing.,0d48d3f29cdb27617fc80dc6c2c9e93d
warning,near_duplicate_candidate,medium,offline_runtime_bank,assets/data/offline_questions.json,703,offline_tf_0109,"Rast e an şaş e: Têgeha ""komûn û meclîs"" tê vê wateyê: prensîba parastin û pejirandina hemû nasnameyên cuda yê di civakê de.",Near duplicate candidate.,ef09c96716e58a4ee27ab66958ab9707
warning,missing_source_metadata,high,offline_runtime_bank,assets/data/offline_questions.json,704,offline_tf_0111,"Rast e an şaş e: Têgeha ""kovara Hawarê"" tê vê wateyê: helbestvanê ku Mewlûda Kurdî ya yekem bi zaravayê kurmancî nivîsiye.",Source title and URL are both missing.,dc70063dae7ee9090d4fb4cc3eaa5b63
warning,near_duplicate_candidate,medium,offline_runtime_bank,assets/data/offline_questions.json,704,offline_tf_0111,"Rast e an şaş e: Têgeha ""kovara Hawarê"" tê vê wateyê: helbestvanê ku Mewlûda Kurdî ya yekem bi zaravayê kurmancî nivîsiye.",Near duplicate candidate.,40628edae4d345bf03f5db7f822345e0
warning,missing_source_metadata,high,offline_runtime_bank,assets/data/offline_questions.json,705,offline_tf_0113,"Rast e an şaş e: Têgeha ""lawik"" tê vê wateyê: klamên evînê yên devera Serhadê ku bi taybetî ji aliyê jinan ve dihatin gotin.",Source title and URL are both missing.,8d34b00201c0de11e6d09e97d70388cd
warning,near_duplicate_candidate,medium,offline_runtime_bank,assets/data/offline_questions.json,705,offline_tf_0113,"Rast e an şaş e: Têgeha ""lawik"" tê vê wateyê: klamên evînê yên devera Serhadê ku bi taybetî ji aliyê jinan ve dihatin gotin.",Near duplicate candidate.,08f4b994d751479dbcd3063f0806f054
warning,missing_source_metadata,high,offline_runtime_bank,assets/data/offline_questions.json,706,offline_tf_0115,"Rast e an şaş e: Têgeha ""lêkera gerguhêz"" tê vê wateyê: peyvên wekî ""di... de, bi... re, ji... re"" ku têkiliyên cih nîşan didin.",Source title and URL are both missing.,855885f10021f09a79d0e326107135b2
warning,missing_source_metadata,high,offline_runtime_bank,assets/data/offline_questions.json,707,offline_tf_0117,"Rast e an şaş e: Têgeha ""lîrîka klaman"" tê vê wateyê: amûra têldar a ku di kevneşopiya Yarsan/Ehlê Heq de pîroz tê hesibandin ku bi taybetî di civatên olî de tê lêdan.",Source title and URL are both missing.,870ea2e5494ab40ccfe0f36d02cf18d7
warning,near_duplicate_candidate,medium,offline_runtime_bank,assets/data/offline_questions.json,707,offline_tf_0117,"Rast e an şaş e: Têgeha ""lîrîka klaman"" tê vê wateyê: amûra têldar a ku di kevneşopiya Yarsan/Ehlê Heq de pîroz tê hesibandin ku bi taybetî di civatên olî de tê lêdan.",Near duplicate candidate.,12123428d52b07d4524febae6119bbc4
warning,missing_source_metadata,high,offline_runtime_bank,assets/data/offline_questions.json,708,offline_tf_0119,"Rast e an şaş e: Têgeha ""misafirperweriya kurdî"" tê vê wateyê: şêwazê jiyana kevnar a li ser zozan û germiyanê ku çanda kurdî pir dewlemend kiriye.",Source title and URL are both missing.,bf4e3e33f21e17a6f524a31743453cf7
warning,missing_source_metadata,high,offline_runtime_bank,assets/data/offline_questions.json,709,offline_tf_0121,"Rast e an şaş e: Têgeha ""parastina rewa"" tê vê wateyê: modela siyasî ya ku tê de gelên herêmê saziyên xwe bi xwe birêve dibin.",Source title and URL are both missing.,cd07989c25fe1f95d881129a7803a6c3
warning,near_duplicate_candidate,medium,offline_runtime_bank,assets/data/offline_questions.json,709,offline_tf_0121,"Rast e an şaş e: Têgeha ""parastina rewa"" tê vê wateyê: modela siyasî ya ku tê de gelên herêmê saziyên xwe bi xwe birêve dibin.",Near duplicate candidate.,c155e0c0e3c94824e21356a1c665e9df
warning,missing_source_metadata,high,offline_runtime_bank,assets/data/offline_questions.json,70,offline_2175,Bajarê Mehabadê li kîjan perçeyê Kurdistanê ye?,Source title and URL are both missing.,6dd2d01c42ee8696fdecceeb18fca29a
warning,near_duplicate_candidate,medium,offline_runtime_bank,assets/data/offline_questions.json,70,offline_2175,Bajarê Mehabadê li kîjan perçeyê Kurdistanê ye?,Near duplicate candidate.,25b885be344f71dd0da383f38ff15005
warning,missing_source_metadata,high,offline_runtime_bank,assets/data/offline_questions.json,710,offline_tf_0123,"Rast e an şaş e: Têgeha ""paşgirên tewandinê"" tê vê wateyê: cînavkên wekî ""ez, tu, ew, em, hûn, ew"" ên ku bo kesan tên bikaranîn.",Source title and URL are both missing.,29e2497b41c0218f772a83cf18c63407
warning,near_duplicate_candidate,medium,offline_runtime_bank,assets/data/offline_questions.json,710,offline_tf_0123,"Rast e an şaş e: Têgeha ""paşgirên tewandinê"" tê vê wateyê: cînavkên wekî ""ez, tu, ew, em, hûn, ew"" ên ku bo kesan tên bikaranîn.",Near duplicate candidate.,60f1000f6dc725043da55de203472e6b
warning,missing_source_metadata,high,offline_runtime_bank,assets/data/offline_questions.json,711,offline_tf_0125,"Rast e an şaş e: Têgeha ""peymana civakî"" tê vê wateyê: têkiliya stratejîk a di navbera hêzên guhertinê yê civakê de.",Source title and URL are both missing.,6a3fcb8218888450584a0c332245783c
warning,missing_source_metadata,high,offline_runtime_bank,assets/data/offline_questions.json,712,offline_tf_0127,"Rast e an şaş e: Têgeha ""pirrengî"" tê vê wateyê: mafê parastina xwezayî ya civakê li dijî êrîşên derveyî.",Source title and URL are both missing.,072a860147e52257f4b075602e29202c
warning,missing_source_metadata,high,offline_runtime_bank,assets/data/offline_questions.json,713,offline_tf_0129,"Rast e an şaş e: Têgeha ""rexneya patriyarkayê"" tê vê wateyê: avahiya serdestiyê ya ku civakê dabeşî çînên jor û jêr dike.",Source title and URL are both missing.,4d34302fd702dd60e159c3e861e54633
warning,near_duplicate_candidate,medium,offline_runtime_bank,assets/data/offline_questions.json,713,offline_tf_0129,"Rast e an şaş e: Têgeha ""rexneya patriyarkayê"" tê vê wateyê: avahiya serdestiyê ya ku civakê dabeşî çînên jor û jêr dike.",Near duplicate candidate.,3bb95ad6c3554fd5f1d939f914f68007
warning,missing_source_metadata,high,offline_runtime_bank,assets/data/offline_questions.json,714,offline_tf_0131,"Rast e an şaş e: Têgeha ""rênivîsa Hawarê"" tê vê wateyê: avahiya rêzimanî ya ku kirdeya lêkerên gerguhêz di dema borî de tewandî nîşan dide.",Source title and URL are both missing.,91503749b6727972f10a2dc4e1deedd7
warning,missing_source_metadata,high,offline_runtime_bank,assets/data/offline_questions.json,715,offline_tf_0133,"Rast e an şaş e: Têgeha ""tembûr"" tê vê wateyê: amûra lêdanê ya zildar ku di muzîka kurdî ya olî û gelêrî de xwedî cihekî girîng e.",Source title and URL are both missing.,fff5286eb9a0a1959ba8b05cba85082b
warning,near_duplicate_candidate,medium,offline_runtime_bank,assets/data/offline_questions.json,715,offline_tf_0133,"Rast e an şaş e: Têgeha ""tembûr"" tê vê wateyê: amûra lêdanê ya zildar ku di muzîka kurdî ya olî û gelêrî de xwedî cihekî girîng e.",Near duplicate candidate.,5efcb3d96b1589c7316e9ca30d8e04e0
warning,missing_source_metadata,high,offline_runtime_bank,assets/data/offline_questions.json,716,offline_tf_0135,"Rast e an şaş e: Têgeha ""tewandin"" tê vê wateyê: peyvên wekî ""di... de, bi... re, ji... re"" ku têkiliyên cih nîşan didin.",Source title and URL are both missing.,57b2ca76c3ec07af65c2db1874e4bdd4
warning,near_duplicate_candidate,medium,offline_runtime_bank,assets/data/offline_questions.json,716,offline_tf_0135,"Rast e an şaş e: Têgeha ""tewandin"" tê vê wateyê: peyvên wekî ""di... de, bi... re, ji... re"" ku têkiliyên cih nîşan didin.",Near duplicate candidate.,dc2d603d8ab787f3f4fe5df68f9144f9
warning,missing_source_metadata,high,offline_runtime_bank,assets/data/offline_questions.json,717,offline_tf_0137,"Rast e an şaş e: Têgeha ""xweseriya demokratîk"" tê vê wateyê: mafê parastina xwezayî ya civakê li dijî êrîşên derveyî.",Source title and URL are both missing.,08c23d82e9a67da6fe2a9b402dcea9d5
warning,near_duplicate_candidate,medium,offline_runtime_bank,assets/data/offline_questions.json,717,offline_tf_0137,"Rast e an şaş e: Têgeha ""xweseriya demokratîk"" tê vê wateyê: mafê parastina xwezayî ya civakê li dijî êrîşên derveyî.",Near duplicate candidate.,1a5ddba1890fb090b8a276ceed20746a
warning,missing_source_metadata,high,offline_runtime_bank,assets/data/offline_questions.json,718,offline_tf_0139,"Rast e an şaş e: Têgeha ""zanistiya azad"" tê vê wateyê: analîzkirin û hilweşandina sîstema serdest a mêr a li ser civakê.",Source title and URL are both missing.,44653e0ec206e7f4f460ab9447cadc04
warning,missing_source_metadata,high,offline_runtime_bank,assets/data/offline_questions.json,719,offline_tf_0141,"Rast e an şaş e: Têgeha ""Çemê Firatê"" tê vê wateyê: geliyê mezin ê ku çemê Dîcleyê tê re diherike û Amedê diparêze.",Source title and URL are both missing.,6f5d611a2c86d7b12e9ed398ba6404b6
warning,near_duplicate_candidate,medium,offline_runtime_bank,assets/data/offline_questions.json,719,offline_tf_0141,"Rast e an şaş e: Têgeha ""Çemê Firatê"" tê vê wateyê: geliyê mezin ê ku çemê Dîcleyê tê re diherike û Amedê diparêze.",Near duplicate candidate.,6339f2d6e71e650a3eb36eb99e55b8ee
warning,missing_source_metadata,high,offline_runtime_bank,assets/data/offline_questions.json,71,offline_2178,"""Dahol û zirne"" bi gelemperî li ku tên lêdan?",Source title and URL are both missing.,0bf0e776331b7864d0d968b23a8565ea
warning,missing_source_metadata,high,offline_runtime_bank,assets/data/offline_questions.json,720,offline_tf_0143,"Rast e an şaş e: Têgeha ""Çiyayê Cûdî"" tê vê wateyê: bajarê kevnar û dîrokî yê li ser çemê Dîcleyê ku xwedî şikeftên bêhempa ye.",Source title and URL are both missing.,b3ac479d794cfe16ac8aa13992986521
warning,near_duplicate_candidate,medium,offline_runtime_bank,assets/data/offline_questions.json,720,offline_tf_0143,"Rast e an şaş e: Têgeha ""Çiyayê Cûdî"" tê vê wateyê: bajarê kevnar û dîrokî yê li ser çemê Dîcleyê ku xwedî şikeftên bêhempa ye.",Near duplicate candidate.,af0a697fc1e3c3e7fdf545377e5fb1af
warning,missing_source_metadata,high,offline_runtime_bank,assets/data/offline_questions.json,721,offline_tf_0145,"Rast e an şaş e: Têgeha ""Çiyayê Sîpanê"" tê vê wateyê: yek ji du çemên herî mezin ên Mezopotamyayê ku jiyanê dide axên berdar.",Source title and URL are both missing.,8e80efdbf4051ac4f70f0900587e5411
warning,missing_source_metadata,high,offline_runtime_bank,assets/data/offline_questions.json,722,offline_tf_0146,"Rast e an şaş e: Têgeha ""Împaratoriya Medî"" tê vê wateyê: hêza mezin a antik a li Zagrosê ku di hin vegotinên kurdî de bi kalan ve girêdayî ye.",Source title and URL are both missing.,c3328ca85f6abb559763f1faab161f18
warning,missing_source_metadata,high,offline_runtime_bank,assets/data/offline_questions.json,723,offline_tf_0147,"Rast e an şaş e: Têgeha ""Împaratoriya Medî"" tê vê wateyê: peymana navdewletî ya 1923an ku cihê Sevrê girt û statûyeke kurdî nedihewand.",Source title and URL are both missing.,35f39ae9162500d6c674f4ab93702baf
warning,near_duplicate_candidate,medium,offline_runtime_bank,assets/data/offline_questions.json,723,offline_tf_0147,"Rast e an şaş e: Têgeha ""Împaratoriya Medî"" tê vê wateyê: peymana navdewletî ya 1923an ku cihê Sevrê girt û statûyeke kurdî nedihewand.",Near duplicate candidate.,47eeca0877642c03bf80cf7ac7f1b633
warning,missing_source_metadata,high,offline_runtime_bank,assets/data/offline_questions.json,724,offline_tf_0149,"Rast e an şaş e: Têgeha ""çanda koçeriyê"" tê vê wateyê: kela parastina ziman û dîrokê ku bi riya stran û klamên dengbêjan tê meşandin.",Source title and URL are both missing.,282cec078fa19e6b1f2a91cfff2ad922
warning,missing_source_metadata,high,offline_runtime_bank,assets/data/offline_questions.json,725,offline_tf_0151,"Rast e an şaş e: Têgeha ""çiyayên Zagrosê"" tê vê wateyê: bajarê kevnar û dîrokî yê li ser çemê Dîcleyê ku xwedî şikeftên bêhempa ye.",Source title and URL are both missing.,6c53d43eb80b7a88bed762d13ff47c2d
warning,near_duplicate_candidate,medium,offline_runtime_bank,assets/data/offline_questions.json,725,offline_tf_0151,"Rast e an şaş e: Têgeha ""çiyayên Zagrosê"" tê vê wateyê: bajarê kevnar û dîrokî yê li ser çemê Dîcleyê ku xwedî şikeftên bêhempa ye.",Near duplicate candidate.,15137d2d9db522fe28a7d6420e42b382
warning,missing_source_metadata,high,offline_runtime_bank,assets/data/offline_questions.json,726,offline_tf_0153,"Rast e an şaş e: Têgeha ""Şakiro"" tê vê wateyê: amûra lêdanê ya zildar ku di muzîka kurdî ya olî û gelêrî de xwedî cihekî girîng e.",Source title and URL are both missing.,a9b3894addf6d2233fc11542c20fbebd
warning,near_duplicate_candidate,medium,offline_runtime_bank,assets/data/offline_questions.json,726,offline_tf_0153,"Rast e an şaş e: Têgeha ""Şakiro"" tê vê wateyê: amûra lêdanê ya zildar ku di muzîka kurdî ya olî û gelêrî de xwedî cihekî girîng e.",Near duplicate candidate.,93764f0b239ebb43f6776a40a3171300
warning,missing_source_metadata,high,offline_runtime_bank,assets/data/offline_questions.json,727,offline_tf_0155,"Rast e an şaş e: Têgeha ""Şerefname"" tê vê wateyê: weşana dîrokî ya kurdî ya serdema destpêka sedsala 20an ku li ser mafên neteweyî dinivîsî.",Source title and URL are both missing.,ef5c1e2b50fdf5995fa022f6b1fe458d
warning,missing_source_metadata,high,offline_runtime_bank,assets/data/offline_questions.json,728,offline_tf_0157,"Rast e an şaş e: Têgeha ""şevbêrk"" tê vê wateyê: şano û lîstika gelêrî ya kurdî ku di dema sersalê de li gundan tê lîstin.",Source title and URL are both missing.,7fa4ba265467e8470cc43a214eb73fae
warning,missing_source_metadata,high,offline_runtime_bank,assets/data/offline_questions.json,729,offline_tf_0159,"Rast e an şaş e: Têgeha ""şevbêrkên wêjeyî"" tê vê wateyê: helbestvanê ku Mewlûda Kurdî ya yekem bi zaravayê kurmancî nivîsiye.",Source title and URL are both missing.,6f425640ea860d887e0db27e9a764abd
warning,near_duplicate_candidate,medium,offline_runtime_bank,assets/data/offline_questions.json,729,offline_tf_0159,"Rast e an şaş e: Têgeha ""şevbêrkên wêjeyî"" tê vê wateyê: helbestvanê ku Mewlûda Kurdî ya yekem bi zaravayê kurmancî nivîsiye.",Near duplicate candidate.,f644e427a3d7a9f68ecf32c7a6398ac4
warning,missing_source_metadata,high,offline_runtime_bank,assets/data/offline_questions.json,72,offline_2183,Evdalê Zeynikê di kîjan sedsalê de jiya?,Source title and URL are both missing.,d42f4d512443181a6590a2d4eee087d9
warning,missing_source_metadata,high,offline_runtime_bank,assets/data/offline_questions.json,730,offline_tf_cog_0003,"Têgeha ""Geliyê Botan"" wiha tê ravekirin: geliyê kûr ê ku çemê Botanê di nav zinaran de vekiriye û Cizîrê dorpêç dike. Ev rast e an şaş e?",Source title and URL are both missing.,a58375e7dc5cd622b33bb8cd339530fd
warning,missing_source_metadata,high,offline_runtime_bank,assets/data/offline_questions.json,731,offline_tf_cog_0004,"Binirxîne: li gorî vê ravekirinê ""Geliyê Botan"" ev e — geliyê teng ê başûrê Colemêrgê ku ava Zapê ya hov tê re derbas dibe. Rast e an şaş e?",Source title and URL are both missing.,666760bd694835b3ad663b837bb542bb
warning,missing_source_metadata,high,offline_runtime_bank,assets/data/offline_questions.json,732,offline_tf_cog_0008,"Rast e an şaş e: Têgeha ""Newal"" tê vê wateyê: çemê ku ji çiyayên Sêrtê dadikeve û digihîje Dîcleyê.",Source title and URL are both missing.,2d80dbc04be932578a801a142bee4a7e
warning,missing_source_metadata,high,offline_runtime_bank,assets/data/offline_questions.json,733,offline_tf_cog_0009,"Rast e an şaş e: Têgeha ""Çemê Garzanê"" tê vê wateyê: çemê ku ji çiyayên Sêrtê dadikeve û digihîje Dîcleyê.",Source title and URL are both missing.,9dd00c4362dcba96c29b3e5b268a605c
warning,missing_source_metadata,high,offline_runtime_bank,assets/data/offline_questions.json,734,offline_tf_cog_0010,"Têgeha ""Çemê Garzanê"" wiha tê ravekirin: hêmana bingehîn a ku jiyanê dide û şêwaza niştecihbûnê diyar dike. Ev rast e an şaş e?",Source title and URL are both missing.,0559a4153e58e39e1254a261613898a3
warning,missing_source_metadata,high,offline_runtime_bank,assets/data/offline_questions.json,735,offline_tf_cog_0011,"Têgeha ""Av"" wiha tê ravekirin: hêmana bingehîn a ku jiyanê dide û şêwaza niştecihbûnê diyar dike. Ev rast e an şaş e?",Source title and URL are both missing.,3966b442dfef7fa9e8b8b6b9dd9fa32c
warning,missing_source_metadata,high,offline_runtime_bank,assets/data/offline_questions.json,736,offline_tf_cog_0012,"Binirxîne: li gorî vê ravekirinê ""Av"" ev e — avhewaya parzemînî ya bi zivistanên sar û havînên hişk ku bi bilindahiyê ve diguhere. Rast e an şaş e?",Source title and URL are both missing.,d5a780602bccbf340a6229f09b6c07f1
warning,missing_source_metadata,high,offline_runtime_bank,assets/data/offline_questions.json,737,offline_tf_cog_0014,"Ev ravekirin ji bo ""Avhewaya Kurdistanê"" rast e an şaş e: bajarê çiyayî yê herî bilind ê herêmê ku bi zozan û geliyên xwe tê naskirin?",Source title and URL are both missing.,44bd57edd4588a924b46834eff259d30
warning,missing_source_metadata,high,offline_runtime_bank,assets/data/offline_questions.json,738,offline_tf_cog_0015,"Ev ravekirin ji bo ""Colemêrg"" rast e an şaş e: bajarê çiyayî yê herî bilind ê herêmê ku bi zozan û geliyên xwe tê naskirin?",Source title and URL are both missing.,5918b82c69c2ce0f9d4fb10c2a1bc50a
warning,near_duplicate_candidate,medium,offline_runtime_bank,assets/data/offline_questions.json,738,offline_tf_cog_0015,"Ev ravekirin ji bo ""Colemêrg"" rast e an şaş e: bajarê çiyayî yê herî bilind ê herêmê ku bi zozan û geliyên xwe tê naskirin?",Near duplicate candidate.,19c87b1c85781d56a0a51c1ecfedb942
warning,missing_source_metadata,high,offline_runtime_bank,assets/data/offline_questions.json,739,offline_tf_cog_0016,"Rast e an şaş e: Têgeha ""Colemêrg"" tê vê wateyê: rûyê axê yê ku çandinî, niştecihbûn û jiyana rojane li ser tê avakirin.",Source title and URL are both missing.,dc5cc6f452cc27b77a3841f8f19c2dd3
warning,missing_source_metadata,high,offline_runtime_bank,assets/data/offline_questions.json,73,offline_2191,Kesa ku stranan dibêje û pêşkêş dike bi kurdî çi navê digire?,Source title and URL are both missing.,c64908302941537733e000592cddb0ad
warning,missing_source_metadata,high,offline_runtime_bank,assets/data/offline_questions.json,740,offline_tf_cog_0017,"Rast e an şaş e: Têgeha ""Erd"" tê vê wateyê: rûyê axê yê ku çandinî, niştecihbûn û jiyana rojane li ser tê avakirin.",Source title and URL are both missing.,618e3a4543804059f8dc0831f3564f3c
warning,near_duplicate_candidate,medium,offline_runtime_bank,assets/data/offline_questions.json,740,offline_tf_cog_0017,"Rast e an şaş e: Têgeha ""Erd"" tê vê wateyê: rûyê axê yê ku çandinî, niştecihbûn û jiyana rojane li ser tê avakirin.",Near duplicate candidate.,bd6c7aaba4001f92b38a6f10db7f0b86
warning,missing_source_metadata,high,offline_runtime_bank,assets/data/offline_questions.json,741,offline_tf_cog_0018,"Têgeha ""Erd"" wiha tê ravekirin: herêma bilind a bakur ku Agirî, Wan û Muşê digire nav xwe. Ev rast e an şaş e?",Source title and URL are both missing.,b197b7636eba0c9057887e732553a3a6
warning,missing_source_metadata,high,offline_runtime_bank,assets/data/offline_questions.json,742,offline_tf_cog_0019,"Têgeha ""Herêma Serhedê"" wiha tê ravekirin: herêma bilind a bakur ku Agirî, Wan û Muşê digire nav xwe. Ev rast e an şaş e?",Source title and URL are both missing.,8b2c9c0bdc11e16298e160b74a5ed683
warning,missing_source_metadata,high,offline_runtime_bank,assets/data/offline_questions.json,743,offline_tf_cog_0020,"Binirxîne: li gorî vê ravekirinê ""Herêma Serhedê"" ev e — bilindahiya erdê ya ku avhewa, çandinî û rêyên veguhastinê diyar dike. Rast e an şaş e?",Source title and URL are both missing.,0d9613d0db5ce4b8bd7ae71423c352a4
warning,missing_source_metadata,high,offline_runtime_bank,assets/data/offline_questions.json,744,offline_tf_cog_0021,"Binirxîne: li gorî vê ravekirinê ""Çiya"" ev e — bilindahiya erdê ya ku avhewa, çandinî û rêyên veguhastinê diyar dike. Rast e an şaş e?",Source title and URL are both missing.,69a89081758e441222aeb1bfa14eb184
warning,missing_source_metadata,high,offline_runtime_bank,assets/data/offline_questions.json,745,offline_tf_cog_0022,"Ev ravekirin ji bo ""Çiya"" rast e an şaş e: erdê rast û berdar ê ku çandinî lê hêsan e?",Source title and URL are both missing.,418a744785f22ac2e6df329a2915c508
warning,missing_source_metadata,high,offline_runtime_bank,assets/data/offline_questions.json,746,offline_tf_cog_0023,"Ev ravekirin ji bo ""Deşt"" rast e an şaş e: erdê rast û berdar ê ku çandinî lê hêsan e?",Source title and URL are both missing.,a5d2ae7ab928aa1b8503ae13ad21453d
warning,near_duplicate_candidate,medium,offline_runtime_bank,assets/data/offline_questions.json,746,offline_tf_cog_0023,"Ev ravekirin ji bo ""Deşt"" rast e an şaş e: erdê rast û berdar ê ku çandinî lê hêsan e?",Near duplicate candidate.,ff5de7d779ad919f3aaab44f05601652
warning,missing_source_metadata,high,offline_runtime_bank,assets/data/offline_questions.json,747,offline_tf_cog_0024,"Rast e an şaş e: Têgeha ""Deşt"" tê vê wateyê: devera ku bi darên xurt hatiye nixumandin û avhewayê nerm dike.",Source title and URL are both missing.,114caede979abf7b7a372c237b21dae3
warning,missing_source_metadata,high,offline_runtime_bank,assets/data/offline_questions.json,748,offline_tf_cog_0025,"Rast e an şaş e: Têgeha ""Daristan"" tê vê wateyê: devera ku bi darên xurt hatiye nixumandin û avhewayê nerm dike.",Source title and URL are both missing.,ed99ccdf4addc5b98e62231105708d25
warning,near_duplicate_candidate,medium,offline_runtime_bank,assets/data/offline_questions.json,748,offline_tf_cog_0025,"Rast e an şaş e: Têgeha ""Daristan"" tê vê wateyê: devera ku bi darên xurt hatiye nixumandin û avhewayê nerm dike.",Near duplicate candidate.,08e5dc41622ad2b305b1113f8f71ad7a
warning,missing_source_metadata,high,offline_runtime_bank,assets/data/offline_questions.json,749,offline_tf_cog_0026,"Têgeha ""Daristan"" wiha tê ravekirin: ava sekinî ya ku li newalekê kom dibe û bi çeman tê xwedîkirin. Ev rast e an şaş e?",Source title and URL are both missing.,5f8ffafca4cf66448be3d6fe198a8ee8
warning,missing_source_metadata,high,offline_runtime_bank,assets/data/offline_questions.json,74,offline_2199,Stranbêj Hesen Zîrek ji kîjan perçeyê Kurdistanê bû?,Source title and URL are both missing.,1a9d1410c7a5acd7b0cd40eb4998f336
warning,missing_source_metadata,high,offline_runtime_bank,assets/data/offline_questions.json,750,offline_tf_cog_0027,"Têgeha ""Gol"" wiha tê ravekirin: ava sekinî ya ku li newalekê kom dibe û bi çeman tê xwedîkirin. Ev rast e an şaş e?",Source title and URL are both missing.,32113da41d6b9849f9727058349d8578
warning,near_duplicate_candidate,medium,offline_runtime_bank,assets/data/offline_questions.json,750,offline_tf_cog_0027,"Têgeha ""Gol"" wiha tê ravekirin: ava sekinî ya ku li newalekê kom dibe û bi çeman tê xwedîkirin. Ev rast e an şaş e?",Near duplicate candidate.,dc0767d24df5e44d37be89e35e9b8509
warning,missing_source_metadata,high,offline_runtime_bank,assets/data/offline_questions.json,751,offline_tf_cog_0028,"Binirxîne: li gorî vê ravekirinê ""Gol"" ev e — rewşa atmosferê ya rojane ku baran, ba û germahiyê digire nav xwe. Rast e an şaş e?",Source title and URL are both missing.,6a10a5d3c9235916a65fba6f32f551b1
warning,missing_source_metadata,high,offline_runtime_bank,assets/data/offline_questions.json,752,offline_tf_cog_0029,"Binirxîne: li gorî vê ravekirinê ""Hewa"" ev e — rewşa atmosferê ya rojane ku baran, ba û germahiyê digire nav xwe. Rast e an şaş e?",Source title and URL are both missing.,72ed4985ea13a8b23a7122eda95d87b8
warning,near_duplicate_candidate,medium,offline_runtime_bank,assets/data/offline_questions.json,752,offline_tf_cog_0029,"Binirxîne: li gorî vê ravekirinê ""Hewa"" ev e — rewşa atmosferê ya rojane ku baran, ba û germahiyê digire nav xwe. Rast e an şaş e?",Near duplicate candidate.,2bd7c97105f94fb89524003ea17454a9
warning,missing_source_metadata,high,offline_runtime_bank,assets/data/offline_questions.json,753,offline_tf_cog_0030,"Ev ravekirin ji bo ""Hewa"" rast e an şaş e: xeta ku du waran an du welatan ji hev vediqetîne?",Source title and URL are both missing.,bcf313f6443aad00f06c593d8ce4c6f8
warning,missing_source_metadata,high,offline_runtime_bank,assets/data/offline_questions.json,754,offline_tf_cog_0032,"Rast e an şaş e: Têgeha ""Sînor"" tê vê wateyê: çemê ku ji Amedê dest pê dike û bi Ferat re Mezopotamyayê xwedî dike.",Source title and URL are both missing.,43797a50fa1f03e3315d38bbfb5ffe8e
warning,missing_source_metadata,high,offline_runtime_bank,assets/data/offline_questions.json,755,offline_tf_cog_0033,"Rast e an şaş e: Têgeha ""Çemê Dîcleyê"" tê vê wateyê: çemê ku ji Amedê dest pê dike û bi Ferat re Mezopotamyayê xwedî dike.",Source title and URL are both missing.,b9c27edb961b03c703934bdde294559d
warning,missing_source_metadata,high,offline_runtime_bank,assets/data/offline_questions.json,756,offline_tf_cog_0034,"Têgeha ""Çemê Dîcleyê"" wiha tê ravekirin: çemê herî dirêj ê Asyaya Rojava ku ji çiyayên Erzeromê dertê. Ev rast e an şaş e?",Source title and URL are both missing.,93ab952aaf42f565f43652e183ef7677
warning,missing_source_metadata,high,offline_runtime_bank,assets/data/offline_questions.json,757,offline_tf_cog_0037,"Binirxîne: li gorî vê ravekirinê ""Çemê Araksê"" ev e — çemê ku sînorê bakurê rojhilat ê herêmê pêk tîne û diherike Deryaya Xezerê. Rast e an şaş e?",Source title and URL are both missing.,c9e1dc5f83aed215170a5cf963a0d6eb
warning,missing_source_metadata,high,offline_runtime_bank,assets/data/offline_questions.json,758,offline_tf_cog_0038,"Ev ravekirin ji bo ""Çemê Araksê"" rast e an şaş e: çemê ku ji Botanê tê û li nêzîkî Zaxoyê digihîje Dîcleyê?",Source title and URL are both missing.,237b1c9a3080d882e4632819b9280f81
warning,missing_source_metadata,high,offline_runtime_bank,assets/data/offline_questions.json,759,offline_tf_cog_0040,"Rast e an şaş e: Têgeha ""Çemê Xabûrê"" tê vê wateyê: ava hov a ku ji Colemêrgê dadikeve û enerjiya avî ya başûr xwedî dike.",Source title and URL are both missing.,fe50a373152c898397c8aef642ae1f79
warning,missing_source_metadata,high,offline_runtime_bank,assets/data/offline_questions.json,75,offline_2201,Kawîs Axa bi çi navdar e?,Source title and URL are both missing.,8acb3aab04d9c0a448d3d59b11025f1a
warning,missing_source_metadata,high,offline_runtime_bank,assets/data/offline_questions.json,760,offline_tf_cog_0041,"Rast e an şaş e: Têgeha ""Ava Zapê"" tê vê wateyê: ava hov a ku ji Colemêrgê dadikeve û enerjiya avî ya başûr xwedî dike.",Source title and URL are both missing.,9c7ceb3f51c8ef214826a359e72b5fb4
warning,missing_source_metadata,high,offline_runtime_bank,assets/data/offline_questions.json,761,offline_tf_cog_0042,"Têgeha ""Ava Zapê"" wiha tê ravekirin: deşta bazaltî ya berdar a ku li dora Amedê belav dibe. Ev rast e an şaş e?",Source title and URL are both missing.,a2f71a858182fa2953bd8264e0221f28
warning,missing_source_metadata,high,offline_runtime_bank,assets/data/offline_questions.json,762,offline_tf_cog_0043,"Têgeha ""Deşta Amedê"" wiha tê ravekirin: deşta bazaltî ya berdar a ku li dora Amedê belav dibe. Ev rast e an şaş e?",Source title and URL are both missing.,6f3754b5221b95c8f81722477d3d1d42
warning,near_duplicate_candidate,medium,offline_runtime_bank,assets/data/offline_questions.json,762,offline_tf_cog_0043,"Têgeha ""Deşta Amedê"" wiha tê ravekirin: deşta bazaltî ya berdar a ku li dora Amedê belav dibe. Ev rast e an şaş e?",Near duplicate candidate.,c2b41bff99446942ed7002a54db70941
warning,missing_source_metadata,high,offline_runtime_bank,assets/data/offline_questions.json,763,offline_tf_cog_0044,"Binirxîne: li gorî vê ravekirinê ""Deşta Amedê"" ev e — deşta fireh a başûr ku çandiniya genim lê serdest e. Rast e an şaş e?",Source title and URL are both missing.,84ba447e482840486fb07f26ee77251b
warning,missing_source_metadata,high,offline_runtime_bank,assets/data/offline_questions.json,764,offline_tf_cog_0046,"Ev ravekirin ji bo ""Deşta Hewlêrê"" rast e an şaş e: deşta ku di navbera Karacadaxê û Firatê de dirêj dibe?",Source title and URL are both missing.,948173212ff1654db4c46cdbed8fb0b3
warning,missing_source_metadata,high,offline_runtime_bank,assets/data/offline_questions.json,765,offline_tf_cog_0048,"Rast e an şaş e: Têgeha ""Deşta Sêwregê"" tê vê wateyê: çiyayê volkanîk ê bazaltî yê ku deşta Amedê ji ya Rihayê vediqetîne.",Source title and URL are both missing.,dd0fb446bbe864a0af6ddb144e6d454e
warning,missing_source_metadata,high,offline_runtime_bank,assets/data/offline_questions.json,766,offline_tf_cog_0050,"Têgeha ""Karacadax"" wiha tê ravekirin: rêzeçiyayên ku serekaniya gelek çeman in û bi zozanên xwe tên naskirin. Ev rast e an şaş e?",Source title and URL are both missing.,d682a855b08bba7a26dff1fb1bbed4a7
warning,missing_source_metadata,high,offline_runtime_bank,assets/data/offline_questions.json,767,offline_tf_cog_0052,"Binirxîne: li gorî vê ravekirinê ""Çiyayên Bîngolê"" ev e — rêzeçiyayên Dêrsimê yên bi berf û Parka Neteweyî ya Geliyê Munzurê. Rast e an şaş e?",Source title and URL are both missing.,391237f612619663f7cc3068ee34a869
warning,missing_source_metadata,high,offline_runtime_bank,assets/data/offline_questions.json,768,offline_tf_cog_0054,"Ev ravekirin ji bo ""Çiyayên Mûnzûrê"" rast e an şaş e: geliyê kûr ê ku çemê Mûnzûrê di nav zinarên kilsî de vekiriye?",Source title and URL are both missing.,0a585050d871c8b2c46f321865053b62
warning,missing_source_metadata,high,offline_runtime_bank,assets/data/offline_questions.json,769,offline_tf_cog_0055,"Ev ravekirin ji bo ""Geliyê Mûnzûrê"" rast e an şaş e: geliyê kûr ê ku çemê Mûnzûrê di nav zinarên kilsî de vekiriye?",Source title and URL are both missing.,82944dc2351c7fb957dcbdc00105284c
warning,near_duplicate_candidate,medium,offline_runtime_bank,assets/data/offline_questions.json,769,offline_tf_cog_0055,"Ev ravekirin ji bo ""Geliyê Mûnzûrê"" rast e an şaş e: geliyê kûr ê ku çemê Mûnzûrê di nav zinarên kilsî de vekiriye?",Near duplicate candidate.,bd265767b544e1a84d5ad5acfa78442c
warning,missing_source_metadata,high,offline_runtime_bank,assets/data/offline_questions.json,76,offline_2205,Meryem Xan yek ji dengên jin ên pêşî yên tomarkirî ye.,Source title and URL are both missing.,5f72904f7c30835545db272873a225ae
warning,missing_source_metadata,high,offline_runtime_bank,assets/data/offline_questions.json,770,offline_tf_cog_0056,"Rast e an şaş e: Têgeha ""Geliyê Mûnzûrê"" tê vê wateyê: çiyayê volkanîk ê feal ê li navbera Agirî û Wanê.",Source title and URL are both missing.,b3c163d5fb529d7cc973815973c06f10
warning,missing_source_metadata,high,offline_runtime_bank,assets/data/offline_questions.json,771,offline_tf_cog_0058,"Têgeha ""Çiyayê Tendûrekê"" wiha tê ravekirin: lûtkeya herî bilind a başûrê Kurdistanê li ser sînorê Îranê. Ev rast e an şaş e?",Source title and URL are both missing.,2243cba0e3c70757991c3b8c3ff8fee0
warning,missing_source_metadata,high,offline_runtime_bank,assets/data/offline_questions.json,772,offline_tf_cog_0060,"Binirxîne: li gorî vê ravekirinê ""Çiyayê Halgurdê"" ev e — rêzeçiyayên mezin ên ku sînorê xwezayî yê welatê kurdan pêk tînin. Rast e an şaş e?",Source title and URL are both missing.,20d909420ab8e939f55ba8e69d8fd79a
warning,missing_source_metadata,high,offline_runtime_bank,assets/data/offline_questions.json,773,offline_tf_cog_0062,"Ev ravekirin ji bo ""Rêzeçiyayên Zagrosê"" rast e an şaş e: bendava mezin a li ser Zapa Biçûk a ku Silêmaniyê bi av û elektrîkê xwedî dike?",Source title and URL are both missing.,1629808f5863ece5efa11b92b5a1af2e
warning,missing_source_metadata,high,offline_runtime_bank,assets/data/offline_questions.json,774,offline_tf_cog_0064,"Rast e an şaş e: Têgeha ""Gola Dokanê"" tê vê wateyê: bendava li ser çemê Sîrwanê ya ku deşta Germiyanê av dide.",Source title and URL are both missing.,67216c4b7c9de7c0c577248d4208181e
warning,missing_source_metadata,high,offline_runtime_bank,assets/data/offline_questions.json,775,offline_tf_cog_0066,"Têgeha ""Gola Derbendîxanê"" wiha tê ravekirin: herêma bakurê rojava ya bi navenda Dihokê ku bi zaravayê behdînî tê naskirin. Ev rast e an şaş e?",Source title and URL are both missing.,a3a7eb49500d1d40041304cc99a5b437
warning,missing_source_metadata,high,offline_runtime_bank,assets/data/offline_questions.json,776,offline_tf_cog_0067,"Têgeha ""Herêma Behdînan"" wiha tê ravekirin: herêma bakurê rojava ya bi navenda Dihokê ku bi zaravayê behdînî tê naskirin. Ev rast e an şaş e?",Source title and URL are both missing.,d281cb8351bd6afa005438194a9736fb
warning,near_duplicate_candidate,medium,offline_runtime_bank,assets/data/offline_questions.json,776,offline_tf_cog_0067,"Têgeha ""Herêma Behdînan"" wiha tê ravekirin: herêma bakurê rojava ya bi navenda Dihokê ku bi zaravayê behdînî tê naskirin. Ev rast e an şaş e?",Near duplicate candidate.,a99b6a50a0e4270a2402e6bab5805b5c
warning,missing_source_metadata,high,offline_runtime_bank,assets/data/offline_questions.json,777,offline_tf_cog_0068,"Binirxîne: li gorî vê ravekirinê ""Herêma Behdînan"" ev e — avhewaya bi zivistanên şil û havînên germ ku li başûrê rojava tê dîtin. Rast e an şaş e?",Source title and URL are both missing.,877c61e5360fd81a9ab78ea42f9bef5c
warning,missing_source_metadata,high,offline_runtime_bank,assets/data/offline_questions.json,778,offline_tf_cog_0069,"Binirxîne: li gorî vê ravekirinê ""Avhewaya Deryaya Navîn"" ev e — avhewaya bi zivistanên şil û havînên germ ku li başûrê rojava tê dîtin. Rast e an şaş e?",Source title and URL are both missing.,ca80b6605371fd397301837266808f78
warning,near_duplicate_candidate,medium,offline_runtime_bank,assets/data/offline_questions.json,778,offline_tf_cog_0069,"Binirxîne: li gorî vê ravekirinê ""Avhewaya Deryaya Navîn"" ev e — avhewaya bi zivistanên şil û havînên germ ku li başûrê rojava tê dîtin. Rast e an şaş e?",Near duplicate candidate.,49043b5490d7046b29ba6d9dc9f010d1
warning,missing_source_metadata,high,offline_runtime_bank,assets/data/offline_questions.json,779,offline_tf_cog_0070,"Ev ravekirin ji bo ""Avhewaya Deryaya Navîn"" rast e an şaş e: çiyayê pîroz ê li nêzîkî Şirnexê ku li gorî baweriyan keştiya Nûh li ser rûniştiye?",Source title and URL are both missing.,305f159f3a71e0665bc0d762b81511d2
warning,missing_source_metadata,high,offline_runtime_bank,assets/data/offline_questions.json,77,offline_2220,Di dîroknivîsiya kurdî de berhema bi navê Şerefname bi kê re tê têkildarkirin?,Source title and URL are both missing.,b17c70a1cfb363dd2c8a2b1d75b901f0
warning,missing_source_metadata,high,offline_runtime_bank,assets/data/offline_questions.json,780,offline_tf_siy_0003,"Têgeha ""xweseriya îdarî"" wiha tê ravekirin: veguhastina hin desthilatên rêveberiyê ji navendê bo herêmê. Ev rast e an şaş e?",Source title and URL are both missing.,fe73f93e92611355e9fe6054ebb699cd
warning,missing_source_metadata,high,offline_runtime_bank,assets/data/offline_questions.json,781,offline_tf_siy_0004,"Binirxîne: li gorî vê ravekirinê ""xweseriya îdarî"" ev e — daxwaza naskirina hiqûqî ya hebûna gelekî di nav dewletê de. Rast e an şaş e?",Source title and URL are both missing.,30f3d778c3826d67e99a9ca1b3228604
warning,missing_source_metadata,high,offline_runtime_bank,assets/data/offline_questions.json,782,offline_tf_siy_0005,"Binirxîne: li gorî vê ravekirinê ""mafê statuyê"" ev e — daxwaza naskirina hiqûqî ya hebûna gelekî di nav dewletê de. Rast e an şaş e?",Source title and URL are both missing.,3ba173c8132721cc600bb028cad8dacc
warning,near_duplicate_candidate,medium,offline_runtime_bank,assets/data/offline_questions.json,782,offline_tf_siy_0005,"Binirxîne: li gorî vê ravekirinê ""mafê statuyê"" ev e — daxwaza naskirina hiqûqî ya hebûna gelekî di nav dewletê de. Rast e an şaş e?",Near duplicate candidate.,e2bdbce3afd74cc4ed58630f4f0e5bbd
warning,missing_source_metadata,high,offline_runtime_bank,assets/data/offline_questions.json,783,offline_tf_siy_0006,"Ev ravekirin ji bo ""mafê statuyê"" rast e an şaş e: rêveberiya ku biryar tê de ji meclîsên gel derdikevin, ne ji yek desthilatê?",Source title and URL are both missing.,93035d7f63f198fd22d462e1391026de
warning,missing_source_metadata,high,offline_runtime_bank,assets/data/offline_questions.json,784,offline_tf_siy_0007,"Ev ravekirin ji bo ""pergala meclîsan"" rast e an şaş e: rêveberiya ku biryar tê de ji meclîsên gel derdikevin, ne ji yek desthilatê?",Source title and URL are both missing.,ca29c353ea8efdac6e8814c5e39ac0c5
warning,near_duplicate_candidate,medium,offline_runtime_bank,assets/data/offline_questions.json,784,offline_tf_siy_0007,"Ev ravekirin ji bo ""pergala meclîsan"" rast e an şaş e: rêveberiya ku biryar tê de ji meclîsên gel derdikevin, ne ji yek desthilatê?",Near duplicate candidate.,da6734748e6913cecffc84a014c5e752
warning,missing_source_metadata,high,offline_runtime_bank,assets/data/offline_questions.json,785,offline_tf_siy_0008,"Rast e an şaş e: Têgeha ""pergala meclîsan"" tê vê wateyê: şêwazê rêveberiyê ku tê de gel bêyî nûneran biryaran dide.",Source title and URL are both missing.,b0baeb288a6843ca88cde7d56d5b8c43
warning,missing_source_metadata,high,offline_runtime_bank,assets/data/offline_questions.json,786,offline_tf_siy_0011,"Têgeha ""demokrasiya temsîlî"" wiha tê ravekirin: rêveberiya ku tê de gel biryarê bi rêya nûnerên hilbijartî dide. Ev rast e an şaş e?",Source title and URL are both missing.,12e427e64544b5aea53091596680c6ae
warning,missing_source_metadata,high,offline_runtime_bank,assets/data/offline_questions.json,787,offline_tf_siy_0012,"Binirxîne: li gorî vê ravekirinê ""demokrasiya temsîlî"" ev e — nêrîna ku beşdariya rasterast û berdewam a gel di biryaran de diparêze. Rast e an şaş e?",Source title and URL are both missing.,3c7735f89950146da3eb175fef8fd4c3
warning,missing_source_metadata,high,offline_runtime_bank,assets/data/offline_questions.json,788,offline_tf_siy_0015,"Ev ravekirin ji bo ""siyaseta demokratîk"" rast e an şaş e: çareserkirina pirsgirêkên civakê bi nîqaş û lihevkirinê, ne bi zorê?",Source title and URL are both missing.,4baecf8b167227028374cef9e71cb800
warning,missing_source_metadata,high,offline_runtime_bank,assets/data/offline_questions.json,789,offline_tf_siy_0016,"Rast e an şaş e: Têgeha ""siyaseta demokratîk"" tê vê wateyê: rexnekirina desthilatê di nav sînorên hiqûqî de bêyî çekan.",Source title and URL are both missing.,0177432f855fbadea686941a0dd24d3d
warning,missing_source_metadata,high,offline_runtime_bank,assets/data/offline_questions.json,78,offline_2227,Di vegotina Newrozê de sembola berxwedana li dijî zalim kî ye?,Source title and URL are both missing.,f6e8b81eaffdc5e7b29d575cf5b911c0
warning,missing_source_metadata,high,offline_runtime_bank,assets/data/offline_questions.json,790,offline_tf_siy_0017,"Rast e an şaş e: Têgeha ""muxalefeta demokratîk"" tê vê wateyê: rexnekirina desthilatê di nav sînorên hiqûqî de bêyî çekan.",Source title and URL are both missing.,a962dc7c6b6f789271d388163d8d13c3
warning,missing_source_metadata,high,offline_runtime_bank,assets/data/offline_questions.json,791,offline_tf_siy_0018,"Têgeha ""muxalefeta demokratîk"" wiha tê ravekirin: nerazîbûna ku ji hêla komên civakî ve tê nîşandan, ne ji hêla partiyan ve. Ev rast e an şaş e?",Source title and URL are both missing.,80c2d84a1d37d79a173fd7e375d93d5e
warning,missing_source_metadata,high,offline_runtime_bank,assets/data/offline_questions.json,792,offline_tf_siy_0020,"Binirxîne: li gorî vê ravekirinê ""muxalefeta civakî"" ev e — redkirina eşkere û bêşiddet a qanûneke ku neheq tê dîtin. Rast e an şaş e?",Source title and URL are both missing.,4f2db964650ee7266009babe9f3c318c
warning,missing_source_metadata,high,offline_runtime_bank,assets/data/offline_questions.json,793,offline_tf_siy_0022,"Ev ravekirin ji bo ""bêîtaetiya sivîl"" rast e an şaş e: parastina ziman, ol û çanda komên hejmara wan kêm?",Source title and URL are both missing.,48b7397cc785f6b2de19ef813d3ef037
warning,missing_source_metadata,high,offline_runtime_bank,assets/data/offline_questions.json,794,offline_tf_siy_0023,"Ev ravekirin ji bo ""mafên hindikahiyan"" rast e an şaş e: parastina ziman, ol û çanda komên hejmara wan kêm?",Source title and URL are both missing.,5dc2d2c44c60cf91734622ea99909ae2
warning,near_duplicate_candidate,medium,offline_runtime_bank,assets/data/offline_questions.json,794,offline_tf_siy_0023,"Ev ravekirin ji bo ""mafên hindikahiyan"" rast e an şaş e: parastina ziman, ol û çanda komên hejmara wan kêm?",Near duplicate candidate.,5a7c1ce222de7f9d13329af9d765aeb1
warning,missing_source_metadata,high,offline_runtime_bank,assets/data/offline_questions.json,795,offline_tf_siy_0024,"Rast e an şaş e: Têgeha ""mafên hindikahiyan"" tê vê wateyê: mafê xwendinê bi zimanê ku zarok pê mezin bûye.",Source title and URL are both missing.,5fe477a7711b2db8731bb4113364f426
warning,missing_source_metadata,high,offline_runtime_bank,assets/data/offline_questions.json,796,offline_tf_siy_0026,"Têgeha ""perwerdehiya bi zimanê zikmakî"" wiha tê ravekirin: girêdana mafekî bi destûra bingehîn da ku bi qanûneke asayî neyê rakirin. Ev rast e an şaş e?",Source title and URL are both missing.,bcbce569ca4e237b3cc1ac7ec6607ef7
warning,missing_source_metadata,high,offline_runtime_bank,assets/data/offline_questions.json,797,offline_tf_siy_0027,"Têgeha ""garantiya destûrî"" wiha tê ravekirin: girêdana mafekî bi destûra bingehîn da ku bi qanûneke asayî neyê rakirin. Ev rast e an şaş e?",Source title and URL are both missing.,7274056d86286a31b2649dcaaa3b89ee
warning,missing_source_metadata,high,offline_runtime_bank,assets/data/offline_questions.json,798,offline_tf_siy_0028,"Binirxîne: li gorî vê ravekirinê ""garantiya destûrî"" ev e — mafê her kesî yê darizandina eşkere, bêalî û di demeke maqûl de. Rast e an şaş e?",Source title and URL are both missing.,ca130d6493a2b2c0a508930fad2e321f
warning,missing_source_metadata,high,offline_runtime_bank,assets/data/offline_questions.json,799,offline_tf_siy_0029,"Binirxîne: li gorî vê ravekirinê ""dadgehkirina dadperwer"" ev e — mafê her kesî yê darizandina eşkere, bêalî û di demeke maqûl de. Rast e an şaş e?",Source title and URL are both missing.,8a9acb592bb725332b966b011c3f82a1
warning,near_duplicate_candidate,medium,offline_runtime_bank,assets/data/offline_questions.json,799,offline_tf_siy_0029,"Binirxîne: li gorî vê ravekirinê ""dadgehkirina dadperwer"" ev e — mafê her kesî yê darizandina eşkere, bêalî û di demeke maqûl de. Rast e an şaş e?",Near duplicate candidate.,b59ceced355995ad63c9690ccd49104c
warning,missing_source_metadata,high,offline_runtime_bank,assets/data/offline_questions.json,79,offline_2231,Kurmancî û Soranî wek du zaravayên girîng ên çi têne zanîn?,Source title and URL are both missing.,d6bfa22e54e156429832441bf5573772
warning,missing_source_metadata,high,offline_runtime_bank,assets/data/offline_questions.json,7,offline_0025,"Nîşana wêneyê: ""zanîn"". Wateya wê çi ye?",Source title and URL are both missing.,a71aa77e4be36240cf542db24e4b31c9
warning,near_duplicate_candidate,medium,offline_runtime_bank,assets/data/offline_questions.json,7,offline_0025,"Nîşana wêneyê: ""zanîn"". Wateya wê çi ye?",Near duplicate candidate.,5f476afe9ccde0dbadba6b90deef4f8a
warning,missing_source_metadata,high,offline_runtime_bank,assets/data/offline_questions.json,800,offline_tf_siy_0030,"Ev ravekirin ji bo ""dadgehkirina dadperwer"" rast e an şaş e: diyarkirina rêjeyeke herî kêm ji bo nûnertiya jinan di saziyan de?",Source title and URL are both missing.,fc9cd04994d60919654a1354c4024bcc
warning,missing_source_metadata,high,offline_runtime_bank,assets/data/offline_questions.json,801,offline_tf_siy_0031,"Ev ravekirin ji bo ""kotaya zayendî"" rast e an şaş e: diyarkirina rêjeyeke herî kêm ji bo nûnertiya jinan di saziyan de?",Source title and URL are both missing.,326dbfaf9809e444f7c212aec07f4373
warning,missing_source_metadata,high,offline_runtime_bank,assets/data/offline_questions.json,802,offline_tf_siy_0032,"Rast e an şaş e: Têgeha ""kotaya zayendî"" tê vê wateyê: diyarkirina xerckirina budceyê bi dengê rasterast ê niştecihan.",Source title and URL are both missing.,82acf934efcd0b0c9c9b21e3c123a1f6
warning,missing_source_metadata,high,offline_runtime_bank,assets/data/offline_questions.json,803,offline_tf_siy_0034,"Têgeha ""budceya beşdarîxwaz"" wiha tê ravekirin: saziyên biryardar ên tax û gundan ên herî nêzî jiyana rojane. Ev rast e an şaş e?",Source title and URL are both missing.,f5ff8683282b118d1b12907ac5dd52a4
warning,missing_source_metadata,high,offline_runtime_bank,assets/data/offline_questions.json,804,offline_tf_siy_0035,"Têgeha ""meclîsên herêmî"" wiha tê ravekirin: saziyên biryardar ên tax û gundan ên herî nêzî jiyana rojane. Ev rast e an şaş e?",Source title and URL are both missing.,f05b7379ac7959b2da0cb461b7b6ec3b
warning,near_duplicate_candidate,medium,offline_runtime_bank,assets/data/offline_questions.json,804,offline_tf_siy_0035,"Têgeha ""meclîsên herêmî"" wiha tê ravekirin: saziyên biryardar ên tax û gundan ên herî nêzî jiyana rojane. Ev rast e an şaş e?",Near duplicate candidate.,9b57c31f922275e51edac5a465e4386b
warning,missing_source_metadata,high,offline_runtime_bank,assets/data/offline_questions.json,805,offline_tf_siy_0036,"Binirxîne: li gorî vê ravekirinê ""meclîsên herêmî"" ev e — biryardayîna li ser pirsên herêmê ji hêla xelkê wê herêmê ve. Rast e an şaş e?",Source title and URL are both missing.,db9807e09612dc7e010efdd891cf598a
warning,missing_source_metadata,high,offline_runtime_bank,assets/data/offline_questions.json,806,offline_tf_siy_0037,"Binirxîne: li gorî vê ravekirinê ""vîna herêmî"" ev e — biryardayîna li ser pirsên herêmê ji hêla xelkê wê herêmê ve. Rast e an şaş e?",Source title and URL are both missing.,46fa3b5c8f1655b1accd7200466ae0b1
warning,near_duplicate_candidate,medium,offline_runtime_bank,assets/data/offline_questions.json,806,offline_tf_siy_0037,"Binirxîne: li gorî vê ravekirinê ""vîna herêmî"" ev e — biryardayîna li ser pirsên herêmê ji hêla xelkê wê herêmê ve. Rast e an şaş e?",Near duplicate candidate.,43fdd6ef14378aa0c9076bfbcf49f36b
warning,missing_source_metadata,high,offline_runtime_bank,assets/data/offline_questions.json,807,offline_tf_siy_0038,"Ev ravekirin ji bo ""vîna herêmî"" rast e an şaş e: peymana bêyaz a ku komên cuda li ser jiyana hevpar digihîjin hev?",Source title and URL are both missing.,8101ad0412687b569cb8f4e8a0ed249f
warning,missing_source_metadata,high,offline_runtime_bank,assets/data/offline_questions.json,808,offline_tf_siy_0040,"Rast e an şaş e: Têgeha ""lihevkirina civakî"" tê vê wateyê: rewşa ku tê de nakokî bi şîdetê nayên çareserkirin.",Source title and URL are both missing.,5458526e78084be8c03f7680bfdc336e
warning,missing_source_metadata,high,offline_runtime_bank,assets/data/offline_questions.json,809,offline_tf_siy_0041,"Rast e an şaş e: Têgeha ""aştiya civakî"" tê vê wateyê: rewşa ku tê de nakokî bi şîdetê nayên çareserkirin.",Source title and URL are both missing.,5e504fcfbb2690338ebc81d8365fa1c0
warning,near_duplicate_candidate,medium,offline_runtime_bank,assets/data/offline_questions.json,809,offline_tf_siy_0041,"Rast e an şaş e: Têgeha ""aştiya civakî"" tê vê wateyê: rewşa ku tê de nakokî bi şîdetê nayên çareserkirin.",Near duplicate candidate.,8121f59c8492bdbb060427f725f8c539
warning,missing_source_metadata,high,offline_runtime_bank,assets/data/offline_questions.json,80,offline_2232,Kurmancî bi piranî bi kîjan pergala nivîsandinê tê nivîsandin?,Source title and URL are both missing.,91dce9b2f1385930d5837967531c4863
warning,missing_source_metadata,high,offline_runtime_bank,assets/data/offline_questions.json,810,offline_tf_siy_0042,"Têgeha ""aştiya civakî"" wiha tê ravekirin: mafê gelan ê jiyaneke bê şer û bê tirsa şîdetê. Ev rast e an şaş e?",Source title and URL are both missing.,aeecde0e4ae040b375bb959e41ebc31e
warning,missing_source_metadata,high,offline_runtime_bank,assets/data/offline_questions.json,811,offline_tf_siy_0043,"Têgeha ""mafê aştiyê"" wiha tê ravekirin: mafê gelan ê jiyaneke bê şer û bê tirsa şîdetê. Ev rast e an şaş e?",Source title and URL are both missing.,a32ff6ffbfc2cb0e0372f7440e6b87a3
warning,near_duplicate_candidate,medium,offline_runtime_bank,assets/data/offline_questions.json,811,offline_tf_siy_0043,"Têgeha ""mafê aştiyê"" wiha tê ravekirin: mafê gelan ê jiyaneke bê şer û bê tirsa şîdetê. Ev rast e an şaş e?",Near duplicate candidate.,a7ee78ef9120d700e8fe2c7301a7bd24
warning,missing_source_metadata,high,offline_runtime_bank,assets/data/offline_questions.json,812,offline_tf_siy_0044,"Binirxîne: li gorî vê ravekirinê ""mafê aştiyê"" ev e — pîvana ku desthilatdar li gorî berjewendiya civakê tevbigere, ne ya xwe. Rast e an şaş e?",Source title and URL are both missing.,8fa860496f693710bb99c449c6fa83d5
warning,missing_source_metadata,high,offline_runtime_bank,assets/data/offline_questions.json,813,offline_tf_siy_0045,"Binirxîne: li gorî vê ravekirinê ""exlaqê siyasî"" ev e — pîvana ku desthilatdar li gorî berjewendiya civakê tevbigere, ne ya xwe. Rast e an şaş e?",Source title and URL are both missing.,fe564d486edaf2a4eb9fce47f64ba4f1
warning,near_duplicate_candidate,medium,offline_runtime_bank,assets/data/offline_questions.json,813,offline_tf_siy_0045,"Binirxîne: li gorî vê ravekirinê ""exlaqê siyasî"" ev e — pîvana ku desthilatdar li gorî berjewendiya civakê tevbigere, ne ya xwe. Rast e an şaş e?",Near duplicate candidate.,bd9545a5f3c6e0d044e00b4882ad7ff2
warning,missing_source_metadata,high,offline_runtime_bank,assets/data/offline_questions.json,814,offline_tf_siy_0046,"Ev ravekirin ji bo ""exlaqê siyasî"" rast e an şaş e: tevlîbûna hemwelatiyan a di biryar û çavdêriya rêveberiyê de?",Source title and URL are both missing.,9537b2e5083c82ea82eaeeecdbb009f7
warning,missing_source_metadata,high,offline_runtime_bank,assets/data/offline_questions.json,815,offline_tf_siy_0047,"Ev ravekirin ji bo ""beşdariya siyasî"" rast e an şaş e: tevlîbûna hemwelatiyan a di biryar û çavdêriya rêveberiyê de?",Source title and URL are both missing.,d916ab8bc1c25dfa4001b74a4615b5aa
warning,near_duplicate_candidate,medium,offline_runtime_bank,assets/data/offline_questions.json,815,offline_tf_siy_0047,"Ev ravekirin ji bo ""beşdariya siyasî"" rast e an şaş e: tevlîbûna hemwelatiyan a di biryar û çavdêriya rêveberiyê de?",Near duplicate candidate.,242c752ba10ed9a0319309cfd7e80b1d
warning,missing_source_metadata,high,offline_runtime_bank,assets/data/offline_questions.json,816,offline_tf_siy_0048,"Rast e an şaş e: Têgeha ""beşdariya siyasî"" tê vê wateyê: hevkariya hêzên cuda yên civakê li ser bernameyeke hevpar.",Source title and URL are both missing.,74ac941539d5e9bbcc471906e5d69722
warning,missing_source_metadata,high,offline_runtime_bank,assets/data/offline_questions.json,817,offline_tf_siy_0049,"Rast e an şaş e: Têgeha ""hevpeymaniyên demokratîk"" tê vê wateyê: hevkariya hêzên cuda yên civakê li ser bernameyeke hevpar.",Source title and URL are both missing.,00ea61cae35f1178cef9b12f22920b91
warning,missing_source_metadata,high,offline_runtime_bank,assets/data/offline_questions.json,818,offline_tf_siy_0050,"Têgeha ""hevpeymaniyên demokratîk"" wiha tê ravekirin: komek mafên wekî azadiya gotin, civîn û rêxistinbûnê. Ev rast e an şaş e?",Source title and URL are both missing.,bb7ac42caaff093ca55f2c0af0495642
warning,missing_source_metadata,high,offline_runtime_bank,assets/data/offline_questions.json,819,offline_tf_siy_0051,"Têgeha ""mafên demokratîk"" wiha tê ravekirin: komek mafên wekî azadiya gotin, civîn û rêxistinbûnê. Ev rast e an şaş e?",Source title and URL are both missing.,db5d0b1a86c7e57ceec09e73b4da628e
warning,missing_source_metadata,high,offline_runtime_bank,assets/data/offline_questions.json,81,offline_2233,Soranî li Iraq û Îranê bi piranî bi kîjan pergala nivîsê tê nivîsandin?,Source title and URL are both missing.,766ce1be24dd7b3cb63e7d097d8b2c50
warning,missing_source_metadata,high,offline_runtime_bank,assets/data/offline_questions.json,820,offline_tf_siy_0052,"Binirxîne: li gorî vê ravekirinê ""mafên demokratîk"" ev e — biryardayîna gel bi xwe, bêyî navbeynkariya nûneran. Rast e an şaş e?",Source title and URL are both missing.,14dcf7a68bcc30d9478022f808d80c5d
warning,missing_source_metadata,high,offline_runtime_bank,assets/data/offline_questions.json,821,offline_tf_siy_0054,"Ev ravekirin ji bo ""beşdariya rasterast"" rast e an şaş e: saziya hilbijartî ya ku karûbarên bajêr an gund birêve dibe?",Source title and URL are both missing.,d8bcbcfe467adcb2e182bdd7589ee84c
warning,missing_source_metadata,high,offline_runtime_bank,assets/data/offline_questions.json,822,offline_tf_siy_0055,"Ev ravekirin ji bo ""rêveberiya herêmî"" rast e an şaş e: saziya hilbijartî ya ku karûbarên bajêr an gund birêve dibe?",Source title and URL are both missing.,a3445a7c729b9c4f35f3c9becf4a1c5f
warning,near_duplicate_candidate,medium,offline_runtime_bank,assets/data/offline_questions.json,822,offline_tf_siy_0055,"Ev ravekirin ji bo ""rêveberiya herêmî"" rast e an şaş e: saziya hilbijartî ya ku karûbarên bajêr an gund birêve dibe?",Near duplicate candidate.,24a811c485a03042f5c42fd5fe37f59d
warning,missing_source_metadata,high,offline_runtime_bank,assets/data/offline_questions.json,823,offline_tf_siy_0056,"Rast e an şaş e: Têgeha ""rêveberiya herêmî"" tê vê wateyê: modela ku tê de gelên herêmê saziyên xwe bi xwe birêve dibin.",Source title and URL are both missing.,4bcaf12846433df2ba7b93b79dc22339
warning,missing_source_metadata,high,offline_runtime_bank,assets/data/offline_questions.json,824,offline_tf_dir_0000,"Rast e an şaş e: Têgeha ""Mîrgeha Bidlîsê"" tê vê wateyê: mîrnişîna kurd a ku Şerefxan jê derket û Şerefname li wir hat nivîsandin.",Source title and URL are both missing.,920c8e8a45d9b14fb312975ed9260f66
warning,missing_source_metadata,high,offline_runtime_bank,assets/data/offline_questions.json,825,offline_tf_dir_0001,"Rast e an şaş e: Têgeha ""Mîrgeha Bidlîsê"" tê vê wateyê: mîrnişîna kurd a bi navenda Silêmaniyê ku di sedsala 18em de bihêz bû.",Source title and URL are both missing.,f78e898fb851a853d9a95870260e03f1
warning,missing_source_metadata,high,offline_runtime_bank,assets/data/offline_questions.json,826,offline_tf_dir_0002,"Têgeha ""Mîrgeha Babanê"" wiha tê ravekirin: mîrnişîna kurd a bi navenda Silêmaniyê ku di sedsala 18em de bihêz bû. Ev rast e an şaş e?",Source title and URL are both missing.,cdf129decbef910695f83dd0aa503f8f
warning,missing_source_metadata,high,offline_runtime_bank,assets/data/offline_questions.json,827,offline_tf_dir_0003,"Têgeha ""Mîrgeha Babanê"" wiha tê ravekirin: serhildana kurdî ya sala 1921ê ya li derdora Sêwasê. Ev rast e an şaş e?",Source title and URL are both missing.,049665d845f46d50275cc44480dc32e9
warning,missing_source_metadata,high,offline_runtime_bank,assets/data/offline_questions.json,828,offline_tf_dir_0004,"Binirxîne: li gorî vê ravekirinê ""Serhildana Koçgirî"" ev e — serhildana kurdî ya sala 1921ê ya li derdora Sêwasê. Rast e an şaş e?",Source title and URL are both missing.,e078860f2b1cc020fe92cc03b04a82fa
warning,missing_source_metadata,high,offline_runtime_bank,assets/data/offline_questions.json,829,offline_tf_dir_0005,"Binirxîne: li gorî vê ravekirinê ""Serhildana Koçgirî"" ev e — berxwedana derdora Çiyayê Agirî ya di navbera salên 1927-1930 de. Rast e an şaş e?",Source title and URL are both missing.,796bee23c42676b25479563f7ff0ca1f
warning,missing_source_metadata,high,offline_runtime_bank,assets/data/offline_questions.json,82,offline_2237,"Di kurdî de peyva ""heval"" bi giştî tê çi wateyê?",Source title and URL are both missing.,fa6c8ef182f347ec38c5cea71438b97b
warning,missing_source_metadata,high,offline_runtime_bank,assets/data/offline_questions.json,830,offline_tf_dir_0007,"Ev ravekirin ji bo ""Serhildanên Agirî"" rast e an şaş e: êrîşa kîmyayî ya ku di sala 1988 de li dijî kurdan hat kirin?",Source title and URL are both missing.,710416de5962ad9959518345cddf6172
warning,missing_source_metadata,high,offline_runtime_bank,assets/data/offline_questions.json,831,offline_tf_dir_0008,"Rast e an şaş e: Têgeha ""Komkujiya Helebceyê"" tê vê wateyê: êrîşa kîmyayî ya ku di sala 1988 de li dijî kurdan hat kirin.",Source title and URL are both missing.,5385fb3d954e3682cddeacca06d46f5b
warning,missing_source_metadata,high,offline_runtime_bank,assets/data/offline_questions.json,832,offline_tf_dir_0009,"Rast e an şaş e: Têgeha ""Komkujiya Helebceyê"" tê vê wateyê: peymana 1639an a ku erdnîgariya kurdî di navbera du împaratoriyan de par kir.",Source title and URL are both missing.,8d4558f33e1b4bdb2217f37aa948b640
warning,missing_source_metadata,high,offline_runtime_bank,assets/data/offline_questions.json,833,offline_tf_dir_0010,"Têgeha ""Peymana Qesrişîrînê"" wiha tê ravekirin: peymana 1639an a ku erdnîgariya kurdî di navbera du împaratoriyan de par kir. Ev rast e an şaş e?",Source title and URL are both missing.,91fee405704d59d0e6bfbcf6e5e6b659
warning,missing_source_metadata,high,offline_runtime_bank,assets/data/offline_questions.json,834,offline_tf_dir_0011,"Têgeha ""Peymana Qesrişîrînê"" wiha tê ravekirin: komara kurdî ya kurtedem a ku di sala 1946an de li rojhilat hat avakirin. Ev rast e an şaş e?",Source title and URL are both missing.,063a51e3b7dfe1b0596f84f787278e01
warning,missing_source_metadata,high,offline_runtime_bank,assets/data/offline_questions.json,835,offline_tf_dir_0012,"Binirxîne: li gorî vê ravekirinê ""Komara Mehabadê"" ev e — komara kurdî ya kurtedem a ku di sala 1946an de li rojhilat hat avakirin. Rast e an şaş e?",Source title and URL are both missing.,193e44f9fdf9b01a950c2fc64291ec4a
warning,missing_source_metadata,high,offline_runtime_bank,assets/data/offline_questions.json,836,offline_tf_dir_0013,"Binirxîne: li gorî vê ravekirinê ""Komara Mehabadê"" ev e — serokê Komara Mehabadê yê ku piştî hilweşandina wê hat îdamkirin. Rast e an şaş e?",Source title and URL are both missing.,abe194d396bf5529778c134c42e135c1
warning,missing_source_metadata,high,offline_runtime_bank,assets/data/offline_questions.json,837,offline_tf_dir_0014,"Ev ravekirin ji bo ""Qazî Mihemed"" rast e an şaş e: serokê Komara Mehabadê yê ku piştî hilweşandina wê hat îdamkirin?",Source title and URL are both missing.,29fefbddc0562df1ce6ae339bf0b4901
warning,missing_source_metadata,high,offline_runtime_bank,assets/data/offline_questions.json,838,offline_tf_dir_0015,"Ev ravekirin ji bo ""Qazî Mihemed"" rast e an şaş e: serokê serhildana 1925an a li bakurê Kurdistanê?",Source title and URL are both missing.,71c5cd0a6ba791929c0ddca9115f0dc7
warning,missing_source_metadata,high,offline_runtime_bank,assets/data/offline_questions.json,839,offline_tf_dir_0016,"Rast e an şaş e: Têgeha ""Şêx Seîd"" tê vê wateyê: serokê serhildana 1925an a li bakurê Kurdistanê.",Source title and URL are both missing.,2eb6e804221ae2f08d2dfbad7c582c5b
warning,missing_source_metadata,high,offline_runtime_bank,assets/data/offline_questions.json,83,offline_2241,Di xebatên naskirina axaftina kurdî de projeya Jira di kîjan qadê de wek mînak tê nîşandan?,Source title and URL are both missing.,94157bbe9147733942c26c57046706e9
warning,missing_source_metadata,high,offline_runtime_bank,assets/data/offline_questions.json,840,offline_tf_dir_0017,"Rast e an şaş e: Têgeha ""Şêx Seîd"" tê vê wateyê: serokê tevgera neteweyî ya başûr a ku bi dehsalan berdewam kir.",Source title and URL are both missing.,db375439cea3902a1401c12d3b7c3876
warning,missing_source_metadata,high,offline_runtime_bank,assets/data/offline_questions.json,841,offline_tf_dir_0018,"Têgeha ""Mistefa Barzanî"" wiha tê ravekirin: serokê tevgera neteweyî ya başûr a ku bi dehsalan berdewam kir. Ev rast e an şaş e?",Source title and URL are both missing.,55f15a36dfd14c9cf2a6deb3edeb7a63
warning,missing_source_metadata,high,offline_runtime_bank,assets/data/offline_questions.json,842,offline_tf_dir_0019,"Têgeha ""Mistefa Barzanî"" wiha tê ravekirin: mîrê Botan ê ku di sedsala 19em de li dijî navendîkirinê rabû. Ev rast e an şaş e?",Source title and URL are both missing.,d2404d7fe09e91f0412defa64ad94102
warning,missing_source_metadata,high,offline_runtime_bank,assets/data/offline_questions.json,843,offline_tf_dir_0020,"Binirxîne: li gorî vê ravekirinê ""Bedirxan Beg"" ev e — mîrê Botan ê ku di sedsala 19em de li dijî navendîkirinê rabû. Rast e an şaş e?",Source title and URL are both missing.,4ca587e11dd377bcea7d40f78267ef96
warning,missing_source_metadata,high,offline_runtime_bank,assets/data/offline_questions.json,844,offline_tf_dir_0021,"Binirxîne: li gorî vê ravekirinê ""Bedirxan Beg"" ev e — kesê ku rojnameya kurdî ya yekem di sala 1898 de derxist. Rast e an şaş e?",Source title and URL are both missing.,30702eaff177d743a4566159d5590604
warning,missing_source_metadata,high,offline_runtime_bank,assets/data/offline_questions.json,845,offline_tf_dir_0022,"Ev ravekirin ji bo ""Mîqdat Mîdhad Bedirxan"" rast e an şaş e: kesê ku rojnameya kurdî ya yekem di sala 1898 de derxist?",Source title and URL are both missing.,76314978bf12eb1807b93aa1de350ed2
warning,missing_source_metadata,high,offline_runtime_bank,assets/data/offline_questions.json,846,offline_tf_dir_0023,"Ev ravekirin ji bo ""Mîqdat Mîdhad Bedirxan"" rast e an şaş e: veguhastina bûyerên rabirdûyê bi rêya şahidî û çîrokên devkî?",Source title and URL are both missing.,a3f12acbd27359c50fb311bd60f356eb
warning,missing_source_metadata,high,offline_runtime_bank,assets/data/offline_questions.json,847,offline_tf_dir_0024,"Rast e an şaş e: Têgeha ""dîroka devkî"" tê vê wateyê: veguhastina bûyerên rabirdûyê bi rêya şahidî û çîrokên devkî.",Source title and URL are both missing.,0c98c1af1d4748bee37106f6062c9e44
warning,missing_source_metadata,high,offline_runtime_bank,assets/data/offline_questions.json,848,offline_tf_dir_0025,"Rast e an şaş e: Têgeha ""dîroka devkî"" tê vê wateyê: belge an tiştê ku ji wê serdemê maye û rasterast şahidî dike.",Source title and URL are both missing.,d3088d7ce12954b2c950fafce6499c64
warning,missing_source_metadata,high,offline_runtime_bank,assets/data/offline_questions.json,849,offline_tf_dir_0026,"Têgeha ""çavkaniya seretayî"" wiha tê ravekirin: belge an tiştê ku ji wê serdemê maye û rasterast şahidî dike. Ev rast e an şaş e?",Source title and URL are both missing.,1494928021ec53efa7092a59a0d2fff3
warning,missing_source_metadata,high,offline_runtime_bank,assets/data/offline_questions.json,84,offline_2246,Rojnameya Kurdî ya pêşîn kîjan navî hildigire?,Source title and URL are both missing.,97ed6cf2daf44dfaf04a5bf13432b0bb
warning,missing_source_metadata,high,offline_runtime_bank,assets/data/offline_questions.json,850,offline_tf_dir_0027,"Têgeha ""çavkaniya seretayî"" wiha tê ravekirin: ji ber şer, aborî an siyasetê guhertina cihê jiyanê ya bi komî. Ev rast e an şaş e?",Source title and URL are both missing.,a887195d37652064a3102f35398b2a3e
warning,missing_source_metadata,high,offline_runtime_bank,assets/data/offline_questions.json,851,offline_tf_dir_0028,"Binirxîne: li gorî vê ravekirinê ""koçberî"" ev e — ji ber şer, aborî an siyasetê guhertina cihê jiyanê ya bi komî. Rast e an şaş e?",Source title and URL are both missing.,3e14eb3181787acc7bcf9969836aed72
warning,missing_source_metadata,high,offline_runtime_bank,assets/data/offline_questions.json,852,offline_tf_dir_0029,"Binirxîne: li gorî vê ravekirinê ""koçberî"" ev e — mîrnişîna kurd a ku Şerefxan jê derket û Şerefname li wir hat nivîsandin. Rast e an şaş e?",Source title and URL are both missing.,b0766434db01fce9a4c22ead4e1b6ba1
warning,missing_source_metadata,high,offline_runtime_bank,assets/data/offline_questions.json,853,offline_tf_can_0000,"Rast e an şaş e: Têgeha ""dengbêjî"" tê vê wateyê: kevneşopiya vegotina bi deng a ku çîrok û dîrokê bêyî amûrê digihîne.",Source title and URL are both missing.,f62ff7902d4397f44a9fb57ecddc12ee
warning,missing_source_metadata,high,offline_runtime_bank,assets/data/offline_questions.json,854,offline_tf_can_0001,"Rast e an şaş e: Têgeha ""dengbêjî"" tê vê wateyê: awaza ku ji bo windahiyê tê gotin û êşê bi awayekî hevpar par dike.",Source title and URL are both missing.,2fb8c6dea8e489e3b2f7abb845856153
warning,missing_source_metadata,high,offline_runtime_bank,assets/data/offline_questions.json,855,offline_tf_can_0002,"Têgeha ""şînî"" wiha tê ravekirin: awaza ku ji bo windahiyê tê gotin û êşê bi awayekî hevpar par dike. Ev rast e an şaş e?",Source title and URL are both missing.,7b15bee7d7be82eb55351049c7be03e7
warning,missing_source_metadata,high,offline_runtime_bank,assets/data/offline_questions.json,856,offline_tf_can_0003,"Têgeha ""şînî"" wiha tê ravekirin: kevneşopiya xwarinê ya ku li gorî herêm, avhewa û zarava diguhere. Ev rast e an şaş e?",Source title and URL are both missing.,2981a67677aa6fda39dbb5d770959bc3
warning,missing_source_metadata,high,offline_runtime_bank,assets/data/offline_questions.json,857,offline_tf_can_0004,"Binirxîne: li gorî vê ravekirinê ""pêjgeha kurdî"" ev e — kevneşopiya xwarinê ya ku li gorî herêm, avhewa û zarava diguhere. Rast e an şaş e?",Source title and URL are both missing.,cf3d19c369194929994589871a069a86
warning,missing_source_metadata,high,offline_runtime_bank,assets/data/offline_questions.json,858,offline_tf_can_0005,"Binirxîne: li gorî vê ravekirinê ""pêjgeha kurdî"" ev e — nanê kevneşopî yê ku li dîwarê tenûrê tê zeliqandin û tê patin. Rast e an şaş e?",Source title and URL are both missing.,8764a7ff0a5236b71fe1eadf52f91eab
warning,missing_source_metadata,high,offline_runtime_bank,assets/data/offline_questions.json,859,offline_tf_can_0006,"Ev ravekirin ji bo ""nanê tenûrê"" rast e an şaş e: nanê kevneşopî yê ku li dîwarê tenûrê tê zeliqandin û tê patin?",Source title and URL are both missing.,42c990760237c79e8939c865377fbb69
warning,missing_source_metadata,high,offline_runtime_bank,assets/data/offline_questions.json,85,offline_2248,Kovara Hawar bi taybetî bi kîjan tevkariyê tê bibîranîn?,Source title and URL are both missing.,90f9cca192d1cc82e793eabb1c7370c1
warning,missing_source_metadata,high,offline_runtime_bank,assets/data/offline_questions.json,860,offline_tf_can_0007,"Ev ravekirin ji bo ""nanê tenûrê"" rast e an şaş e: cilûbergê kevneşopî yê mêran ê ku ji du parçeyên hevgirtî pêk tê?",Source title and URL are both missing.,16f6224b7d4e5f05b37aa09a058f8d26
warning,missing_source_metadata,high,offline_runtime_bank,assets/data/offline_questions.json,861,offline_tf_can_0008,"Rast e an şaş e: Têgeha ""şal û şapik"" tê vê wateyê: cilûbergê kevneşopî yê mêran ê ku ji du parçeyên hevgirtî pêk tê.",Source title and URL are both missing.,79e3d70ee67dbfb131871cabb2b1bd04
warning,missing_source_metadata,high,offline_runtime_bank,assets/data/offline_questions.json,862,offline_tf_can_0009,"Rast e an şaş e: Têgeha ""şal û şapik"" tê vê wateyê: pêlava kurdî ya kevneşopî ya destçêkirî ya ji ristina têlan.",Source title and URL are both missing.,3167ed27aefb23f31940c380f48517bf
warning,missing_source_metadata,high,offline_runtime_bank,assets/data/offline_questions.json,863,offline_tf_can_0010,"Têgeha ""kelaş"" wiha tê ravekirin: pêlava kurdî ya kevneşopî ya destçêkirî ya ji ristina têlan. Ev rast e an şaş e?",Source title and URL are both missing.,bdd928e1c91a9a7355adb5e662e10b31
warning,missing_source_metadata,high,offline_runtime_bank,assets/data/offline_questions.json,864,offline_tf_can_0011,"Têgeha ""kelaş"" wiha tê ravekirin: şêwaza kevneşopî ya honandina porê jinan a bi gelek şaxan. Ev rast e an şaş e?",Source title and URL are both missing.,59e06a01f0bd6d01811247903769f9c5
warning,missing_source_metadata,high,offline_runtime_bank,assets/data/offline_questions.json,865,offline_tf_can_0012,"Binirxîne: li gorî vê ravekirinê ""kezî"" ev e — şêwaza kevneşopî ya honandina porê jinan a bi gelek şaxan. Rast e an şaş e?",Source title and URL are both missing.,2e688e3651b6edf322328cb9e090cf49
warning,missing_source_metadata,high,offline_runtime_bank,assets/data/offline_questions.json,866,offline_tf_can_0013,"Binirxîne: li gorî vê ravekirinê ""kezî"" ev e — destmala ku serê govendê di destê xwe de dihejîne. Rast e an şaş e?",Source title and URL are both missing.,fed3880da1cae4bc03309aaccc2e8022
warning,missing_source_metadata,high,offline_runtime_bank,assets/data/offline_questions.json,867,offline_tf_can_0014,"Ev ravekirin ji bo ""destmala govendê"" rast e an şaş e: destmala ku serê govendê di destê xwe de dihejîne?",Source title and URL are both missing.,b4a1837f216856ee7e0e403894ae72fb
warning,missing_source_metadata,high,offline_runtime_bank,assets/data/offline_questions.json,868,offline_tf_can_0015,"Ev ravekirin ji bo ""destmala govendê"" rast e an şaş e: kevneşopiya dayîna diyariya pereyî ya di dawet û şahiyan de?",Source title and URL are both missing.,202247e149fda17c595bcf92ec6b30ad
warning,missing_source_metadata,high,offline_runtime_bank,assets/data/offline_questions.json,869,offline_tf_can_0016,"Rast e an şaş e: Têgeha ""şabaş"" tê vê wateyê: kevneşopiya dayîna diyariya pereyî ya di dawet û şahiyan de.",Source title and URL are both missing.,c388fc3c15105711ed1bd43f2db14de7
warning,missing_source_metadata,high,offline_runtime_bank,assets/data/offline_questions.json,86,offline_2261,Di çanda Kurdî de zêmar bi giştî xwedî kîjan fonksiyonê ne?,Source title and URL are both missing.,7242523e04cdb594438b4593a7392b64
warning,missing_source_metadata,high,offline_runtime_bank,assets/data/offline_questions.json,870,offline_tf_can_0017,"Rast e an şaş e: Têgeha ""şabaş"" tê vê wateyê: qaîdeya exlaqî ya ku mêvan wek bereketa malê dihesibîne.",Source title and URL are both missing.,3772502f41bc3fc2183a5cebb545ca1c
warning,missing_source_metadata,high,offline_runtime_bank,assets/data/offline_questions.json,871,offline_tf_can_0018,"Têgeha ""mêvanperwerî"" wiha tê ravekirin: qaîdeya exlaqî ya ku mêvan wek bereketa malê dihesibîne. Ev rast e an şaş e?",Source title and URL are both missing.,ef74a8d34d16be1b4c5984c48569d32a
warning,missing_source_metadata,high,offline_runtime_bank,assets/data/offline_questions.json,872,offline_tf_can_0019,"Têgeha ""mêvanperwerî"" wiha tê ravekirin: gotina kurt a ku bi mînakekê pendekê digihîne. Ev rast e an şaş e?",Source title and URL are both missing.,6ecb1613b9471a7c5a5f91072b95a6a5
warning,missing_source_metadata,high,offline_runtime_bank,assets/data/offline_questions.json,873,offline_tf_can_0020,"Binirxîne: li gorî vê ravekirinê ""metelok"" ev e — gotina kurt a ku bi mînakekê pendekê digihîne. Rast e an şaş e?",Source title and URL are both missing.,94657932e8b03add6feb4101a45fd96e
warning,missing_source_metadata,high,offline_runtime_bank,assets/data/offline_questions.json,874,offline_tf_can_0021,"Binirxîne: li gorî vê ravekirinê ""metelok"" ev e — baweriya ku li dora Xwedê, heft hebûnên pîroz û Tawûsê Melek hatiye avakirin. Rast e an şaş e?",Source title and URL are both missing.,a3f6fdcf9166d2821159ab7818c2eb06
warning,missing_source_metadata,high,offline_runtime_bank,assets/data/offline_questions.json,875,offline_tf_can_0022,"Ev ravekirin ji bo ""Êzidîtî"" rast e an şaş e: baweriya ku li dora Xwedê, heft hebûnên pîroz û Tawûsê Melek hatiye avakirin?",Source title and URL are both missing.,19469d12f265c0af723c962bca324962
warning,missing_source_metadata,high,offline_runtime_bank,assets/data/offline_questions.json,876,offline_tf_can_0023,"Ev ravekirin ji bo ""Êzidîtî"" rast e an şaş e: fîgura navendî ya baweriya êzidî ya ku bi motîfa tawisê tê nîşandan?",Source title and URL are both missing.,403e912cc7f32db26feef564a1c3a6c0
warning,missing_source_metadata,high,offline_runtime_bank,assets/data/offline_questions.json,877,offline_tf_can_0024,"Rast e an şaş e: Têgeha ""Melek Tawis"" tê vê wateyê: fîgura navendî ya baweriya êzidî ya ku bi motîfa tawisê tê nîşandan.",Source title and URL are both missing.,3fa14242506f142e3e830b8e03e5658a
warning,missing_source_metadata,high,offline_runtime_bank,assets/data/offline_questions.json,878,offline_tf_can_0025,"Rast e an şaş e: Têgeha ""Melek Tawis"" tê vê wateyê: demsala destpêka salê ya ku bi lîstik û şahiyên gundan tê pîrozkirin.",Source title and URL are both missing.,f0b0a0bf2c79334671c65394bae9e13d
warning,missing_source_metadata,high,offline_runtime_bank,assets/data/offline_questions.json,879,offline_tf_can_0026,"Têgeha ""sersal"" wiha tê ravekirin: demsala destpêka salê ya ku bi lîstik û şahiyên gundan tê pîrozkirin. Ev rast e an şaş e?",Source title and URL are both missing.,efb11250647c985c01a455f5774f7df4
warning,missing_source_metadata,high,offline_runtime_bank,assets/data/offline_questions.json,87,offline_2266,Di pêjgeha Kurdî de dolma/yaprax bi awayekî giştî çi ye?,Source title and URL are both missing.,3213c8c21ecca03529aae83c224179ca
warning,missing_source_metadata,high,offline_runtime_bank,assets/data/offline_questions.json,880,offline_tf_can_0027,"Têgeha ""sersal"" wiha tê ravekirin: çêkirina bi dest a tişt û xemlan a ku zanîna herêmî hildigire. Ev rast e an şaş e?",Source title and URL are both missing.,4cd84ea35089f25c34c5e2a15da4f6d1
warning,missing_source_metadata,high,offline_runtime_bank,assets/data/offline_questions.json,881,offline_tf_can_0028,"Binirxîne: li gorî vê ravekirinê ""hunera destan"" ev e — çêkirina bi dest a tişt û xemlan a ku zanîna herêmî hildigire. Rast e an şaş e?",Source title and URL are both missing.,c3086f23cb62ad7c68395dd3d24adf0f
warning,missing_source_metadata,high,offline_runtime_bank,assets/data/offline_questions.json,882,offline_tf_can_0029,"Binirxîne: li gorî vê ravekirinê ""hunera destan"" ev e — kevneşopiya vegotina bi deng a ku çîrok û dîrokê bêyî amûrê digihîne. Rast e an şaş e?",Source title and URL are both missing.,7fb42302eef49c89e0c44d31f954a467
warning,missing_source_metadata,high,offline_runtime_bank,assets/data/offline_questions.json,883,offline_tf_ede_0000,"Rast e an şaş e: Têgeha ""Mem û Zîn"" tê vê wateyê: destana Ehmedê Xanî ya ku evîn û pirsa neteweyî bi hev ve girê dide.",Source title and URL are both missing.,73eda8722c3e116f7b9913028cc46d9d
warning,missing_source_metadata,high,offline_runtime_bank,assets/data/offline_questions.json,884,offline_tf_ede_0001,"Rast e an şaş e: Têgeha ""Mem û Zîn"" tê vê wateyê: destana evînê ya devkî ya ku bi dawiyeke trajîk tê zanîn.",Source title and URL are both missing.,c799188387bbae9367a5a04a0e91e55a
warning,missing_source_metadata,high,offline_runtime_bank,assets/data/offline_questions.json,885,offline_tf_ede_0002,"Têgeha ""Siyabend û Xecê"" wiha tê ravekirin: destana evînê ya devkî ya ku bi dawiyeke trajîk tê zanîn. Ev rast e an şaş e?",Source title and URL are both missing.,43ac22315c5f749f2e6ef30dd9f18354
warning,missing_source_metadata,high,offline_runtime_bank,assets/data/offline_questions.json,886,offline_tf_ede_0003,"Têgeha ""Siyabend û Xecê"" wiha tê ravekirin: destana devkî ya ku li ser wefadarî û şer tê gotin. Ev rast e an şaş e?",Source title and URL are both missing.,7b53121f8948c55453918c038d93ea6b
warning,missing_source_metadata,high,offline_runtime_bank,assets/data/offline_questions.json,887,offline_tf_ede_0004,"Binirxîne: li gorî vê ravekirinê ""Dewrêşê Evdî"" ev e — destana devkî ya ku li ser wefadarî û şer tê gotin. Rast e an şaş e?",Source title and URL are both missing.,db1c96903a9a2408fee851c77c9c02ef
warning,missing_source_metadata,high,offline_runtime_bank,assets/data/offline_questions.json,888,offline_tf_ede_0005,"Binirxîne: li gorî vê ravekirinê ""Dewrêşê Evdî"" ev e — çîroka gelêrî ya ku li ser sedaqet û ceribandinê ye. Rast e an şaş e?",Source title and URL are both missing.,abf40d4fffe9e2dd611678f5ce4d9dd5
warning,near_duplicate_candidate,medium,offline_runtime_bank,assets/data/offline_questions.json,888,offline_tf_ede_0005,"Binirxîne: li gorî vê ravekirinê ""Dewrêşê Evdî"" ev e — çîroka gelêrî ya ku li ser sedaqet û ceribandinê ye. Rast e an şaş e?",Near duplicate candidate.,240f787037703a2ca6ef53d3f2e5de0f
warning,missing_source_metadata,high,offline_runtime_bank,assets/data/offline_questions.json,889,offline_tf_ede_0006,"Ev ravekirin ji bo ""Zembîlfiroş"" rast e an şaş e: çîroka gelêrî ya ku li ser sedaqet û ceribandinê ye?",Source title and URL are both missing.,2486fe3a3d1bbf260d4e1f9234e23c38
warning,missing_source_metadata,high,offline_runtime_bank,assets/data/offline_questions.json,88,offline_2270,Li ser sifreyên kurdî parvekirina xwarinê bi sêniya mezin an pêşkêşiya hevpar çi xurt dike?,Source title and URL are both missing.,ebc463f32f33867c0e10de4897d6950c
warning,missing_source_metadata,high,offline_runtime_bank,assets/data/offline_questions.json,890,offline_tf_ede_0007,"Ev ravekirin ji bo ""Zembîlfiroş"" rast e an şaş e: berhema olî ya ku Melayê Bateyî bi kurmancî nivîsî?",Source title and URL are both missing.,c03f4887174ef87db74146b6016e9582
warning,missing_source_metadata,high,offline_runtime_bank,assets/data/offline_questions.json,891,offline_tf_ede_0008,"Rast e an şaş e: Têgeha ""Mewlûda Kurdî"" tê vê wateyê: berhema olî ya ku Melayê Bateyî bi kurmancî nivîsî.",Source title and URL are both missing.,5784dc063bb429234c8868d0e761a9f4
warning,near_duplicate_candidate,medium,offline_runtime_bank,assets/data/offline_questions.json,891,offline_tf_ede_0008,"Rast e an şaş e: Têgeha ""Mewlûda Kurdî"" tê vê wateyê: berhema olî ya ku Melayê Bateyî bi kurmancî nivîsî.",Near duplicate candidate.,c97b0d3e663aed9dae37ec56d49f2ccb
warning,missing_source_metadata,high,offline_runtime_bank,assets/data/offline_questions.json,892,offline_tf_ede_0009,"Rast e an şaş e: Têgeha ""Mewlûda Kurdî"" tê vê wateyê: yek ji helbestvanên klasîk ên herî kevn ên wêjeya kurdî.",Source title and URL are both missing.,ea7fd8aa71aa0528b77414778f503ef2
warning,missing_source_metadata,high,offline_runtime_bank,assets/data/offline_questions.json,893,offline_tf_ede_0010,"Têgeha ""Elî Herîrî"" wiha tê ravekirin: yek ji helbestvanên klasîk ên herî kevn ên wêjeya kurdî. Ev rast e an şaş e?",Source title and URL are both missing.,e9301df9a5c966b316c2413311a2581e
warning,missing_source_metadata,high,offline_runtime_bank,assets/data/offline_questions.json,894,offline_tf_ede_0011,"Têgeha ""Elî Herîrî"" wiha tê ravekirin: helbestvanê klasîk ê soranî yê ku ekola Baban temsîl dike. Ev rast e an şaş e?",Source title and URL are both missing.,3fcd9799d81709e4c550936b5c71ad75
warning,missing_source_metadata,high,offline_runtime_bank,assets/data/offline_questions.json,895,offline_tf_ede_0012,"Binirxîne: li gorî vê ravekirinê ""Nalî"" ev e — helbestvanê klasîk ê soranî yê ku ekola Baban temsîl dike. Rast e an şaş e?",Source title and URL are both missing.,da1219a3f07958ff440da4cd4c3b9a45
warning,missing_source_metadata,high,offline_runtime_bank,assets/data/offline_questions.json,896,offline_tf_ede_0013,"Binirxîne: li gorî vê ravekirinê ""Nalî"" ev e — nivîskar û helbestvanê ku li Şamê di weşangeriya kurdî de xebitî. Rast e an şaş e?",Source title and URL are both missing.,c6fedddb878dc7aa67899259a87dd3df
warning,missing_source_metadata,high,offline_runtime_bank,assets/data/offline_questions.json,897,offline_tf_ede_0014,"Ev ravekirin ji bo ""Osman Sebrî"" rast e an şaş e: nivîskar û helbestvanê ku li Şamê di weşangeriya kurdî de xebitî?",Source title and URL are both missing.,6e248feb0fbe07b7f63940f096372ef0
warning,missing_source_metadata,high,offline_runtime_bank,assets/data/offline_questions.json,898,offline_tf_ede_0015,"Ev ravekirin ji bo ""Osman Sebrî"" rast e an şaş e: zimannas û kurdolojîstê ku rêzimana kurmancî bi awayekî zanistî nivîsî?",Source title and URL are both missing.,bfe2f82244a3170baf5928977cde0bd8
warning,missing_source_metadata,high,offline_runtime_bank,assets/data/offline_questions.json,899,offline_tf_ede_0016,"Rast e an şaş e: Têgeha ""Qanatê Kurdo"" tê vê wateyê: zimannas û kurdolojîstê ku rêzimana kurmancî bi awayekî zanistî nivîsî.",Source title and URL are both missing.,0d8b9ef1d74f0741c353db557469e7f9
warning,missing_source_metadata,high,offline_runtime_bank,assets/data/offline_questions.json,89,offline_2271,Vexwarina ji cureyê Dew/doogh bi kîjan madeya sereke re têkildar e?,Source title and URL are both missing.,7fc4538117e67afeb7f63d431ca5ec16
warning,missing_source_metadata,high,offline_runtime_bank,assets/data/offline_questions.json,8,offline_0030,"Wêneya ""hatin"" tê çi wateyê?",Source title and URL are both missing.,7dd7d61399b556ca735ed807eddf741d
warning,near_duplicate_candidate,medium,offline_runtime_bank,assets/data/offline_questions.json,8,offline_0030,"Wêneya ""hatin"" tê çi wateyê?",Near duplicate candidate.,de7a37c9d52c31d7d0465ba19fbbc96c
warning,missing_source_metadata,high,offline_runtime_bank,assets/data/offline_questions.json,900,offline_tf_ede_0017,"Rast e an şaş e: Têgeha ""Qanatê Kurdo"" tê vê wateyê: kesê ku bûyer li dora wî/wê digere û xwîner pê re dijî.",Source title and URL are both missing.,48e05c8d1df86dbee0666588853b6886
warning,missing_source_metadata,high,offline_runtime_bank,assets/data/offline_questions.json,901,offline_tf_ede_0018,"Têgeha ""kesayeta vegotinê"" wiha tê ravekirin: kesê ku bûyer li dora wî/wê digere û xwîner pê re dijî. Ev rast e an şaş e?",Source title and URL are both missing.,f17bfdd288b6ca836114f59bd4196542
warning,missing_source_metadata,high,offline_runtime_bank,assets/data/offline_questions.json,902,offline_tf_ede_0019,"Têgeha ""kesayeta vegotinê"" wiha tê ravekirin: dengê ku çîrokê digihîne û diyar dike ku bûyer ji ber kê tên gotin. Ev rast e an şaş e?",Source title and URL are both missing.,5aaf3e7bc7242265cff1cf2febbe62f6
warning,missing_source_metadata,high,offline_runtime_bank,assets/data/offline_questions.json,903,offline_tf_ede_0020,"Binirxîne: li gorî vê ravekirinê ""vebêj"" ev e — dengê ku çîrokê digihîne û diyar dike ku bûyer ji ber kê tên gotin. Rast e an şaş e?",Source title and URL are both missing.,7ec144b04888b424bca717cf40cd4724
warning,missing_source_metadata,high,offline_runtime_bank,assets/data/offline_questions.json,904,offline_tf_ede_0021,"Binirxîne: li gorî vê ravekirinê ""vebêj"" ev e — bikaranîna peyvê ne bi wateya wê ya rasterast, lê bi wateyeke wêneyî. Rast e an şaş e?",Source title and URL are both missing.,93af1c047c6dde260b71b4aabb299d60
warning,missing_source_metadata,high,offline_runtime_bank,assets/data/offline_questions.json,905,offline_tf_ede_0022,"Ev ravekirin ji bo ""mecaz"" rast e an şaş e: bikaranîna peyvê ne bi wateya wê ya rasterast, lê bi wateyeke wêneyî?",Source title and URL are both missing.,66c485ff37fdf38a6b24b9481f4ac50d
warning,missing_source_metadata,high,offline_runtime_bank,assets/data/offline_questions.json,906,offline_tf_ede_0023,"Ev ravekirin ji bo ""mecaz"" rast e an şaş e: lihevhatina dengên dawiya rêzan a ku helbestê rîtm dide?",Source title and URL are both missing.,f5dda6a3354cc3dc8813a8cb8459557c
warning,missing_source_metadata,high,offline_runtime_bank,assets/data/offline_questions.json,907,offline_tf_ede_0024,"Rast e an şaş e: Têgeha ""kafiye"" tê vê wateyê: lihevhatina dengên dawiya rêzan a ku helbestê rîtm dide.",Source title and URL are both missing.,02ee4d20f9dc1959ae656072f1fe23ec
warning,missing_source_metadata,high,offline_runtime_bank,assets/data/offline_questions.json,908,offline_tf_ede_0025,"Rast e an şaş e: Têgeha ""kafiye"" tê vê wateyê: vegotina dirêj a ku lehengî û bîra komî ya gelekî hildigire.",Source title and URL are both missing.,5eb56d9286bc6da0af243f4d423de58d
warning,missing_source_metadata,high,offline_runtime_bank,assets/data/offline_questions.json,909,offline_tf_ede_0026,"Têgeha ""destan"" wiha tê ravekirin: vegotina dirêj a ku lehengî û bîra komî ya gelekî hildigire. Ev rast e an şaş e?",Source title and URL are both missing.,f7a90ba3b4a5385a310ed7f29931adc7
warning,missing_source_metadata,high,offline_runtime_bank,assets/data/offline_questions.json,90,offline_2273,"Di xwarinên kurdî de ""nan"" çi îfade dike?",Source title and URL are both missing.,ca7d2866d61bc7726d8325cc13013b7c
warning,missing_source_metadata,high,offline_runtime_bank,assets/data/offline_questions.json,910,offline_tf_ede_0027,"Têgeha ""destan"" wiha tê ravekirin: rojnameya kurdî ya ku li Ermenistana Sovyetê bi salan hat weşandin. Ev rast e an şaş e?",Source title and URL are both missing.,438475805b6ba646c90ef45f408d4260
warning,missing_source_metadata,high,offline_runtime_bank,assets/data/offline_questions.json,911,offline_tf_ede_0028,"Binirxîne: li gorî vê ravekirinê ""Riya Taza"" ev e — rojnameya kurdî ya ku li Ermenistana Sovyetê bi salan hat weşandin. Rast e an şaş e?",Source title and URL are both missing.,087e9e4fab60f8dc52f96aa16d610c58
warning,missing_source_metadata,high,offline_runtime_bank,assets/data/offline_questions.json,912,offline_tf_ede_0029,"Binirxîne: li gorî vê ravekirinê ""Riya Taza"" ev e — destana Ehmedê Xanî ya ku evîn û pirsa neteweyî bi hev ve girê dide. Rast e an şaş e?",Source title and URL are both missing.,f3e50d5d9750e09f406d01f4204254bc
warning,missing_source_metadata,high,offline_runtime_bank,assets/data/offline_questions.json,913,offline_tf_muz_0000,"Rast e an şaş e: Têgeha ""kilam"" tê vê wateyê: awaza dirêj a dengbêjiyê ya ku çîrokek vedibêje.",Source title and URL are both missing.,9865904ba1e1a2b83773f157cda18ae2
warning,missing_source_metadata,high,offline_runtime_bank,assets/data/offline_questions.json,914,offline_tf_muz_0001,"Rast e an şaş e: Têgeha ""kilam"" tê vê wateyê: stranên bilez û rîtmîk ên ku dema govendê tên gotin.",Source title and URL are both missing.,dbc478f7ef61d7caf72382ea207b450c
warning,missing_source_metadata,high,offline_runtime_bank,assets/data/offline_questions.json,915,offline_tf_muz_0002,"Têgeha ""stranên govendê"" wiha tê ravekirin: stranên bilez û rîtmîk ên ku dema govendê tên gotin. Ev rast e an şaş e?",Source title and URL are both missing.,6965fd19eae6089b3ee85fcd3457feab
warning,missing_source_metadata,high,offline_runtime_bank,assets/data/offline_questions.json,916,offline_tf_muz_0003,"Têgeha ""stranên govendê"" wiha tê ravekirin: pergala perdeyan a ku rengê awazê diyar dike. Ev rast e an şaş e?",Source title and URL are both missing.,7ae7a78271abb7335afdd01c8a9da500
warning,missing_source_metadata,high,offline_runtime_bank,assets/data/offline_questions.json,917,offline_tf_muz_0004,"Binirxîne: li gorî vê ravekirinê ""makam"" ev e — pergala perdeyan a ku rengê awazê diyar dike. Rast e an şaş e?",Source title and URL are both missing.,4ccb40511498f8570b9ea32c2e7df8d9
warning,missing_source_metadata,high,offline_runtime_bank,assets/data/offline_questions.json,918,offline_tf_muz_0005,"Binirxîne: li gorî vê ravekirinê ""makam"" ev e — parkirina demê ya ku govend û stran li ser tê avakirin. Rast e an şaş e?",Source title and URL are both missing.,daf19e17cb7db3fcec85667611542dd8
warning,missing_source_metadata,high,offline_runtime_bank,assets/data/offline_questions.json,919,offline_tf_muz_0006,"Ev ravekirin ji bo ""rîtm"" rast e an şaş e: parkirina demê ya ku govend û stran li ser tê avakirin?",Source title and URL are both missing.,efeb363dae119be57892d176b90abec3
warning,missing_source_metadata,high,offline_runtime_bank,assets/data/offline_questions.json,91,offline_2276,Cihêrengiya xwarinên herêmî yên kurdî çima nikare bibe yek rêçeteyeke standard?,Source title and URL are both missing.,84f88cf769406ab7d4af1dc31d28e4fb
warning,missing_source_metadata,high,offline_runtime_bank,assets/data/offline_questions.json,920,offline_tf_muz_0007,"Ev ravekirin ji bo ""rîtm"" rast e an şaş e: stranbêjiya bi kom a ku deng tê de li hev tên?",Source title and URL are both missing.,1316e353c030b0188a73b107312f28f7
warning,missing_source_metadata,high,offline_runtime_bank,assets/data/offline_questions.json,921,offline_tf_muz_0008,"Rast e an şaş e: Têgeha ""koro"" tê vê wateyê: stranbêjiya bi kom a ku deng tê de li hev tên.",Source title and URL are both missing.,9e01672bd785d74f6384c773ae752a98
warning,missing_source_metadata,high,offline_runtime_bank,assets/data/offline_questions.json,922,offline_tf_muz_0009,"Rast e an şaş e: Têgeha ""koro"" tê vê wateyê: stranbêjî an lêxistina bi tenê, berevajiyê koroyê.",Source title and URL are both missing.,e97dd9a121111fbac7b420944c1162bb
warning,missing_source_metadata,high,offline_runtime_bank,assets/data/offline_questions.json,923,offline_tf_muz_0010,"Têgeha ""solo"" wiha tê ravekirin: stranbêjî an lêxistina bi tenê, berevajiyê koroyê. Ev rast e an şaş e?",Source title and URL are both missing.,0dea727552a83ce1b5a5d3dba7e393ec
warning,missing_source_metadata,high,offline_runtime_bank,assets/data/offline_questions.json,924,offline_tf_muz_0011,"Têgeha ""solo"" wiha tê ravekirin: amûra bayî ya bilinddeng a ku bi dahol re li derve tê lêxistin. Ev rast e an şaş e?",Source title and URL are both missing.,02fec896db103e9bf20498623106c68b
warning,missing_source_metadata,high,offline_runtime_bank,assets/data/offline_questions.json,925,offline_tf_muz_0012,"Binirxîne: li gorî vê ravekirinê ""zurna"" ev e — amûra bayî ya bilinddeng a ku bi dahol re li derve tê lêxistin. Rast e an şaş e?",Source title and URL are both missing.,de0a165b33ab366eace99e07edf6bf8a
warning,missing_source_metadata,high,offline_runtime_bank,assets/data/offline_questions.json,926,offline_tf_muz_0013,"Binirxîne: li gorî vê ravekirinê ""zurna"" ev e — amûra lêdanê ya mezin a ku bi du daran tê lêxistin. Rast e an şaş e?",Source title and URL are both missing.,6080c4efe0e59881f3ab31288efdfaf1
warning,missing_source_metadata,high,offline_runtime_bank,assets/data/offline_questions.json,927,offline_tf_muz_0014,"Ev ravekirin ji bo ""dahol"" rast e an şaş e: amûra lêdanê ya mezin a ku bi du daran tê lêxistin?",Source title and URL are both missing.,1f687b695de4342ba2babbf0678d09c0
warning,missing_source_metadata,high,offline_runtime_bank,assets/data/offline_questions.json,928,offline_tf_muz_0015,"Ev ravekirin ji bo ""dahol"" rast e an şaş e: amûra kevanî ya ku li erdnîgariya kurdî jî tê lêxistin?",Source title and URL are both missing.,410ff21dc2f3143b75a6ddcf2380725c
warning,near_duplicate_candidate,medium,offline_runtime_bank,assets/data/offline_questions.json,928,offline_tf_muz_0015,"Ev ravekirin ji bo ""dahol"" rast e an şaş e: amûra kevanî ya ku li erdnîgariya kurdî jî tê lêxistin?",Near duplicate candidate.,0fa9fe9978b2a63f5db2a036b6cf66b3
warning,missing_source_metadata,high,offline_runtime_bank,assets/data/offline_questions.json,929,offline_tf_muz_0016,"Rast e an şaş e: Têgeha ""kemençe"" tê vê wateyê: amûra kevanî ya ku li erdnîgariya kurdî jî tê lêxistin.",Source title and URL are both missing.,51ed8bfaba61aa86cdd5769145baa38f
warning,missing_source_metadata,high,offline_runtime_bank,assets/data/offline_questions.json,92,offline_2292,Jineolojî çawa dikare bi awayekî herî kurt were ravekirin?,Source title and URL are both missing.,fe41238a887fd1902f5dfa32917213c1
warning,missing_source_metadata,high,offline_runtime_bank,assets/data/offline_questions.json,930,offline_tf_muz_0017,"Rast e an şaş e: Têgeha ""kemençe"" tê vê wateyê: cihê ku dengbêj lê dicivin û bi dor distirên.",Source title and URL are both missing.,2b01d93139acccc8145f928f4d2a688f
warning,missing_source_metadata,high,offline_runtime_bank,assets/data/offline_questions.json,931,offline_tf_muz_0018,"Têgeha ""dîwana dengbêjan"" wiha tê ravekirin: cihê ku dengbêj lê dicivin û bi dor distirên. Ev rast e an şaş e?",Source title and URL are both missing.,4991d00533cc87215a7a5469b60be63f
warning,missing_source_metadata,high,offline_runtime_bank,assets/data/offline_questions.json,932,offline_tf_muz_0019,"Têgeha ""dîwana dengbêjan"" wiha tê ravekirin: hunermendê ku bayê rock û caz anî muzîka kurdî. Ev rast e an şaş e?",Source title and URL are both missing.,db38e88bac81a64858f1f163cddf2d0c
warning,missing_source_metadata,high,offline_runtime_bank,assets/data/offline_questions.json,933,offline_tf_muz_0020,"Binirxîne: li gorî vê ravekirinê ""Ciwan Haco"" ev e — hunermendê ku bayê rock û caz anî muzîka kurdî. Rast e an şaş e?",Source title and URL are both missing.,ecd6ae662f818258e8dde2569703b033
warning,missing_source_metadata,high,offline_runtime_bank,assets/data/offline_questions.json,934,offline_tf_muz_0021,"Binirxîne: li gorî vê ravekirinê ""Ciwan Haco"" ev e — hunermendê ku bi tembûr û dengê xwe kilamên nûjen çêkir. Rast e an şaş e?",Source title and URL are both missing.,62c56927cde6456896ae08c97f6d0baa
warning,missing_source_metadata,high,offline_runtime_bank,assets/data/offline_questions.json,935,offline_tf_muz_0022,"Ev ravekirin ji bo ""Mihemed Şêxo"" rast e an şaş e: hunermendê ku bi tembûr û dengê xwe kilamên nûjen çêkir?",Source title and URL are both missing.,2ee98bba849b06ea70c08606cf536ef3
warning,missing_source_metadata,high,offline_runtime_bank,assets/data/offline_questions.json,936,offline_tf_muz_0023,"Ev ravekirin ji bo ""Mihemed Şêxo"" rast e an şaş e: muzîkjenê bi eslê xwe ermenî yê ku bi stranên kurdî tê naskirin?",Source title and URL are both missing.,e4216baa4054d2be55115dd4c8cf0833
warning,missing_source_metadata,high,offline_runtime_bank,assets/data/offline_questions.json,937,offline_tf_muz_0024,"Rast e an şaş e: Têgeha ""Aram Tîgran"" tê vê wateyê: muzîkjenê bi eslê xwe ermenî yê ku bi stranên kurdî tê naskirin.",Source title and URL are both missing.,60a52e21a73fb6fbeb5f1cde17fa7ecb
warning,missing_source_metadata,high,offline_runtime_bank,assets/data/offline_questions.json,938,offline_tf_muz_0025,"Rast e an şaş e: Têgeha ""Aram Tîgran"" tê vê wateyê: stranbêjê ku stranên welatparêzî di sirgûnê de belav kir.",Source title and URL are both missing.,f2f352523f27e5148ca171bdaf6fe9bf
warning,missing_source_metadata,high,offline_runtime_bank,assets/data/offline_questions.json,939,offline_tf_muz_0026,"Têgeha ""Şivan Perwer"" wiha tê ravekirin: stranbêjê ku stranên welatparêzî di sirgûnê de belav kir. Ev rast e an şaş e?",Source title and URL are both missing.,105747a8fd8118e1b50a191c2a2154e7
warning,missing_source_metadata,high,offline_runtime_bank,assets/data/offline_questions.json,93,offline_2304,Êzidî di erdnîgariya çandî ya kurdî de bi taybetî bi kîjan sernavî têne bibîranîn?,Source title and URL are both missing.,7e5d9e31198c65ae2cee3bd3f271f53f
warning,missing_source_metadata,high,offline_runtime_bank,assets/data/offline_questions.json,940,offline_tf_muz_0027,"Têgeha ""Şivan Perwer"" wiha tê ravekirin: awazên ku di civînên şevê yên zivistanê de tên gotin. Ev rast e an şaş e?",Source title and URL are both missing.,353f20333e7b6af8eaf604959f4c2506
warning,missing_source_metadata,high,offline_runtime_bank,assets/data/offline_questions.json,941,offline_tf_muz_0028,"Binirxîne: li gorî vê ravekirinê ""muzîka şevbêrkê"" ev e — awazên ku di civînên şevê yên zivistanê de tên gotin. Rast e an şaş e?",Source title and URL are both missing.,d8a78cba0fb24dd6b9c50e45cf8c1fd2
warning,missing_source_metadata,high,offline_runtime_bank,assets/data/offline_questions.json,942,offline_tf_muz_0029,"Binirxîne: li gorî vê ravekirinê ""muzîka şevbêrkê"" ev e — awaza dirêj a dengbêjiyê ya ku çîrokek vedibêje. Rast e an şaş e?",Source title and URL are both missing.,54cb40903d43fba2dfa1c6b1a5a1fd87
warning,missing_source_metadata,high,offline_runtime_bank,assets/data/offline_questions.json,943,offline_tf_par_0000,"Rast e an şaş e: Têgeha ""dewlet-netewe"" tê vê wateyê: modela dewletê ya ku yek ziman û yek nasnameyê ferz dike.",Source title and URL are both missing.,de9485050bd8eab5bdc5c5aeb5ac6cd6
warning,missing_source_metadata,high,offline_runtime_bank,assets/data/offline_questions.json,944,offline_tf_par_0001,"Rast e an şaş e: Têgeha ""dewlet-netewe"" tê vê wateyê: xeta dîrokî ya ku desthilat li dora dewletê kom dike.",Source title and URL are both missing.,b0b0114a9f38e5a349203ad0672e92c4
warning,missing_source_metadata,high,offline_runtime_bank,assets/data/offline_questions.json,945,offline_tf_par_0002,"Têgeha ""şaristaniya dewletparêz"" wiha tê ravekirin: xeta dîrokî ya ku desthilat li dora dewletê kom dike. Ev rast e an şaş e?",Source title and URL are both missing.,c27686a355dc1a056498d3d210a7337c
warning,missing_source_metadata,high,offline_runtime_bank,assets/data/offline_questions.json,946,offline_tf_par_0003,"Têgeha ""şaristaniya dewletparêz"" wiha tê ravekirin: nêrîna ku pêşketinê tenê bi mezinbûna hilberînê pîvan dike. Ev rast e an şaş e?",Source title and URL are both missing.,002d6b469deeed83b8ab9bb5fbbb1a76
warning,missing_source_metadata,high,offline_runtime_bank,assets/data/offline_questions.json,947,offline_tf_par_0004,"Binirxîne: li gorî vê ravekirinê ""pîşesazîparêzî"" ev e — nêrîna ku pêşketinê tenê bi mezinbûna hilberînê pîvan dike. Rast e an şaş e?",Source title and URL are both missing.,0f473ba826ab86abcd24fb64dd15858e
warning,missing_source_metadata,high,offline_runtime_bank,assets/data/offline_questions.json,948,offline_tf_par_0005,"Binirxîne: li gorî vê ravekirinê ""pîşesazîparêzî"" ev e — saziyên perwerdehiyê yên ku li ser azadiya jinê xebatê dikin. Rast e an şaş e?",Source title and URL are both missing.,dec8b015fffe4a9477c37b2ebb43301d
warning,missing_source_metadata,high,offline_runtime_bank,assets/data/offline_questions.json,949,offline_tf_par_0006,"Ev ravekirin ji bo ""akademiyên jinan"" rast e an şaş e: saziyên perwerdehiyê yên ku li ser azadiya jinê xebatê dikin?",Source title and URL are both missing.,8ac00b81b10136681d5762561c75db78
warning,missing_source_metadata,high,offline_runtime_bank,assets/data/offline_questions.json,94,offline_2305,Di nasnameya kurdî de ziman çima xwedî girîngiyeke navendî ye?,Source title and URL are both missing.,017d1c101ca40708dff3ac0a6b81dadf
warning,missing_source_metadata,high,offline_runtime_bank,assets/data/offline_questions.json,950,offline_tf_par_0007,"Ev ravekirin ji bo ""akademiyên jinan"" rast e an şaş e: xwedîtiya hevpar a ku li ser hewcedariyê ava dibe ne li ser qezencê?",Source title and URL are both missing.,c95349f1fb6e36da8dd4043d1cecebef
warning,missing_source_metadata,high,offline_runtime_bank,assets/data/offline_questions.json,951,offline_tf_par_0008,"Rast e an şaş e: Têgeha ""milkiyeta komûnal"" tê vê wateyê: xwedîtiya hevpar a ku li ser hewcedariyê ava dibe ne li ser qezencê.",Source title and URL are both missing.,ec4480e2d3e0cb3b44e63aae168ba4fd
warning,near_duplicate_candidate,medium,offline_runtime_bank,assets/data/offline_questions.json,951,offline_tf_par_0008,"Rast e an şaş e: Têgeha ""milkiyeta komûnal"" tê vê wateyê: xwedîtiya hevpar a ku li ser hewcedariyê ava dibe ne li ser qezencê.",Near duplicate candidate.,b26093c75791655c40c12fad9a9bc179
warning,missing_source_metadata,high,offline_runtime_bank,assets/data/offline_questions.json,952,offline_tf_par_0009,"Rast e an şaş e: Têgeha ""milkiyeta komûnal"" tê vê wateyê: parvekirina desthilatê di navbera qanûndanîn, rêveberî û dadgehê de.",Source title and URL are both missing.,213bd0f1fd0d206951d9abd6ce28c04b
warning,missing_source_metadata,high,offline_runtime_bank,assets/data/offline_questions.json,953,offline_tf_par_0010,"Têgeha ""veqetandina hêzan"" wiha tê ravekirin: parvekirina desthilatê di navbera qanûndanîn, rêveberî û dadgehê de. Ev rast e an şaş e?",Source title and URL are both missing.,427d56f6a813a23d33f5513353e0244f
warning,missing_source_metadata,high,offline_runtime_bank,assets/data/offline_questions.json,954,offline_tf_par_0011,"Têgeha ""veqetandina hêzan"" wiha tê ravekirin: zanîna ku mirov beşek ji xwezayê ye, ne xwediyê wê. Ev rast e an şaş e?",Source title and URL are both missing.,f16a05854d89911fa03bb6c73c154414
warning,missing_source_metadata,high,offline_runtime_bank,assets/data/offline_questions.json,955,offline_tf_par_0012,"Binirxîne: li gorî vê ravekirinê ""hişmendiya ekolojîk"" ev e — zanîna ku mirov beşek ji xwezayê ye, ne xwediyê wê. Rast e an şaş e?",Source title and URL are both missing.,eeea717381a5e88bb58a800b928b2bd9
warning,missing_source_metadata,high,offline_runtime_bank,assets/data/offline_questions.json,956,offline_tf_par_0013,"Binirxîne: li gorî vê ravekirinê ""hişmendiya ekolojîk"" ev e — yekeya biçûk a xwerêveberiyê ya li tax an gundekî. Rast e an şaş e?",Source title and URL are both missing.,ec2f963af8876018586ee5dd943da659
warning,missing_source_metadata,high,offline_runtime_bank,assets/data/offline_questions.json,957,offline_tf_par_0014,"Ev ravekirin ji bo ""komîn"" rast e an şaş e: yekeya biçûk a xwerêveberiyê ya li tax an gundekî?",Source title and URL are both missing.,00c841ec03436dc2a0c1ebde7ce0f200
warning,missing_source_metadata,high,offline_runtime_bank,assets/data/offline_questions.json,958,offline_tf_par_0016,"Rast e an şaş e: Têgeha ""xwerêveberî"" tê vê wateyê: birêvebirina karûbarên hevpar ji aliyê xelkê wê deverê ve.",Source title and URL are both missing.,c571273fa619bcc4a0c11e8ba005d2c2
warning,missing_source_metadata,high,offline_runtime_bank,assets/data/offline_questions.json,959,offline_tf_par_0017,"Rast e an şaş e: Têgeha ""xwerêveberî"" tê vê wateyê: civaka ku tê de çînên jor û jêr ên sabit tune ne.",Source title and URL are both missing.,3c19c04dc3159ed9d4f913328d0f1b84
warning,missing_source_metadata,high,offline_runtime_bank,assets/data/offline_questions.json,95,offline_2307,Di civaka kurdî de avahiyên eşîrî di dîrokê de xwedî kîjan fonksiyonê bûne?,Source title and URL are both missing.,8e103ed85b9dc8fb79c42ab776c9d6bb
warning,missing_source_metadata,high,offline_runtime_bank,assets/data/offline_questions.json,960,offline_tf_par_0018,"Têgeha ""civaka bêhiyerarşî"" wiha tê ravekirin: civaka ku tê de çînên jor û jêr ên sabit tune ne. Ev rast e an şaş e?",Source title and URL are both missing.,b75f62777cc2720c631af4e55ee6977c
warning,missing_source_metadata,high,offline_runtime_bank,assets/data/offline_questions.json,961,offline_tf_par_0019,"Têgeha ""civaka bêhiyerarşî"" wiha tê ravekirin: pîvana ku azadiya civakê bi azadiya jinê tê nirxandin. Ev rast e an şaş e?",Source title and URL are both missing.,0223db5af5e43d06c4682c6c52efd5f3
warning,missing_source_metadata,high,offline_runtime_bank,assets/data/offline_questions.json,962,offline_tf_par_0020,"Binirxîne: li gorî vê ravekirinê ""pîvana azadiyê"" ev e — pîvana ku azadiya civakê bi azadiya jinê tê nirxandin. Rast e an şaş e?",Source title and URL are both missing.,df5fc180674d2926807d46c833d54a02
warning,missing_source_metadata,high,offline_runtime_bank,assets/data/offline_questions.json,963,offline_tf_par_0021,"Binirxîne: li gorî vê ravekirinê ""pîvana azadiyê"" ev e — rolên ku civak li jin û mêran bar dike, ne yên xwezayî. Rast e an şaş e?",Source title and URL are both missing.,65c40af7d6612d99790861cb356a95b4
warning,missing_source_metadata,high,offline_runtime_bank,assets/data/offline_questions.json,964,offline_tf_par_0022,"Ev ravekirin ji bo ""zayenda civakî"" rast e an şaş e: rolên ku civak li jin û mêran bar dike, ne yên xwezayî?",Source title and URL are both missing.,c2775d45da8168ac8c7307a79dfe8dd4
warning,missing_source_metadata,high,offline_runtime_bank,assets/data/offline_questions.json,965,offline_tf_par_0023,"Ev ravekirin ji bo ""zayenda civakî"" rast e an şaş e: komek saziyên ku ne dewlet in û ne jî bazar in?",Source title and URL are both missing.,23dd457415d074664d17f9924a6dc886
warning,missing_source_metadata,high,offline_runtime_bank,assets/data/offline_questions.json,966,offline_tf_par_0024,"Rast e an şaş e: Têgeha ""civaka sivîl"" tê vê wateyê: komek saziyên ku ne dewlet in û ne jî bazar in.",Source title and URL are both missing.,11b9c7d09205a9ffd41c1ecb6d586d9f
warning,missing_source_metadata,high,offline_runtime_bank,assets/data/offline_questions.json,967,offline_tf_par_0025,"Rast e an şaş e: Têgeha ""civaka sivîl"" tê vê wateyê: kombûna desthilat an sermayeyê di destê hindik kesan de.",Source title and URL are both missing.,d0e063bcc6eb01ad1d169e5db8c458de
warning,missing_source_metadata,high,offline_runtime_bank,assets/data/offline_questions.json,968,offline_tf_par_0026,"Têgeha ""tekelparêzî"" wiha tê ravekirin: kombûna desthilat an sermayeyê di destê hindik kesan de. Ev rast e an şaş e?",Source title and URL are both missing.,c129d9dcbee17b2bb78c4694cc68007b
warning,missing_source_metadata,high,offline_runtime_bank,assets/data/offline_questions.json,969,offline_tf_par_0027,"Têgeha ""tekelparêzî"" wiha tê ravekirin: guhertina pirsgirêkeke rojane bo mijareke biryardanê ya hevpar. Ev rast e an şaş e?",Source title and URL are both missing.,53ca773d7a9a4d44806fc65799746abd
warning,missing_source_metadata,high,offline_runtime_bank,assets/data/offline_questions.json,96,offline_2328,"Di slogana ""Jin, jiyan, azadî"" de ""jiyan"" tê çi wateyê?",Source title and URL are both missing.,6096a90a0e5f9b7430387bb96a0decc8
warning,missing_source_metadata,high,offline_runtime_bank,assets/data/offline_questions.json,970,offline_tf_par_0028,"Binirxîne: li gorî vê ravekirinê ""politîkbûn"" ev e — guhertina pirsgirêkeke rojane bo mijareke biryardanê ya hevpar. Rast e an şaş e?",Source title and URL are both missing.,8aa067a2c84c7056feb5f42c5d471729
warning,missing_source_metadata,high,offline_runtime_bank,assets/data/offline_questions.json,971,offline_tf_par_0029,"Binirxîne: li gorî vê ravekirinê ""politîkbûn"" ev e — modela dewletê ya ku yek ziman û yek nasnameyê ferz dike. Rast e an şaş e?",Source title and URL are both missing.,c12fb581fcea56b2fba015f16e709c21
warning,missing_source_metadata,high,offline_runtime_bank,assets/data/offline_questions.json,972,offline_tek_0001,Amûra ku agahiyan li ser kaxizê çap dike bi Kurmancî çi ye?,Source title and URL are both missing.,29cdfe48422bae73dba95c6ca38c58ff
warning,missing_source_metadata,high,offline_runtime_bank,assets/data/offline_questions.json,973,offline_tek_0002,"Peyva Kurmancî ""bîrge"" bi Tirkî çi tê gotin?",Source title and URL are both missing.,66ef59a29f9198e50608d840bc0aa434
warning,near_duplicate_candidate,medium,offline_runtime_bank,assets/data/offline_questions.json,973,offline_tek_0002,"Peyva Kurmancî ""bîrge"" bi Tirkî çi tê gotin?",Near duplicate candidate.,a3650bc54f60c396fba4de48edcfba93
warning,missing_source_metadata,high,offline_runtime_bank,assets/data/offline_questions.json,974,offline_tek_0003,Di komputerê de kîjan beş hesaban dike û fermanan bi rê ve dibe?,Source title and URL are both missing.,0035bea7cbf09c0ba364c90ddf280086
warning,missing_source_metadata,high,offline_runtime_bank,assets/data/offline_questions.json,975,offline_tek_0004,"Peyva Kurmancî ""tor"" di warê komputerê de bi Tirkî çi ye?",Source title and URL are both missing.,08b789c22ed221c26f69f6ed84aa4598
warning,missing_source_metadata,high,offline_runtime_bank,assets/data/offline_questions.json,976,offline_tek_0006,Girêdana ku danûstandina di navbera geroker û serverê de şîfre dike kîjan e?,Source title and URL are both missing.,18ec2b0188d1dc4f96f5ac21224e4e82
warning,missing_source_metadata,high,offline_runtime_bank,assets/data/offline_questions.json,977,offline_tek_0007,"Di bernamesaziyê de ""xelek"" ji bo çi tê bikaranîn?",Source title and URL are both missing.,30172fa563020accd91ede796af528d1
warning,missing_source_metadata,high,offline_runtime_bank,assets/data/offline_questions.json,978,offline_tek_0008,"Di bernamesaziyê de ""guhêrbar"" çi dike?",Source title and URL are both missing.,9b702966bc0f1975cf0ee28910fd0655
warning,missing_source_metadata,high,offline_runtime_bank,assets/data/offline_questions.json,979,offline_tek_0009,Çima girêdanên bêqablo ji yên bi qablo bêtir hewceyî şîfrekirinê ne?,Source title and URL are both missing.,9863031f952ec909db69907e7d2583ca
warning,missing_source_metadata,high,offline_runtime_bank,assets/data/offline_questions.json,97,offline_2329,Sê tewereyên bingehîn ên konfederalîzma demokratîk kîjan in?,Source title and URL are both missing.,4a27f5a9762579dbfd90f37d0a93ed22
warning,missing_source_metadata,high,offline_runtime_bank,assets/data/offline_questions.json,980,offline_tek_0010,"Di daneparêziyê de ""paşvegirtin"" çi ye?",Source title and URL are both missing.,5a3dbf558cb1ddd695cae01a04f903b6
warning,missing_source_metadata,high,offline_runtime_bank,assets/data/offline_questions.json,981,offline_tek_0011,"Peyva Kurmancî ""pelgeh"" bi Tirkî çi tê gotin?",Source title and URL are both missing.,1872bd6363cc737d8bce32e59ddec217
warning,near_duplicate_candidate,medium,offline_runtime_bank,assets/data/offline_questions.json,981,offline_tek_0011,"Peyva Kurmancî ""pelgeh"" bi Tirkî çi tê gotin?",Near duplicate candidate.,078aafe321e76aea2e6233d8e4598924
warning,missing_source_metadata,high,offline_runtime_bank,assets/data/offline_questions.json,982,offline_tek_0012,Kîjan amûr enerjiya elektrîkê ya amûrên guhêzbar hildigire?,Source title and URL are both missing.,95a0f5702de442b11d8e2eee8998975d
warning,missing_source_metadata,high,offline_runtime_bank,assets/data/offline_questions.json,983,offline_tek_0013,"Peyva Kurmancî ""ekran"" ji bo çi tê bikaranîn?",Source title and URL are both missing.,b3edd5866508654fa83f1e7c8d2d8eb5
warning,missing_source_metadata,high,offline_runtime_bank,assets/data/offline_questions.json,984,offline_tek_0014,"Di torê de ""server"" çi kar dike?",Source title and URL are both missing.,47baadc552b4353e49ab42ea1e710509
warning,missing_source_metadata,high,offline_runtime_bank,assets/data/offline_questions.json,985,offline_tek_0015,Çima şîfreyeke dirêj ji ya kurt bihêztir e?,Source title and URL are both missing.,1377d74244572a44b5aec09ed40a1ba0
warning,missing_source_metadata,high,offline_runtime_bank,assets/data/offline_questions.json,986,offline_tek_0016,Bîrgeya demkî (RAM) piştî girtina amûrê naveroka xwe winda dike.,Source title and URL are both missing.,da3bbef980c95901a0c801a30992c562
warning,missing_source_metadata,high,offline_runtime_bank,assets/data/offline_questions.json,987,offline_tek_0017,Girêdana HTTP naveroka di rê de şîfre dike.,Source title and URL are both missing.,489f8f11995af508e6b0626b2569dc34
warning,missing_source_metadata,high,offline_runtime_bank,assets/data/offline_questions.json,988,offline_tek_0018,Pelrêça daneyan a li ser înternetê bêyî paşvegirtinê jî her tim ewle ye.,Source title and URL are both missing.,68fb26fc7394a52e091a175e987c8f5f
warning,missing_source_metadata,high,offline_runtime_bank,assets/data/offline_questions.json,989,offline_tek_0019,"Peyva Kurmancî ya ku ji bo ""mouse"" tê bikaranîn ""mişk"" e.",Source title and URL are both missing.,e31bcd78d98ab1a6fffdcd726f6fce34
warning,missing_source_metadata,high,offline_runtime_bank,assets/data/offline_questions.json,98,offline_2336,Demokrasiya radîkal bi kîjan aliyê xwe ji demokrasiya temsîlî ya klasîk vediqete?,Source title and URL are both missing.,a9212262bf1ac049fa0af27869af26af
warning,missing_source_metadata,high,offline_runtime_bank,assets/data/offline_questions.json,990,offline_tek_0020,Kodên çavkaniyê yên vekirî tenê ji aliyê şirketan ve tên nivîsandin.,Source title and URL are both missing.,0fd8d156108339a38e5f220580c35368
warning,missing_source_metadata,high,offline_runtime_bank,assets/data/offline_questions.json,991,offline_tek_0021,Şîfreya heman ji bo hemû hesaban bikaranîn xetereyê zêde dike.,Source title and URL are both missing.,fcf801f918377ce97c2730ba62fd485c
warning,missing_source_metadata,high,offline_runtime_bank,assets/data/offline_questions.json,992,offline_tek_0022,Zêdekirina hejmara pêvajokeran her tim bernameyê ewqas qat lez dike.,Source title and URL are both missing.,000d66bf1f3092f425217925cbb644d9
warning,missing_source_metadata,high,offline_runtime_bank,assets/data/offline_questions.json,993,offline_tek_0023,Klavye ji bo têketina nivîsê tê bikaranîn.,Source title and URL are both missing.,78557bbc8281c3d4262661a8a4eb04b3
warning,missing_source_metadata,high,offline_runtime_bank,assets/data/offline_questions.json,994,offline_tek_0024,Piştrastkirina du gavî tenê bi şîfreyê dixebite.,Source title and URL are both missing.,3b85b6aa9077000c5a0d8e6425454583
warning,missing_source_metadata,high,offline_runtime_bank,assets/data/offline_questions.json,995,offline_tek_0025,"Peyva Kurmancî ""malper"" ji bo ""web sitesi"" tê bikaranîn.",Source title and URL are both missing.,3dea95d53f8eaf6ebf371c5e48ac9893
warning,missing_source_metadata,high,offline_runtime_bank,assets/data/offline_questions.json,996,offline_tek_0026,Şîfrekirin daneyê bêyî mifteya rast dîsa xwendinbar dihêle.,Source title and URL are both missing.,bf4afc2f46f10641c94395e03192da75
warning,missing_source_metadata,high,offline_runtime_bank,assets/data/offline_questions.json,997,offline_tek_0027,Nûvekirinên nermalavê gelek caran valahiyên ewlehiyê digirin.,Source title and URL are both missing.,598ca7717c73eddf39957c92c248e75d
warning,missing_source_metadata,high,offline_runtime_bank,assets/data/offline_questions.json,998,offline_tek_0028,Wêneyek bi çareseriya bilind her tim cihê kêmtir digire.,Source title and URL are both missing.,7b55b99db9d6f8c2d3f24c832cc456b9
warning,missing_source_metadata,high,offline_runtime_bank,assets/data/offline_questions.json,999,offline_tek_0040,Di fêrbûna makîneyan de model bi giranî ji çi hîn dibe?,Source title and URL are both missing.,de3da4c7f4dae4406f95577b60e6a410
warning,missing_source_metadata,high,offline_runtime_bank,assets/data/offline_questions.json,99,offline_2349,Ji cihê ku dengbêj lê dicivin û distirên re çi tê gotin?,Source title and URL are both missing.,d17c14f80077a04546e8595cdd9095d0
warning,missing_source_metadata,high,offline_runtime_bank,assets/data/offline_questions.json,9,offline_0040,"Wêneya ""dil"" tê çi wateyê?",Source title and URL are both missing.,5847e2661628a202123d0ccc95869a7b
warning,near_duplicate_candidate,medium,offline_runtime_bank,assets/data/offline_questions.json,9,offline_0040,"Wêneya ""dil"" tê çi wateyê?",Near duplicate candidate.,0d599d05ae66ca524e3aa423b0c0c4a3
warning,near_duplicate_candidate,medium,restore_2026_08_07_runtime_bank,assets/data/restore_2026_08_07_questions.json,14,restore_2026_08_07_0014,Bajarê Colemêrgê li kîjan perçeyê Kurdistanê ye?,Near duplicate candidate.,7f71109e2602995366be25e8538bf462
warning,near_duplicate_candidate,medium,restore_2026_08_07_runtime_bank,assets/data/restore_2026_08_07_questions.json,15,restore_2026_08_07_0015,Gola Wanê li kîjan perçeyê Kurdistanê ye?,Near duplicate candidate.,ea82ec02a878c86f5fc99fff3d506db9
warning,near_duplicate_candidate,medium,restore_2026_08_07_runtime_bank,assets/data/restore_2026_08_07_questions.json,7,restore_2026_08_07_0007,Çiyayê Cûdî li kîjan perçeyê Kurdistanê ye?,Near duplicate candidate.,0e9fd52869003818705ea935cfb60644
warning,near_duplicate_candidate,medium,source_first_runtime_bank,assets/data/source_first_2026_08_questions.json,23,sf_cin_0011,Pêşangeha Mîmarî ya Navneteweyî ya yekem di kîjan salê de pêk hat?,Near duplicate candidate.,44b64d11cb9b4396996c38bd2321e18b
warning,near_duplicate_candidate,medium,source_first_runtime_bank,assets/data/source_first_2026_08_questions.json,32,sf_cin_0020,"Fîlmê ""Nosferatu"" di kîjan salê de derket?",Near duplicate candidate.,b394f0733b127848fb322831c19bfa61
warning,near_duplicate_candidate,medium,source_first_runtime_bank,assets/data/source_first_2026_08_questions.json,34,sf_cin_0022,"Fîlmê ""Tokyo Story"" hilberîna kîjan welatî ye?",Near duplicate candidate.,618dd133c6f789b4874d4718c1b3f11b
warning,near_duplicate_candidate,medium,source_first_runtime_bank,assets/data/source_first_2026_08_questions.json,35,sf_cin_0026,"Fîlmê ""Bicycle Thieves"" hilberîna kîjan welatî ye?",Near duplicate candidate.,f289878f23ed258efa2f4d320a58fcc9
warning,near_duplicate_candidate,medium,source_first_runtime_bank,assets/data/source_first_2026_08_questions.json,36,sf_cin_0028,"Fîlmê ""Citizen Kane"" hilberîna kîjan welatî ye?",Near duplicate candidate.,c7538b41cfd077f2dfef30cc3945698a
warning,near_duplicate_candidate,medium,source_first_runtime_bank,assets/data/source_first_2026_08_questions.json,40,sf_cin_0034,"Fîlmê ""Seven Samurai"" di kîjan salê de derket?",Near duplicate candidate.,7ca23ec8c8b2efe0385a97807c323d59
warning,near_duplicate_candidate,medium,source_first_runtime_bank,assets/data/source_first_2026_08_questions.json,44,sf_cin_0038,"Fîlmê ""Persona"" hilberîna kîjan welatî ye?",Near duplicate candidate.,9168350e52941b4b17521a42940e1248
warning,near_duplicate_candidate,medium,source_first_runtime_bank,assets/data/source_first_2026_08_questions.json,46,sf_cin_0043,"Derhênerê fîlmê ""Vertigo"" kî ye?",Near duplicate candidate.,9f85896ef1c7389acc15677174190d9f
warning,near_duplicate_candidate,medium,source_first_runtime_bank,assets/data/source_first_2026_08_questions.json,47,sf_cin_0044,"Fîlmê ""Vertigo"" di kîjan salê de derket?",Near duplicate candidate.,25d0b2c423b8aa9d5116a7da55736cd2
warning,near_duplicate_candidate,medium,source_first_runtime_bank,assets/data/source_first_2026_08_questions.json,50,sf_cin_0048,"Derhênerê fîlmê ""Mirror"" kî ye?",Near duplicate candidate.,a557a5f1dfd114f905fe6a4dedf852a1
warning,near_duplicate_candidate,medium,source_first_runtime_bank,assets/data/source_first_2026_08_questions.json,51,sf_cin_0049,"Fîlmê ""Mirror"" di kîjan salê de derket?",Near duplicate candidate.,c74d6a89a27437d04c7bfc4a59198280
warning,near_duplicate_candidate,medium,source_first_runtime_bank,assets/data/source_first_2026_08_questions.json,55,sf_cin_0053,"Derhênerê fîlmê ""Close-up"" kî ye?",Near duplicate candidate.,cfdd6b5ae221ea643e4e61cff75087e6
warning,near_duplicate_candidate,medium,source_first_runtime_bank,assets/data/source_first_2026_08_questions.json,56,sf_cin_0054,"Fîlmê ""Close-up"" hilberîna kîjan welatî ye?",Near duplicate candidate.,77c913ae0d26346501374a97b370c421
warning,near_duplicate_candidate,medium,source_first_runtime_bank,assets/data/source_first_2026_08_questions.json,66,sf_nat_0007,Gerstêrka herî germ a sîstema rojê kîjan e?,Near duplicate candidate.,2dc9f1105dcbf0a712d7503f28a8ca4b
warning,near_duplicate_candidate,medium,curated_runtime_bank,lib/src/data/curated_question_bank.dart,98,curated_movement_0002,"Peyva Kurmancî ""azadî"" bi Tirkî çi tê gotin?",Near duplicate candidate.,b58cf0db3cac9396f08dbb06278b1b73
