severity,check_id,confidence,source_id,source_path,source_row,record_id,prompt,message,issue_fingerprint
critical,exact_duplicate,high,active_import_ready,supabase/questions_import_ready.csv,308,offline_5001,"Peyva ""kevin"" ""eski"" anlamına gelir.",Exact normalized duplicate.,f6ba1aa05564de74656e9357731d5ce5
critical,exact_duplicate,high,active_import_ready,supabase/questions_import_ready.csv,314,offline_5007,"Peyva ""xwendekar"" ""öğrenci"" anlamına gelir.",Exact normalized duplicate.,8ad889bf8450bb0b3862cc8b9967f6af
critical,exact_duplicate,high,active_import_ready,supabase/questions_import_ready.csv,322,offline_5015,"Di Kurmancî de peyva ""dil"" bi Tirkî çi ye?",Exact normalized duplicate.,91d81922424e73e1a5df935a3d4dbfae
critical,exact_duplicate,high,active_import_ready,supabase/questions_import_ready.csv,324,offline_5017,"Di Kurmancî de peyva ""xwendekar"" bi Tirkî çi ye?",Exact normalized duplicate.,037094c31e42a20125a5ee76ba92c834
critical,exact_duplicate,high,active_import_ready,supabase/questions_import_ready.csv,325,offline_5018,"Di Kurmancî de peyva ""pir"" bi Tirkî çi ye?",Exact normalized duplicate.,15e35702b4bda737fe3aa5b377dc172c
critical,exact_duplicate,high,active_import_ready,supabase/questions_import_ready.csv,327,offline_5020,"Di Kurmancî de peyva ""zarok"" bi Tirkî çi ye?",Exact normalized duplicate.,4c936df0c5cd23bf88eea94f7e59c406
critical,exact_duplicate,high,active_import_ready,supabase/questions_import_ready.csv,338,offline_5031,"Di Kurmancî de peyva ""av"" bi Tirkî çi ye?",Exact normalized duplicate.,79b96c81529b2329000b1fbb5bc05683
critical,exact_duplicate,high,active_import_ready,supabase/questions_import_ready.csv,340,offline_5033,"Di Kurmancî de peyva ""pir"" bi Tirkî çi ye?",Exact normalized duplicate.,15e35702b4bda737fe3aa5b377dc172c
critical,exact_duplicate,high,active_import_ready,supabase/questions_import_ready.csv,343,offline_5036,"""çocuk"" anlamına gelen Kurmancî kelime hangisidir?",Exact normalized duplicate.,6846dc3612c4f4fb9ddeb7847316ecc8
critical,exact_duplicate,high,active_import_ready,supabase/questions_import_ready.csv,347,offline_5040,"Peyva ""nanxane"" ""okul/akademi"" anlamına gelir.",Exact normalized duplicate.,580dfdb4515d2b8456f5abfc6e54eb2b
critical,exact_duplicate,high,active_import_ready,supabase/questions_import_ready.csv,351,offline_5044,"Di Kurmancî de peyva ""mal"" bi Tirkî çi ye?",Exact normalized duplicate.,bdfb2f7f47bb55020e87beaf21f7da1d
critical,exact_duplicate,high,active_import_ready,supabase/questions_import_ready.csv,353,offline_5046,"Di Kurmancî de peyva ""îro"" bi Tirkî çi ye?",Exact normalized duplicate.,ea9825d0f06acee8d0f54f678e86b03d
critical,exact_duplicate,high,active_import_ready,supabase/questions_import_ready.csv,354,offline_5047,"Di Kurmancî de peyva ""dê"" bi Tirkî çi ye?",Exact normalized duplicate.,82cc44049a0a3a81187061286d6cf45b
critical,exact_duplicate,high,active_import_ready,supabase/questions_import_ready.csv,356,offline_5049,"Di Kurmancî de peyva ""nan"" bi Tirkî çi ye?",Exact normalized duplicate.,bcf8655bad30623d7185d7241a321c3a
critical,exact_duplicate,high,active_import_ready,supabase/questions_import_ready.csv,360,offline_5053,"Di Kurmancî de peyva ""xweş"" bi Tirkî çi ye?",Exact normalized duplicate.,b8d528f48022c0200a404fa06d026224
critical,exact_duplicate,high,active_import_ready,supabase/questions_import_ready.csv,368,offline_5061,"Peyva ""xweş"" ""güzel/iyi"" anlamına gelir.",Exact normalized duplicate.,8f7fd80e5f50147c5f7cf5cf07ad9499
critical,exact_duplicate,high,active_import_ready,supabase/questions_import_ready.csv,371,offline_5064,"Di Kurmancî de peyva ""heyv"" bi Tirkî çi ye?",Exact normalized duplicate.,5255cca13ff3be16fba6bb529160c202
critical,exact_duplicate,high,active_import_ready,supabase/questions_import_ready.csv,376,offline_5069,"""gelmek"" anlamına gelen Kurmancî kelime hangisidir?",Exact normalized duplicate.,cd686d9b886d5c7ae6c0f8447d32b49e
critical,exact_duplicate,high,active_import_ready,supabase/questions_import_ready.csv,378,offline_5071,"Di Kurmancî de peyva ""sar"" bi Tirkî çi ye?",Exact normalized duplicate.,207ffdb62cfa85de9e893e809b15d3e1
critical,exact_duplicate,high,active_import_ready,supabase/questions_import_ready.csv,382,offline_5075,"Peyva ""rûniştin"" ""oturmak"" anlamına gelir.",Exact normalized duplicate.,cdb044dbb1b60054d293c0f3c662c33b
critical,exact_duplicate,high,active_import_ready,supabase/questions_import_ready.csv,383,offline_5076,"""bilmek"" anlamına gelen Kurmancî kelime hangisidir?",Exact normalized duplicate.,e793c05b3f3938097a57a7e325a2ff4d
critical,exact_duplicate,high,active_import_ready,supabase/questions_import_ready.csv,386,offline_5079,"Di Kurmancî de peyva ""pirtûk"" bi Tirkî çi ye?",Exact normalized duplicate.,efd651b240429728e17bae2597d89416
critical,exact_duplicate,high,active_import_ready,supabase/questions_import_ready.csv,390,offline_5083,"Di Kurmancî de peyva ""îro"" bi Tirkî çi ye?",Exact normalized duplicate.,ea9825d0f06acee8d0f54f678e86b03d
critical,exact_duplicate,high,active_import_ready,supabase/questions_import_ready.csv,391,offline_5084,"Peyva ""reng"" ""renk"" anlamına gelir.",Exact normalized duplicate.,327fd472803922cb0c4478a99b5e327f
critical,exact_duplicate,high,active_import_ready,supabase/questions_import_ready.csv,395,offline_5088,"Di Kurmancî de peyva ""çiya"" bi Tirkî çi ye?",Exact normalized duplicate.,11e3443244be0a33df20761a1c1f7bef
critical,exact_duplicate,high,active_import_ready,supabase/questions_import_ready.csv,397,offline_5090,"""kalp/dil"" anlamına gelen Kurmancî kelime hangisidir?",Exact normalized duplicate.,f3bf86a6a8ead1f9c01e0f6a370e242b
critical,exact_duplicate,high,active_import_ready,supabase/questions_import_ready.csv,399,offline_5092,"""ekmek"" anlamına gelen Kurmancî kelime hangisidir?",Exact normalized duplicate.,862124cf7bc97c4259b0ca09f156bed3
critical,exact_duplicate,high,active_import_ready,supabase/questions_import_ready.csv,400,offline_5093,"Peyva ""pir"" ""çok"" anlamına gelir.",Exact normalized duplicate.,86b26f8ad38e58cee400cc2cb963f278
critical,exact_duplicate,high,active_import_ready,supabase/questions_import_ready.csv,401,offline_5094,"Di Kurmancî de peyva ""şev"" bi Tirkî çi ye?",Exact normalized duplicate.,f822df685350dbe9c6296d1eda6d7e1c
critical,exact_duplicate,high,active_import_ready,supabase/questions_import_ready.csv,404,offline_5097,"""okumak"" anlamına gelen Kurmancî kelime hangisidir?",Exact normalized duplicate.,17c809018d4d1a63c940757ff690f827
critical,exact_duplicate,high,active_import_ready,supabase/questions_import_ready.csv,410,offline_5103,"""dağ"" anlamına gelen Kurmancî kelime hangisidir?",Exact normalized duplicate.,8714888eaaeaaea94a95a52164d0a1b0
critical,exact_duplicate,high,active_import_ready,supabase/questions_import_ready.csv,411,offline_5104,"""su"" anlamına gelen Kurmancî kelime hangisidir?",Exact normalized duplicate.,c54ea4e9a832c3d70ab07536d99599a7
critical,exact_duplicate,high,active_import_ready,supabase/questions_import_ready.csv,412,offline_5105,"""güzel/iyi"" anlamına gelen Kurmancî kelime hangisidir?",Exact normalized duplicate.,28fe45f2ee2fe06ad3f760f285bdd43d
critical,exact_duplicate,high,active_import_ready,supabase/questions_import_ready.csv,413,offline_5106,"Di Kurmancî de peyva ""heval"" bi Tirkî çi ye?",Exact normalized duplicate.,84b357e2c74ab7aeb02ec99724f20203
critical,exact_duplicate,high,active_import_ready,supabase/questions_import_ready.csv,415,offline_5108,"Di Kurmancî de peyva ""sar"" bi Tirkî çi ye?",Exact normalized duplicate.,207ffdb62cfa85de9e893e809b15d3e1
critical,exact_duplicate,high,active_import_ready,supabase/questions_import_ready.csv,421,offline_5114,"""yemekhane"" anlamına gelen Kurmancî kelime hangisidir?",Exact normalized duplicate.,52ed0cf05c5007165a65aa056f9f2bab
critical,exact_duplicate,high,active_import_ready,supabase/questions_import_ready.csv,423,offline_5116,"Peyva ""agir"" ""toprak"" anlamına gelir.",Exact normalized duplicate.,310aa2e8d699b1911a7cdf9b6fffa283
critical,exact_duplicate,high,active_import_ready,supabase/questions_import_ready.csv,424,offline_5117,"Di Kurmancî de peyva ""biçûk"" bi Tirkî çi ye?",Exact normalized duplicate.,0fe61d359be3e5924632865b7b212e6f
critical,exact_duplicate,high,active_import_ready,supabase/questions_import_ready.csv,430,offline_5123,"Di Kurmancî de peyva ""rê"" bi Tirkî çi ye?",Exact normalized duplicate.,f59b644efc9d94bfaa04dc382ad6bab5
critical,exact_duplicate,high,active_import_ready,supabase/questions_import_ready.csv,431,offline_5124,"Di Kurmancî de peyva ""pirtûk"" bi Tirkî çi ye?",Exact normalized duplicate.,efd651b240429728e17bae2597d89416
critical,exact_duplicate,high,active_import_ready,supabase/questions_import_ready.csv,438,offline_5131,"Peyva ""şev"" ""deniz"" anlamına gelir.",Exact normalized duplicate.,78234e968deb7fd83ae71b4458ddc4d4
critical,exact_duplicate,high,active_import_ready,supabase/questions_import_ready.csv,439,offline_5132,"Di Kurmancî de peyva ""zanîn"" bi Tirkî çi ye?",Exact normalized duplicate.,a82aba909531ce44c3a207dab44be537
critical,exact_duplicate,high,active_import_ready,supabase/questions_import_ready.csv,445,offline_5138,"""gitmek"" anlamına gelen Kurmancî kelime hangisidir?",Exact normalized duplicate.,4d58ca11da7feefe99828d0fcfe995ea
critical,exact_duplicate,high,active_import_ready,supabase/questions_import_ready.csv,446,offline_5139,"""hava"" anlamına gelen Kurmancî kelime hangisidir?",Exact normalized duplicate.,4c9d23fc364d29496336cda2e54a3d1b
critical,exact_duplicate,high,active_import_ready,supabase/questions_import_ready.csv,447,offline_5140,"""eski"" anlamına gelen Kurmancî kelime hangisidir?",Exact normalized duplicate.,ed684eb925ff8cbf76470ffe6afaabc5
critical,exact_duplicate,high,active_import_ready,supabase/questions_import_ready.csv,451,offline_5144,"""bugün"" anlamına gelen Kurmancî kelime hangisidir?",Exact normalized duplicate.,78b162b34038e6940334fac0bd4f60d7
critical,exact_duplicate,high,active_import_ready,supabase/questions_import_ready.csv,453,offline_5146,"Di Kurmancî de peyva ""biçûk"" bi Tirkî çi ye?",Exact normalized duplicate.,0fe61d359be3e5924632865b7b212e6f
critical,exact_duplicate,high,active_import_ready,supabase/questions_import_ready.csv,455,offline_5148,"Peyva ""baran"" ""kar"" anlamına gelir.",Exact normalized duplicate.,7d64d6966b6e54d3dd9b9a6dd91f8227
critical,exact_duplicate,high,active_import_ready,supabase/questions_import_ready.csv,457,offline_5150,"Peyva ""nav"" ""ad/isim"" anlamına gelir.",Exact normalized duplicate.,c1219ee86f394e0824637b5841e458c6
critical,exact_duplicate,high,active_import_ready,supabase/questions_import_ready.csv,459,offline_5152,"Peyva ""huner"" ""yüz"" anlamına gelir.",Exact normalized duplicate.,f65d1c60a09ff41f0b50ccb6b54cd7c3
critical,exact_duplicate,high,active_import_ready,supabase/questions_import_ready.csv,460,offline_5153,"Di Kurmancî de peyva ""av"" bi Tirkî çi ye?",Exact normalized duplicate.,79b96c81529b2329000b1fbb5bc05683
critical,exact_duplicate,high,active_import_ready,supabase/questions_import_ready.csv,461,offline_5154,"Di Kurmancî de peyva ""rê"" bi Tirkî çi ye?",Exact normalized duplicate.,f59b644efc9d94bfaa04dc382ad6bab5
critical,exact_duplicate,high,active_import_ready,supabase/questions_import_ready.csv,464,offline_5157,"""teşekkür"" anlamına gelen Kurmancî kelime hangisidir?",Exact normalized duplicate.,ab983fb89e4d206a466b5bee9df70498
critical,exact_duplicate,high,active_import_ready,supabase/questions_import_ready.csv,467,offline_5160,"Peyva ""xwendin"" ""yazmak"" anlamına gelir.",Exact normalized duplicate.,4b0c9a78e05e1351bb058f7b79daa0c4
critical,exact_duplicate,high,active_import_ready,supabase/questions_import_ready.csv,468,offline_5161,"Peyva ""bira"" ""erkek kardeş"" anlamına gelir.",Exact normalized duplicate.,fbf1e20725bf599216c307cf1b33c95e
critical,exact_duplicate,high,active_import_ready,supabase/questions_import_ready.csv,469,offline_5162,"Di Kurmancî de peyva ""derî"" bi Tirkî çi ye?",Exact normalized duplicate.,d3b3e95ae4a42cde8f4a632f3a88dfea
critical,exact_duplicate,high,active_import_ready,supabase/questions_import_ready.csv,471,offline_5164,"""görmek"" anlamına gelen Kurmancî kelime hangisidir?",Exact normalized duplicate.,e7c5bc1fc922e934b798cd3406496cb8
critical,exact_duplicate,high,active_import_ready,supabase/questions_import_ready.csv,473,offline_5166,"Peyva ""nav"" ""ad/isim"" anlamına gelir.",Exact normalized duplicate.,c1219ee86f394e0824637b5841e458c6
critical,exact_duplicate,high,active_import_ready,supabase/questions_import_ready.csv,474,offline_5167,"Peyva ""berf"" ""ateş"" anlamına gelir.",Exact normalized duplicate.,ba8065563b2527163293b0c78469eeaa
critical,exact_duplicate,high,active_import_ready,supabase/questions_import_ready.csv,476,offline_5169,"Di Kurmancî de peyva ""bav"" bi Tirkî çi ye?",Exact normalized duplicate.,155bf9f483549529327144f20f89303e
critical,exact_duplicate,high,active_import_ready,supabase/questions_import_ready.csv,477,offline_5170,"Peyva ""dil"" ""arkadaş"" anlamına gelir.",Exact normalized duplicate.,28efe6a19255beb4d015a2d8e3d10a92
critical,exact_duplicate,high,active_import_ready,supabase/questions_import_ready.csv,483,offline_5176,"Di Kurmancî de peyva ""mêr"" bi Tirkî çi ye?",Exact normalized duplicate.,2777a082b666469e1fd6907780773dd3
critical,exact_duplicate,high,active_import_ready,supabase/questions_import_ready.csv,484,offline_5177,"Peyva ""huner"" ""yüz"" anlamına gelir.",Exact normalized duplicate.,f65d1c60a09ff41f0b50ccb6b54cd7c3
critical,exact_duplicate,high,active_import_ready,supabase/questions_import_ready.csv,485,offline_5178,"Di Kurmancî de peyva ""kursî"" bi Tirkî çi ye?",Exact normalized duplicate.,8f61487b9dcd6d14fd26bbdbe5eb3cb7
critical,exact_duplicate,high,active_import_ready,supabase/questions_import_ready.csv,486,offline_5179,"Peyva ""av"" ""su"" anlamına gelir.",Exact normalized duplicate.,446fb09ea8b35c7c86261c012d012dfc
critical,exact_duplicate,high,active_import_ready,supabase/questions_import_ready.csv,487,offline_5180,"Peyva ""agir"" ""toprak"" anlamına gelir.",Exact normalized duplicate.,310aa2e8d699b1911a7cdf9b6fffa283
critical,exact_duplicate,high,active_import_ready,supabase/questions_import_ready.csv,488,offline_5181,"""su"" anlamına gelen Kurmancî kelime hangisidir?",Exact normalized duplicate.,c54ea4e9a832c3d70ab07536d99599a7
critical,exact_duplicate,high,active_import_ready,supabase/questions_import_ready.csv,489,offline_5182,"Peyva ""duh"" ""dün"" anlamına gelir.",Exact normalized duplicate.,3043f8cff389872d12af409ebeba7193
critical,exact_duplicate,high,active_import_ready,supabase/questions_import_ready.csv,492,offline_5185,"Peyva ""mamoste"" ""gece"" anlamına gelir.",Exact normalized duplicate.,f53e250992864495d7b9f013c37103b2
critical,exact_duplicate,high,active_import_ready,supabase/questions_import_ready.csv,497,offline_5190,"""teşekkür"" anlamına gelen Kurmancî kelime hangisidir?",Exact normalized duplicate.,ab983fb89e4d206a466b5bee9df70498
critical,exact_duplicate,high,active_import_ready,supabase/questions_import_ready.csv,498,offline_5191,"Peyva ""stêrk"" ""yıldız"" anlamına gelir.",Exact normalized duplicate.,912fc66a10be0983089ec44507691c82
critical,exact_duplicate,high,active_import_ready,supabase/questions_import_ready.csv,500,offline_5193,"Di Kurmancî de peyva ""av"" bi Tirkî çi ye?",Exact normalized duplicate.,79b96c81529b2329000b1fbb5bc05683
critical,exact_duplicate,high,active_import_ready,supabase/questions_import_ready.csv,504,offline_5197,"Di Kurmancî de peyva ""mêr"" bi Tirkî çi ye?",Exact normalized duplicate.,2777a082b666469e1fd6907780773dd3
critical,exact_duplicate,high,active_import_ready,supabase/questions_import_ready.csv,505,offline_5198,"Di Kurmancî de peyva ""hewa"" bi Tirkî çi ye?",Exact normalized duplicate.,7e49d32ca62ba9591fb58abeaa66f535
critical,exact_duplicate,high,active_import_ready,supabase/questions_import_ready.csv,506,offline_5199,"""doğru"" anlamına gelen Kurmancî kelime hangisidir?",Exact normalized duplicate.,3e1670553de758d4491dd4cb4ee80a13
critical,exact_duplicate,high,active_import_ready,supabase/questions_import_ready.csv,508,offline_5201,"Peyva ""heval"" ""arkadaş"" anlamına gelir.",Exact normalized duplicate.,1432842ed9a3b0673a6877a709fb63af
critical,exact_duplicate,high,active_import_ready,supabase/questions_import_ready.csv,510,offline_5203,"Peyva ""destpêk"" ""başlangıç"" anlamına gelir.",Exact normalized duplicate.,6e04e44c8c3f72e595bc0c4361162a69
critical,exact_duplicate,high,active_import_ready,supabase/questions_import_ready.csv,512,offline_5205,"Peyva ""poz"" ""burun"" anlamına gelir.",Exact normalized duplicate.,0d8b0c8d2fd70bb6dd1a46d710196882
critical,exact_duplicate,high,active_import_ready,supabase/questions_import_ready.csv,513,offline_5206,"Di Kurmancî de peyva ""nav"" bi Tirkî çi ye?",Exact normalized duplicate.,bd304cc928002b85eb74c5e1aaf53072
critical,exact_duplicate,high,active_import_ready,supabase/questions_import_ready.csv,515,offline_5208,"Peyva ""zarok"" ""öğrenci"" anlamına gelir.",Exact normalized duplicate.,4a66a810049707417f5a8e10e9fe96b9
critical,exact_duplicate,high,active_import_ready,supabase/questions_import_ready.csv,516,offline_5209,"Di Kurmancî de peyva ""xweş"" bi Tirkî çi ye?",Exact normalized duplicate.,b8d528f48022c0200a404fa06d026224
critical,exact_duplicate,high,active_import_ready,supabase/questions_import_ready.csv,517,offline_5210,"""gelmek"" anlamına gelen Kurmancî kelime hangisidir?",Exact normalized duplicate.,cd686d9b886d5c7ae6c0f8447d32b49e
critical,exact_duplicate,high,active_import_ready,supabase/questions_import_ready.csv,524,offline_5217,"""öğrenci"" anlamına gelen Kurmancî kelime hangisidir?",Exact normalized duplicate.,8463cdab7ad519f86710335e6a8041f7
critical,exact_duplicate,high,active_import_ready,supabase/questions_import_ready.csv,525,offline_5218,"Peyva ""zarok"" ""öğrenci"" anlamına gelir.",Exact normalized duplicate.,4a66a810049707417f5a8e10e9fe96b9
critical,exact_duplicate,high,active_import_ready,supabase/questions_import_ready.csv,526,offline_5219,"Di Kurmancî de peyva ""derya"" bi Tirkî çi ye?",Exact normalized duplicate.,c71c44277e238d7db47e2a5cac2bebb4
critical,exact_duplicate,high,active_import_ready,supabase/questions_import_ready.csv,529,offline_5222,"""bilmek"" anlamına gelen Kurmancî kelime hangisidir?",Exact normalized duplicate.,e793c05b3f3938097a57a7e325a2ff4d
critical,exact_duplicate,high,active_import_ready,supabase/questions_import_ready.csv,531,offline_5224,"Di Kurmancî de peyva ""kar"" bi Tirkî çi ye?",Exact normalized duplicate.,735d5e75e4d76196491f2f4953064819
critical,exact_duplicate,high,active_import_ready,supabase/questions_import_ready.csv,533,offline_5226,"Peyva ""şêr"" ""köpek"" anlamına gelir.",Exact normalized duplicate.,bcd20bc1f0b5bbd44b1520f0f4691338
critical,exact_duplicate,high,active_import_ready,supabase/questions_import_ready.csv,537,offline_5230,"Peyva ""mamoste"" ""gece"" anlamına gelir.",Exact normalized duplicate.,f53e250992864495d7b9f013c37103b2
critical,exact_duplicate,high,active_import_ready,supabase/questions_import_ready.csv,538,offline_5231,"Peyva ""heval"" ""şehir"" anlamına gelir.",Exact normalized duplicate.,f66f713661b0a4fd83bb1bab57698b8b
critical,exact_duplicate,high,active_import_ready,supabase/questions_import_ready.csv,541,offline_5234,"Peyva ""nan"" ""ekmek"" anlamına gelir.",Exact normalized duplicate.,ed2dbe3bf7096315d58a68ea796a9769
critical,exact_duplicate,high,active_import_ready,supabase/questions_import_ready.csv,543,offline_5236,"""yol"" anlamına gelen Kurmancî kelime hangisidir?",Exact normalized duplicate.,0e6797bccb37765346546e6389db4228
critical,exact_duplicate,high,active_import_ready,supabase/questions_import_ready.csv,546,offline_5239,"Di Kurmancî de peyva ""destpêk"" bi Tirkî çi ye?",Exact normalized duplicate.,d19f0f7095c1180c8df24262fcfc7aad
critical,exact_duplicate,high,active_import_ready,supabase/questions_import_ready.csv,551,offline_5244,"Di Kurmancî de peyva ""dest"" bi Tirkî çi ye?",Exact normalized duplicate.,c696bbb98fd66c32f9a0e5a9ba4d77d6
critical,exact_duplicate,high,active_import_ready,supabase/questions_import_ready.csv,556,offline_5249,"Di Kurmancî de peyva ""axaftin"" bi Tirkî çi ye?",Exact normalized duplicate.,2a01779d5a3ffda9e9a53f45997c2dc6
critical,exact_duplicate,high,active_import_ready,supabase/questions_import_ready.csv,557,offline_5250,"""hava"" anlamına gelen Kurmancî kelime hangisidir?",Exact normalized duplicate.,4c9d23fc364d29496336cda2e54a3d1b
critical,exact_duplicate,high,active_import_ready,supabase/questions_import_ready.csv,558,offline_5251,"Di Kurmancî de peyva ""sar"" bi Tirkî çi ye?",Exact normalized duplicate.,207ffdb62cfa85de9e893e809b15d3e1
critical,exact_duplicate,high,active_import_ready,supabase/questions_import_ready.csv,560,offline_5253,"""yaşlı/ihtiyar"" anlamına gelen Kurmancî kelime hangisidir?",Exact normalized duplicate.,a64b709308f6ff2bea99670d264aa422
critical,exact_duplicate,high,active_import_ready,supabase/questions_import_ready.csv,561,offline_5254,"""göz"" anlamına gelen Kurmancî kelime hangisidir?",Exact normalized duplicate.,a82c1341d56acba9e16722339dc4bd3c
critical,exact_duplicate,high,active_import_ready,supabase/questions_import_ready.csv,562,offline_5255,"Di Kurmancî de peyva ""xwendekar"" bi Tirkî çi ye?",Exact normalized duplicate.,037094c31e42a20125a5ee76ba92c834
critical,exact_duplicate,high,active_import_ready,supabase/questions_import_ready.csv,563,offline_5256,"""kitap"" anlamına gelen Kurmancî kelime hangisidir?",Exact normalized duplicate.,7385b64151c8cc20f3f32889eeca3395
critical,exact_duplicate,high,active_import_ready,supabase/questions_import_ready.csv,566,offline_5259,"Di Kurmancî de peyva ""kûçik"" bi Tirkî çi ye?",Exact normalized duplicate.,f78bf130bcb0933908f221c0778e5f00
critical,exact_duplicate,high,active_import_ready,supabase/questions_import_ready.csv,567,offline_5260,"Di Kurmancî de peyva ""reng"" bi Tirkî çi ye?",Exact normalized duplicate.,b82e8bb9c82fe3dce2d9019c10cf1e00
critical,exact_duplicate,high,active_import_ready,supabase/questions_import_ready.csv,568,offline_5261,"Di Kurmancî de peyva ""pênûs"" bi Tirkî çi ye?",Exact normalized duplicate.,b6ab010dc081b320feee658318c27bb5
critical,exact_duplicate,high,active_import_ready,supabase/questions_import_ready.csv,572,offline_5265,"Di Kurmancî de peyva ""roj"" bi Tirkî çi ye?",Exact normalized duplicate.,73d129e9285afb8b61b942df0339f25c
critical,exact_duplicate,high,active_import_ready,supabase/questions_import_ready.csv,573,offline_5266,"""ev"" anlamına gelen Kurmancî kelime hangisidir?",Exact normalized duplicate.,a0fe5581869f56d2b518854096660c42
critical,exact_duplicate,high,active_import_ready,supabase/questions_import_ready.csv,574,offline_5267,"Peyva ""hatin"" ""gelmek"" anlamına gelir.",Exact normalized duplicate.,2ba8a6159446b8ba1b1fd6c1977d5439
critical,exact_duplicate,high,active_import_ready,supabase/questions_import_ready.csv,576,offline_5269,"Peyva ""rast"" ""doğru"" anlamına gelir.",Exact normalized duplicate.,1598bf268ecf576a74f9a97baed6a69d
critical,exact_duplicate,high,active_import_ready,supabase/questions_import_ready.csv,578,offline_5271,"Di Kurmancî de peyva ""ciwan"" bi Tirkî çi ye?",Exact normalized duplicate.,2a0e9bb8ec20dbae2e7319277bebbd23
critical,exact_duplicate,high,active_import_ready,supabase/questions_import_ready.csv,582,offline_5275,"Peyva ""nan"" ""ekmek"" anlamına gelir.",Exact normalized duplicate.,ed2dbe3bf7096315d58a68ea796a9769
critical,exact_duplicate,high,active_import_ready,supabase/questions_import_ready.csv,583,offline_5276,"Peyva ""nav"" ""çocuk"" anlamına gelir.",Exact normalized duplicate.,0fe1541df5d7c27c8bd75a60c328e7b8
critical,exact_duplicate,high,active_import_ready,supabase/questions_import_ready.csv,584,offline_5277,"Di Kurmancî de peyva ""newal"" bi Tirkî çi ye?",Exact normalized duplicate.,015b1fd575de1aff31d3587b6431c6ca
critical,exact_duplicate,high,active_import_ready,supabase/questions_import_ready.csv,586,offline_5279,"""soğuk"" anlamına gelen Kurmancî kelime hangisidir?",Exact normalized duplicate.,fd552931c5d2b0ae19380996cc2d2309
critical,exact_duplicate,high,active_import_ready,supabase/questions_import_ready.csv,587,offline_5280,"""eski"" anlamına gelen Kurmancî kelime hangisidir?",Exact normalized duplicate.,ed684eb925ff8cbf76470ffe6afaabc5
critical,exact_duplicate,high,active_import_ready,supabase/questions_import_ready.csv,588,offline_5281,"Peyva ""hesp"" ""at"" anlamına gelir.",Exact normalized duplicate.,a6f28d9f257be220597223fdbd96a436
critical,exact_duplicate,high,active_import_ready,supabase/questions_import_ready.csv,590,offline_5283,"Peyva ""şêr"" ""aslan"" anlamına gelir.",Exact normalized duplicate.,60adb65544efcc99abad3112dc9aced5
critical,exact_duplicate,high,active_import_ready,supabase/questions_import_ready.csv,591,offline_5284,"Di Kurmancî de peyva ""zanîn"" bi Tirkî çi ye?",Exact normalized duplicate.,a82aba909531ce44c3a207dab44be537
critical,exact_duplicate,high,active_import_ready,supabase/questions_import_ready.csv,598,offline_5291,"Di Kurmancî de peyva ""reng"" bi Tirkî çi ye?",Exact normalized duplicate.,b82e8bb9c82fe3dce2d9019c10cf1e00
critical,exact_duplicate,high,active_import_ready,supabase/questions_import_ready.csv,600,offline_5293,"""dağ"" anlamına gelen Kurmancî kelime hangisidir?",Exact normalized duplicate.,8714888eaaeaaea94a95a52164d0a1b0
critical,exact_duplicate,high,active_import_ready,supabase/questions_import_ready.csv,602,offline_5295,"Di Kurmancî de peyva ""hatin"" bi Tirkî çi ye?",Exact normalized duplicate.,927ef17b3a33e32edb7cca4aba9bf643
critical,exact_duplicate,high,active_import_ready,supabase/questions_import_ready.csv,603,offline_5296,"Peyva ""berf"" ""ateş"" anlamına gelir.",Exact normalized duplicate.,ba8065563b2527163293b0c78469eeaa
critical,exact_duplicate,high,active_import_ready,supabase/questions_import_ready.csv,604,offline_5297,"Di Kurmancî de peyva ""malbat"" bi Tirkî çi ye?",Exact normalized duplicate.,0821ce6755b4809b9eaa3d970d4eb071
critical,exact_duplicate,high,active_import_ready,supabase/questions_import_ready.csv,607,offline_5300,"Peyva ""dev"" ""diş"" anlamına gelir.",Exact normalized duplicate.,022fb0c758c4cef3b6e18e783ea61111
critical,exact_duplicate,high,active_import_ready,supabase/questions_import_ready.csv,608,offline_5301,"Peyva ""şêr"" ""aslan"" anlamına gelir.",Exact normalized duplicate.,60adb65544efcc99abad3112dc9aced5
critical,exact_duplicate,high,active_import_ready,supabase/questions_import_ready.csv,609,offline_5302,"Peyva ""heval"" ""arkadaş"" anlamına gelir.",Exact normalized duplicate.,1432842ed9a3b0673a6877a709fb63af
critical,exact_duplicate,high,active_import_ready,supabase/questions_import_ready.csv,612,offline_5305,"""gelmek"" anlamına gelen Kurmancî kelime hangisidir?",Exact normalized duplicate.,cd686d9b886d5c7ae6c0f8447d32b49e
critical,exact_duplicate,high,active_import_ready,supabase/questions_import_ready.csv,614,offline_5307,"Peyva ""av"" ""gün/güneş"" anlamına gelir.",Exact normalized duplicate.,224705cd0ab89fc4f3f8ec14c7843c71
critical,exact_duplicate,high,active_import_ready,supabase/questions_import_ready.csv,616,offline_5309,"Di Kurmancî de peyva ""kal"" bi Tirkî çi ye?",Exact normalized duplicate.,73cc91eff3ba38c8653fa3fd2b58a61b
critical,exact_duplicate,high,active_import_ready,supabase/questions_import_ready.csv,617,offline_5310,"Di Kurmancî de peyva ""pênûs"" bi Tirkî çi ye?",Exact normalized duplicate.,b6ab010dc081b320feee658318c27bb5
critical,exact_duplicate,high,active_import_ready,supabase/questions_import_ready.csv,618,offline_5311,"""sanat"" anlamına gelen Kurmancî kelime hangisidir?",Exact normalized duplicate.,abcf15f3ed9624fefb27e764c7e0d333
critical,exact_duplicate,high,active_import_ready,supabase/questions_import_ready.csv,619,offline_5312,"""pencere"" anlamına gelen Kurmancî kelime hangisidir?",Exact normalized duplicate.,e571c93f3e8be83d4d4670a8d063129e
critical,exact_duplicate,high,active_import_ready,supabase/questions_import_ready.csv,620,offline_5313,"Peyva ""heyv"" ""rüzgar"" anlamına gelir.",Exact normalized duplicate.,e0a1abaf3fa013ae93ace66ebae4ca60
critical,exact_duplicate,high,active_import_ready,supabase/questions_import_ready.csv,626,offline_5319,"""dünya"" anlamına gelen Kurmancî kelime hangisidir?",Exact normalized duplicate.,219ea3d98c61d61456ee80329a0e2f37
critical,exact_duplicate,high,active_import_ready,supabase/questions_import_ready.csv,627,offline_5320,"Peyva ""rûniştin"" ""oturmak"" anlamına gelir.",Exact normalized duplicate.,cdb044dbb1b60054d293c0f3c662c33b
critical,exact_duplicate,high,active_import_ready,supabase/questions_import_ready.csv,628,offline_5321,"""ağaç"" anlamına gelen Kurmancî kelime hangisidir?",Exact normalized duplicate.,3d6e12e9b7554e7e3e7dcafeeddb6dd8
critical,exact_duplicate,high,active_import_ready,supabase/questions_import_ready.csv,630,offline_5323,"Di Kurmancî de peyva ""rû"" bi Tirkî çi ye?",Exact normalized duplicate.,e62fdcbec3e52844156a4eb90c98913a
critical,exact_duplicate,high,active_import_ready,supabase/questions_import_ready.csv,633,offline_5326,"Peyva ""hesp"" ""at"" anlamına gelir.",Exact normalized duplicate.,a6f28d9f257be220597223fdbd96a436
critical,exact_duplicate,high,active_import_ready,supabase/questions_import_ready.csv,635,offline_5328,"""genç"" anlamına gelen Kurmancî kelime hangisidir?",Exact normalized duplicate.,9eda6df4271a33a76795dacb21b6c549
critical,exact_duplicate,high,active_import_ready,supabase/questions_import_ready.csv,636,offline_5329,"Peyva ""nanpêj"" ""iş"" anlamına gelir.",Exact normalized duplicate.,76256d7d6e1b9fd6e729ba9cf58d94f2
critical,exact_duplicate,high,active_import_ready,supabase/questions_import_ready.csv,637,offline_5330,"Peyva ""xwendin"" ""okumak"" anlamına gelir.",Exact normalized duplicate.,39cd1a708dff4b3c5db1d0499fcfde6d
critical,exact_duplicate,high,active_import_ready,supabase/questions_import_ready.csv,638,offline_5331,"Di Kurmancî de peyva ""nivîsandin"" bi Tirkî çi ye?",Exact normalized duplicate.,4a1db614e7f6500d66218d9336e2330b
critical,exact_duplicate,high,active_import_ready,supabase/questions_import_ready.csv,639,offline_5332,"Peyva ""wêne"" ""ses"" anlamına gelir.",Exact normalized duplicate.,70ad3a1e79fc2d8f3eaa69ca3a322fda
critical,exact_duplicate,high,active_import_ready,supabase/questions_import_ready.csv,640,offline_5333,"Peyva ""pisîk"" ""kedi"" anlamına gelir.",Exact normalized duplicate.,e9b6098cd9f6746877567f480f7a2e3f
critical,exact_duplicate,high,active_import_ready,supabase/questions_import_ready.csv,641,offline_5334,"Peyva ""stêrk"" ""ay"" anlamına gelir.",Exact normalized duplicate.,9ee5012be3b597a468606f40d62c2f31
critical,exact_duplicate,high,active_import_ready,supabase/questions_import_ready.csv,642,offline_5335,"Peyva ""zanîn"" ""gelmek"" anlamına gelir.",Exact normalized duplicate.,69e6060ead16fd94a6a525802b846ac1
critical,exact_duplicate,high,active_import_ready,supabase/questions_import_ready.csv,648,offline_5341,"Peyva ""pir"" ""çok"" anlamına gelir.",Exact normalized duplicate.,86b26f8ad38e58cee400cc2cb963f278
critical,exact_duplicate,high,active_import_ready,supabase/questions_import_ready.csv,649,offline_5342,"Di Kurmancî de peyva ""kar"" bi Tirkî çi ye?",Exact normalized duplicate.,735d5e75e4d76196491f2f4953064819
critical,exact_duplicate,high,active_import_ready,supabase/questions_import_ready.csv,650,offline_5343,"Peyva ""şev"" ""deniz"" anlamına gelir.",Exact normalized duplicate.,78234e968deb7fd83ae71b4458ddc4d4
critical,exact_duplicate,high,active_import_ready,supabase/questions_import_ready.csv,651,offline_5344,"Di Kurmancî de peyva ""cîhan"" bi Tirkî çi ye?",Exact normalized duplicate.,1de1b368c92432ed71e0ba230c7d406e
critical,exact_duplicate,high,active_import_ready,supabase/questions_import_ready.csv,652,offline_5345,"Peyva ""hesp"" ""at"" anlamına gelir.",Exact normalized duplicate.,a6f28d9f257be220597223fdbd96a436
critical,exact_duplicate,high,active_import_ready,supabase/questions_import_ready.csv,653,offline_5346,"Peyva ""derya"" ""deniz"" anlamına gelir.",Exact normalized duplicate.,886fd32aeba861bcf423c5960db4c43e
critical,exact_duplicate,high,active_import_ready,supabase/questions_import_ready.csv,654,offline_5347,"""dil"" anlamına gelen Kurmancî kelime hangisidir?",Exact normalized duplicate.,1f3062f5f43fb3dc4126d2277ff30bd3
critical,exact_duplicate,high,active_import_ready,supabase/questions_import_ready.csv,655,offline_5348,"Peyva ""nanpêj"" ""iş"" anlamına gelir.",Exact normalized duplicate.,76256d7d6e1b9fd6e729ba9cf58d94f2
critical,exact_duplicate,high,active_import_ready,supabase/questions_import_ready.csv,656,offline_5349,"""başlangıç"" anlamına gelen Kurmancî kelime hangisidir?",Exact normalized duplicate.,48277da6cca803e3284be3af0d723d10
critical,exact_duplicate,high,active_import_ready,supabase/questions_import_ready.csv,658,offline_5351,"Peyva ""mal"" ""kitap"" anlamına gelir.",Exact normalized duplicate.,d5d4950c30a681b6b74f5d22e4f14c5a
critical,exact_duplicate,high,active_import_ready,supabase/questions_import_ready.csv,659,offline_5352,"Peyva ""malbat"" ""erkek kardeş"" anlamına gelir.",Exact normalized duplicate.,402fbd358a074c49da076db979d7c827
critical,exact_duplicate,high,active_import_ready,supabase/questions_import_ready.csv,660,offline_5353,"""ekmek"" anlamına gelen Kurmancî kelime hangisidir?",Exact normalized duplicate.,862124cf7bc97c4259b0ca09f156bed3
critical,exact_duplicate,high,active_import_ready,supabase/questions_import_ready.csv,661,offline_5354,"Peyva ""kar"" ""sanat"" anlamına gelir.",Exact normalized duplicate.,739932806de0458ce63f19fb45879788
critical,exact_duplicate,high,active_import_ready,supabase/questions_import_ready.csv,662,offline_5355,"Di Kurmancî de peyva ""kanî"" bi Tirkî çi ye?",Exact normalized duplicate.,94b3feaf02529b1fa33606a90e23a6a3
critical,exact_duplicate,high,active_import_ready,supabase/questions_import_ready.csv,663,offline_5356,"""yağmur"" anlamına gelen Kurmancî kelime hangisidir?",Exact normalized duplicate.,3dce3c70a36b7eb09c5894d5c95af7b4
critical,exact_duplicate,high,active_import_ready,supabase/questions_import_ready.csv,664,offline_5357,"Di Kurmancî de peyva ""derî"" bi Tirkî çi ye?",Exact normalized duplicate.,d3b3e95ae4a42cde8f4a632f3a88dfea
critical,exact_duplicate,high,active_import_ready,supabase/questions_import_ready.csv,665,offline_5358,"Di Kurmancî de peyva ""welat"" bi Tirkî çi ye?",Exact normalized duplicate.,506223694c1a0b51d8b0985bbcfbfe80
critical,exact_duplicate,high,active_import_ready,supabase/questions_import_ready.csv,666,offline_5359,"Peyva ""xwendegeh"" ""okul/akademi"" anlamına gelir.",Exact normalized duplicate.,5e349c5e491f133000bbd3b1fdbae5dd
critical,exact_duplicate,high,active_import_ready,supabase/questions_import_ready.csv,668,offline_5361,"Peyva ""nivîsandin"" ""gitmek"" anlamına gelir.",Exact normalized duplicate.,ad18b901a29553d9ace1a6b31ecd4ae5
critical,exact_duplicate,high,active_import_ready,supabase/questions_import_ready.csv,670,offline_5363,"Di Kurmancî de peyva ""guh"" bi Tirkî çi ye?",Exact normalized duplicate.,2d96c8de03fef92c1ff150e1be20a73f
critical,exact_duplicate,high,active_import_ready,supabase/questions_import_ready.csv,671,offline_5364,"Peyva ""derî"" ""pencere"" anlamına gelir.",Exact normalized duplicate.,361507251132c16faf3d291257d7f1e2
critical,exact_duplicate,high,active_import_ready,supabase/questions_import_ready.csv,673,offline_5366,"Di Kurmancî de peyva ""bajar"" bi Tirkî çi ye?",Exact normalized duplicate.,85172eb0bc1f8ad2a2f44ef0eef0b94f
critical,exact_duplicate,high,active_import_ready,supabase/questions_import_ready.csv,675,offline_5368,"""okul"" anlamına gelen Kurmancî kelime hangisidir?",Exact normalized duplicate.,0635a979de007ae2065f84499d5dbab8
critical,exact_duplicate,high,active_import_ready,supabase/questions_import_ready.csv,676,offline_5369,"Peyva ""çûn"" ""gitmek"" anlamına gelir.",Exact normalized duplicate.,3efcc612690a442a136c4e8ad7ba8f07
critical,exact_duplicate,high,active_import_ready,supabase/questions_import_ready.csv,678,offline_5371,"""anne"" anlamına gelen Kurmancî kelime hangisidir?",Exact normalized duplicate.,20f84dc60a2a5e918506d923d280c397
critical,exact_duplicate,high,active_import_ready,supabase/questions_import_ready.csv,680,offline_5373,"Peyva ""rê"" ""teşekkür"" anlamına gelir.",Exact normalized duplicate.,285e6a4b958a367f38be8d6865aa11a9
critical,exact_duplicate,high,active_import_ready,supabase/questions_import_ready.csv,681,offline_5374,"Di Kurmancî de peyva ""cîhan"" bi Tirkî çi ye?",Exact normalized duplicate.,1de1b368c92432ed71e0ba230c7d406e
critical,exact_duplicate,high,active_import_ready,supabase/questions_import_ready.csv,682,offline_5375,"Peyva ""dil"" ""kalp/dil"" anlamına gelir.",Exact normalized duplicate.,9820cc1237846eaaa87b0a63dd2029d1
critical,exact_duplicate,high,active_import_ready,supabase/questions_import_ready.csv,683,offline_5376,"Peyva ""axaftin"" ""görmek"" anlamına gelir.",Exact normalized duplicate.,97adeb7236588817d15b34d396d0d974
critical,exact_duplicate,high,active_import_ready,supabase/questions_import_ready.csv,684,offline_5377,"""yaşlı/ihtiyar"" anlamına gelen Kurmancî kelime hangisidir?",Exact normalized duplicate.,a64b709308f6ff2bea99670d264aa422
critical,exact_duplicate,high,active_import_ready,supabase/questions_import_ready.csv,685,offline_5378,"Peyva ""dibistan"" ""okul"" anlamına gelir.",Exact normalized duplicate.,f2e77c4add89951c97de85bed24cce94
critical,exact_duplicate,high,active_import_ready,supabase/questions_import_ready.csv,686,offline_5379,"Peyva ""îro"" ""bugün"" anlamına gelir.",Exact normalized duplicate.,6aed6f9c6e6a8a5e58ae971fc896410a
critical,exact_duplicate,high,active_import_ready,supabase/questions_import_ready.csv,687,offline_5380,"""ekmek"" anlamına gelen Kurmancî kelime hangisidir?",Exact normalized duplicate.,862124cf7bc97c4259b0ca09f156bed3
critical,exact_duplicate,high,active_import_ready,supabase/questions_import_ready.csv,688,offline_5381,"Peyva ""zanîn"" ""bilmek"" anlamına gelir.",Exact normalized duplicate.,3ce872b74ae3390b6d9bec3a4d75da9a
critical,exact_duplicate,high,active_import_ready,supabase/questions_import_ready.csv,690,offline_5383,"Di Kurmancî de peyva ""kevin"" bi Tirkî çi ye?",Exact normalized duplicate.,f70ba4b5b72f1109ea899ac981425a68
critical,exact_duplicate,high,active_import_ready,supabase/questions_import_ready.csv,692,offline_5385,"Peyva ""huner"" ""sanat"" anlamına gelir.",Exact normalized duplicate.,55e43e7f0903560a7621af433eca8420
critical,exact_duplicate,high,active_import_ready,supabase/questions_import_ready.csv,694,offline_5387,"Peyva ""pisîk"" ""kedi"" anlamına gelir.",Exact normalized duplicate.,e9b6098cd9f6746877567f480f7a2e3f
critical,exact_duplicate,high,active_import_ready,supabase/questions_import_ready.csv,695,offline_5388,"Peyva ""nivîsandin"" ""yazmak"" anlamına gelir.",Exact normalized duplicate.,90bfed38d09d7bb179125def3ec2ef35
critical,exact_duplicate,high,active_import_ready,supabase/questions_import_ready.csv,696,offline_5389,"Di Kurmancî de peyva ""nivîsandin"" bi Tirkî çi ye?",Exact normalized duplicate.,4a1db614e7f6500d66218d9336e2330b
critical,exact_duplicate,high,active_import_ready,supabase/questions_import_ready.csv,697,offline_5390,"""kulak"" anlamına gelen Kurmancî kelime hangisidir?",Exact normalized duplicate.,0342dccfbeb0258b61cba5da3e750466
critical,exact_duplicate,high,active_import_ready,supabase/questions_import_ready.csv,698,offline_5391,"""doğru"" anlamına gelen Kurmancî kelime hangisidir?",Exact normalized duplicate.,3e1670553de758d4491dd4cb4ee80a13
critical,exact_duplicate,high,active_import_ready,supabase/questions_import_ready.csv,699,offline_5392,"""soğuk"" anlamına gelen Kurmancî kelime hangisidir?",Exact normalized duplicate.,fd552931c5d2b0ae19380996cc2d2309
critical,exact_duplicate,high,active_import_ready,supabase/questions_import_ready.csv,700,offline_5393,"Peyva ""pir"" ""çok"" anlamına gelir.",Exact normalized duplicate.,86b26f8ad38e58cee400cc2cb963f278
critical,exact_duplicate,high,active_import_ready,supabase/questions_import_ready.csv,704,offline_5397,"Peyva ""stêrk"" ""ay"" anlamına gelir.",Exact normalized duplicate.,9ee5012be3b597a468606f40d62c2f31
critical,exact_duplicate,high,active_import_ready,supabase/questions_import_ready.csv,705,offline_5398,"Di Kurmancî de peyva ""roj"" bi Tirkî çi ye?",Exact normalized duplicate.,73d129e9285afb8b61b942df0339f25c
critical,exact_duplicate,high,active_import_ready,supabase/questions_import_ready.csv,706,offline_5399,"Peyva ""sar"" ""soğuk"" anlamına gelir.",Exact normalized duplicate.,d1be0b9b2916d34eeb8d15aa1a35e422
critical,exact_duplicate,high,active_import_ready,supabase/questions_import_ready.csv,709,offline_5402,"""baba"" anlamına gelen Kurmancî kelime hangisidir?",Exact normalized duplicate.,88bc6f1982e14fafa3884ac024eaeb25
critical,exact_duplicate,high,active_import_ready,supabase/questions_import_ready.csv,714,offline_5407,"Peyva ""pisîk"" ""kedi"" anlamına gelir.",Exact normalized duplicate.,e9b6098cd9f6746877567f480f7a2e3f
critical,exact_duplicate,high,active_import_ready,supabase/questions_import_ready.csv,715,offline_5408,"Peyva ""mase"" ""sandalye"" anlamına gelir.",Exact normalized duplicate.,2c68ed6771cdd4a639e9c0105363ed5e
critical,exact_duplicate,high,active_import_ready,supabase/questions_import_ready.csv,716,offline_5409,"Peyva ""wêne"" ""ses"" anlamına gelir.",Exact normalized duplicate.,70ad3a1e79fc2d8f3eaa69ca3a322fda
critical,exact_duplicate,high,active_import_ready,supabase/questions_import_ready.csv,717,offline_5410,"""doğru"" anlamına gelen Kurmancî kelime hangisidir?",Exact normalized duplicate.,3e1670553de758d4491dd4cb4ee80a13
critical,exact_duplicate,high,active_import_ready,supabase/questions_import_ready.csv,718,offline_5411,"Di Kurmancî de peyva ""mal"" bi Tirkî çi ye?",Exact normalized duplicate.,bdfb2f7f47bb55020e87beaf21f7da1d
critical,exact_duplicate,high,active_import_ready,supabase/questions_import_ready.csv,719,offline_5412,"Di Kurmancî de peyva ""wêne"" bi Tirkî çi ye?",Exact normalized duplicate.,595ddefccf0a3155c4fbb403ecfe7311
critical,exact_duplicate,high,active_import_ready,supabase/questions_import_ready.csv,720,offline_5413,"Peyva ""nan"" ""ekmek"" anlamına gelir.",Exact normalized duplicate.,ed2dbe3bf7096315d58a68ea796a9769
critical,exact_duplicate,high,active_import_ready,supabase/questions_import_ready.csv,721,offline_5414,"Peyva ""por"" ""bina/ev"" anlamına gelir.",Exact normalized duplicate.,bcd7bd2c7fb4ac628819ad12ba6bba30
critical,exact_duplicate,high,active_import_ready,supabase/questions_import_ready.csv,722,offline_5415,"Peyva ""gul"" ""gül"" anlamına gelir.",Exact normalized duplicate.,341f78d889aec02f942495978faae591
critical,exact_duplicate,high,active_import_ready,supabase/questions_import_ready.csv,723,offline_5416,"""yemekhane"" anlamına gelen Kurmancî kelime hangisidir?",Exact normalized duplicate.,52ed0cf05c5007165a65aa056f9f2bab
critical,exact_duplicate,high,active_import_ready,supabase/questions_import_ready.csv,724,offline_5417,"""kağıt"" anlamına gelen Kurmancî kelime hangisidir?",Exact normalized duplicate.,96baf0cb8b15acc9f883b761a70f8f94
critical,exact_duplicate,high,active_import_ready,supabase/questions_import_ready.csv,725,offline_5418,"Peyva ""pênûs"" ""kalem"" anlamına gelir.",Exact normalized duplicate.,50cdf1ce0bd80129fe8ec8985f0009a3
critical,exact_duplicate,high,active_import_ready,supabase/questions_import_ready.csv,726,offline_5419,"Peyva ""teşt"" ""leğen"" anlamına gelir.",Exact normalized duplicate.,1dd315b590f10d479205d208665c0192
critical,exact_duplicate,high,active_import_ready,supabase/questions_import_ready.csv,727,offline_5420,"""kapı"" anlamına gelen Kurmancî kelime hangisidir?",Exact normalized duplicate.,477b87bb7c638aae0a16fd66659097fc
critical,exact_duplicate,high,active_import_ready,supabase/questions_import_ready.csv,730,offline_5423,"""dünya"" anlamına gelen Kurmancî kelime hangisidir?",Exact normalized duplicate.,219ea3d98c61d61456ee80329a0e2f37
critical,exact_duplicate,high,active_import_ready,supabase/questions_import_ready.csv,731,offline_5424,"Di Kurmancî de peyva ""rê"" bi Tirkî çi ye?",Exact normalized duplicate.,f59b644efc9d94bfaa04dc382ad6bab5
critical,exact_duplicate,high,active_import_ready,supabase/questions_import_ready.csv,734,offline_5427,"Peyva ""nan"" ""ekmek"" anlamına gelir.",Exact normalized duplicate.,ed2dbe3bf7096315d58a68ea796a9769
critical,exact_duplicate,high,active_import_ready,supabase/questions_import_ready.csv,735,offline_5428,"""okul"" anlamına gelen Kurmancî kelime hangisidir?",Exact normalized duplicate.,0635a979de007ae2065f84499d5dbab8
critical,exact_duplicate,high,active_import_ready,supabase/questions_import_ready.csv,736,offline_5429,"Peyva ""nivîsandin"" ""gitmek"" anlamına gelir.",Exact normalized duplicate.,ad18b901a29553d9ace1a6b31ecd4ae5
critical,exact_duplicate,high,active_import_ready,supabase/questions_import_ready.csv,738,offline_5431,"Peyva ""stêrk"" ""yıldız"" anlamına gelir.",Exact normalized duplicate.,912fc66a10be0983089ec44507691c82
critical,exact_duplicate,high,active_import_ready,supabase/questions_import_ready.csv,739,offline_5432,"Di Kurmancî de peyva ""heyv"" bi Tirkî çi ye?",Exact normalized duplicate.,5255cca13ff3be16fba6bb529160c202
critical,exact_duplicate,high,active_import_ready,supabase/questions_import_ready.csv,741,offline_5434,"""oturmak"" anlamına gelen Kurmancî kelime hangisidir?",Exact normalized duplicate.,5326f8686708037ae0f0bddc56bf77b5
critical,exact_duplicate,high,active_import_ready,supabase/questions_import_ready.csv,742,offline_5435,"""dağ"" anlamına gelen Kurmancî kelime hangisidir?",Exact normalized duplicate.,8714888eaaeaaea94a95a52164d0a1b0
critical,exact_duplicate,high,active_import_ready,supabase/questions_import_ready.csv,743,offline_5436,"Di Kurmancî de peyva ""rûniştin"" bi Tirkî çi ye?",Exact normalized duplicate.,b8017fa30c542132aa372329da13ea02
critical,exact_duplicate,high,active_import_ready,supabase/questions_import_ready.csv,744,offline_5437,"Di Kurmancî de peyva ""welat"" bi Tirkî çi ye?",Exact normalized duplicate.,506223694c1a0b51d8b0985bbcfbfe80
critical,exact_duplicate,high,active_import_ready,supabase/questions_import_ready.csv,746,offline_5439,"Di Kurmancî de peyva ""mal"" bi Tirkî çi ye?",Exact normalized duplicate.,bdfb2f7f47bb55020e87beaf21f7da1d
critical,exact_duplicate,high,active_import_ready,supabase/questions_import_ready.csv,747,offline_5440,"Di Kurmancî de peyva ""mamoste"" bi Tirkî çi ye?",Exact normalized duplicate.,ed0917d1874bfa3c465f682492f19b33
critical,exact_duplicate,high,active_import_ready,supabase/questions_import_ready.csv,748,offline_5441,"Peyva ""deşt"" ""ova"" anlamına gelir.",Exact normalized duplicate.,968ea72094506b64ffe5b5bfbbe972e9
critical,exact_duplicate,high,active_import_ready,supabase/questions_import_ready.csv,750,offline_5443,"""aile"" anlamına gelen Kurmancî kelime hangisidir?",Exact normalized duplicate.,6c88b7d86d9a1fec21696940744a4fb2
critical,exact_duplicate,high,active_import_ready,supabase/questions_import_ready.csv,751,offline_5444,"Di Kurmancî de peyva ""şêr"" bi Tirkî çi ye?",Exact normalized duplicate.,e1fd0dd4e4b28c19898605967137d6a6
critical,exact_duplicate,high,active_import_ready,supabase/questions_import_ready.csv,752,offline_5445,"""kalp/dil"" anlamına gelen Kurmancî kelime hangisidir?",Exact normalized duplicate.,f3bf86a6a8ead1f9c01e0f6a370e242b
critical,exact_duplicate,high,active_import_ready,supabase/questions_import_ready.csv,753,offline_5446,"Peyva ""bajar"" ""şehir"" anlamına gelir.",Exact normalized duplicate.,268401b2d9d339596efaab427471f9c7
critical,exact_duplicate,high,active_import_ready,supabase/questions_import_ready.csv,754,offline_5447,"Peyva ""rûniştin"" ""kalkmak"" anlamına gelir.",Exact normalized duplicate.,56dc0689fd0df9d5fd60011552b47962
critical,exact_duplicate,high,active_import_ready,supabase/questions_import_ready.csv,755,offline_5448,"Di Kurmancî de peyva ""wêne"" bi Tirkî çi ye?",Exact normalized duplicate.,595ddefccf0a3155c4fbb403ecfe7311
critical,exact_duplicate,high,active_import_ready,supabase/questions_import_ready.csv,756,offline_5449,"Peyva ""spas"" ""teşekkür"" anlamına gelir.",Exact normalized duplicate.,a48bc55feaceafa9938d329b42e8c6e1
critical,exact_duplicate,high,active_import_ready,supabase/questions_import_ready.csv,757,offline_5450,"""fırıncı"" anlamına gelen Kurmancî kelime hangisidir?",Exact normalized duplicate.,eea4218640c3ed5508e6f282658ed344
critical,exact_duplicate,high,active_import_ready,supabase/questions_import_ready.csv,758,offline_5451,"""kaya"" anlamına gelen Kurmancî kelime hangisidir?",Exact normalized duplicate.,be313d8d59e3835552a61b4c8407d877
critical,exact_duplicate,high,active_import_ready,supabase/questions_import_ready.csv,759,offline_5452,"Peyva ""dibistan"" ""okul"" anlamına gelir.",Exact normalized duplicate.,f2e77c4add89951c97de85bed24cce94
critical,exact_duplicate,high,active_import_ready,supabase/questions_import_ready.csv,762,offline_5455,"Peyva ""heyv"" ""ay"" anlamına gelir.",Exact normalized duplicate.,26688a1b5e3f98d9ecee153efc7ae5af
critical,exact_duplicate,high,active_import_ready,supabase/questions_import_ready.csv,763,offline_5456,"Peyva ""malbat"" ""erkek kardeş"" anlamına gelir.",Exact normalized duplicate.,402fbd358a074c49da076db979d7c827
critical,exact_duplicate,high,active_import_ready,supabase/questions_import_ready.csv,764,offline_5457,"Di Kurmancî de peyva ""zanîn"" bi Tirkî çi ye?",Exact normalized duplicate.,a82aba909531ce44c3a207dab44be537
critical,exact_duplicate,high,active_import_ready,supabase/questions_import_ready.csv,765,offline_5458,"Peyva ""roj"" ""gün/güneş"" anlamına gelir.",Exact normalized duplicate.,fd992f923a24bbcae170de58c509bf72
critical,exact_duplicate,high,active_import_ready,supabase/questions_import_ready.csv,767,offline_5460,"Peyva ""av"" ""su"" anlamına gelir.",Exact normalized duplicate.,446fb09ea8b35c7c86261c012d012dfc
critical,exact_duplicate,high,active_import_ready,supabase/questions_import_ready.csv,768,offline_5461,"Di Kurmancî de peyva ""heval"" bi Tirkî çi ye?",Exact normalized duplicate.,84b357e2c74ab7aeb02ec99724f20203
critical,exact_duplicate,high,active_import_ready,supabase/questions_import_ready.csv,769,offline_5462,"Di Kurmancî de peyva ""kevin"" bi Tirkî çi ye?",Exact normalized duplicate.,f70ba4b5b72f1109ea899ac981425a68
critical,exact_duplicate,high,active_import_ready,supabase/questions_import_ready.csv,770,offline_5463,"Di Kurmancî de peyva ""rûniştin"" bi Tirkî çi ye?",Exact normalized duplicate.,b8017fa30c542132aa372329da13ea02
critical,exact_duplicate,high,active_import_ready,supabase/questions_import_ready.csv,772,offline_5465,"Peyva ""agir"" ""ateş"" anlamına gelir.",Exact normalized duplicate.,9ddc0dcd7c1443cc342316c7a2e7fc98
critical,exact_duplicate,high,active_import_ready,supabase/questions_import_ready.csv,773,offline_5466,"Peyva ""xwendin"" ""okumak"" anlamına gelir.",Exact normalized duplicate.,39cd1a708dff4b3c5db1d0499fcfde6d
critical,exact_duplicate,high,active_import_ready,supabase/questions_import_ready.csv,774,offline_5467,"Peyva ""av"" ""gün/güneş"" anlamına gelir.",Exact normalized duplicate.,224705cd0ab89fc4f3f8ec14c7843c71
critical,exact_duplicate,high,active_import_ready,supabase/questions_import_ready.csv,775,offline_5468,"Di Kurmancî de peyva ""derî"" bi Tirkî çi ye?",Exact normalized duplicate.,d3b3e95ae4a42cde8f4a632f3a88dfea
critical,exact_duplicate,high,active_import_ready,supabase/questions_import_ready.csv,777,offline_5470,"Peyva ""çûn"" ""oturmak"" anlamına gelir.",Exact normalized duplicate.,fa1caf0027e670fcac665791d28cf28a
critical,exact_duplicate,high,active_import_ready,supabase/questions_import_ready.csv,780,offline_5473,"""masa"" anlamına gelen Kurmancî kelime hangisidir?",Exact normalized duplicate.,cc54c20690d7c53d964251b6b4edb687
critical,exact_duplicate,high,active_import_ready,supabase/questions_import_ready.csv,781,offline_5474,"Di Kurmancî de peyva ""cîhan"" bi Tirkî çi ye?",Exact normalized duplicate.,1de1b368c92432ed71e0ba230c7d406e
critical,exact_duplicate,high,active_import_ready,supabase/questions_import_ready.csv,782,offline_5475,"Peyva ""deşt"" ""kaya"" anlamına gelir.",Exact normalized duplicate.,7558c947ddc864a2bb0a84bff97d828e
critical,exact_duplicate,high,active_import_ready,supabase/questions_import_ready.csv,783,offline_5476,"Di Kurmancî de peyva ""nivîn"" bi Tirkî çi ye?",Exact normalized duplicate.,26f5b981ac2a38d07d50cdee7c48fdbb
critical,exact_duplicate,high,active_import_ready,supabase/questions_import_ready.csv,785,offline_5478,"""okumak"" anlamına gelen Kurmancî kelime hangisidir?",Exact normalized duplicate.,17c809018d4d1a63c940757ff690f827
critical,exact_duplicate,high,active_import_ready,supabase/questions_import_ready.csv,787,offline_5480,"""güzel/iyi"" anlamına gelen Kurmancî kelime hangisidir?",Exact normalized duplicate.,28fe45f2ee2fe06ad3f760f285bdd43d
critical,exact_duplicate,high,active_import_ready,supabase/questions_import_ready.csv,789,offline_5482,"""arkadaş"" anlamına gelen Kurmancî kelime hangisidir?",Exact normalized duplicate.,2641b8c8aa42ce97b7e6da875ab0a0d2
critical,exact_duplicate,high,active_import_ready,supabase/questions_import_ready.csv,790,offline_5483,"""teşekkür"" anlamına gelen Kurmancî kelime hangisidir?",Exact normalized duplicate.,ab983fb89e4d206a466b5bee9df70498
critical,exact_duplicate,high,active_import_ready,supabase/questions_import_ready.csv,792,offline_5485,"Di Kurmancî de peyva ""duh"" bi Tirkî çi ye?",Exact normalized duplicate.,884222c3b5dea9e1cfb93ed7567e81ce
critical,exact_duplicate,high,active_import_ready,supabase/questions_import_ready.csv,793,offline_5486,"Di Kurmancî de peyva ""îro"" bi Tirkî çi ye?",Exact normalized duplicate.,ea9825d0f06acee8d0f54f678e86b03d
critical,exact_duplicate,high,active_import_ready,supabase/questions_import_ready.csv,794,offline_5487,"""kapı"" anlamına gelen Kurmancî kelime hangisidir?",Exact normalized duplicate.,477b87bb7c638aae0a16fd66659097fc
critical,exact_duplicate,high,active_import_ready,supabase/questions_import_ready.csv,796,offline_5489,"Di Kurmancî de peyva ""axaftin"" bi Tirkî çi ye?",Exact normalized duplicate.,2a01779d5a3ffda9e9a53f45997c2dc6
critical,exact_duplicate,high,active_import_ready,supabase/questions_import_ready.csv,797,offline_5490,"Peyva ""poz"" ""burun"" anlamına gelir.",Exact normalized duplicate.,0d8b0c8d2fd70bb6dd1a46d710196882
critical,exact_duplicate,high,active_import_ready,supabase/questions_import_ready.csv,799,offline_5492,"Peyva ""cîhan"" ""dünya"" anlamına gelir.",Exact normalized duplicate.,6381bb0b07470ee3c15898c227be4129
critical,exact_duplicate,high,active_import_ready,supabase/questions_import_ready.csv,801,offline_5494,"Peyva ""teşt"" ""leğen"" anlamına gelir.",Exact normalized duplicate.,1dd315b590f10d479205d208665c0192
critical,exact_duplicate,high,active_import_ready,supabase/questions_import_ready.csv,802,offline_5495,"Di Kurmancî de peyva ""rûniştin"" bi Tirkî çi ye?",Exact normalized duplicate.,b8017fa30c542132aa372329da13ea02
critical,exact_duplicate,high,active_import_ready,supabase/questions_import_ready.csv,803,offline_5496,"Di Kurmancî de peyva ""xanî"" bi Tirkî çi ye?",Exact normalized duplicate.,f9cf25fb0e2d87ea61f2f33564a290be
critical,exact_duplicate,high,active_import_ready,supabase/questions_import_ready.csv,804,offline_5497,"Peyva ""bajar"" ""ekmek"" anlamına gelir.",Exact normalized duplicate.,bf16a60af41fed30a13b301996a5b7ca
critical,exact_duplicate,high,active_import_ready,supabase/questions_import_ready.csv,808,offline_5501,"Di Kurmancî de peyva ""kaxiz"" bi Tirkî çi ye?",Exact normalized duplicate.,d2d80d1db61a47ef8bc151129153f852
critical,exact_duplicate,high,active_import_ready,supabase/questions_import_ready.csv,809,offline_5502,"Di Kurmancî de peyva ""bihîstin"" bi Tirkî çi ye?",Exact normalized duplicate.,fcd734de0232adf27305c87ea8f3dee2
critical,exact_duplicate,high,active_import_ready,supabase/questions_import_ready.csv,810,offline_5503,"Di Kurmancî de peyva ""nivîn"" bi Tirkî çi ye?",Exact normalized duplicate.,26f5b981ac2a38d07d50cdee7c48fdbb
critical,exact_duplicate,high,active_import_ready,supabase/questions_import_ready.csv,812,offline_5505,"Di Kurmancî de peyva ""dar"" bi Tirkî çi ye?",Exact normalized duplicate.,44638df9ed55e0db828adbbb3da008d8
critical,exact_duplicate,high,active_import_ready,supabase/questions_import_ready.csv,814,offline_5507,"Di Kurmancî de peyva ""stêrk"" bi Tirkî çi ye?",Exact normalized duplicate.,170172b6e4c7451bc2cc562ecce622d0
critical,exact_duplicate,high,active_import_ready,supabase/questions_import_ready.csv,815,offline_5508,"""baba"" anlamına gelen Kurmancî kelime hangisidir?",Exact normalized duplicate.,88bc6f1982e14fafa3884ac024eaeb25
critical,exact_duplicate,high,active_import_ready,supabase/questions_import_ready.csv,818,offline_5511,"Peyva ""bav"" ""dede"" anlamına gelir.",Exact normalized duplicate.,0ba95fb0e496f5b86888d958bce8508f
critical,exact_duplicate,high,active_import_ready,supabase/questions_import_ready.csv,820,offline_5513,"Di Kurmancî de peyva ""nanxane"" bi Tirkî çi ye?",Exact normalized duplicate.,84e7b7d5a36a59e3dc7cb7c6edb002f8
critical,exact_duplicate,high,active_import_ready,supabase/questions_import_ready.csv,821,offline_5514,"Di Kurmancî de peyva ""jin"" bi Tirkî çi ye?",Exact normalized duplicate.,d2082cba486f66d140c0fbe4e54e0cb6
critical,exact_duplicate,high,active_import_ready,supabase/questions_import_ready.csv,822,offline_5515,"Di Kurmancî de peyva ""deşt"" bi Tirkî çi ye?",Exact normalized duplicate.,be6fe63e248f990567c4a98c59c047a1
critical,exact_duplicate,high,active_import_ready,supabase/questions_import_ready.csv,823,offline_5516,"Di Kurmancî de peyva ""xanî"" bi Tirkî çi ye?",Exact normalized duplicate.,f9cf25fb0e2d87ea61f2f33564a290be
critical,exact_duplicate,high,active_import_ready,supabase/questions_import_ready.csv,824,offline_5517,"""bina/ev"" anlamına gelen Kurmancî kelime hangisidir?",Exact normalized duplicate.,6472956abfcba9d98e71ecdaa3a23712
critical,exact_duplicate,high,active_import_ready,supabase/questions_import_ready.csv,826,offline_5519,"Peyva ""nanxane"" ""yemekhane"" anlamına gelir.",Exact normalized duplicate.,c4334fb32856b1ff5ec404377e13a11b
critical,exact_duplicate,high,active_import_ready,supabase/questions_import_ready.csv,828,offline_5521,"Peyva ""heyv"" ""ay"" anlamına gelir.",Exact normalized duplicate.,26688a1b5e3f98d9ecee153efc7ae5af
critical,exact_duplicate,high,active_import_ready,supabase/questions_import_ready.csv,829,offline_5522,"Di Kurmancî de peyva ""çûn"" bi Tirkî çi ye?",Exact normalized duplicate.,353e9304c07b6cba6c8e298f32426c89
critical,exact_duplicate,high,active_import_ready,supabase/questions_import_ready.csv,830,offline_5523,"Di Kurmancî de peyva ""poz"" bi Tirkî çi ye?",Exact normalized duplicate.,75c6c9c5a4378b012522348f6c985ea2
critical,exact_duplicate,high,active_import_ready,supabase/questions_import_ready.csv,831,offline_5524,"""Kürt"" anlamına gelen Kurmancî kelime hangisidir?",Exact normalized duplicate.,13b5f1046a1f83133a401b859bdf3049
critical,exact_duplicate,high,active_import_ready,supabase/questions_import_ready.csv,832,offline_5525,"""diş"" anlamına gelen Kurmancî kelime hangisidir?",Exact normalized duplicate.,35345d7d7cb2e10aa25354a625b915ef
critical,exact_duplicate,high,active_import_ready,supabase/questions_import_ready.csv,834,offline_5527,"Di Kurmancî de peyva ""diran"" bi Tirkî çi ye?",Exact normalized duplicate.,015b4cf0831c1428ac8f847a8c560629
critical,exact_duplicate,high,active_import_ready,supabase/questions_import_ready.csv,836,offline_5529,"Di Kurmancî de peyva ""deng"" bi Tirkî çi ye?",Exact normalized duplicate.,7e9b52c89182df72bfadf02db6c3d27e
critical,exact_duplicate,high,active_import_ready,supabase/questions_import_ready.csv,837,offline_5530,"Peyva ""axaftin"" ""konuşmak"" anlamına gelir.",Exact normalized duplicate.,363b04b66ca7eaca56a07a3eee2fca87
critical,exact_duplicate,high,active_import_ready,supabase/questions_import_ready.csv,838,offline_5531,"Di Kurmancî de peyva ""dil"" bi Tirkî çi ye?",Exact normalized duplicate.,91d81922424e73e1a5df935a3d4dbfae
critical,exact_duplicate,high,active_import_ready,supabase/questions_import_ready.csv,839,offline_5532,"Peyva ""nivîsandin"" ""yazmak"" anlamına gelir.",Exact normalized duplicate.,90bfed38d09d7bb179125def3ec2ef35
critical,exact_duplicate,high,active_import_ready,supabase/questions_import_ready.csv,841,offline_5534,"Peyva ""nav"" ""ad/isim"" anlamına gelir.",Exact normalized duplicate.,c1219ee86f394e0824637b5841e458c6
critical,exact_duplicate,high,active_import_ready,supabase/questions_import_ready.csv,844,offline_5537,"Peyva ""mamoste"" ""gece"" anlamına gelir.",Exact normalized duplicate.,f53e250992864495d7b9f013c37103b2
critical,exact_duplicate,high,active_import_ready,supabase/questions_import_ready.csv,845,offline_5538,"""sevmek"" anlamına gelen Kurmancî kelime hangisidir?",Exact normalized duplicate.,44183f6cd2f25d18a6f46a8a62675c64
critical,exact_duplicate,high,active_import_ready,supabase/questions_import_ready.csv,846,offline_5539,"Peyva ""xwendegeh"" ""kalem"" anlamına gelir.",Exact normalized duplicate.,e4057e153112dee40038891495538d76
critical,exact_duplicate,high,active_import_ready,supabase/questions_import_ready.csv,848,offline_5541,"""pencere"" anlamına gelen Kurmancî kelime hangisidir?",Exact normalized duplicate.,e571c93f3e8be83d4d4670a8d063129e
critical,exact_duplicate,high,active_import_ready,supabase/questions_import_ready.csv,849,offline_5542,"""arkadaş"" anlamına gelen Kurmancî kelime hangisidir?",Exact normalized duplicate.,2641b8c8aa42ce97b7e6da875ab0a0d2
critical,exact_duplicate,high,active_import_ready,supabase/questions_import_ready.csv,850,offline_5543,"Peyva ""dapîr"" ""köy"" anlamına gelir.",Exact normalized duplicate.,31f8815991fa822c6251ae270a011720
critical,exact_duplicate,high,active_import_ready,supabase/questions_import_ready.csv,851,offline_5544,"Di Kurmancî de peyva ""roj"" bi Tirkî çi ye?",Exact normalized duplicate.,73d129e9285afb8b61b942df0339f25c
critical,exact_duplicate,high,active_import_ready,supabase/questions_import_ready.csv,852,offline_5545,"Di Kurmancî de peyva ""pir"" bi Tirkî çi ye?",Exact normalized duplicate.,15e35702b4bda737fe3aa5b377dc172c
critical,exact_duplicate,high,active_import_ready,supabase/questions_import_ready.csv,853,offline_5546,"Di Kurmancî de peyva ""reng"" bi Tirkî çi ye?",Exact normalized duplicate.,b82e8bb9c82fe3dce2d9019c10cf1e00
critical,exact_duplicate,high,active_import_ready,supabase/questions_import_ready.csv,854,offline_5547,"Peyva ""hatin"" ""gelmek"" anlamına gelir.",Exact normalized duplicate.,2ba8a6159446b8ba1b1fd6c1977d5439
critical,exact_duplicate,high,active_import_ready,supabase/questions_import_ready.csv,855,offline_5548,"""aslan"" anlamına gelen Kurmancî kelime hangisidir?",Exact normalized duplicate.,917e21251606ea2a148b706152d95073
critical,exact_duplicate,high,active_import_ready,supabase/questions_import_ready.csv,856,offline_5549,"Peyva ""malbat"" ""aile"" anlamına gelir.",Exact normalized duplicate.,99cc75d39da74e7d498d3873ff0dd01f
critical,exact_duplicate,high,active_import_ready,supabase/questions_import_ready.csv,857,offline_5550,"Peyva ""hesp"" ""at"" anlamına gelir.",Exact normalized duplicate.,a6f28d9f257be220597223fdbd96a436
critical,exact_duplicate,high,active_import_ready,supabase/questions_import_ready.csv,858,offline_5551,"Di Kurmancî de peyva ""dest"" bi Tirkî çi ye?",Exact normalized duplicate.,c696bbb98fd66c32f9a0e5a9ba4d77d6
critical,exact_duplicate,high,active_import_ready,supabase/questions_import_ready.csv,859,offline_5552,"Di Kurmancî de peyva ""şev"" bi Tirkî çi ye?",Exact normalized duplicate.,f822df685350dbe9c6296d1eda6d7e1c
critical,exact_duplicate,high,active_import_ready,supabase/questions_import_ready.csv,860,offline_5553,"Di Kurmancî de peyva ""teşt"" bi Tirkî çi ye?",Exact normalized duplicate.,2c0cbfcac3970d75550f947e5e33bef1
critical,exact_duplicate,high,active_import_ready,supabase/questions_import_ready.csv,861,offline_5554,"Di Kurmancî de peyva ""roj"" bi Tirkî çi ye?",Exact normalized duplicate.,73d129e9285afb8b61b942df0339f25c
critical,exact_duplicate,high,active_import_ready,supabase/questions_import_ready.csv,862,offline_5555,"Peyva ""hatin"" ""dağ"" anlamına gelir.",Exact normalized duplicate.,d28137265f6fefbdb86d766dd132d379
critical,exact_duplicate,high,active_import_ready,supabase/questions_import_ready.csv,863,offline_5556,"""sanat"" anlamına gelen Kurmancî kelime hangisidir?",Exact normalized duplicate.,abcf15f3ed9624fefb27e764c7e0d333
critical,exact_duplicate,high,active_import_ready,supabase/questions_import_ready.csv,864,offline_5557,"Peyva ""kaxiz"" ""resim/fotoğraf"" anlamına gelir.",Exact normalized duplicate.,e4d8d9b7d0c9257fc786ba390f7be3c2
critical,exact_duplicate,high,active_import_ready,supabase/questions_import_ready.csv,866,offline_5559,"Peyva ""poz"" ""burun"" anlamına gelir.",Exact normalized duplicate.,0d8b0c8d2fd70bb6dd1a46d710196882
critical,exact_duplicate,high,active_import_ready,supabase/questions_import_ready.csv,867,offline_5560,"Di Kurmancî de peyva ""pir"" bi Tirkî çi ye?",Exact normalized duplicate.,15e35702b4bda737fe3aa5b377dc172c
critical,exact_duplicate,high,active_import_ready,supabase/questions_import_ready.csv,873,offline_5566,"Di Kurmancî de peyva ""nivîn"" bi Tirkî çi ye?",Exact normalized duplicate.,26f5b981ac2a38d07d50cdee7c48fdbb
critical,exact_duplicate,high,active_import_ready,supabase/questions_import_ready.csv,874,offline_5567,"""ad/isim"" anlamına gelen Kurmancî kelime hangisidir?",Exact normalized duplicate.,f1d394d197ae7c57846e276cb5117af4
critical,exact_duplicate,high,active_import_ready,supabase/questions_import_ready.csv,875,offline_5568,"Di Kurmancî de peyva ""biçûk"" bi Tirkî çi ye?",Exact normalized duplicate.,0fe61d359be3e5924632865b7b212e6f
critical,exact_duplicate,high,active_import_ready,supabase/questions_import_ready.csv,876,offline_5569,"Peyva ""pîr"" ""yaşlı/ihtiyar"" anlamına gelir.",Exact normalized duplicate.,b3aa796a740cf8e2d2930d9859b055f6
critical,exact_duplicate,high,active_import_ready,supabase/questions_import_ready.csv,877,offline_5570,"Peyva ""dest"" ""ayak"" anlamına gelir.",Exact normalized duplicate.,87c87e4a8491f2f1cee08668cfe46775
critical,exact_duplicate,high,active_import_ready,supabase/questions_import_ready.csv,878,offline_5571,"""öğretmen"" anlamına gelen Kurmancî kelime hangisidir?",Exact normalized duplicate.,c3ddbbc6e0f9fde40b25db88258a5d9a
critical,exact_duplicate,high,active_import_ready,supabase/questions_import_ready.csv,879,offline_5572,"Peyva ""hezkirin"" ""sevmek"" anlamına gelir.",Exact normalized duplicate.,8c56b7608cdac5642a7a91252ff742ca
critical,exact_duplicate,high,active_import_ready,supabase/questions_import_ready.csv,880,offline_5573,"Peyva ""dapîr"" ""köy"" anlamına gelir.",Exact normalized duplicate.,31f8815991fa822c6251ae270a011720
critical,exact_duplicate,high,active_import_ready,supabase/questions_import_ready.csv,881,offline_5574,"Peyva ""xwendekar"" ""öğrenci"" anlamına gelir.",Exact normalized duplicate.,8ad889bf8450bb0b3862cc8b9967f6af
critical,exact_duplicate,high,active_import_ready,supabase/questions_import_ready.csv,883,offline_5576,"Di Kurmancî de peyva ""xwîşk"" bi Tirkî çi ye?",Exact normalized duplicate.,04d05c152b0cf31980f93df69eec2b44
critical,exact_duplicate,high,active_import_ready,supabase/questions_import_ready.csv,885,offline_5578,"Di Kurmancî de peyva ""pirtûk"" bi Tirkî çi ye?",Exact normalized duplicate.,efd651b240429728e17bae2597d89416
critical,exact_duplicate,high,active_import_ready,supabase/questions_import_ready.csv,886,offline_5579,"Di Kurmancî de peyva ""dil"" bi Tirkî çi ye?",Exact normalized duplicate.,91d81922424e73e1a5df935a3d4dbfae
critical,exact_duplicate,high,active_import_ready,supabase/questions_import_ready.csv,887,offline_5580,"Peyva ""îro"" ""bugün"" anlamına gelir.",Exact normalized duplicate.,6aed6f9c6e6a8a5e58ae971fc896410a
critical,exact_duplicate,high,active_import_ready,supabase/questions_import_ready.csv,888,offline_5581,"Peyva ""bajar"" ""şehir"" anlamına gelir.",Exact normalized duplicate.,268401b2d9d339596efaab427471f9c7
critical,exact_duplicate,high,active_import_ready,supabase/questions_import_ready.csv,889,offline_5582,"Peyva ""sar"" ""küçük"" anlamına gelir.",Exact normalized duplicate.,a79ff835a15f0f9b7c06ccc8fcb9fc57
critical,exact_duplicate,high,active_import_ready,supabase/questions_import_ready.csv,891,offline_5584,"Peyva ""kûçik"" ""kedi"" anlamına gelir.",Exact normalized duplicate.,28491a99a0c667b97a7ef7f2aa48350c
critical,exact_duplicate,high,active_import_ready,supabase/questions_import_ready.csv,892,offline_5585,"Di Kurmancî de peyva ""huner"" bi Tirkî çi ye?",Exact normalized duplicate.,88cdd9bb47a83464825c685f26703fc5
critical,exact_duplicate,high,active_import_ready,supabase/questions_import_ready.csv,893,offline_5586,"Peyva ""kal"" ""dede"" anlamına gelir.",Exact normalized duplicate.,b3859cd585280a0d63ee542d859a53be
critical,exact_duplicate,high,active_import_ready,supabase/questions_import_ready.csv,894,offline_5587,"Peyva ""mase"" ""sandalye"" anlamına gelir.",Exact normalized duplicate.,2c68ed6771cdd4a639e9c0105363ed5e
critical,exact_duplicate,high,active_import_ready,supabase/questions_import_ready.csv,896,offline_5589,"""öğrenci"" anlamına gelen Kurmancî kelime hangisidir?",Exact normalized duplicate.,8463cdab7ad519f86710335e6a8041f7
critical,exact_duplicate,high,active_import_ready,supabase/questions_import_ready.csv,897,offline_5590,"Peyva ""nanpêj"" ""fırıncı"" anlamına gelir.",Exact normalized duplicate.,393934ebdd00bf6fa74418cc77164ab6
critical,exact_duplicate,high,active_import_ready,supabase/questions_import_ready.csv,899,offline_5592,"Di Kurmancî de peyva ""dîtin"" bi Tirkî çi ye?",Exact normalized duplicate.,92fb98d7c0d1671a9de6378b72276689
critical,exact_duplicate,high,active_import_ready,supabase/questions_import_ready.csv,901,offline_5594,"""ev"" anlamına gelen Kurmancî kelime hangisidir?",Exact normalized duplicate.,a0fe5581869f56d2b518854096660c42
critical,exact_duplicate,high,active_import_ready,supabase/questions_import_ready.csv,902,offline_5595,"Peyva ""poz"" ""ağız"" anlamına gelir.",Exact normalized duplicate.,dd1c55b79eccf1fb97c0b0c9699accfc
critical,exact_duplicate,high,active_import_ready,supabase/questions_import_ready.csv,903,offline_5596,"Di Kurmancî de peyva ""nivîn"" bi Tirkî çi ye?",Exact normalized duplicate.,26f5b981ac2a38d07d50cdee7c48fdbb
critical,exact_duplicate,high,active_import_ready,supabase/questions_import_ready.csv,904,offline_5597,"Peyva ""mamoste"" ""öğretmen"" anlamına gelir.",Exact normalized duplicate.,c7ccd2b77acbe076ea86c0ff03129515
critical,exact_duplicate,high,active_import_ready,supabase/questions_import_ready.csv,905,offline_5598,"Peyva ""roj"" ""ev"" anlamına gelir.",Exact normalized duplicate.,15b1558215a8a093b04d6b8aa735d5a6
critical,exact_duplicate,high,active_import_ready,supabase/questions_import_ready.csv,907,offline_5600,"Peyva ""kursî"" ""yatak"" anlamına gelir.",Exact normalized duplicate.,6581dcc167ba1ca5d155f34a4e3077ef
critical,exact_duplicate,high,active_import_ready,supabase/questions_import_ready.csv,909,offline_5602,"Di Kurmancî de peyva ""hezkirin"" bi Tirkî çi ye?",Exact normalized duplicate.,09aa485b53eae10e31cafb8bc8f43fde
critical,exact_duplicate,high,active_import_ready,supabase/questions_import_ready.csv,910,offline_5603,"Di Kurmancî de peyva ""rû"" bi Tirkî çi ye?",Exact normalized duplicate.,e62fdcbec3e52844156a4eb90c98913a
critical,exact_duplicate,high,active_import_ready,supabase/questions_import_ready.csv,911,offline_5604,"Di Kurmancî de peyva ""bav"" bi Tirkî çi ye?",Exact normalized duplicate.,155bf9f483549529327144f20f89303e
critical,exact_duplicate,high,active_import_ready,supabase/questions_import_ready.csv,912,offline_5605,"Di Kurmancî de peyva ""jin"" bi Tirkî çi ye?",Exact normalized duplicate.,d2082cba486f66d140c0fbe4e54e0cb6
critical,exact_duplicate,high,active_import_ready,supabase/questions_import_ready.csv,913,offline_5606,"Di Kurmancî de peyva ""pencere"" bi Tirkî çi ye?",Exact normalized duplicate.,eda03be971b1ffe6da6429237d11e7f1
critical,exact_duplicate,high,active_import_ready,supabase/questions_import_ready.csv,914,offline_5607,"Peyva ""pisîk"" ""kedi"" anlamına gelir.",Exact normalized duplicate.,e9b6098cd9f6746877567f480f7a2e3f
critical,exact_duplicate,high,active_import_ready,supabase/questions_import_ready.csv,918,offline_5611,"""ağız"" anlamına gelen Kurmancî kelime hangisidir?",Exact normalized duplicate.,3fe3d0c5b108cdc8be5e2152a3767f5e
critical,exact_duplicate,high,active_import_ready,supabase/questions_import_ready.csv,919,offline_5612,"Peyva ""çem"" ""vadi"" anlamına gelir.",Exact normalized duplicate.,e11544b3af15c6bd150f757fb9ef6440
critical,exact_duplicate,high,active_import_ready,supabase/questions_import_ready.csv,920,offline_5613,"Peyva ""hesp"" ""aslan"" anlamına gelir.",Exact normalized duplicate.,5686a09002b58a0064fc33d79b9409c1
critical,exact_duplicate,high,active_import_ready,supabase/questions_import_ready.csv,921,offline_5614,"Peyva ""wêne"" ""resim/fotoğraf"" anlamına gelir.",Exact normalized duplicate.,3101fff9ddc741318f7436aaf4183d4b
critical,exact_duplicate,high,active_import_ready,supabase/questions_import_ready.csv,922,offline_5615,"Peyva ""pê"" ""ayak"" anlamına gelir.",Exact normalized duplicate.,0506a928dcc7d9ae2ca5075c50edebd0
critical,exact_duplicate,high,active_import_ready,supabase/questions_import_ready.csv,923,offline_5616,"Di Kurmancî de peyva ""jin"" bi Tirkî çi ye?",Exact normalized duplicate.,d2082cba486f66d140c0fbe4e54e0cb6
critical,exact_duplicate,high,active_import_ready,supabase/questions_import_ready.csv,925,offline_5618,"""kağıt"" anlamına gelen Kurmancî kelime hangisidir?",Exact normalized duplicate.,96baf0cb8b15acc9f883b761a70f8f94
critical,exact_duplicate,high,active_import_ready,supabase/questions_import_ready.csv,926,offline_5619,"Peyva ""dibistan"" ""öğretmen"" anlamına gelir.",Exact normalized duplicate.,299b9d76829b170ec8397a4a4653020a
critical,exact_duplicate,high,active_import_ready,supabase/questions_import_ready.csv,927,offline_5620,"Peyva ""ba"" ""rüzgar"" anlamına gelir.",Exact normalized duplicate.,147c3d6f41951441d53a78c9f99923e5
critical,exact_duplicate,high,active_import_ready,supabase/questions_import_ready.csv,928,offline_5621,"Di Kurmancî de peyva ""pênûs"" bi Tirkî çi ye?",Exact normalized duplicate.,b6ab010dc081b320feee658318c27bb5
critical,exact_duplicate,high,active_import_ready,supabase/questions_import_ready.csv,929,offline_5622,"""baba"" anlamına gelen Kurmancî kelime hangisidir?",Exact normalized duplicate.,88bc6f1982e14fafa3884ac024eaeb25
critical,exact_duplicate,high,active_import_ready,supabase/questions_import_ready.csv,930,offline_5623,"Peyva ""axaftin"" ""konuşmak"" anlamına gelir.",Exact normalized duplicate.,363b04b66ca7eaca56a07a3eee2fca87
critical,exact_duplicate,high,active_import_ready,supabase/questions_import_ready.csv,931,offline_5624,"Peyva ""diran"" ""diş"" anlamına gelir.",Exact normalized duplicate.,715b9ffbbf7b41506a6840908c8104ec
critical,exact_duplicate,high,active_import_ready,supabase/questions_import_ready.csv,933,offline_5626,"Peyva ""bihîstin"" ""su"" anlamına gelir.",Exact normalized duplicate.,5e5c85d066e3e8cba805723001855305
critical,exact_duplicate,high,active_import_ready,supabase/questions_import_ready.csv,934,offline_5627,"Di Kurmancî de peyva ""newal"" bi Tirkî çi ye?",Exact normalized duplicate.,015b1fd575de1aff31d3587b6431c6ca
critical,exact_duplicate,high,active_import_ready,supabase/questions_import_ready.csv,935,offline_5628,"Di Kurmancî de peyva ""şev"" bi Tirkî çi ye?",Exact normalized duplicate.,f822df685350dbe9c6296d1eda6d7e1c
critical,exact_duplicate,high,active_import_ready,supabase/questions_import_ready.csv,936,offline_5629,"Peyva ""ba"" ""yağmur"" anlamına gelir.",Exact normalized duplicate.,364fcccfa1702031ae472cd1be526595
critical,exact_duplicate,high,active_import_ready,supabase/questions_import_ready.csv,937,offline_5630,"Di Kurmancî de peyva ""malbat"" bi Tirkî çi ye?",Exact normalized duplicate.,0821ce6755b4809b9eaa3d970d4eb071
critical,exact_duplicate,high,active_import_ready,supabase/questions_import_ready.csv,938,offline_5631,"Peyva ""şev"" ""deniz"" anlamına gelir.",Exact normalized duplicate.,78234e968deb7fd83ae71b4458ddc4d4
critical,exact_duplicate,high,active_import_ready,supabase/questions_import_ready.csv,939,offline_5632,"Peyva ""şêr"" ""köpek"" anlamına gelir.",Exact normalized duplicate.,bcd20bc1f0b5bbd44b1520f0f4691338
critical,exact_duplicate,high,active_import_ready,supabase/questions_import_ready.csv,940,offline_5633,"Di Kurmancî de peyva ""mal"" bi Tirkî çi ye?",Exact normalized duplicate.,bdfb2f7f47bb55020e87beaf21f7da1d
critical,exact_duplicate,high,active_import_ready,supabase/questions_import_ready.csv,941,offline_5634,"Peyva ""kursî"" ""sandalye"" anlamına gelir.",Exact normalized duplicate.,bb8bf335efafa77e01f3b281421b0b21
critical,exact_duplicate,high,active_import_ready,supabase/questions_import_ready.csv,942,offline_5635,"""gün/güneş"" anlamına gelen Kurmancî kelime hangisidir?",Exact normalized duplicate.,7f2200867c318caf1dfdc6cfbcbd2b28
critical,exact_duplicate,high,active_import_ready,supabase/questions_import_ready.csv,944,offline_5637,"Di Kurmancî de peyva ""deng"" bi Tirkî çi ye?",Exact normalized duplicate.,7e9b52c89182df72bfadf02db6c3d27e
critical,exact_duplicate,high,active_import_ready,supabase/questions_import_ready.csv,945,offline_5638,"""şehir"" anlamına gelen Kurmancî kelime hangisidir?",Exact normalized duplicate.,edb23e1207a17f19d6afbba2d4cf30da
critical,exact_duplicate,high,active_import_ready,supabase/questions_import_ready.csv,946,offline_5639,"""erkek kardeş"" anlamına gelen Kurmancî kelime hangisidir?",Exact normalized duplicate.,b11f6cbe7708c7fccceef288074bafc6
critical,exact_duplicate,high,active_import_ready,supabase/questions_import_ready.csv,947,offline_5640,"""yağmur"" anlamına gelen Kurmancî kelime hangisidir?",Exact normalized duplicate.,3dce3c70a36b7eb09c5894d5c95af7b4
critical,exact_duplicate,high,active_import_ready,supabase/questions_import_ready.csv,950,offline_5643,"Peyva ""ba"" ""yağmur"" anlamına gelir.",Exact normalized duplicate.,364fcccfa1702031ae472cd1be526595
critical,exact_duplicate,high,active_import_ready,supabase/questions_import_ready.csv,952,offline_5645,"Di Kurmancî de peyva ""bav"" bi Tirkî çi ye?",Exact normalized duplicate.,155bf9f483549529327144f20f89303e
critical,exact_duplicate,high,active_import_ready,supabase/questions_import_ready.csv,953,offline_5646,"""kitap"" anlamına gelen Kurmancî kelime hangisidir?",Exact normalized duplicate.,7385b64151c8cc20f3f32889eeca3395
critical,exact_duplicate,high,active_import_ready,supabase/questions_import_ready.csv,954,offline_5647,"Peyva ""nivîsandin"" ""gitmek"" anlamına gelir.",Exact normalized duplicate.,ad18b901a29553d9ace1a6b31ecd4ae5
critical,exact_duplicate,high,active_import_ready,supabase/questions_import_ready.csv,955,offline_5648,"Peyva ""pîr"" ""genç"" anlamına gelir.",Exact normalized duplicate.,ef9cabc68d7e5feaa8879e5ec4414615
critical,exact_duplicate,high,active_import_ready,supabase/questions_import_ready.csv,956,offline_5649,"Peyva ""xwendekar"" ""doğru"" anlamına gelir.",Exact normalized duplicate.,8fd436032ad9cbbf22de75c7eb419879
critical,exact_duplicate,high,active_import_ready,supabase/questions_import_ready.csv,957,offline_5650,"Peyva ""kar"" ""sanat"" anlamına gelir.",Exact normalized duplicate.,739932806de0458ce63f19fb45879788
critical,exact_duplicate,high,active_import_ready,supabase/questions_import_ready.csv,958,offline_5651,"Peyva ""şêr"" ""aslan"" anlamına gelir.",Exact normalized duplicate.,60adb65544efcc99abad3112dc9aced5
critical,exact_duplicate,high,active_import_ready,supabase/questions_import_ready.csv,959,offline_5652,"Peyva ""biçûk"" ""küçük"" anlamına gelir.",Exact normalized duplicate.,d4f843124d68e8c717d908fdf200ae49
critical,exact_duplicate,high,active_import_ready,supabase/questions_import_ready.csv,960,offline_5653,"Di Kurmancî de peyva ""kursî"" bi Tirkî çi ye?",Exact normalized duplicate.,8f61487b9dcd6d14fd26bbdbe5eb3cb7
critical,exact_duplicate,high,active_import_ready,supabase/questions_import_ready.csv,961,offline_5654,"""sandalye"" anlamına gelen Kurmancî kelime hangisidir?",Exact normalized duplicate.,87bd8c56e42df0c83df1ae271599025a
critical,exact_duplicate,high,active_import_ready,supabase/questions_import_ready.csv,962,offline_5655,"""ekmek"" anlamına gelen Kurmancî kelime hangisidir?",Exact normalized duplicate.,862124cf7bc97c4259b0ca09f156bed3
critical,exact_duplicate,high,active_import_ready,supabase/questions_import_ready.csv,963,offline_5656,"""yemekhane"" anlamına gelen Kurmancî kelime hangisidir?",Exact normalized duplicate.,52ed0cf05c5007165a65aa056f9f2bab
critical,exact_duplicate,high,active_import_ready,supabase/questions_import_ready.csv,964,offline_5657,"""deniz"" anlamına gelen Kurmancî kelime hangisidir?",Exact normalized duplicate.,4686edeab6dc3dcb9d3e55034cbe0fb6
critical,exact_duplicate,high,active_import_ready,supabase/questions_import_ready.csv,965,offline_5658,"Di Kurmancî de peyva ""dest"" bi Tirkî çi ye?",Exact normalized duplicate.,c696bbb98fd66c32f9a0e5a9ba4d77d6
critical,exact_duplicate,high,active_import_ready,supabase/questions_import_ready.csv,967,offline_5660,"Peyva ""îro"" ""dün"" anlamına gelir.",Exact normalized duplicate.,54c9cc1562ee0298d9131de6fc87ec02
critical,exact_duplicate,high,active_import_ready,supabase/questions_import_ready.csv,968,offline_5661,"Peyva ""xwendekar"" ""doğru"" anlamına gelir.",Exact normalized duplicate.,8fd436032ad9cbbf22de75c7eb419879
critical,exact_duplicate,high,active_import_ready,supabase/questions_import_ready.csv,971,offline_5664,"""kaya"" anlamına gelen Kurmancî kelime hangisidir?",Exact normalized duplicate.,be313d8d59e3835552a61b4c8407d877
critical,exact_duplicate,high,active_import_ready,supabase/questions_import_ready.csv,972,offline_5665,"Di Kurmancî de peyva ""xwendegeh"" bi Tirkî çi ye?",Exact normalized duplicate.,31c4b8a2279b31f7a9fc454ccb17c246
critical,exact_duplicate,high,active_import_ready,supabase/questions_import_ready.csv,973,offline_5666,"Peyva ""deng"" ""ses"" anlamına gelir.",Exact normalized duplicate.,a0a02084c855138a048d14f7ef8ae9d1
critical,exact_duplicate,high,active_import_ready,supabase/questions_import_ready.csv,974,offline_5667,"Peyva ""pir"" ""çok"" anlamına gelir.",Exact normalized duplicate.,86b26f8ad38e58cee400cc2cb963f278
critical,exact_duplicate,high,active_import_ready,supabase/questions_import_ready.csv,975,offline_5668,"Peyva ""biçûk"" ""küçük"" anlamına gelir.",Exact normalized duplicate.,d4f843124d68e8c717d908fdf200ae49
critical,exact_duplicate,high,active_import_ready,supabase/questions_import_ready.csv,976,offline_5669,"Peyva ""hesp"" ""aslan"" anlamına gelir.",Exact normalized duplicate.,5686a09002b58a0064fc33d79b9409c1
critical,exact_duplicate,high,active_import_ready,supabase/questions_import_ready.csv,977,offline_5670,"""ağız"" anlamına gelen Kurmancî kelime hangisidir?",Exact normalized duplicate.,3fe3d0c5b108cdc8be5e2152a3767f5e
critical,exact_duplicate,high,active_import_ready,supabase/questions_import_ready.csv,978,offline_5671,"""okul"" anlamına gelen Kurmancî kelime hangisidir?",Exact normalized duplicate.,0635a979de007ae2065f84499d5dbab8
critical,exact_duplicate,high,active_import_ready,supabase/questions_import_ready.csv,979,offline_5672,"Peyva ""mase"" ""sandalye"" anlamına gelir.",Exact normalized duplicate.,2c68ed6771cdd4a639e9c0105363ed5e
critical,exact_duplicate,high,active_import_ready,supabase/questions_import_ready.csv,980,offline_5673,"Di Kurmancî de peyva ""guh"" bi Tirkî çi ye?",Exact normalized duplicate.,2d96c8de03fef92c1ff150e1be20a73f
critical,exact_duplicate,high,active_import_ready,supabase/questions_import_ready.csv,981,offline_5674,"Di Kurmancî de peyva ""welat"" bi Tirkî çi ye?",Exact normalized duplicate.,506223694c1a0b51d8b0985bbcfbfe80
critical,exact_duplicate,high,active_import_ready,supabase/questions_import_ready.csv,982,offline_5675,"Peyva ""pê"" ""baş/kafa"" anlamına gelir.",Exact normalized duplicate.,9588810b2a7e8b794d32d183ce39327b
critical,exact_duplicate,high,active_import_ready,supabase/questions_import_ready.csv,984,offline_5677,"""erkek"" anlamına gelen Kurmancî kelime hangisidir?",Exact normalized duplicate.,c0e57b4c1f811f9b7040c343c2605726
critical,exact_duplicate,high,active_import_ready,supabase/questions_import_ready.csv,985,offline_5678,"Di Kurmancî de peyva ""duh"" bi Tirkî çi ye?",Exact normalized duplicate.,884222c3b5dea9e1cfb93ed7567e81ce
critical,exact_duplicate,high,active_import_ready,supabase/questions_import_ready.csv,986,offline_5679,"""şehir"" anlamına gelen Kurmancî kelime hangisidir?",Exact normalized duplicate.,edb23e1207a17f19d6afbba2d4cf30da
critical,exact_duplicate,high,active_import_ready,supabase/questions_import_ready.csv,987,offline_5680,"Peyva ""sar"" ""küçük"" anlamına gelir.",Exact normalized duplicate.,a79ff835a15f0f9b7c06ccc8fcb9fc57
critical,exact_duplicate,high,active_import_ready,supabase/questions_import_ready.csv,988,offline_5681,"Peyva ""cîhan"" ""sevmek"" anlamına gelir.",Exact normalized duplicate.,fc3588dc215cb767c787097797f17a8a
critical,exact_duplicate,high,active_import_ready,supabase/questions_import_ready.csv,991,offline_5684,"Peyva ""çiya"" ""kalp/dil"" anlamına gelir.",Exact normalized duplicate.,7cf00b15fbe27f8866bdc33e8f999440
critical,exact_duplicate,high,active_import_ready,supabase/questions_import_ready.csv,993,offline_5686,"""okumak"" anlamına gelen Kurmancî kelime hangisidir?",Exact normalized duplicate.,17c809018d4d1a63c940757ff690f827
critical,exact_duplicate,high,active_import_ready,supabase/questions_import_ready.csv,994,offline_5687,"""saç"" anlamına gelen Kurmancî kelime hangisidir?",Exact normalized duplicate.,64a045a5ca5da07997f5e972d5f3f2c0
critical,exact_duplicate,high,active_import_ready,supabase/questions_import_ready.csv,995,offline_5688,"Peyva ""çiya"" ""kalp/dil"" anlamına gelir.",Exact normalized duplicate.,7cf00b15fbe27f8866bdc33e8f999440
critical,exact_duplicate,high,active_import_ready,supabase/questions_import_ready.csv,996,offline_5689,"Peyva ""guh"" ""göz"" anlamına gelir.",Exact normalized duplicate.,26324b060ca58ed7c1eea4ca9f8920c1
critical,exact_duplicate,high,active_import_ready,supabase/questions_import_ready.csv,997,offline_5690,"Peyva ""pê"" ""ayak"" anlamına gelir.",Exact normalized duplicate.,0506a928dcc7d9ae2ca5075c50edebd0
critical,exact_duplicate,high,active_import_ready,supabase/questions_import_ready.csv,998,offline_5691,"""yazmak"" anlamına gelen Kurmancî kelime hangisidir?",Exact normalized duplicate.,de69c93080f432fef04b200928ba30a2
critical,exact_duplicate,high,active_import_ready,supabase/questions_import_ready.csv,999,offline_5692,"""işitmek"" anlamına gelen Kurmancî kelime hangisidir?",Exact normalized duplicate.,bf237623afad693c82a0d48617297491
critical,exact_duplicate,high,active_import_ready,supabase/questions_import_ready.csv,1001,offline_5694,"Peyva ""xwendin"" ""okumak"" anlamına gelir.",Exact normalized duplicate.,39cd1a708dff4b3c5db1d0499fcfde6d
critical,exact_duplicate,high,active_import_ready,supabase/questions_import_ready.csv,1002,offline_5695,"Peyva ""nanpêj"" ""iş"" anlamına gelir.",Exact normalized duplicate.,76256d7d6e1b9fd6e729ba9cf58d94f2
critical,exact_duplicate,high,active_import_ready,supabase/questions_import_ready.csv,1003,offline_5696,"""çeşme/pınar"" anlamına gelen Kurmancî kelime hangisidir?",Exact normalized duplicate.,c875d4771a927aff047d927705d78646
critical,exact_duplicate,high,active_import_ready,supabase/questions_import_ready.csv,1004,offline_5697,"""doğru"" anlamına gelen Kurmancî kelime hangisidir?",Exact normalized duplicate.,3e1670553de758d4491dd4cb4ee80a13
critical,exact_duplicate,high,active_import_ready,supabase/questions_import_ready.csv,1005,offline_5698,"Peyva ""stêrk"" ""yıldız"" anlamına gelir.",Exact normalized duplicate.,912fc66a10be0983089ec44507691c82
critical,exact_duplicate,high,active_import_ready,supabase/questions_import_ready.csv,1006,offline_5699,"""yazmak"" anlamına gelen Kurmancî kelime hangisidir?",Exact normalized duplicate.,de69c93080f432fef04b200928ba30a2
critical,exact_duplicate,high,active_import_ready,supabase/questions_import_ready.csv,1008,offline_5701,"Di Kurmancî de peyva ""berf"" bi Tirkî çi ye?",Exact normalized duplicate.,47e3805a765a7ed3b62accec95bb627f
critical,exact_duplicate,high,active_import_ready,supabase/questions_import_ready.csv,1010,offline_5703,"Di Kurmancî de peyva ""xwendin"" bi Tirkî çi ye?",Exact normalized duplicate.,346ada3e10163c2da4a76920806c6b0a
critical,exact_duplicate,high,active_import_ready,supabase/questions_import_ready.csv,1011,offline_5704,"""şehir"" anlamına gelen Kurmancî kelime hangisidir?",Exact normalized duplicate.,edb23e1207a17f19d6afbba2d4cf30da
critical,exact_duplicate,high,active_import_ready,supabase/questions_import_ready.csv,1012,offline_5705,"Peyva ""dil"" ""kalp/dil"" anlamına gelir.",Exact normalized duplicate.,9820cc1237846eaaa87b0a63dd2029d1
critical,exact_duplicate,high,active_import_ready,supabase/questions_import_ready.csv,1013,offline_5706,"Peyva ""ciwan"" ""kadın"" anlamına gelir.",Exact normalized duplicate.,84aa2ec7b9db58a642df040874c0657c
critical,exact_duplicate,high,active_import_ready,supabase/questions_import_ready.csv,1015,offline_5708,"Peyva ""heval"" ""şehir"" anlamına gelir.",Exact normalized duplicate.,f66f713661b0a4fd83bb1bab57698b8b
critical,exact_duplicate,high,active_import_ready,supabase/questions_import_ready.csv,1016,offline_5709,"Peyva ""zinar"" ""kaya"" anlamına gelir.",Exact normalized duplicate.,35c88efcca7cefdd879aa8258b0084c0
critical,exact_duplicate,high,active_import_ready,supabase/questions_import_ready.csv,1017,offline_5710,"Di Kurmancî de peyva ""ser"" bi Tirkî çi ye?",Exact normalized duplicate.,e53dd00bd341056202c24f9ef9cff18d
critical,exact_duplicate,high,active_import_ready,supabase/questions_import_ready.csv,1018,offline_5711,"Peyva ""mêr"" ""aile"" anlamına gelir.",Exact normalized duplicate.,785184b5bf4a7ac0c6536bbd505a7f8d
critical,exact_duplicate,high,active_import_ready,supabase/questions_import_ready.csv,1019,offline_5712,"""su"" anlamına gelen Kurmancî kelime hangisidir?",Exact normalized duplicate.,c54ea4e9a832c3d70ab07536d99599a7
critical,exact_duplicate,high,active_import_ready,supabase/questions_import_ready.csv,1021,offline_5714,"""köy"" anlamına gelen Kurmancî kelime hangisidir?",Exact normalized duplicate.,827566c00463a1429c098d45038faa2f
critical,exact_duplicate,high,active_import_ready,supabase/questions_import_ready.csv,1022,offline_5715,"Peyva ""çûn"" ""gitmek"" anlamına gelir.",Exact normalized duplicate.,3efcc612690a442a136c4e8ad7ba8f07
critical,exact_duplicate,high,active_import_ready,supabase/questions_import_ready.csv,1023,offline_5716,"""okul"" anlamına gelen Kurmancî kelime hangisidir?",Exact normalized duplicate.,0635a979de007ae2065f84499d5dbab8
critical,exact_duplicate,high,active_import_ready,supabase/questions_import_ready.csv,1024,offline_5717,"Peyva ""ba"" ""yağmur"" anlamına gelir.",Exact normalized duplicate.,364fcccfa1702031ae472cd1be526595
critical,exact_duplicate,high,active_import_ready,supabase/questions_import_ready.csv,1025,offline_5718,"Di Kurmancî de peyva ""pirtûk"" bi Tirkî çi ye?",Exact normalized duplicate.,efd651b240429728e17bae2597d89416
critical,exact_duplicate,high,active_import_ready,supabase/questions_import_ready.csv,1027,offline_5720,"Peyva ""dibistan"" ""okul"" anlamına gelir.",Exact normalized duplicate.,f2e77c4add89951c97de85bed24cce94
critical,exact_duplicate,high,active_import_ready,supabase/questions_import_ready.csv,1028,offline_5721,"Peyva ""bav"" ""dede"" anlamına gelir.",Exact normalized duplicate.,0ba95fb0e496f5b86888d958bce8508f
critical,exact_duplicate,high,active_import_ready,supabase/questions_import_ready.csv,1030,offline_5723,"""kedi"" anlamına gelen Kurmancî kelime hangisidir?",Exact normalized duplicate.,23f019a1945755fafcd0206c27df7d74
critical,exact_duplicate,high,active_import_ready,supabase/questions_import_ready.csv,1031,offline_5724,"""dünya"" anlamına gelen Kurmancî kelime hangisidir?",Exact normalized duplicate.,219ea3d98c61d61456ee80329a0e2f37
critical,exact_duplicate,high,active_import_ready,supabase/questions_import_ready.csv,1032,offline_5725,"Peyva ""çûn"" ""oturmak"" anlamına gelir.",Exact normalized duplicate.,fa1caf0027e670fcac665791d28cf28a
critical,exact_duplicate,high,active_import_ready,supabase/questions_import_ready.csv,1033,offline_5726,"Di Kurmancî de peyva ""rû"" bi Tirkî çi ye?",Exact normalized duplicate.,e62fdcbec3e52844156a4eb90c98913a
critical,exact_duplicate,high,active_import_ready,supabase/questions_import_ready.csv,1034,offline_5727,"Di Kurmancî de peyva ""pê"" bi Tirkî çi ye?",Exact normalized duplicate.,27f720a8490961e5731f2a0ecbf8874f
critical,exact_duplicate,high,active_import_ready,supabase/questions_import_ready.csv,1035,offline_5728,"Di Kurmancî de peyva ""mamoste"" bi Tirkî çi ye?",Exact normalized duplicate.,ed0917d1874bfa3c465f682492f19b33
critical,exact_duplicate,high,active_import_ready,supabase/questions_import_ready.csv,1036,offline_5729,"Peyva ""gul"" ""gül"" anlamına gelir.",Exact normalized duplicate.,341f78d889aec02f942495978faae591
critical,exact_duplicate,high,active_import_ready,supabase/questions_import_ready.csv,1037,offline_5730,"Di Kurmancî de peyva ""bav"" bi Tirkî çi ye?",Exact normalized duplicate.,155bf9f483549529327144f20f89303e
critical,exact_duplicate,high,active_import_ready,supabase/questions_import_ready.csv,1038,offline_5731,"Peyva ""destpêk"" ""başlangıç"" anlamına gelir.",Exact normalized duplicate.,6e04e44c8c3f72e595bc0c4361162a69
critical,exact_duplicate,high,active_import_ready,supabase/questions_import_ready.csv,1039,offline_5732,"Peyva ""çem"" ""vadi"" anlamına gelir.",Exact normalized duplicate.,e11544b3af15c6bd150f757fb9ef6440
critical,exact_duplicate,high,active_import_ready,supabase/questions_import_ready.csv,1040,offline_5733,"Peyva ""cîhan"" ""dünya"" anlamına gelir.",Exact normalized duplicate.,6381bb0b07470ee3c15898c227be4129
critical,exact_duplicate,high,active_import_ready,supabase/questions_import_ready.csv,1041,offline_5734,"Peyva ""ziman"" ""okul"" anlamına gelir.",Exact normalized duplicate.,49483e609cfbd887aea4ed7ca720866a
critical,exact_duplicate,high,active_import_ready,supabase/questions_import_ready.csv,1042,offline_5735,"Peyva ""dibistan"" ""öğretmen"" anlamına gelir.",Exact normalized duplicate.,299b9d76829b170ec8397a4a4653020a
critical,exact_duplicate,high,active_import_ready,supabase/questions_import_ready.csv,1044,offline_5737,"Di Kurmancî de peyva ""xwendegeh"" bi Tirkî çi ye?",Exact normalized duplicate.,31c4b8a2279b31f7a9fc454ccb17c246
critical,exact_duplicate,high,active_import_ready,supabase/questions_import_ready.csv,1045,offline_5738,"Peyva ""huner"" ""sanat"" anlamına gelir.",Exact normalized duplicate.,55e43e7f0903560a7621af433eca8420
critical,exact_duplicate,high,active_import_ready,supabase/questions_import_ready.csv,1046,offline_5739,"Peyva ""hatin"" ""dağ"" anlamına gelir.",Exact normalized duplicate.,d28137265f6fefbdb86d766dd132d379
critical,exact_duplicate,high,active_import_ready,supabase/questions_import_ready.csv,1047,offline_5740,"Di Kurmancî de peyva ""xwendin"" bi Tirkî çi ye?",Exact normalized duplicate.,346ada3e10163c2da4a76920806c6b0a
critical,exact_duplicate,high,active_import_ready,supabase/questions_import_ready.csv,1048,offline_5741,"Peyva ""por"" ""saç"" anlamına gelir.",Exact normalized duplicate.,ace4543fa575a342bed963ef2f81ea5c
critical,exact_duplicate,high,active_import_ready,supabase/questions_import_ready.csv,1049,offline_5742,"Di Kurmancî de peyva ""çûn"" bi Tirkî çi ye?",Exact normalized duplicate.,353e9304c07b6cba6c8e298f32426c89
critical,exact_duplicate,high,active_import_ready,supabase/questions_import_ready.csv,1050,offline_5743,"Peyva ""bira"" ""erkek kardeş"" anlamına gelir.",Exact normalized duplicate.,fbf1e20725bf599216c307cf1b33c95e
critical,exact_duplicate,high,active_import_ready,supabase/questions_import_ready.csv,1051,offline_5744,"Peyva ""rû"" ""yüz"" anlamına gelir.",Exact normalized duplicate.,7eaf1a38b5eb823f57a15b9c48ae73c6
critical,exact_duplicate,high,active_import_ready,supabase/questions_import_ready.csv,1052,offline_5745,"Di Kurmancî de peyva ""kûçik"" bi Tirkî çi ye?",Exact normalized duplicate.,f78bf130bcb0933908f221c0778e5f00
critical,exact_duplicate,high,active_import_ready,supabase/questions_import_ready.csv,1054,offline_5747,"Peyva ""pisîk"" ""nehir"" anlamına gelir.",Exact normalized duplicate.,34a2f983b19e961f662fe4feeedfc859
critical,exact_duplicate,high,active_import_ready,supabase/questions_import_ready.csv,1055,offline_5748,"Di Kurmancî de peyva ""rabûn"" bi Tirkî çi ye?",Exact normalized duplicate.,7bdcac3e8fef69bd6d8ab0dbf6bd9c36
critical,exact_duplicate,high,active_import_ready,supabase/questions_import_ready.csv,1056,offline_5749,"""toprak"" anlamına gelen Kurmancî kelime hangisidir?",Exact normalized duplicate.,b7fb1b860feadf366f4c9698878321c2
critical,exact_duplicate,high,active_import_ready,supabase/questions_import_ready.csv,1057,offline_5750,"Di Kurmancî de peyva ""biçûk"" bi Tirkî çi ye?",Exact normalized duplicate.,0fe61d359be3e5924632865b7b212e6f
critical,exact_duplicate,high,active_import_ready,supabase/questions_import_ready.csv,1058,offline_5751,"Di Kurmancî de peyva ""ax"" bi Tirkî çi ye?",Exact normalized duplicate.,6abf272955c7be5b2f8fda9ee0c8da21
critical,exact_duplicate,high,active_import_ready,supabase/questions_import_ready.csv,1059,offline_5752,"Peyva ""teşt"" ""leğen"" anlamına gelir.",Exact normalized duplicate.,1dd315b590f10d479205d208665c0192
critical,exact_duplicate,high,active_import_ready,supabase/questions_import_ready.csv,1060,offline_5753,"Peyva ""dê"" ""anne"" anlamına gelir.",Exact normalized duplicate.,1f1fe59382f68eb2124dcf5ef361fe50
critical,exact_duplicate,high,active_import_ready,supabase/questions_import_ready.csv,1061,offline_5754,"Di Kurmancî de peyva ""xweş"" bi Tirkî çi ye?",Exact normalized duplicate.,b8d528f48022c0200a404fa06d026224
critical,exact_duplicate,high,active_import_ready,supabase/questions_import_ready.csv,1062,offline_5755,"""renk"" anlamına gelen Kurmancî kelime hangisidir?",Exact normalized duplicate.,56cce0fbc0bf9ab1e440ba2e59d56373
critical,exact_duplicate,high,active_import_ready,supabase/questions_import_ready.csv,1063,offline_5756,"Peyva ""xweş"" ""güzel/iyi"" anlamına gelir.",Exact normalized duplicate.,8f7fd80e5f50147c5f7cf5cf07ad9499
critical,exact_duplicate,high,active_import_ready,supabase/questions_import_ready.csv,1064,offline_5757,"""göz"" anlamına gelen Kurmancî kelime hangisidir?",Exact normalized duplicate.,a82c1341d56acba9e16722339dc4bd3c
critical,exact_duplicate,high,active_import_ready,supabase/questions_import_ready.csv,1065,offline_5758,"Peyva ""kûçik"" ""kedi"" anlamına gelir.",Exact normalized duplicate.,28491a99a0c667b97a7ef7f2aa48350c
critical,exact_duplicate,high,active_import_ready,supabase/questions_import_ready.csv,1066,offline_5759,"Peyva ""hewa"" ""hava"" anlamına gelir.",Exact normalized duplicate.,5c3586d166530c423d63ba77d1041e56
critical,exact_duplicate,high,active_import_ready,supabase/questions_import_ready.csv,1067,offline_5760,"Di Kurmancî de peyva ""jin"" bi Tirkî çi ye?",Exact normalized duplicate.,d2082cba486f66d140c0fbe4e54e0cb6
critical,exact_duplicate,high,active_import_ready,supabase/questions_import_ready.csv,1068,offline_5761,"Peyva ""bira"" ""kız kardeş"" anlamına gelir.",Exact normalized duplicate.,541c2829462207b81eee614b6447d036
critical,exact_duplicate,high,active_import_ready,supabase/questions_import_ready.csv,1069,offline_5762,"Peyva ""xweş"" ""güzel/iyi"" anlamına gelir.",Exact normalized duplicate.,8f7fd80e5f50147c5f7cf5cf07ad9499
critical,exact_duplicate,high,active_import_ready,supabase/questions_import_ready.csv,1070,offline_5763,"""görmek"" anlamına gelen Kurmancî kelime hangisidir?",Exact normalized duplicate.,e7c5bc1fc922e934b798cd3406496cb8
critical,exact_duplicate,high,active_import_ready,supabase/questions_import_ready.csv,1071,offline_5764,"Peyva ""dîtin"" ""işitmek"" anlamına gelir.",Exact normalized duplicate.,840c4f457ed0d3302c2e9f665ff6e688
critical,exact_duplicate,high,active_import_ready,supabase/questions_import_ready.csv,1072,offline_5765,"""yol"" anlamına gelen Kurmancî kelime hangisidir?",Exact normalized duplicate.,0e6797bccb37765346546e6389db4228
critical,exact_duplicate,high,active_import_ready,supabase/questions_import_ready.csv,1073,offline_5766,"""küçük"" anlamına gelen Kurmancî kelime hangisidir?",Exact normalized duplicate.,bab78f81e212fdbfeeec541a0ce26574
critical,exact_duplicate,high,active_import_ready,supabase/questions_import_ready.csv,1074,offline_5767,"Peyva ""gund"" ""ülke/vatan"" anlamına gelir.",Exact normalized duplicate.,e1941ec608d2dcd5bc18277644459837
critical,exact_duplicate,high,active_import_ready,supabase/questions_import_ready.csv,1075,offline_5768,"Peyva ""gund"" ""köy"" anlamına gelir.",Exact normalized duplicate.,a35d1c70043e761471c2fe1d70d4c8e9
critical,exact_duplicate,high,active_import_ready,supabase/questions_import_ready.csv,1076,offline_5769,"Di Kurmancî de peyva ""destpêk"" bi Tirkî çi ye?",Exact normalized duplicate.,d19f0f7095c1180c8df24262fcfc7aad
critical,exact_duplicate,high,active_import_ready,supabase/questions_import_ready.csv,1077,offline_5770,"""dede"" anlamına gelen Kurmancî kelime hangisidir?",Exact normalized duplicate.,e9dd957be4c3a70ba496efce61106761
critical,exact_duplicate,high,active_import_ready,supabase/questions_import_ready.csv,1078,offline_5771,"Di Kurmancî de peyva ""dê"" bi Tirkî çi ye?",Exact normalized duplicate.,82cc44049a0a3a81187061286d6cf45b
critical,exact_duplicate,high,active_import_ready,supabase/questions_import_ready.csv,1079,offline_5772,"Peyva ""xwendin"" ""okumak"" anlamına gelir.",Exact normalized duplicate.,39cd1a708dff4b3c5db1d0499fcfde6d
critical,exact_duplicate,high,active_import_ready,supabase/questions_import_ready.csv,1080,offline_5773,"""okul/akademi"" anlamına gelen Kurmancî kelime hangisidir?",Exact normalized duplicate.,7958585e422cba45135fea965fb8a373
critical,exact_duplicate,high,active_import_ready,supabase/questions_import_ready.csv,1081,offline_5774,"Di Kurmancî de peyva ""hesp"" bi Tirkî çi ye?",Exact normalized duplicate.,674d273ecede7092e854ac6ab9cc4d76
critical,exact_duplicate,high,active_import_ready,supabase/questions_import_ready.csv,1083,offline_5776,"Peyva ""reng"" ""yaşlı/ihtiyar"" anlamına gelir.",Exact normalized duplicate.,4a55c8b3eea52397d750b05756ec1ed6
critical,exact_duplicate,high,active_import_ready,supabase/questions_import_ready.csv,1084,offline_5777,"Peyva ""dil"" ""kalp/dil"" anlamına gelir.",Exact normalized duplicate.,9820cc1237846eaaa87b0a63dd2029d1
critical,exact_duplicate,high,active_import_ready,supabase/questions_import_ready.csv,1085,offline_5778,"Di Kurmancî de peyva ""kal"" bi Tirkî çi ye?",Exact normalized duplicate.,73cc91eff3ba38c8653fa3fd2b58a61b
critical,exact_duplicate,high,active_import_ready,supabase/questions_import_ready.csv,1086,offline_5779,"Peyva ""teşt"" ""leğen"" anlamına gelir.",Exact normalized duplicate.,1dd315b590f10d479205d208665c0192
critical,exact_duplicate,high,active_import_ready,supabase/questions_import_ready.csv,1087,offline_5780,"Di Kurmancî de peyva ""xanî"" bi Tirkî çi ye?",Exact normalized duplicate.,f9cf25fb0e2d87ea61f2f33564a290be
critical,exact_duplicate,high,active_import_ready,supabase/questions_import_ready.csv,1088,offline_5781,"Di Kurmancî de peyva ""xwîşk"" bi Tirkî çi ye?",Exact normalized duplicate.,04d05c152b0cf31980f93df69eec2b44
critical,exact_duplicate,high,active_import_ready,supabase/questions_import_ready.csv,1089,offline_5782,"Peyva ""sar"" ""soğuk"" anlamına gelir.",Exact normalized duplicate.,d1be0b9b2916d34eeb8d15aa1a35e422
critical,exact_duplicate,high,active_import_ready,supabase/questions_import_ready.csv,1091,offline_5784,"Peyva ""duh"" ""ad/isim"" anlamına gelir.",Exact normalized duplicate.,59050658c5f90c742efa0913f6b4d692
critical,exact_duplicate,high,active_import_ready,supabase/questions_import_ready.csv,1092,offline_5785,"Peyva ""teşt"" ""yemekhane"" anlamına gelir.",Exact normalized duplicate.,7cee94f946d6dc8931f37c1613556a4e
critical,exact_duplicate,high,active_import_ready,supabase/questions_import_ready.csv,1093,offline_5786,"Di Kurmancî de peyva ""çav"" bi Tirkî çi ye?",Exact normalized duplicate.,6e9768e35bdec72ff91b6b2ff635dbe2
critical,exact_duplicate,high,active_import_ready,supabase/questions_import_ready.csv,1094,offline_5787,"Di Kurmancî de peyva ""mase"" bi Tirkî çi ye?",Exact normalized duplicate.,8034da3d9897d96c004ed62932a82598
critical,exact_duplicate,high,active_import_ready,supabase/questions_import_ready.csv,1096,offline_5789,"""anne"" anlamına gelen Kurmancî kelime hangisidir?",Exact normalized duplicate.,20f84dc60a2a5e918506d923d280c397
critical,exact_duplicate,high,active_import_ready,supabase/questions_import_ready.csv,1097,offline_5790,"""görmek"" anlamına gelen Kurmancî kelime hangisidir?",Exact normalized duplicate.,e7c5bc1fc922e934b798cd3406496cb8
critical,exact_duplicate,high,active_import_ready,supabase/questions_import_ready.csv,1098,offline_5791,"Peyva ""rûniştin"" ""oturmak"" anlamına gelir.",Exact normalized duplicate.,cdb044dbb1b60054d293c0f3c662c33b
critical,exact_duplicate,high,active_import_ready,supabase/questions_import_ready.csv,1100,offline_5793,"Peyva ""ciwan"" ""genç"" anlamına gelir.",Exact normalized duplicate.,0b1e509b55a884b9064500118590e516
critical,exact_duplicate,high,active_import_ready,supabase/questions_import_ready.csv,1101,offline_5794,"""baş/kafa"" anlamına gelen Kurmancî kelime hangisidir?",Exact normalized duplicate.,411b6daddd74a19e652d0c509d4457c0
critical,exact_duplicate,high,active_import_ready,supabase/questions_import_ready.csv,1102,offline_5795,"Peyva ""axaftin"" ""görmek"" anlamına gelir.",Exact normalized duplicate.,97adeb7236588817d15b34d396d0d974
critical,exact_duplicate,high,active_import_ready,supabase/questions_import_ready.csv,1104,offline_5797,"""yaşlı/ihtiyar"" anlamına gelen Kurmancî kelime hangisidir?",Exact normalized duplicate.,a64b709308f6ff2bea99670d264aa422
critical,exact_duplicate,high,active_import_ready,supabase/questions_import_ready.csv,1106,offline_5799,"Di Kurmancî de peyva ""pîr"" bi Tirkî çi ye?",Exact normalized duplicate.,681e6eecc8668bf7c347fd713b861dba
critical,exact_duplicate,high,active_import_ready,supabase/questions_import_ready.csv,1107,offline_5800,"""küçük"" anlamına gelen Kurmancî kelime hangisidir?",Exact normalized duplicate.,bab78f81e212fdbfeeec541a0ce26574
critical,exact_duplicate,high,active_import_ready,supabase/questions_import_ready.csv,1109,offline_5802,"Peyva ""xanî"" ""bina/ev"" anlamına gelir.",Exact normalized duplicate.,34b86356acf8f73be7314670e50e43ba
critical,exact_duplicate,high,active_import_ready,supabase/questions_import_ready.csv,1110,offline_5803,"Di Kurmancî de peyva ""dev"" bi Tirkî çi ye?",Exact normalized duplicate.,cf388c56849e57838aeed04c7366fb40
critical,exact_duplicate,high,active_import_ready,supabase/questions_import_ready.csv,1111,offline_5804,"Peyva ""deşt"" ""ova"" anlamına gelir.",Exact normalized duplicate.,968ea72094506b64ffe5b5bfbbe972e9
critical,exact_duplicate,high,active_import_ready,supabase/questions_import_ready.csv,1112,offline_5805,"""aile"" anlamına gelen Kurmancî kelime hangisidir?",Exact normalized duplicate.,6c88b7d86d9a1fec21696940744a4fb2
critical,exact_duplicate,high,active_import_ready,supabase/questions_import_ready.csv,1113,offline_5806,"""rüzgar"" anlamına gelen Kurmancî kelime hangisidir?",Exact normalized duplicate.,f5953f294c00e6aca20ddae73e2f8f00
critical,exact_duplicate,high,active_import_ready,supabase/questions_import_ready.csv,1114,offline_5807,"Peyva ""derî"" ""kapı"" anlamına gelir.",Exact normalized duplicate.,8a3476ab646e6d6807111fe652e89164
critical,exact_duplicate,high,active_import_ready,supabase/questions_import_ready.csv,1115,offline_5808,"Peyva ""derî"" ""pencere"" anlamına gelir.",Exact normalized duplicate.,361507251132c16faf3d291257d7f1e2
critical,exact_duplicate,high,active_import_ready,supabase/questions_import_ready.csv,1116,offline_5809,"""genç"" anlamına gelen Kurmancî kelime hangisidir?",Exact normalized duplicate.,9eda6df4271a33a76795dacb21b6c549
critical,exact_duplicate,high,active_import_ready,supabase/questions_import_ready.csv,1117,offline_5810,"Peyva ""gund"" ""köy"" anlamına gelir.",Exact normalized duplicate.,a35d1c70043e761471c2fe1d70d4c8e9
critical,exact_duplicate,high,active_import_ready,supabase/questions_import_ready.csv,1118,offline_5811,"Peyva ""teşt"" ""yemekhane"" anlamına gelir.",Exact normalized duplicate.,7cee94f946d6dc8931f37c1613556a4e
critical,exact_duplicate,high,active_import_ready,supabase/questions_import_ready.csv,1119,offline_5812,"Di Kurmancî de peyva ""mase"" bi Tirkî çi ye?",Exact normalized duplicate.,8034da3d9897d96c004ed62932a82598
critical,exact_duplicate,high,active_import_ready,supabase/questions_import_ready.csv,1120,offline_5813,"Di Kurmancî de peyva ""baran"" bi Tirkî çi ye?",Exact normalized duplicate.,12608954ddadc56600031bb1e05a245b
critical,exact_duplicate,high,active_import_ready,supabase/questions_import_ready.csv,1121,offline_5814,"Peyva ""wêne"" ""resim/fotoğraf"" anlamına gelir.",Exact normalized duplicate.,3101fff9ddc741318f7436aaf4183d4b
critical,exact_duplicate,high,active_import_ready,supabase/questions_import_ready.csv,1122,offline_5815,"Peyva ""zarok"" ""öğrenci"" anlamına gelir.",Exact normalized duplicate.,4a66a810049707417f5a8e10e9fe96b9
critical,exact_duplicate,high,active_import_ready,supabase/questions_import_ready.csv,1123,offline_5816,"Di Kurmancî de peyva ""nanxane"" bi Tirkî çi ye?",Exact normalized duplicate.,84e7b7d5a36a59e3dc7cb7c6edb002f8
critical,exact_duplicate,high,active_import_ready,supabase/questions_import_ready.csv,1124,offline_5817,"Peyva ""mal"" ""kitap"" anlamına gelir.",Exact normalized duplicate.,d5d4950c30a681b6b74f5d22e4f14c5a
critical,exact_duplicate,high,active_import_ready,supabase/questions_import_ready.csv,1125,offline_5818,"""fırıncı"" anlamına gelen Kurmancî kelime hangisidir?",Exact normalized duplicate.,eea4218640c3ed5508e6f282658ed344
critical,exact_duplicate,high,active_import_ready,supabase/questions_import_ready.csv,1126,offline_5819,"Peyva ""dapîr"" ""anneanne/babaanne"" anlamına gelir.",Exact normalized duplicate.,48ebeebd612d06de18b64f35acb1a9f4
critical,exact_duplicate,high,active_import_ready,supabase/questions_import_ready.csv,1127,offline_5820,"Peyva ""xanî"" ""bina/ev"" anlamına gelir.",Exact normalized duplicate.,34b86356acf8f73be7314670e50e43ba
critical,exact_duplicate,high,active_import_ready,supabase/questions_import_ready.csv,1129,offline_5822,"Di Kurmancî de peyva ""mase"" bi Tirkî çi ye?",Exact normalized duplicate.,8034da3d9897d96c004ed62932a82598
critical,exact_duplicate,high,active_import_ready,supabase/questions_import_ready.csv,1130,offline_5823,"Di Kurmancî de peyva ""ax"" bi Tirkî çi ye?",Exact normalized duplicate.,6abf272955c7be5b2f8fda9ee0c8da21
critical,exact_duplicate,high,active_import_ready,supabase/questions_import_ready.csv,1131,offline_5824,"Peyva ""poz"" ""burun"" anlamına gelir.",Exact normalized duplicate.,0d8b0c8d2fd70bb6dd1a46d710196882
critical,exact_duplicate,high,active_import_ready,supabase/questions_import_ready.csv,1132,offline_5825,"Peyva ""mal"" ""kitap"" anlamına gelir.",Exact normalized duplicate.,d5d4950c30a681b6b74f5d22e4f14c5a
critical,exact_duplicate,high,active_import_ready,supabase/questions_import_ready.csv,1133,offline_5826,"Di Kurmancî de peyva ""duh"" bi Tirkî çi ye?",Exact normalized duplicate.,884222c3b5dea9e1cfb93ed7567e81ce
critical,exact_duplicate,high,active_import_ready,supabase/questions_import_ready.csv,1134,offline_5827,"""ülke/vatan"" anlamına gelen Kurmancî kelime hangisidir?",Exact normalized duplicate.,4d3c81e106218589ef1a4f6c204e05a1
critical,exact_duplicate,high,active_import_ready,supabase/questions_import_ready.csv,1135,offline_5828,"Di Kurmancî de peyva ""kar"" bi Tirkî çi ye?",Exact normalized duplicate.,735d5e75e4d76196491f2f4953064819
critical,exact_duplicate,high,active_import_ready,supabase/questions_import_ready.csv,1136,offline_5829,"Peyva ""dar"" ""ağaç"" anlamına gelir.",Exact normalized duplicate.,a80b9bdf9b2636a74dbae5803c4b6a7c
critical,exact_duplicate,high,active_import_ready,supabase/questions_import_ready.csv,1137,offline_5830,"Peyva ""xweş"" ""güzel/iyi"" anlamına gelir.",Exact normalized duplicate.,8f7fd80e5f50147c5f7cf5cf07ad9499
critical,exact_duplicate,high,active_import_ready,supabase/questions_import_ready.csv,1138,offline_5831,"Di Kurmancî de peyva ""hesp"" bi Tirkî çi ye?",Exact normalized duplicate.,674d273ecede7092e854ac6ab9cc4d76
critical,exact_duplicate,high,active_import_ready,supabase/questions_import_ready.csv,1140,offline_5833,"Di Kurmancî de peyva ""kurd"" bi Tirkî çi ye?",Exact normalized duplicate.,deda674f99453f14c671d4ab6006ecf0
critical,exact_duplicate,high,active_import_ready,supabase/questions_import_ready.csv,1141,offline_5834,"Peyva ""pir"" ""başlangıç"" anlamına gelir.",Exact normalized duplicate.,8b30ddc09a630e42fd9b4d7daf19d1aa
critical,exact_duplicate,high,active_import_ready,supabase/questions_import_ready.csv,1142,offline_5835,"Di Kurmancî de peyva ""derî"" bi Tirkî çi ye?",Exact normalized duplicate.,d3b3e95ae4a42cde8f4a632f3a88dfea
critical,exact_duplicate,high,active_import_ready,supabase/questions_import_ready.csv,1143,offline_5836,"Peyva ""çûn"" ""oturmak"" anlamına gelir.",Exact normalized duplicate.,fa1caf0027e670fcac665791d28cf28a
critical,exact_duplicate,high,active_import_ready,supabase/questions_import_ready.csv,1144,offline_5837,"""çok"" anlamına gelen Kurmancî kelime hangisidir?",Exact normalized duplicate.,6361786b9bc0c92f0b1089b2cd10abde
critical,exact_duplicate,high,active_import_ready,supabase/questions_import_ready.csv,1146,offline_5839,"""çok"" anlamına gelen Kurmancî kelime hangisidir?",Exact normalized duplicate.,6361786b9bc0c92f0b1089b2cd10abde
critical,exact_duplicate,high,active_import_ready,supabase/questions_import_ready.csv,1147,offline_5840,"""hava"" anlamına gelen Kurmancî kelime hangisidir?",Exact normalized duplicate.,4c9d23fc364d29496336cda2e54a3d1b
critical,exact_duplicate,high,active_import_ready,supabase/questions_import_ready.csv,1148,offline_5841,"""kalkmak"" anlamına gelen Kurmancî kelime hangisidir?",Exact normalized duplicate.,5b43870dc6addc2bfdad8bc1f4d43444
critical,exact_duplicate,high,active_import_ready,supabase/questions_import_ready.csv,1149,offline_5842,"Peyva ""zarok"" ""çocuk"" anlamına gelir.",Exact normalized duplicate.,2442a8fd6751b78e7d3363492b7697bc
critical,exact_duplicate,high,active_import_ready,supabase/questions_import_ready.csv,1150,offline_5843,"""ağaç"" anlamına gelen Kurmancî kelime hangisidir?",Exact normalized duplicate.,3d6e12e9b7554e7e3e7dcafeeddb6dd8
critical,exact_duplicate,high,active_import_ready,supabase/questions_import_ready.csv,1151,offline_5844,"Di Kurmancî de peyva ""dê"" bi Tirkî çi ye?",Exact normalized duplicate.,82cc44049a0a3a81187061286d6cf45b
critical,exact_duplicate,high,active_import_ready,supabase/questions_import_ready.csv,1152,offline_5845,"Di Kurmancî de peyva ""rûniştin"" bi Tirkî çi ye?",Exact normalized duplicate.,b8017fa30c542132aa372329da13ea02
critical,exact_duplicate,high,active_import_ready,supabase/questions_import_ready.csv,1153,offline_5846,"""kitap"" anlamına gelen Kurmancî kelime hangisidir?",Exact normalized duplicate.,7385b64151c8cc20f3f32889eeca3395
critical,exact_duplicate,high,active_import_ready,supabase/questions_import_ready.csv,1154,offline_5847,"Peyva ""deşt"" ""ova"" anlamına gelir.",Exact normalized duplicate.,968ea72094506b64ffe5b5bfbbe972e9
critical,exact_duplicate,high,active_import_ready,supabase/questions_import_ready.csv,1155,offline_5848,"Peyva ""welat"" ""dünya"" anlamına gelir.",Exact normalized duplicate.,157f979abc5f91ef14140997fe2a627d
critical,exact_duplicate,high,active_import_ready,supabase/questions_import_ready.csv,1156,offline_5849,"Peyva ""reng"" ""yaşlı/ihtiyar"" anlamına gelir.",Exact normalized duplicate.,4a55c8b3eea52397d750b05756ec1ed6
critical,exact_duplicate,high,active_import_ready,supabase/questions_import_ready.csv,1158,offline_5851,"Di Kurmancî de peyva ""destpêk"" bi Tirkî çi ye?",Exact normalized duplicate.,d19f0f7095c1180c8df24262fcfc7aad
critical,exact_duplicate,high,active_import_ready,supabase/questions_import_ready.csv,1159,offline_5852,"Di Kurmancî de peyva ""dîtin"" bi Tirkî çi ye?",Exact normalized duplicate.,92fb98d7c0d1671a9de6378b72276689
critical,exact_duplicate,high,active_import_ready,supabase/questions_import_ready.csv,1160,offline_5853,"Peyva ""welat"" ""dünya"" anlamına gelir.",Exact normalized duplicate.,157f979abc5f91ef14140997fe2a627d
critical,exact_duplicate,high,active_import_ready,supabase/questions_import_ready.csv,1161,offline_5854,"Di Kurmancî de peyva ""xwendin"" bi Tirkî çi ye?",Exact normalized duplicate.,346ada3e10163c2da4a76920806c6b0a
critical,exact_duplicate,high,active_import_ready,supabase/questions_import_ready.csv,1162,offline_5855,"Peyva ""malbat"" ""aile"" anlamına gelir.",Exact normalized duplicate.,99cc75d39da74e7d498d3873ff0dd01f
critical,exact_duplicate,high,active_import_ready,supabase/questions_import_ready.csv,1163,offline_5856,"Peyva ""xwîşk"" ""kız kardeş"" anlamına gelir.",Exact normalized duplicate.,6f53a2da6ec47287ae27b7400459e37c
critical,exact_duplicate,high,active_import_ready,supabase/questions_import_ready.csv,1164,offline_5857,"Di Kurmancî de peyva ""xwendin"" bi Tirkî çi ye?",Exact normalized duplicate.,346ada3e10163c2da4a76920806c6b0a
critical,exact_duplicate,high,active_import_ready,supabase/questions_import_ready.csv,1165,offline_5858,"Peyva ""kar"" ""sanat"" anlamına gelir.",Exact normalized duplicate.,739932806de0458ce63f19fb45879788
critical,exact_duplicate,high,active_import_ready,supabase/questions_import_ready.csv,1166,offline_5859,"Di Kurmancî de peyva ""pîr"" bi Tirkî çi ye?",Exact normalized duplicate.,681e6eecc8668bf7c347fd713b861dba
critical,exact_duplicate,high,active_import_ready,supabase/questions_import_ready.csv,1167,offline_5860,"Peyva ""dev"" ""diş"" anlamına gelir.",Exact normalized duplicate.,022fb0c758c4cef3b6e18e783ea61111
critical,exact_duplicate,high,active_import_ready,supabase/questions_import_ready.csv,1168,offline_5861,"Peyva ""heyv"" ""ay"" anlamına gelir.",Exact normalized duplicate.,26688a1b5e3f98d9ecee153efc7ae5af
critical,exact_duplicate,high,active_import_ready,supabase/questions_import_ready.csv,1169,offline_5862,"Peyva ""mamoste"" ""gece"" anlamına gelir.",Exact normalized duplicate.,f53e250992864495d7b9f013c37103b2
critical,exact_duplicate,high,active_import_ready,supabase/questions_import_ready.csv,1170,offline_5863,"Di Kurmancî de peyva ""malbat"" bi Tirkî çi ye?",Exact normalized duplicate.,0821ce6755b4809b9eaa3d970d4eb071
critical,exact_duplicate,high,active_import_ready,supabase/questions_import_ready.csv,1171,offline_5864,"Di Kurmancî de peyva ""çav"" bi Tirkî çi ye?",Exact normalized duplicate.,6e9768e35bdec72ff91b6b2ff635dbe2
critical,exact_duplicate,high,active_import_ready,supabase/questions_import_ready.csv,1173,offline_5866,"Peyva ""kanî"" ""çeşme/pınar"" anlamına gelir.",Exact normalized duplicate.,d298673d87a049064e191200da7c2ae5
critical,exact_duplicate,high,active_import_ready,supabase/questions_import_ready.csv,1174,offline_5867,"Di Kurmancî de peyva ""xwîşk"" bi Tirkî çi ye?",Exact normalized duplicate.,04d05c152b0cf31980f93df69eec2b44
critical,exact_duplicate,high,active_import_ready,supabase/questions_import_ready.csv,1175,offline_5868,"Peyva ""gul"" ""gül"" anlamına gelir.",Exact normalized duplicate.,341f78d889aec02f942495978faae591
critical,exact_duplicate,high,active_import_ready,supabase/questions_import_ready.csv,1176,offline_5869,"Peyva ""nanpêj"" ""fırıncı"" anlamına gelir.",Exact normalized duplicate.,393934ebdd00bf6fa74418cc77164ab6
critical,exact_duplicate,high,active_import_ready,supabase/questions_import_ready.csv,1178,offline_5871,"Di Kurmancî de peyva ""guh"" bi Tirkî çi ye?",Exact normalized duplicate.,2d96c8de03fef92c1ff150e1be20a73f
critical,exact_duplicate,high,active_import_ready,supabase/questions_import_ready.csv,1179,offline_5872,"Peyva ""pirtûk"" ""bilmek"" anlamına gelir.",Exact normalized duplicate.,3f6f67d6d8325d573874593334ae290f
critical,exact_duplicate,high,active_import_ready,supabase/questions_import_ready.csv,1180,offline_5873,"""dağ"" anlamına gelen Kurmancî kelime hangisidir?",Exact normalized duplicate.,8714888eaaeaaea94a95a52164d0a1b0
critical,exact_duplicate,high,active_import_ready,supabase/questions_import_ready.csv,1181,offline_5874,"Di Kurmancî de peyva ""reng"" bi Tirkî çi ye?",Exact normalized duplicate.,b82e8bb9c82fe3dce2d9019c10cf1e00
critical,exact_duplicate,high,active_import_ready,supabase/questions_import_ready.csv,1182,offline_5875,"Di Kurmancî de peyva ""xweş"" bi Tirkî çi ye?",Exact normalized duplicate.,b8d528f48022c0200a404fa06d026224
critical,exact_duplicate,high,active_import_ready,supabase/questions_import_ready.csv,1183,offline_5876,"Peyva ""bajar"" ""şehir"" anlamına gelir.",Exact normalized duplicate.,268401b2d9d339596efaab427471f9c7
critical,exact_duplicate,high,active_import_ready,supabase/questions_import_ready.csv,1184,offline_5877,"""sevmek"" anlamına gelen Kurmancî kelime hangisidir?",Exact normalized duplicate.,44183f6cd2f25d18a6f46a8a62675c64
critical,exact_duplicate,high,active_import_ready,supabase/questions_import_ready.csv,1186,offline_5879,"Peyva ""spas"" ""teşekkür"" anlamına gelir.",Exact normalized duplicate.,a48bc55feaceafa9938d329b42e8c6e1
critical,exact_duplicate,high,active_import_ready,supabase/questions_import_ready.csv,1187,offline_5880,"""leğen"" anlamına gelen Kurmancî kelime hangisidir?",Exact normalized duplicate.,b7105e01c3f03f903800a549251a4b3b
critical,exact_duplicate,high,active_import_ready,supabase/questions_import_ready.csv,1188,offline_5881,"""fırıncı"" anlamına gelen Kurmancî kelime hangisidir?",Exact normalized duplicate.,eea4218640c3ed5508e6f282658ed344
critical,exact_duplicate,high,active_import_ready,supabase/questions_import_ready.csv,1189,offline_5882,"Peyva ""zinar"" ""kaya"" anlamına gelir.",Exact normalized duplicate.,35c88efcca7cefdd879aa8258b0084c0
critical,exact_duplicate,high,active_import_ready,supabase/questions_import_ready.csv,1190,offline_5883,"""kalkmak"" anlamına gelen Kurmancî kelime hangisidir?",Exact normalized duplicate.,5b43870dc6addc2bfdad8bc1f4d43444
critical,exact_duplicate,high,active_import_ready,supabase/questions_import_ready.csv,1191,offline_5884,"Peyva ""kûçik"" ""köpek"" anlamına gelir.",Exact normalized duplicate.,913fe2bde1d78ab4ed7afa6ae77c008e
critical,exact_duplicate,high,active_import_ready,supabase/questions_import_ready.csv,1192,offline_5885,"Peyva ""berf"" ""ateş"" anlamına gelir.",Exact normalized duplicate.,ba8065563b2527163293b0c78469eeaa
critical,exact_duplicate,high,active_import_ready,supabase/questions_import_ready.csv,1193,offline_5886,"""ülke/vatan"" anlamına gelen Kurmancî kelime hangisidir?",Exact normalized duplicate.,4d3c81e106218589ef1a4f6c204e05a1
critical,exact_duplicate,high,active_import_ready,supabase/questions_import_ready.csv,1194,offline_5887,"""işitmek"" anlamına gelen Kurmancî kelime hangisidir?",Exact normalized duplicate.,bf237623afad693c82a0d48617297491
critical,exact_duplicate,high,active_import_ready,supabase/questions_import_ready.csv,1195,offline_5888,"Di Kurmancî de peyva ""rabûn"" bi Tirkî çi ye?",Exact normalized duplicate.,7bdcac3e8fef69bd6d8ab0dbf6bd9c36
critical,exact_duplicate,high,active_import_ready,supabase/questions_import_ready.csv,1196,offline_5889,"Peyva ""hezkirin"" ""okumak"" anlamına gelir.",Exact normalized duplicate.,d0d862b539ffba2b8eda022bd3bb5039
critical,exact_duplicate,high,active_import_ready,supabase/questions_import_ready.csv,1197,offline_5890,"Peyva ""pirtûk"" ""bilmek"" anlamına gelir.",Exact normalized duplicate.,3f6f67d6d8325d573874593334ae290f
critical,exact_duplicate,high,active_import_ready,supabase/questions_import_ready.csv,1198,offline_5891,"Di Kurmancî de peyva ""sar"" bi Tirkî çi ye?",Exact normalized duplicate.,207ffdb62cfa85de9e893e809b15d3e1
critical,exact_duplicate,high,active_import_ready,supabase/questions_import_ready.csv,1199,offline_5892,"Di Kurmancî de peyva ""pê"" bi Tirkî çi ye?",Exact normalized duplicate.,27f720a8490961e5731f2a0ecbf8874f
critical,exact_duplicate,high,active_import_ready,supabase/questions_import_ready.csv,1200,offline_5893,"Di Kurmancî de peyva ""şêr"" bi Tirkî çi ye?",Exact normalized duplicate.,e1fd0dd4e4b28c19898605967137d6a6
critical,exact_duplicate,high,active_import_ready,supabase/questions_import_ready.csv,1201,offline_5894,"Di Kurmancî de peyva ""nivîn"" bi Tirkî çi ye?",Exact normalized duplicate.,26f5b981ac2a38d07d50cdee7c48fdbb
critical,exact_duplicate,high,active_import_ready,supabase/questions_import_ready.csv,1202,offline_5895,"Di Kurmancî de peyva ""kûçik"" bi Tirkî çi ye?",Exact normalized duplicate.,f78bf130bcb0933908f221c0778e5f00
critical,exact_duplicate,high,active_import_ready,supabase/questions_import_ready.csv,1203,offline_5896,"Peyva ""çav"" ""göz"" anlamına gelir.",Exact normalized duplicate.,13448a5bce771594a7ddf3f1aed854f2
critical,exact_duplicate,high,active_import_ready,supabase/questions_import_ready.csv,1204,offline_5897,"""yatak"" anlamına gelen Kurmancî kelime hangisidir?",Exact normalized duplicate.,0e9ec5f68d953c496df4b5eb768b23ac
critical,exact_duplicate,high,active_import_ready,supabase/questions_import_ready.csv,1206,offline_5899,"Peyva ""av"" ""su"" anlamına gelir.",Exact normalized duplicate.,446fb09ea8b35c7c86261c012d012dfc
critical,exact_duplicate,high,active_import_ready,supabase/questions_import_ready.csv,1207,offline_5900,"""bina/ev"" anlamına gelen Kurmancî kelime hangisidir?",Exact normalized duplicate.,6472956abfcba9d98e71ecdaa3a23712
critical,exact_duplicate,high,active_import_ready,supabase/questions_import_ready.csv,1208,offline_5901,"Peyva ""zanîn"" ""bilmek"" anlamına gelir.",Exact normalized duplicate.,3ce872b74ae3390b6d9bec3a4d75da9a
critical,exact_duplicate,high,active_import_ready,supabase/questions_import_ready.csv,1209,offline_5902,"""ateş"" anlamına gelen Kurmancî kelime hangisidir?",Exact normalized duplicate.,a497e160d9dc222375ebb4ef25a43a71
critical,exact_duplicate,high,active_import_ready,supabase/questions_import_ready.csv,1210,offline_5903,"""bugün"" anlamına gelen Kurmancî kelime hangisidir?",Exact normalized duplicate.,78b162b34038e6940334fac0bd4f60d7
critical,exact_duplicate,high,active_import_ready,supabase/questions_import_ready.csv,1211,offline_5904,"""oturmak"" anlamına gelen Kurmancî kelime hangisidir?",Exact normalized duplicate.,5326f8686708037ae0f0bddc56bf77b5
critical,exact_duplicate,high,active_import_ready,supabase/questions_import_ready.csv,1212,offline_5905,"""yatak"" anlamına gelen Kurmancî kelime hangisidir?",Exact normalized duplicate.,0e9ec5f68d953c496df4b5eb768b23ac
critical,exact_duplicate,high,active_import_ready,supabase/questions_import_ready.csv,1213,offline_5906,"""eski"" anlamına gelen Kurmancî kelime hangisidir?",Exact normalized duplicate.,ed684eb925ff8cbf76470ffe6afaabc5
critical,exact_duplicate,high,active_import_ready,supabase/questions_import_ready.csv,1214,offline_5907,"Di Kurmancî de peyva ""pir"" bi Tirkî çi ye?",Exact normalized duplicate.,15e35702b4bda737fe3aa5b377dc172c
critical,exact_duplicate,high,active_import_ready,supabase/questions_import_ready.csv,1215,offline_5908,"""bugün"" anlamına gelen Kurmancî kelime hangisidir?",Exact normalized duplicate.,78b162b34038e6940334fac0bd4f60d7
critical,exact_duplicate,high,active_import_ready,supabase/questions_import_ready.csv,1216,offline_5909,"Peyva ""dev"" ""ağız"" anlamına gelir.",Exact normalized duplicate.,ad0771f755b9291195d090610059540e
critical,exact_duplicate,high,active_import_ready,supabase/questions_import_ready.csv,1217,offline_5910,"Di Kurmancî de peyva ""wêne"" bi Tirkî çi ye?",Exact normalized duplicate.,595ddefccf0a3155c4fbb403ecfe7311
critical,exact_duplicate,high,active_import_ready,supabase/questions_import_ready.csv,1218,offline_5911,"Di Kurmancî de peyva ""rabûn"" bi Tirkî çi ye?",Exact normalized duplicate.,7bdcac3e8fef69bd6d8ab0dbf6bd9c36
critical,exact_duplicate,high,active_import_ready,supabase/questions_import_ready.csv,1219,offline_5912,"Di Kurmancî de peyva ""nivîsandin"" bi Tirkî çi ye?",Exact normalized duplicate.,4a1db614e7f6500d66218d9336e2330b
critical,exact_duplicate,high,active_import_ready,supabase/questions_import_ready.csv,1220,offline_5913,"Di Kurmancî de peyva ""duh"" bi Tirkî çi ye?",Exact normalized duplicate.,884222c3b5dea9e1cfb93ed7567e81ce
critical,exact_duplicate,high,active_import_ready,supabase/questions_import_ready.csv,1221,offline_5914,"Di Kurmancî de peyva ""bira"" bi Tirkî çi ye?",Exact normalized duplicate.,49909de848e8cb8ae15163eeeb00a6d6
critical,exact_duplicate,high,active_import_ready,supabase/questions_import_ready.csv,1222,offline_5915,"""kalem"" anlamına gelen Kurmancî kelime hangisidir?",Exact normalized duplicate.,902d53237ac1f15158bced5712261b7c
critical,exact_duplicate,high,active_import_ready,supabase/questions_import_ready.csv,1224,offline_5917,"Peyva ""newal"" ""ova"" anlamına gelir.",Exact normalized duplicate.,b32dcf20585f434629a961c611317ad2
critical,exact_duplicate,high,active_import_ready,supabase/questions_import_ready.csv,1225,offline_5918,"Peyva ""ciwan"" ""genç"" anlamına gelir.",Exact normalized duplicate.,0b1e509b55a884b9064500118590e516
critical,exact_duplicate,high,active_import_ready,supabase/questions_import_ready.csv,1226,offline_5919,"""okul/akademi"" anlamına gelen Kurmancî kelime hangisidir?",Exact normalized duplicate.,7958585e422cba45135fea965fb8a373
critical,exact_duplicate,high,active_import_ready,supabase/questions_import_ready.csv,1227,offline_5920,"Peyva ""çûn"" ""gitmek"" anlamına gelir.",Exact normalized duplicate.,3efcc612690a442a136c4e8ad7ba8f07
critical,exact_duplicate,high,active_import_ready,supabase/questions_import_ready.csv,1228,offline_5921,"Di Kurmancî de peyva ""sar"" bi Tirkî çi ye?",Exact normalized duplicate.,207ffdb62cfa85de9e893e809b15d3e1
critical,exact_duplicate,high,active_import_ready,supabase/questions_import_ready.csv,1229,offline_5922,"Di Kurmancî de peyva ""heyv"" bi Tirkî çi ye?",Exact normalized duplicate.,5255cca13ff3be16fba6bb529160c202
critical,exact_duplicate,high,active_import_ready,supabase/questions_import_ready.csv,1230,offline_5923,"Peyva ""ziman"" ""dil"" anlamına gelir.",Exact normalized duplicate.,1a13c1fe9e1f80b18d1309ecc014ef1d
critical,exact_duplicate,high,active_import_ready,supabase/questions_import_ready.csv,1231,offline_5924,"Peyva ""ba"" ""yağmur"" anlamına gelir.",Exact normalized duplicate.,364fcccfa1702031ae472cd1be526595
critical,exact_duplicate,high,active_import_ready,supabase/questions_import_ready.csv,1232,offline_5925,"""ağız"" anlamına gelen Kurmancî kelime hangisidir?",Exact normalized duplicate.,3fe3d0c5b108cdc8be5e2152a3767f5e
critical,exact_duplicate,high,active_import_ready,supabase/questions_import_ready.csv,1233,offline_5926,"""renk"" anlamına gelen Kurmancî kelime hangisidir?",Exact normalized duplicate.,56cce0fbc0bf9ab1e440ba2e59d56373
critical,exact_duplicate,high,active_import_ready,supabase/questions_import_ready.csv,1234,offline_5927,"""ayak"" anlamına gelen Kurmancî kelime hangisidir?",Exact normalized duplicate.,22cf8c97648061d9137b993bc21357d3
critical,exact_duplicate,high,active_import_ready,supabase/questions_import_ready.csv,1235,offline_5928,"Peyva ""pê"" ""baş/kafa"" anlamına gelir.",Exact normalized duplicate.,9588810b2a7e8b794d32d183ce39327b
critical,exact_duplicate,high,active_import_ready,supabase/questions_import_ready.csv,1236,offline_5929,"Di Kurmancî de peyva ""xwendekar"" bi Tirkî çi ye?",Exact normalized duplicate.,037094c31e42a20125a5ee76ba92c834
critical,exact_duplicate,high,active_import_ready,supabase/questions_import_ready.csv,1237,offline_5930,"Di Kurmancî de peyva ""kanî"" bi Tirkî çi ye?",Exact normalized duplicate.,94b3feaf02529b1fa33606a90e23a6a3
critical,exact_duplicate,high,active_import_ready,supabase/questions_import_ready.csv,1238,offline_5931,"Peyva ""hatin"" ""dağ"" anlamına gelir.",Exact normalized duplicate.,d28137265f6fefbdb86d766dd132d379
critical,exact_duplicate,high,active_import_ready,supabase/questions_import_ready.csv,1239,offline_5932,"Di Kurmancî de peyva ""dil"" bi Tirkî çi ye?",Exact normalized duplicate.,91d81922424e73e1a5df935a3d4dbfae
critical,exact_duplicate,high,active_import_ready,supabase/questions_import_ready.csv,1240,offline_5933,"""masa"" anlamına gelen Kurmancî kelime hangisidir?",Exact normalized duplicate.,cc54c20690d7c53d964251b6b4edb687
critical,exact_duplicate,high,active_import_ready,supabase/questions_import_ready.csv,1241,offline_5934,"Di Kurmancî de peyva ""teşt"" bi Tirkî çi ye?",Exact normalized duplicate.,2c0cbfcac3970d75550f947e5e33bef1
critical,exact_duplicate,high,active_import_ready,supabase/questions_import_ready.csv,1242,offline_5935,"Peyva ""zarok"" ""çocuk"" anlamına gelir.",Exact normalized duplicate.,2442a8fd6751b78e7d3363492b7697bc
critical,exact_duplicate,high,active_import_ready,supabase/questions_import_ready.csv,1243,offline_5936,"""ateş"" anlamına gelen Kurmancî kelime hangisidir?",Exact normalized duplicate.,a497e160d9dc222375ebb4ef25a43a71
critical,exact_duplicate,high,active_import_ready,supabase/questions_import_ready.csv,1244,offline_5937,"Di Kurmancî de peyva ""hesp"" bi Tirkî çi ye?",Exact normalized duplicate.,674d273ecede7092e854ac6ab9cc4d76
critical,exact_duplicate,high,active_import_ready,supabase/questions_import_ready.csv,1245,offline_5938,"Di Kurmancî de peyva ""pênûs"" bi Tirkî çi ye?",Exact normalized duplicate.,b6ab010dc081b320feee658318c27bb5
critical,exact_duplicate,high,active_import_ready,supabase/questions_import_ready.csv,1246,offline_5939,"""ayak"" anlamına gelen Kurmancî kelime hangisidir?",Exact normalized duplicate.,22cf8c97648061d9137b993bc21357d3
critical,exact_duplicate,high,active_import_ready,supabase/questions_import_ready.csv,1247,offline_5940,"""kalkmak"" anlamına gelen Kurmancî kelime hangisidir?",Exact normalized duplicate.,5b43870dc6addc2bfdad8bc1f4d43444
critical,exact_duplicate,high,active_import_ready,supabase/questions_import_ready.csv,1248,offline_5941,"Peyva ""derya"" ""yıldız"" anlamına gelir.",Exact normalized duplicate.,0f5ffb1310f892e542f3fa20c2eeba22
critical,exact_duplicate,high,active_import_ready,supabase/questions_import_ready.csv,1249,offline_5942,"Peyva ""dîtin"" ""işitmek"" anlamına gelir.",Exact normalized duplicate.,840c4f457ed0d3302c2e9f665ff6e688
critical,exact_duplicate,high,active_import_ready,supabase/questions_import_ready.csv,1250,offline_5943,"""okul/akademi"" anlamına gelen Kurmancî kelime hangisidir?",Exact normalized duplicate.,7958585e422cba45135fea965fb8a373
critical,exact_duplicate,high,active_import_ready,supabase/questions_import_ready.csv,1251,offline_5944,"Peyva ""nanxane"" ""yemekhane"" anlamına gelir.",Exact normalized duplicate.,c4334fb32856b1ff5ec404377e13a11b
critical,exact_duplicate,high,open_web_master,supabase/2026-07-14_open_web_candidate_pool_master.csv,289,opentdb_0288,Who painted the Mona Lisa?,Exact normalized duplicate.,0cc3fc46f80f0880a66af0976cab00ac
critical,exact_duplicate,high,open_web_master,supabase/2026-07-14_open_web_candidate_pool_master.csv,697,opentdb_remaining_0396,How many sides does a heptagon have?,Exact normalized duplicate.,2058ff30139908279b7869db4a5c427d
critical,exact_duplicate,high,open_web_master,supabase/2026-07-14_open_web_candidate_pool_master.csv,1175,wikidata_0049,What is the capital city of South Africa?,Exact normalized duplicate.,85ef9c2ddb9f2738570f69135ed5390d
critical,exact_duplicate,high,open_web_master,supabase/2026-07-14_open_web_candidate_pool_master.csv,1176,wikidata_0050,What is the capital city of South Africa?,Exact normalized duplicate.,85ef9c2ddb9f2738570f69135ed5390d
critical,exact_duplicate,high,open_web_master,supabase/2026-07-14_open_web_candidate_pool_master.csv,1229,wikidata_0103,What is the capital city of Kashmir Sultanate?,Exact normalized duplicate.,39abf0326230cfcb8b1c68b317d9563b
critical,exact_duplicate,high,open_web_master,supabase/2026-07-14_open_web_candidate_pool_master.csv,1231,wikidata_0105,What is the capital city of Kashmir Sultanate?,Exact normalized duplicate.,39abf0326230cfcb8b1c68b317d9563b
critical,exact_duplicate,high,open_web_master,supabase/2026-07-14_open_web_candidate_pool_master.csv,1237,wikidata_0111,What is the capital city of Kashmir Sultanate?,Exact normalized duplicate.,39abf0326230cfcb8b1c68b317d9563b
critical,exact_duplicate,high,open_web_master,supabase/2026-07-14_open_web_candidate_pool_master.csv,1245,wikidata_0119,What is the capital city of Palestine?,Exact normalized duplicate.,2aaa509c94dc3a1885345064862c2fc0
critical,exact_duplicate,high,open_web_master,supabase/2026-07-14_open_web_candidate_pool_master.csv,1247,wikidata_0121,What is the capital city of Kashmir Sultanate?,Exact normalized duplicate.,39abf0326230cfcb8b1c68b317d9563b
critical,exact_duplicate,high,open_web_master,supabase/2026-07-14_open_web_candidate_pool_master.csv,1248,wikidata_0122,What is the capital city of Principality of Waldeck?,Exact normalized duplicate.,e339cfcf8fc3d5e9cca7bec3e0a6e87b
critical,exact_duplicate,high,open_web_master,supabase/2026-07-14_open_web_candidate_pool_master.csv,1250,wikidata_0124,What is the capital city of Kashmir Sultanate?,Exact normalized duplicate.,39abf0326230cfcb8b1c68b317d9563b
critical,exact_duplicate,high,open_web_master,supabase/2026-07-14_open_web_candidate_pool_master.csv,1258,wikidata_0132,What is the capital city of Bolivia?,Exact normalized duplicate.,1cc815add3949ecb5fe8289170099db1
critical,exact_duplicate,high,open_web_master,supabase/2026-07-14_open_web_candidate_pool_master.csv,1294,wikidata_0168,What is the capital city of Yemen?,Exact normalized duplicate.,764ebf07eda9c4190c084addbffb47b5
critical,exact_duplicate,high,open_web_master,supabase/2026-07-14_open_web_candidate_pool_master.csv,1295,wikidata_0169,What is the capital city of Sri Lanka?,Exact normalized duplicate.,830ccf3a6322cda493822bd87639683c
critical,exact_duplicate,high,open_web_master,supabase/2026-07-14_open_web_candidate_pool_master.csv,1317,wikidata_0191,What is the capital city of Eswatini?,Exact normalized duplicate.,c9cc0867d5e412975d9b2fa3c491a8ce
critical,exact_duplicate,high,open_web_master,supabase/2026-07-14_open_web_candidate_pool_master.csv,1384,wikidata_0258,What is the atomic number of the element strontium?,Exact normalized duplicate.,5f3a5aab4ac6d7f271d41b2d35278d55
critical,exact_duplicate,high,open_web_master,supabase/2026-07-14_open_web_candidate_pool_master.csv,1541,wikidata_0415,What is the area of Sudan?,Exact normalized duplicate.,ecece18d7d70d5ca45f4e70ea4d384f6
critical,exact_duplicate,high,open_web_master,supabase/2026-07-14_open_web_candidate_pool_master.csv,1623,wikidata_0497,What is the area of Latvia?,Exact normalized duplicate.,c80c4db1612f11d0d94c913f7b78d5d3
critical,exact_duplicate,high,open_web_master,supabase/2026-07-14_open_web_candidate_pool_master.csv,1640,wikidata_0514,What is the area of Mexico?,Exact normalized duplicate.,ff43d15120e73dd448558b11e7f59fc7
critical,exact_duplicate,high,open_web_master,supabase/2026-07-14_open_web_candidate_pool_master.csv,1697,wikidata_0571,What is an official or national language associated with Mali?,Exact normalized duplicate.,416b4c1133edb4a0138eed64336875c0
critical,exact_duplicate,high,open_web_master,supabase/2026-07-14_open_web_candidate_pool_master.csv,1699,wikidata_0573,What is an official or national language associated with Bolivia?,Exact normalized duplicate.,d5a79246acc0ad27cad220a2b8271dca
critical,exact_duplicate,high,open_web_master,supabase/2026-07-14_open_web_candidate_pool_master.csv,1702,wikidata_0576,What is an official or national language associated with Afghanistan?,Exact normalized duplicate.,91a9258074088c1d9606f8efcf050318
critical,exact_duplicate,high,open_web_master,supabase/2026-07-14_open_web_candidate_pool_master.csv,1703,wikidata_0577,What is an official or national language associated with Afghanistan?,Exact normalized duplicate.,91a9258074088c1d9606f8efcf050318
critical,exact_duplicate,high,open_web_master,supabase/2026-07-14_open_web_candidate_pool_master.csv,1705,wikidata_0579,What is an official or national language associated with Afghanistan?,Exact normalized duplicate.,91a9258074088c1d9606f8efcf050318
critical,exact_duplicate,high,open_web_master,supabase/2026-07-14_open_web_candidate_pool_master.csv,1707,wikidata_0581,What is an official or national language associated with Bolivia?,Exact normalized duplicate.,d5a79246acc0ad27cad220a2b8271dca
critical,exact_duplicate,high,open_web_master,supabase/2026-07-14_open_web_candidate_pool_master.csv,1708,wikidata_0582,What is an official or national language associated with Bolivia?,Exact normalized duplicate.,d5a79246acc0ad27cad220a2b8271dca
critical,exact_duplicate,high,open_web_master,supabase/2026-07-14_open_web_candidate_pool_master.csv,1710,wikidata_0584,What is an official or national language associated with Afghanistan?,Exact normalized duplicate.,91a9258074088c1d9606f8efcf050318
critical,exact_duplicate,high,open_web_master,supabase/2026-07-14_open_web_candidate_pool_master.csv,1714,wikidata_0588,What is an official or national language associated with Mali?,Exact normalized duplicate.,416b4c1133edb4a0138eed64336875c0
critical,exact_duplicate,high,open_web_master,supabase/2026-07-14_open_web_candidate_pool_master.csv,1715,wikidata_0589,What is an official or national language associated with Mali?,Exact normalized duplicate.,416b4c1133edb4a0138eed64336875c0
critical,exact_duplicate,high,open_web_master,supabase/2026-07-14_open_web_candidate_pool_master.csv,1716,wikidata_0590,What is an official or national language associated with Central African Republic?,Exact normalized duplicate.,4c9a3057ea8a58ba7e4de8a0afe512be
critical,exact_duplicate,high,open_web_master,supabase/2026-07-14_open_web_candidate_pool_master.csv,1719,wikidata_0593,What is an official or national language associated with Afghanistan?,Exact normalized duplicate.,91a9258074088c1d9606f8efcf050318
critical,exact_duplicate,high,open_web_master,supabase/2026-07-14_open_web_candidate_pool_master.csv,1721,wikidata_0595,What is an official or national language associated with Philippines?,Exact normalized duplicate.,379f99eb2c239f78001238e5339ee061
critical,exact_duplicate,high,open_web_master,supabase/2026-07-14_open_web_candidate_pool_master.csv,1723,wikidata_0597,What is an official or national language associated with Philippines?,Exact normalized duplicate.,379f99eb2c239f78001238e5339ee061
critical,exact_duplicate,high,open_web_master,supabase/2026-07-14_open_web_candidate_pool_master.csv,1729,wikidata_0603,What is an official or national language associated with Tanzania?,Exact normalized duplicate.,9f6adae979a1e1cf4464bad7ded07b03
critical,exact_duplicate,high,open_web_master,supabase/2026-07-14_open_web_candidate_pool_master.csv,1734,wikidata_0608,What is an official or national language associated with Mali?,Exact normalized duplicate.,416b4c1133edb4a0138eed64336875c0
critical,exact_duplicate,high,open_web_master,supabase/2026-07-14_open_web_candidate_pool_master.csv,1735,wikidata_0609,What is an official or national language associated with Mali?,Exact normalized duplicate.,416b4c1133edb4a0138eed64336875c0
critical,exact_duplicate,high,open_web_master,supabase/2026-07-14_open_web_candidate_pool_master.csv,1736,wikidata_0610,What is an official or national language associated with Mali?,Exact normalized duplicate.,416b4c1133edb4a0138eed64336875c0
critical,exact_duplicate,high,open_web_master,supabase/2026-07-14_open_web_candidate_pool_master.csv,1739,wikidata_0613,What is an official or national language associated with Sri Lanka?,Exact normalized duplicate.,93ad39694c682be8872144eef7b10fe7
critical,exact_duplicate,high,open_web_master,supabase/2026-07-14_open_web_candidate_pool_master.csv,1741,wikidata_0615,What is an official or national language associated with Mali?,Exact normalized duplicate.,416b4c1133edb4a0138eed64336875c0
critical,exact_duplicate,high,open_web_master,supabase/2026-07-14_open_web_candidate_pool_master.csv,1745,wikidata_0619,What is an official or national language associated with Afghanistan?,Exact normalized duplicate.,91a9258074088c1d9606f8efcf050318
critical,exact_duplicate,high,open_web_master,supabase/2026-07-14_open_web_candidate_pool_master.csv,1746,wikidata_0620,What is an official or national language associated with Mali?,Exact normalized duplicate.,416b4c1133edb4a0138eed64336875c0
critical,exact_duplicate,high,open_web_master,supabase/2026-07-14_open_web_candidate_pool_master.csv,1747,wikidata_0621,What is an official or national language associated with Afghanistan?,Exact normalized duplicate.,91a9258074088c1d9606f8efcf050318
critical,exact_duplicate,high,open_web_master,supabase/2026-07-14_open_web_candidate_pool_master.csv,1748,wikidata_0622,What is an official or national language associated with Mali?,Exact normalized duplicate.,416b4c1133edb4a0138eed64336875c0
critical,exact_duplicate,high,open_web_master,supabase/2026-07-14_open_web_candidate_pool_master.csv,1749,wikidata_0623,What is an official or national language associated with Mali?,Exact normalized duplicate.,416b4c1133edb4a0138eed64336875c0
critical,exact_duplicate,high,open_web_master,supabase/2026-07-14_open_web_candidate_pool_master.csv,1750,wikidata_0624,What is an official or national language associated with Iraq?,Exact normalized duplicate.,14866cee56ec1334e6aa0e415666d454
critical,exact_duplicate,high,open_web_master,supabase/2026-07-14_open_web_candidate_pool_master.csv,1753,wikidata_0627,What is an official or national language associated with Grenada?,Exact normalized duplicate.,5527172142c86685c2c967d4db51ec70
critical,exact_duplicate,high,open_web_master,supabase/2026-07-14_open_web_candidate_pool_master.csv,1769,wikidata_0643,What is an official or national language associated with Zimbabwe?,Exact normalized duplicate.,41def9c600366fb0cc95c3aa09d13874
critical,exact_duplicate,high,open_web_master,supabase/2026-07-14_open_web_candidate_pool_master.csv,1772,wikidata_0646,What is an official or national language associated with Brunei?,Exact normalized duplicate.,34f577cafbaf24d07c7f5e56f33eae5a
critical,exact_duplicate,high,open_web_master,supabase/2026-07-14_open_web_candidate_pool_master.csv,1774,wikidata_0648,What is an official or national language associated with Zimbabwe?,Exact normalized duplicate.,41def9c600366fb0cc95c3aa09d13874
critical,exact_duplicate,high,open_web_master,supabase/2026-07-14_open_web_candidate_pool_master.csv,1775,wikidata_0649,What is an official or national language associated with South Korea?,Exact normalized duplicate.,257407ad8a56a00416602bf3d5932cb5
critical,exact_duplicate,high,open_web_master,supabase/2026-07-14_open_web_candidate_pool_master.csv,1776,wikidata_0650,What is an official or national language associated with Zimbabwe?,Exact normalized duplicate.,41def9c600366fb0cc95c3aa09d13874
critical,exact_duplicate,high,open_web_master,supabase/2026-07-14_open_web_candidate_pool_master.csv,1777,wikidata_0651,What is an official or national language associated with Zimbabwe?,Exact normalized duplicate.,41def9c600366fb0cc95c3aa09d13874
critical,exact_duplicate,high,open_web_master,supabase/2026-07-14_open_web_candidate_pool_master.csv,1778,wikidata_0652,What is an official or national language associated with Zimbabwe?,Exact normalized duplicate.,41def9c600366fb0cc95c3aa09d13874
critical,exact_duplicate,high,open_web_master,supabase/2026-07-14_open_web_candidate_pool_master.csv,1779,wikidata_0653,What is an official or national language associated with Zimbabwe?,Exact normalized duplicate.,41def9c600366fb0cc95c3aa09d13874
critical,exact_duplicate,high,open_web_master,supabase/2026-07-14_open_web_candidate_pool_master.csv,1780,wikidata_0654,What is an official or national language associated with Mali?,Exact normalized duplicate.,416b4c1133edb4a0138eed64336875c0
critical,exact_duplicate,high,open_web_master,supabase/2026-07-14_open_web_candidate_pool_master.csv,1782,wikidata_0656,What is an official or national language associated with Jamaica?,Exact normalized duplicate.,2f77ff555c019b45dc2bc90bd63a4c8c
critical,exact_duplicate,high,open_web_master,supabase/2026-07-14_open_web_candidate_pool_master.csv,1785,wikidata_0659,What is an official or national language associated with Pakistan?,Exact normalized duplicate.,7ebc7f77065ebdfe93000b35745a0e8a
critical,exact_duplicate,high,open_web_master,supabase/2026-07-14_open_web_candidate_pool_master.csv,1786,wikidata_0660,What is an official or national language associated with Afghanistan?,Exact normalized duplicate.,91a9258074088c1d9606f8efcf050318
critical,exact_duplicate,high,open_web_master,supabase/2026-07-14_open_web_candidate_pool_master.csv,1788,wikidata_0662,What is an official or national language associated with Mali?,Exact normalized duplicate.,416b4c1133edb4a0138eed64336875c0
critical,exact_duplicate,high,open_web_master,supabase/2026-07-14_open_web_candidate_pool_master.csv,1789,wikidata_0663,What is an official or national language associated with Zimbabwe?,Exact normalized duplicate.,41def9c600366fb0cc95c3aa09d13874
critical,exact_duplicate,high,open_web_master,supabase/2026-07-14_open_web_candidate_pool_master.csv,1792,wikidata_0666,What is an official or national language associated with Zimbabwe?,Exact normalized duplicate.,41def9c600366fb0cc95c3aa09d13874
critical,exact_duplicate,high,open_web_master,supabase/2026-07-14_open_web_candidate_pool_master.csv,1793,wikidata_0667,What is an official or national language associated with Zimbabwe?,Exact normalized duplicate.,41def9c600366fb0cc95c3aa09d13874
critical,exact_duplicate,high,open_web_master,supabase/2026-07-14_open_web_candidate_pool_master.csv,1795,wikidata_0669,What is an official or national language associated with Haiti?,Exact normalized duplicate.,045ecdc1f7add7ae4c4be19c141ef62d
critical,exact_duplicate,high,open_web_master,supabase/2026-07-14_open_web_candidate_pool_master.csv,1800,wikidata_0674,What is an official or national language associated with Belarus?,Exact normalized duplicate.,6c3723b3d6c1e09b62b8a5497d610e9a
critical,exact_duplicate,high,open_web_master,supabase/2026-07-14_open_web_candidate_pool_master.csv,1804,wikidata_0678,What is an official or national language associated with Canada?,Exact normalized duplicate.,7306d73dbf7a70879a5ee8c41dadd59d
critical,exact_duplicate,high,open_web_master,supabase/2026-07-14_open_web_candidate_pool_master.csv,1807,wikidata_0681,What is an official or national language associated with Bosnia and Herzegovina?,Exact normalized duplicate.,3eab337af398b8b4271b0b187542316e
critical,exact_duplicate,high,open_web_master,supabase/2026-07-14_open_web_candidate_pool_master.csv,1808,wikidata_0682,What is an official or national language associated with Bosnia and Herzegovina?,Exact normalized duplicate.,3eab337af398b8b4271b0b187542316e
critical,exact_duplicate,high,open_web_master,supabase/2026-07-14_open_web_candidate_pool_master.csv,1813,wikidata_0687,What is an official or national language associated with Kazakhstan?,Exact normalized duplicate.,a6724916e8a506ef4d1c97a076fe48bd
critical,exact_duplicate,high,open_web_master,supabase/2026-07-14_open_web_candidate_pool_master.csv,1825,wikidata_0699,What is an official or national language associated with Finland?,Exact normalized duplicate.,ccc6189fa64ebf7fbcf3f79e1c060102
critical,exact_duplicate,high,open_web_master,supabase/2026-07-14_open_web_candidate_pool_master.csv,1826,wikidata_0700,What is an official or national language associated with United States?,Exact normalized duplicate.,e524a754f42218c0c1cf239f3961b7bf
critical,exact_duplicate,high,open_web_master,supabase/2026-07-14_open_web_candidate_pool_master.csv,1833,wikidata_0707,What is an official or national language associated with Ireland?,Exact normalized duplicate.,7b7b80d47f0ccb80d5dab49c48a36a3d
critical,exact_duplicate,high,open_web_master,supabase/2026-07-14_open_web_candidate_pool_master.csv,1834,wikidata_0708,What is an official or national language associated with Mexico?,Exact normalized duplicate.,bbff05f3dfd4c65a8773b7f8fca88cb0
critical,exact_duplicate,high,open_web_master,supabase/2026-07-14_open_web_candidate_pool_master.csv,1841,wikidata_0715,What is an official or national language associated with South Africa?,Exact normalized duplicate.,7e12d002ea31a1345b2a25505f1a5acc
critical,exact_duplicate,high,open_web_master,supabase/2026-07-14_open_web_candidate_pool_master.csv,1842,wikidata_0716,What is an official or national language associated with South Africa?,Exact normalized duplicate.,7e12d002ea31a1345b2a25505f1a5acc
critical,exact_duplicate,high,open_web_master,supabase/2026-07-14_open_web_candidate_pool_master.csv,1843,wikidata_0717,What is an official or national language associated with South Africa?,Exact normalized duplicate.,7e12d002ea31a1345b2a25505f1a5acc
critical,exact_duplicate,high,open_web_master,supabase/2026-07-14_open_web_candidate_pool_master.csv,1846,wikidata_0720,What is an official or national language associated with South Africa?,Exact normalized duplicate.,7e12d002ea31a1345b2a25505f1a5acc
critical,exact_duplicate,high,open_web_master,supabase/2026-07-14_open_web_candidate_pool_master.csv,1849,wikidata_0723,What is an official or national language associated with Belgium?,Exact normalized duplicate.,399026e4306213f268f74a3cefaf08bf
critical,exact_duplicate,high,open_web_master,supabase/2026-07-14_open_web_candidate_pool_master.csv,1850,wikidata_0724,What is an official or national language associated with Belgium?,Exact normalized duplicate.,399026e4306213f268f74a3cefaf08bf
critical,exact_duplicate,high,open_web_master,supabase/2026-07-14_open_web_candidate_pool_master.csv,1854,wikidata_0728,What is an official or national language associated with Switzerland?,Exact normalized duplicate.,db974a20e0bf5fc6bfd07a1b8d491f83
critical,exact_duplicate,high,open_web_master,supabase/2026-07-14_open_web_candidate_pool_master.csv,1855,wikidata_0729,What is an official or national language associated with Switzerland?,Exact normalized duplicate.,db974a20e0bf5fc6bfd07a1b8d491f83
critical,exact_duplicate,high,open_web_master,supabase/2026-07-14_open_web_candidate_pool_master.csv,1856,wikidata_0730,What is an official or national language associated with Switzerland?,Exact normalized duplicate.,db974a20e0bf5fc6bfd07a1b8d491f83
critical,exact_duplicate,high,open_web_master,supabase/2026-07-14_open_web_candidate_pool_master.csv,1857,wikidata_0731,What is an official or national language associated with Norway?,Exact normalized duplicate.,ef902efb15003f5b031710294605dbd1
critical,exact_duplicate,high,open_web_master,supabase/2026-07-14_open_web_candidate_pool_master.csv,1858,wikidata_0732,What is an official or national language associated with Norway?,Exact normalized duplicate.,ef902efb15003f5b031710294605dbd1
critical,exact_duplicate,high,open_web_master,supabase/2026-07-14_open_web_candidate_pool_master.csv,1862,wikidata_0736,What is an official or national language associated with South Africa?,Exact normalized duplicate.,7e12d002ea31a1345b2a25505f1a5acc
critical,exact_duplicate,high,open_web_master,supabase/2026-07-14_open_web_candidate_pool_master.csv,1864,wikidata_0738,What is an official or national language associated with South Africa?,Exact normalized duplicate.,7e12d002ea31a1345b2a25505f1a5acc
critical,exact_duplicate,high,open_web_master,supabase/2026-07-14_open_web_candidate_pool_master.csv,1865,wikidata_0739,What is an official or national language associated with Austria?,Exact normalized duplicate.,6a1c9e6b53154524c370ca58fc24c7a9
critical,exact_duplicate,high,open_web_master,supabase/2026-07-14_open_web_candidate_pool_master.csv,1866,wikidata_0740,What is an official or national language associated with Norway?,Exact normalized duplicate.,ef902efb15003f5b031710294605dbd1
critical,exact_duplicate,high,open_web_master,supabase/2026-07-14_open_web_candidate_pool_master.csv,1869,wikidata_0743,What is an official or national language associated with Luxembourg?,Exact normalized duplicate.,b4eb4c8951637b6d38082668c6cbe64f
critical,exact_duplicate,high,open_web_master,supabase/2026-07-14_open_web_candidate_pool_master.csv,1870,wikidata_0744,What is an official or national language associated with Luxembourg?,Exact normalized duplicate.,b4eb4c8951637b6d38082668c6cbe64f
critical,exact_duplicate,high,open_web_master,supabase/2026-07-14_open_web_candidate_pool_master.csv,1871,wikidata_0745,What is an official or national language associated with South Africa?,Exact normalized duplicate.,7e12d002ea31a1345b2a25505f1a5acc
critical,exact_duplicate,high,open_web_master,supabase/2026-07-14_open_web_candidate_pool_master.csv,1872,wikidata_0746,What is an official or national language associated with South Africa?,Exact normalized duplicate.,7e12d002ea31a1345b2a25505f1a5acc
critical,exact_duplicate,high,open_web_master,supabase/2026-07-14_open_web_candidate_pool_master.csv,1873,wikidata_0747,What is an official or national language associated with South Africa?,Exact normalized duplicate.,7e12d002ea31a1345b2a25505f1a5acc
critical,exact_duplicate,high,open_web_master,supabase/2026-07-14_open_web_candidate_pool_master.csv,1876,wikidata_0750,What is an official or national language associated with Azerbaijan?,Exact normalized duplicate.,5b01fd25de8992289fc550b8887cac86
critical,exact_duplicate,high,open_web_master,supabase/2026-07-14_open_web_candidate_pool_master.csv,1877,wikidata_0751,What is an official or national language associated with Cyprus?,Exact normalized duplicate.,931ee463468bc1270bf5b7752c3967f1
critical,exact_duplicate,high,open_web_master,supabase/2026-07-14_open_web_candidate_pool_master.csv,1879,wikidata_0753,What is an official or national language associated with Mexico?,Exact normalized duplicate.,bbff05f3dfd4c65a8773b7f8fca88cb0
critical,exact_duplicate,high,open_web_master,supabase/2026-07-14_open_web_candidate_pool_master.csv,1882,wikidata_0756,What is an official or national language associated with Barbados?,Exact normalized duplicate.,71822cf40ed3f85bd49b97fd5cf57927
critical,exact_duplicate,high,open_web_master,supabase/2026-07-14_open_web_candidate_pool_master.csv,1887,wikidata_0761,What is an official or national language associated with Kenya?,Exact normalized duplicate.,5de569c5681daa377a99d26ba14bf924
critical,exact_duplicate,high,open_web_master,supabase/2026-07-14_open_web_candidate_pool_master.csv,1888,wikidata_0762,What is an official or national language associated with North Macedonia?,Exact normalized duplicate.,6aedf60066b13de55de09146754f8d18
critical,exact_duplicate,high,open_web_master,supabase/2026-07-14_open_web_candidate_pool_master.csv,1889,wikidata_0763,What is an official or national language associated with Malta?,Exact normalized duplicate.,17690e3b3d3d02b22c8f78617bbcd6d1
critical,exact_duplicate,high,open_web_master,supabase/2026-07-14_open_web_candidate_pool_master.csv,1891,wikidata_0765,What is an official or national language associated with Vatican City?,Exact normalized duplicate.,c8f71670df76ec62b6000b593b032bea
critical,exact_duplicate,high,open_web_master,supabase/2026-07-14_open_web_candidate_pool_master.csv,1897,wikidata_0771,What is an official or national language associated with Paraguay?,Exact normalized duplicate.,ac432efa69d95aa98d4942830a519875
critical,exact_duplicate,high,open_web_master,supabase/2026-07-14_open_web_candidate_pool_master.csv,1899,wikidata_0773,What is an official or national language associated with Ecuador?,Exact normalized duplicate.,693128823b3951fc93edf56b28aaaa81
critical,exact_duplicate,high,open_web_master,supabase/2026-07-14_open_web_candidate_pool_master.csv,1905,wikidata_0779,What is an official or national language associated with India?,Exact normalized duplicate.,6626c961cc50c2a0221277ccf82eb5cb
critical,exact_duplicate,high,open_web_master,supabase/2026-07-14_open_web_candidate_pool_master.csv,1906,wikidata_0780,What is an official or national language associated with Australia?,Exact normalized duplicate.,3bde19c556d42955c002a8a45dae051a
critical,exact_duplicate,high,open_web_master,supabase/2026-07-14_open_web_candidate_pool_master.csv,1909,wikidata_0783,What is an official or national language associated with Palau?,Exact normalized duplicate.,a05bcfff50eef648a572c6ca9d27a023
critical,exact_duplicate,high,open_web_master,supabase/2026-07-14_open_web_candidate_pool_master.csv,1910,wikidata_0784,What is an official or national language associated with South Africa?,Exact normalized duplicate.,7e12d002ea31a1345b2a25505f1a5acc
critical,exact_duplicate,high,open_web_master,supabase/2026-07-14_open_web_candidate_pool_master.csv,1911,wikidata_0785,What is an official or national language associated with Singapore?,Exact normalized duplicate.,a7722fed30ccc4a561a8a807520bad6e
critical,exact_duplicate,high,open_web_master,supabase/2026-07-14_open_web_candidate_pool_master.csv,1912,wikidata_0786,What is an official or national language associated with Palau?,Exact normalized duplicate.,a05bcfff50eef648a572c6ca9d27a023
critical,exact_duplicate,high,open_web_master,supabase/2026-07-14_open_web_candidate_pool_master.csv,1913,wikidata_0787,What is an official or national language associated with Singapore?,Exact normalized duplicate.,a7722fed30ccc4a561a8a807520bad6e
critical,exact_duplicate,high,open_web_master,supabase/2026-07-14_open_web_candidate_pool_master.csv,1914,wikidata_0788,What is an official or national language associated with Singapore?,Exact normalized duplicate.,a7722fed30ccc4a561a8a807520bad6e
critical,exact_duplicate,high,open_web_master,supabase/2026-07-14_open_web_candidate_pool_master.csv,1915,wikidata_0789,What is an official or national language associated with New Zealand?,Exact normalized duplicate.,b92b0ebafae0b3cca4b254ce8221baf1
critical,exact_duplicate,high,open_web_master,supabase/2026-07-14_open_web_candidate_pool_master.csv,1916,wikidata_0790,What is an official or national language associated with Timor-Leste?,Exact normalized duplicate.,584db5152edbe3de4464cd717f25b9af
critical,exact_duplicate,high,open_web_master,supabase/2026-07-14_open_web_candidate_pool_master.csv,1921,wikidata_0795,What is an official or national language associated with Nauru?,Exact normalized duplicate.,95fe52a8abfac792dd07dedeaacea82d
critical,exact_duplicate,high,open_web_master,supabase/2026-07-14_open_web_candidate_pool_master.csv,1922,wikidata_0796,What is an official or national language associated with Marshall Islands?,Exact normalized duplicate.,d47f197a653cc3fdf95f57feb05845c1
critical,exact_duplicate,high,open_web_master,supabase/2026-07-14_open_web_candidate_pool_master.csv,1924,wikidata_0798,What is an official or national language associated with Ecuador?,Exact normalized duplicate.,693128823b3951fc93edf56b28aaaa81
critical,exact_duplicate,high,open_web_master,supabase/2026-07-14_open_web_candidate_pool_master.csv,1925,wikidata_0799,What is an official or national language associated with Venezuela?,Exact normalized duplicate.,ae2bc47651196b185d30ea5f0535e8eb
critical,exact_duplicate,high,open_web_master,supabase/2026-07-14_open_web_candidate_pool_master.csv,1927,wikidata_0801,What is an official or national language associated with New Zealand?,Exact normalized duplicate.,b92b0ebafae0b3cca4b254ce8221baf1
critical,exact_duplicate,high,open_web_master,supabase/2026-07-14_open_web_candidate_pool_master.csv,1930,wikidata_0804,What is an official or national language associated with Chad?,Exact normalized duplicate.,3f482bbdf909dd8f116bcd10f8849eaf
critical,exact_duplicate,high,open_web_master,supabase/2026-07-14_open_web_candidate_pool_master.csv,1933,wikidata_0807,What is an official or national language associated with Papua New Guinea?,Exact normalized duplicate.,97a3d5f2c9ca817bb435d6528a38bbcf
critical,exact_duplicate,high,open_web_master,supabase/2026-07-14_open_web_candidate_pool_master.csv,1937,wikidata_0811,What is an official or national language associated with Papua New Guinea?,Exact normalized duplicate.,97a3d5f2c9ca817bb435d6528a38bbcf
critical,exact_duplicate,high,open_web_master,supabase/2026-07-14_open_web_candidate_pool_master.csv,1947,wikidata_0821,What is the elevation listed for Damavand?,Exact normalized duplicate.,4f9a50ed26fd56a49b94072a45fe0a10
critical,exact_duplicate,high,open_web_master,supabase/2026-07-14_open_web_candidate_pool_master.csv,1961,wikidata_0835,What is the elevation listed for Mount Agung?,Exact normalized duplicate.,763336b14643484fcc817a1208f2ac9e
critical,exact_duplicate,high,open_web_master,supabase/2026-07-14_open_web_candidate_pool_master.csv,1980,wikidata_0854,What is the elevation listed for Popocatépetl?,Exact normalized duplicate.,d0557e6c53b58ad9df52b1318d430429
critical,exact_duplicate,high,open_web_master,supabase/2026-07-14_open_web_candidate_pool_master.csv,2021,wikidata_0895,What is the elevation listed for Sarychev Peak?,Exact normalized duplicate.,16fd0e386fc67dfa16095cb48ccd52b1
critical,exact_duplicate,high,open_web_master,supabase/2026-07-14_open_web_candidate_pool_master.csv,2082,wikidata_0956,What is the elevation listed for Acamarachi?,Exact normalized duplicate.,ebbd90af390cea34603aaf3493bbb2ce
critical,exact_duplicate,high,open_web_master,supabase/2026-07-14_open_web_candidate_pool_master.csv,2102,wikidata_0976,What is the elevation listed for Manuk?,Exact normalized duplicate.,5b943af0f423dc3e0e71152f54933875
critical,exact_duplicate,high,open_web_master,supabase/2026-07-14_open_web_candidate_pool_master.csv,2117,wikidata_0991,What is the elevation listed for Tacora?,Exact normalized duplicate.,df0c6bfe24ce9c56eb066a8d93a4d62c
critical,exact_duplicate,high,open_web_master,supabase/2026-07-14_open_web_candidate_pool_master.csv,2118,wikidata_0992,What is the elevation listed for Tacora?,Exact normalized duplicate.,df0c6bfe24ce9c56eb066a8d93a4d62c
critical,exact_duplicate,high,open_web_master,supabase/2026-07-14_open_web_candidate_pool_master.csv,2124,wikidata_0998,What is the elevation listed for Karangetang?,Exact normalized duplicate.,f14f78ff9607853bc9148e1fb662554a
critical,exact_duplicate,high,open_web_master,supabase/2026-07-14_open_web_candidate_pool_master.csv,2173,wikidata_1047,What is the elevation listed for Mount Sumbing?,Exact normalized duplicate.,339e84291e0048ce9138e07ec9da287d
critical,exact_duplicate,high,open_web_master,supabase/2026-07-14_open_web_candidate_pool_master.csv,2178,wikidata_1052,What is the elevation listed for Olca-Paruma?,Exact normalized duplicate.,07bbd1de4b2d527c74693b57bce4abbd
critical,exact_duplicate,high,open_web_master,supabase/2026-07-14_open_web_candidate_pool_master.csv,2184,wikidata_1058,What is the elevation listed for Ollagüe?,Exact normalized duplicate.,ab98ad68b9098607a7f8c4cb9d2898f0
critical,exact_duplicate,high,open_web_review_queue,supabase/2026-07-14_open_web_controlled_review_queue.csv,289,opentdb_0288,Who painted the Mona Lisa?,Exact normalized duplicate.,0cc3fc46f80f0880a66af0976cab00ac
critical,exact_duplicate,high,open_web_review_queue,supabase/2026-07-14_open_web_controlled_review_queue.csv,697,opentdb_remaining_0396,How many sides does a heptagon have?,Exact normalized duplicate.,2058ff30139908279b7869db4a5c427d
critical,exact_duplicate,high,open_web_review_queue,supabase/2026-07-14_open_web_controlled_review_queue.csv,1175,wikidata_0049,What is the capital city of South Africa?,Exact normalized duplicate.,85ef9c2ddb9f2738570f69135ed5390d
critical,exact_duplicate,high,open_web_review_queue,supabase/2026-07-14_open_web_controlled_review_queue.csv,1176,wikidata_0050,What is the capital city of South Africa?,Exact normalized duplicate.,85ef9c2ddb9f2738570f69135ed5390d
critical,exact_duplicate,high,open_web_review_queue,supabase/2026-07-14_open_web_controlled_review_queue.csv,1229,wikidata_0103,What is the capital city of Kashmir Sultanate?,Exact normalized duplicate.,39abf0326230cfcb8b1c68b317d9563b
critical,exact_duplicate,high,open_web_review_queue,supabase/2026-07-14_open_web_controlled_review_queue.csv,1231,wikidata_0105,What is the capital city of Kashmir Sultanate?,Exact normalized duplicate.,39abf0326230cfcb8b1c68b317d9563b
critical,exact_duplicate,high,open_web_review_queue,supabase/2026-07-14_open_web_controlled_review_queue.csv,1237,wikidata_0111,What is the capital city of Kashmir Sultanate?,Exact normalized duplicate.,39abf0326230cfcb8b1c68b317d9563b
critical,exact_duplicate,high,open_web_review_queue,supabase/2026-07-14_open_web_controlled_review_queue.csv,1245,wikidata_0119,What is the capital city of Palestine?,Exact normalized duplicate.,2aaa509c94dc3a1885345064862c2fc0
critical,exact_duplicate,high,open_web_review_queue,supabase/2026-07-14_open_web_controlled_review_queue.csv,1247,wikidata_0121,What is the capital city of Kashmir Sultanate?,Exact normalized duplicate.,39abf0326230cfcb8b1c68b317d9563b
critical,exact_duplicate,high,open_web_review_queue,supabase/2026-07-14_open_web_controlled_review_queue.csv,1248,wikidata_0122,What is the capital city of Principality of Waldeck?,Exact normalized duplicate.,e339cfcf8fc3d5e9cca7bec3e0a6e87b
critical,exact_duplicate,high,open_web_review_queue,supabase/2026-07-14_open_web_controlled_review_queue.csv,1250,wikidata_0124,What is the capital city of Kashmir Sultanate?,Exact normalized duplicate.,39abf0326230cfcb8b1c68b317d9563b
critical,exact_duplicate,high,open_web_review_queue,supabase/2026-07-14_open_web_controlled_review_queue.csv,1258,wikidata_0132,What is the capital city of Bolivia?,Exact normalized duplicate.,1cc815add3949ecb5fe8289170099db1
critical,exact_duplicate,high,open_web_review_queue,supabase/2026-07-14_open_web_controlled_review_queue.csv,1294,wikidata_0168,What is the capital city of Yemen?,Exact normalized duplicate.,764ebf07eda9c4190c084addbffb47b5
critical,exact_duplicate,high,open_web_review_queue,supabase/2026-07-14_open_web_controlled_review_queue.csv,1295,wikidata_0169,What is the capital city of Sri Lanka?,Exact normalized duplicate.,830ccf3a6322cda493822bd87639683c
critical,exact_duplicate,high,open_web_review_queue,supabase/2026-07-14_open_web_controlled_review_queue.csv,1317,wikidata_0191,What is the capital city of Eswatini?,Exact normalized duplicate.,c9cc0867d5e412975d9b2fa3c491a8ce
critical,exact_duplicate,high,open_web_review_queue,supabase/2026-07-14_open_web_controlled_review_queue.csv,1384,wikidata_0258,What is the atomic number of the element strontium?,Exact normalized duplicate.,5f3a5aab4ac6d7f271d41b2d35278d55
critical,exact_duplicate,high,open_web_review_queue,supabase/2026-07-14_open_web_controlled_review_queue.csv,1541,wikidata_0415,What is the area of Sudan?,Exact normalized duplicate.,ecece18d7d70d5ca45f4e70ea4d384f6
critical,exact_duplicate,high,open_web_review_queue,supabase/2026-07-14_open_web_controlled_review_queue.csv,1623,wikidata_0497,What is the area of Latvia?,Exact normalized duplicate.,c80c4db1612f11d0d94c913f7b78d5d3
critical,exact_duplicate,high,open_web_review_queue,supabase/2026-07-14_open_web_controlled_review_queue.csv,1640,wikidata_0514,What is the area of Mexico?,Exact normalized duplicate.,ff43d15120e73dd448558b11e7f59fc7
critical,exact_duplicate,high,open_web_review_queue,supabase/2026-07-14_open_web_controlled_review_queue.csv,1697,wikidata_0571,What is an official or national language associated with Mali?,Exact normalized duplicate.,416b4c1133edb4a0138eed64336875c0
critical,exact_duplicate,high,open_web_review_queue,supabase/2026-07-14_open_web_controlled_review_queue.csv,1699,wikidata_0573,What is an official or national language associated with Bolivia?,Exact normalized duplicate.,d5a79246acc0ad27cad220a2b8271dca
critical,exact_duplicate,high,open_web_review_queue,supabase/2026-07-14_open_web_controlled_review_queue.csv,1702,wikidata_0576,What is an official or national language associated with Afghanistan?,Exact normalized duplicate.,91a9258074088c1d9606f8efcf050318
critical,exact_duplicate,high,open_web_review_queue,supabase/2026-07-14_open_web_controlled_review_queue.csv,1703,wikidata_0577,What is an official or national language associated with Afghanistan?,Exact normalized duplicate.,91a9258074088c1d9606f8efcf050318
critical,exact_duplicate,high,open_web_review_queue,supabase/2026-07-14_open_web_controlled_review_queue.csv,1705,wikidata_0579,What is an official or national language associated with Afghanistan?,Exact normalized duplicate.,91a9258074088c1d9606f8efcf050318
critical,exact_duplicate,high,open_web_review_queue,supabase/2026-07-14_open_web_controlled_review_queue.csv,1707,wikidata_0581,What is an official or national language associated with Bolivia?,Exact normalized duplicate.,d5a79246acc0ad27cad220a2b8271dca
critical,exact_duplicate,high,open_web_review_queue,supabase/2026-07-14_open_web_controlled_review_queue.csv,1708,wikidata_0582,What is an official or national language associated with Bolivia?,Exact normalized duplicate.,d5a79246acc0ad27cad220a2b8271dca
critical,exact_duplicate,high,open_web_review_queue,supabase/2026-07-14_open_web_controlled_review_queue.csv,1710,wikidata_0584,What is an official or national language associated with Afghanistan?,Exact normalized duplicate.,91a9258074088c1d9606f8efcf050318
critical,exact_duplicate,high,open_web_review_queue,supabase/2026-07-14_open_web_controlled_review_queue.csv,1714,wikidata_0588,What is an official or national language associated with Mali?,Exact normalized duplicate.,416b4c1133edb4a0138eed64336875c0
critical,exact_duplicate,high,open_web_review_queue,supabase/2026-07-14_open_web_controlled_review_queue.csv,1715,wikidata_0589,What is an official or national language associated with Mali?,Exact normalized duplicate.,416b4c1133edb4a0138eed64336875c0
critical,exact_duplicate,high,open_web_review_queue,supabase/2026-07-14_open_web_controlled_review_queue.csv,1716,wikidata_0590,What is an official or national language associated with Central African Republic?,Exact normalized duplicate.,4c9a3057ea8a58ba7e4de8a0afe512be
critical,exact_duplicate,high,open_web_review_queue,supabase/2026-07-14_open_web_controlled_review_queue.csv,1719,wikidata_0593,What is an official or national language associated with Afghanistan?,Exact normalized duplicate.,91a9258074088c1d9606f8efcf050318
critical,exact_duplicate,high,open_web_review_queue,supabase/2026-07-14_open_web_controlled_review_queue.csv,1721,wikidata_0595,What is an official or national language associated with Philippines?,Exact normalized duplicate.,379f99eb2c239f78001238e5339ee061
critical,exact_duplicate,high,open_web_review_queue,supabase/2026-07-14_open_web_controlled_review_queue.csv,1723,wikidata_0597,What is an official or national language associated with Philippines?,Exact normalized duplicate.,379f99eb2c239f78001238e5339ee061
critical,exact_duplicate,high,open_web_review_queue,supabase/2026-07-14_open_web_controlled_review_queue.csv,1729,wikidata_0603,What is an official or national language associated with Tanzania?,Exact normalized duplicate.,9f6adae979a1e1cf4464bad7ded07b03
critical,exact_duplicate,high,open_web_review_queue,supabase/2026-07-14_open_web_controlled_review_queue.csv,1734,wikidata_0608,What is an official or national language associated with Mali?,Exact normalized duplicate.,416b4c1133edb4a0138eed64336875c0
critical,exact_duplicate,high,open_web_review_queue,supabase/2026-07-14_open_web_controlled_review_queue.csv,1735,wikidata_0609,What is an official or national language associated with Mali?,Exact normalized duplicate.,416b4c1133edb4a0138eed64336875c0
critical,exact_duplicate,high,open_web_review_queue,supabase/2026-07-14_open_web_controlled_review_queue.csv,1736,wikidata_0610,What is an official or national language associated with Mali?,Exact normalized duplicate.,416b4c1133edb4a0138eed64336875c0
critical,exact_duplicate,high,open_web_review_queue,supabase/2026-07-14_open_web_controlled_review_queue.csv,1739,wikidata_0613,What is an official or national language associated with Sri Lanka?,Exact normalized duplicate.,93ad39694c682be8872144eef7b10fe7
critical,exact_duplicate,high,open_web_review_queue,supabase/2026-07-14_open_web_controlled_review_queue.csv,1741,wikidata_0615,What is an official or national language associated with Mali?,Exact normalized duplicate.,416b4c1133edb4a0138eed64336875c0
critical,exact_duplicate,high,open_web_review_queue,supabase/2026-07-14_open_web_controlled_review_queue.csv,1745,wikidata_0619,What is an official or national language associated with Afghanistan?,Exact normalized duplicate.,91a9258074088c1d9606f8efcf050318
critical,exact_duplicate,high,open_web_review_queue,supabase/2026-07-14_open_web_controlled_review_queue.csv,1746,wikidata_0620,What is an official or national language associated with Mali?,Exact normalized duplicate.,416b4c1133edb4a0138eed64336875c0
critical,exact_duplicate,high,open_web_review_queue,supabase/2026-07-14_open_web_controlled_review_queue.csv,1747,wikidata_0621,What is an official or national language associated with Afghanistan?,Exact normalized duplicate.,91a9258074088c1d9606f8efcf050318
critical,exact_duplicate,high,open_web_review_queue,supabase/2026-07-14_open_web_controlled_review_queue.csv,1748,wikidata_0622,What is an official or national language associated with Mali?,Exact normalized duplicate.,416b4c1133edb4a0138eed64336875c0
critical,exact_duplicate,high,open_web_review_queue,supabase/2026-07-14_open_web_controlled_review_queue.csv,1749,wikidata_0623,What is an official or national language associated with Mali?,Exact normalized duplicate.,416b4c1133edb4a0138eed64336875c0
critical,exact_duplicate,high,open_web_review_queue,supabase/2026-07-14_open_web_controlled_review_queue.csv,1750,wikidata_0624,What is an official or national language associated with Iraq?,Exact normalized duplicate.,14866cee56ec1334e6aa0e415666d454
critical,exact_duplicate,high,open_web_review_queue,supabase/2026-07-14_open_web_controlled_review_queue.csv,1753,wikidata_0627,What is an official or national language associated with Grenada?,Exact normalized duplicate.,5527172142c86685c2c967d4db51ec70
critical,exact_duplicate,high,open_web_review_queue,supabase/2026-07-14_open_web_controlled_review_queue.csv,1769,wikidata_0643,What is an official or national language associated with Zimbabwe?,Exact normalized duplicate.,41def9c600366fb0cc95c3aa09d13874
critical,exact_duplicate,high,open_web_review_queue,supabase/2026-07-14_open_web_controlled_review_queue.csv,1772,wikidata_0646,What is an official or national language associated with Brunei?,Exact normalized duplicate.,34f577cafbaf24d07c7f5e56f33eae5a
critical,exact_duplicate,high,open_web_review_queue,supabase/2026-07-14_open_web_controlled_review_queue.csv,1774,wikidata_0648,What is an official or national language associated with Zimbabwe?,Exact normalized duplicate.,41def9c600366fb0cc95c3aa09d13874
critical,exact_duplicate,high,open_web_review_queue,supabase/2026-07-14_open_web_controlled_review_queue.csv,1775,wikidata_0649,What is an official or national language associated with South Korea?,Exact normalized duplicate.,257407ad8a56a00416602bf3d5932cb5
critical,exact_duplicate,high,open_web_review_queue,supabase/2026-07-14_open_web_controlled_review_queue.csv,1776,wikidata_0650,What is an official or national language associated with Zimbabwe?,Exact normalized duplicate.,41def9c600366fb0cc95c3aa09d13874
critical,exact_duplicate,high,open_web_review_queue,supabase/2026-07-14_open_web_controlled_review_queue.csv,1777,wikidata_0651,What is an official or national language associated with Zimbabwe?,Exact normalized duplicate.,41def9c600366fb0cc95c3aa09d13874
critical,exact_duplicate,high,open_web_review_queue,supabase/2026-07-14_open_web_controlled_review_queue.csv,1778,wikidata_0652,What is an official or national language associated with Zimbabwe?,Exact normalized duplicate.,41def9c600366fb0cc95c3aa09d13874
critical,exact_duplicate,high,open_web_review_queue,supabase/2026-07-14_open_web_controlled_review_queue.csv,1779,wikidata_0653,What is an official or national language associated with Zimbabwe?,Exact normalized duplicate.,41def9c600366fb0cc95c3aa09d13874
critical,exact_duplicate,high,open_web_review_queue,supabase/2026-07-14_open_web_controlled_review_queue.csv,1780,wikidata_0654,What is an official or national language associated with Mali?,Exact normalized duplicate.,416b4c1133edb4a0138eed64336875c0
critical,exact_duplicate,high,open_web_review_queue,supabase/2026-07-14_open_web_controlled_review_queue.csv,1782,wikidata_0656,What is an official or national language associated with Jamaica?,Exact normalized duplicate.,2f77ff555c019b45dc2bc90bd63a4c8c
critical,exact_duplicate,high,open_web_review_queue,supabase/2026-07-14_open_web_controlled_review_queue.csv,1785,wikidata_0659,What is an official or national language associated with Pakistan?,Exact normalized duplicate.,7ebc7f77065ebdfe93000b35745a0e8a
critical,exact_duplicate,high,open_web_review_queue,supabase/2026-07-14_open_web_controlled_review_queue.csv,1786,wikidata_0660,What is an official or national language associated with Afghanistan?,Exact normalized duplicate.,91a9258074088c1d9606f8efcf050318
critical,exact_duplicate,high,open_web_review_queue,supabase/2026-07-14_open_web_controlled_review_queue.csv,1788,wikidata_0662,What is an official or national language associated with Mali?,Exact normalized duplicate.,416b4c1133edb4a0138eed64336875c0
critical,exact_duplicate,high,open_web_review_queue,supabase/2026-07-14_open_web_controlled_review_queue.csv,1789,wikidata_0663,What is an official or national language associated with Zimbabwe?,Exact normalized duplicate.,41def9c600366fb0cc95c3aa09d13874
critical,exact_duplicate,high,open_web_review_queue,supabase/2026-07-14_open_web_controlled_review_queue.csv,1792,wikidata_0666,What is an official or national language associated with Zimbabwe?,Exact normalized duplicate.,41def9c600366fb0cc95c3aa09d13874
critical,exact_duplicate,high,open_web_review_queue,supabase/2026-07-14_open_web_controlled_review_queue.csv,1793,wikidata_0667,What is an official or national language associated with Zimbabwe?,Exact normalized duplicate.,41def9c600366fb0cc95c3aa09d13874
critical,exact_duplicate,high,open_web_review_queue,supabase/2026-07-14_open_web_controlled_review_queue.csv,1795,wikidata_0669,What is an official or national language associated with Haiti?,Exact normalized duplicate.,045ecdc1f7add7ae4c4be19c141ef62d
critical,exact_duplicate,high,open_web_review_queue,supabase/2026-07-14_open_web_controlled_review_queue.csv,1800,wikidata_0674,What is an official or national language associated with Belarus?,Exact normalized duplicate.,6c3723b3d6c1e09b62b8a5497d610e9a
critical,exact_duplicate,high,open_web_review_queue,supabase/2026-07-14_open_web_controlled_review_queue.csv,1804,wikidata_0678,What is an official or national language associated with Canada?,Exact normalized duplicate.,7306d73dbf7a70879a5ee8c41dadd59d
critical,exact_duplicate,high,open_web_review_queue,supabase/2026-07-14_open_web_controlled_review_queue.csv,1807,wikidata_0681,What is an official or national language associated with Bosnia and Herzegovina?,Exact normalized duplicate.,3eab337af398b8b4271b0b187542316e
critical,exact_duplicate,high,open_web_review_queue,supabase/2026-07-14_open_web_controlled_review_queue.csv,1808,wikidata_0682,What is an official or national language associated with Bosnia and Herzegovina?,Exact normalized duplicate.,3eab337af398b8b4271b0b187542316e
critical,exact_duplicate,high,open_web_review_queue,supabase/2026-07-14_open_web_controlled_review_queue.csv,1813,wikidata_0687,What is an official or national language associated with Kazakhstan?,Exact normalized duplicate.,a6724916e8a506ef4d1c97a076fe48bd
critical,exact_duplicate,high,open_web_review_queue,supabase/2026-07-14_open_web_controlled_review_queue.csv,1825,wikidata_0699,What is an official or national language associated with Finland?,Exact normalized duplicate.,ccc6189fa64ebf7fbcf3f79e1c060102
critical,exact_duplicate,high,open_web_review_queue,supabase/2026-07-14_open_web_controlled_review_queue.csv,1826,wikidata_0700,What is an official or national language associated with United States?,Exact normalized duplicate.,e524a754f42218c0c1cf239f3961b7bf
critical,exact_duplicate,high,open_web_review_queue,supabase/2026-07-14_open_web_controlled_review_queue.csv,1833,wikidata_0707,What is an official or national language associated with Ireland?,Exact normalized duplicate.,7b7b80d47f0ccb80d5dab49c48a36a3d
critical,exact_duplicate,high,open_web_review_queue,supabase/2026-07-14_open_web_controlled_review_queue.csv,1834,wikidata_0708,What is an official or national language associated with Mexico?,Exact normalized duplicate.,bbff05f3dfd4c65a8773b7f8fca88cb0
critical,exact_duplicate,high,open_web_review_queue,supabase/2026-07-14_open_web_controlled_review_queue.csv,1841,wikidata_0715,What is an official or national language associated with South Africa?,Exact normalized duplicate.,7e12d002ea31a1345b2a25505f1a5acc
critical,exact_duplicate,high,open_web_review_queue,supabase/2026-07-14_open_web_controlled_review_queue.csv,1842,wikidata_0716,What is an official or national language associated with South Africa?,Exact normalized duplicate.,7e12d002ea31a1345b2a25505f1a5acc
critical,exact_duplicate,high,open_web_review_queue,supabase/2026-07-14_open_web_controlled_review_queue.csv,1843,wikidata_0717,What is an official or national language associated with South Africa?,Exact normalized duplicate.,7e12d002ea31a1345b2a25505f1a5acc
critical,exact_duplicate,high,open_web_review_queue,supabase/2026-07-14_open_web_controlled_review_queue.csv,1846,wikidata_0720,What is an official or national language associated with South Africa?,Exact normalized duplicate.,7e12d002ea31a1345b2a25505f1a5acc
critical,exact_duplicate,high,open_web_review_queue,supabase/2026-07-14_open_web_controlled_review_queue.csv,1849,wikidata_0723,What is an official or national language associated with Belgium?,Exact normalized duplicate.,399026e4306213f268f74a3cefaf08bf
critical,exact_duplicate,high,open_web_review_queue,supabase/2026-07-14_open_web_controlled_review_queue.csv,1850,wikidata_0724,What is an official or national language associated with Belgium?,Exact normalized duplicate.,399026e4306213f268f74a3cefaf08bf
critical,exact_duplicate,high,open_web_review_queue,supabase/2026-07-14_open_web_controlled_review_queue.csv,1854,wikidata_0728,What is an official or national language associated with Switzerland?,Exact normalized duplicate.,db974a20e0bf5fc6bfd07a1b8d491f83
critical,exact_duplicate,high,open_web_review_queue,supabase/2026-07-14_open_web_controlled_review_queue.csv,1855,wikidata_0729,What is an official or national language associated with Switzerland?,Exact normalized duplicate.,db974a20e0bf5fc6bfd07a1b8d491f83
critical,exact_duplicate,high,open_web_review_queue,supabase/2026-07-14_open_web_controlled_review_queue.csv,1856,wikidata_0730,What is an official or national language associated with Switzerland?,Exact normalized duplicate.,db974a20e0bf5fc6bfd07a1b8d491f83
critical,exact_duplicate,high,open_web_review_queue,supabase/2026-07-14_open_web_controlled_review_queue.csv,1857,wikidata_0731,What is an official or national language associated with Norway?,Exact normalized duplicate.,ef902efb15003f5b031710294605dbd1
critical,exact_duplicate,high,open_web_review_queue,supabase/2026-07-14_open_web_controlled_review_queue.csv,1858,wikidata_0732,What is an official or national language associated with Norway?,Exact normalized duplicate.,ef902efb15003f5b031710294605dbd1
critical,exact_duplicate,high,open_web_review_queue,supabase/2026-07-14_open_web_controlled_review_queue.csv,1862,wikidata_0736,What is an official or national language associated with South Africa?,Exact normalized duplicate.,7e12d002ea31a1345b2a25505f1a5acc
critical,exact_duplicate,high,open_web_review_queue,supabase/2026-07-14_open_web_controlled_review_queue.csv,1864,wikidata_0738,What is an official or national language associated with South Africa?,Exact normalized duplicate.,7e12d002ea31a1345b2a25505f1a5acc
critical,exact_duplicate,high,open_web_review_queue,supabase/2026-07-14_open_web_controlled_review_queue.csv,1865,wikidata_0739,What is an official or national language associated with Austria?,Exact normalized duplicate.,6a1c9e6b53154524c370ca58fc24c7a9
critical,exact_duplicate,high,open_web_review_queue,supabase/2026-07-14_open_web_controlled_review_queue.csv,1866,wikidata_0740,What is an official or national language associated with Norway?,Exact normalized duplicate.,ef902efb15003f5b031710294605dbd1
critical,exact_duplicate,high,open_web_review_queue,supabase/2026-07-14_open_web_controlled_review_queue.csv,1869,wikidata_0743,What is an official or national language associated with Luxembourg?,Exact normalized duplicate.,b4eb4c8951637b6d38082668c6cbe64f
critical,exact_duplicate,high,open_web_review_queue,supabase/2026-07-14_open_web_controlled_review_queue.csv,1870,wikidata_0744,What is an official or national language associated with Luxembourg?,Exact normalized duplicate.,b4eb4c8951637b6d38082668c6cbe64f
critical,exact_duplicate,high,open_web_review_queue,supabase/2026-07-14_open_web_controlled_review_queue.csv,1871,wikidata_0745,What is an official or national language associated with South Africa?,Exact normalized duplicate.,7e12d002ea31a1345b2a25505f1a5acc
critical,exact_duplicate,high,open_web_review_queue,supabase/2026-07-14_open_web_controlled_review_queue.csv,1872,wikidata_0746,What is an official or national language associated with South Africa?,Exact normalized duplicate.,7e12d002ea31a1345b2a25505f1a5acc
critical,exact_duplicate,high,open_web_review_queue,supabase/2026-07-14_open_web_controlled_review_queue.csv,1873,wikidata_0747,What is an official or national language associated with South Africa?,Exact normalized duplicate.,7e12d002ea31a1345b2a25505f1a5acc
critical,exact_duplicate,high,open_web_review_queue,supabase/2026-07-14_open_web_controlled_review_queue.csv,1876,wikidata_0750,What is an official or national language associated with Azerbaijan?,Exact normalized duplicate.,5b01fd25de8992289fc550b8887cac86
critical,exact_duplicate,high,open_web_review_queue,supabase/2026-07-14_open_web_controlled_review_queue.csv,1877,wikidata_0751,What is an official or national language associated with Cyprus?,Exact normalized duplicate.,931ee463468bc1270bf5b7752c3967f1
critical,exact_duplicate,high,open_web_review_queue,supabase/2026-07-14_open_web_controlled_review_queue.csv,1879,wikidata_0753,What is an official or national language associated with Mexico?,Exact normalized duplicate.,bbff05f3dfd4c65a8773b7f8fca88cb0
critical,exact_duplicate,high,open_web_review_queue,supabase/2026-07-14_open_web_controlled_review_queue.csv,1882,wikidata_0756,What is an official or national language associated with Barbados?,Exact normalized duplicate.,71822cf40ed3f85bd49b97fd5cf57927
critical,exact_duplicate,high,open_web_review_queue,supabase/2026-07-14_open_web_controlled_review_queue.csv,1887,wikidata_0761,What is an official or national language associated with Kenya?,Exact normalized duplicate.,5de569c5681daa377a99d26ba14bf924
critical,exact_duplicate,high,open_web_review_queue,supabase/2026-07-14_open_web_controlled_review_queue.csv,1888,wikidata_0762,What is an official or national language associated with North Macedonia?,Exact normalized duplicate.,6aedf60066b13de55de09146754f8d18
critical,exact_duplicate,high,open_web_review_queue,supabase/2026-07-14_open_web_controlled_review_queue.csv,1889,wikidata_0763,What is an official or national language associated with Malta?,Exact normalized duplicate.,17690e3b3d3d02b22c8f78617bbcd6d1
critical,exact_duplicate,high,open_web_review_queue,supabase/2026-07-14_open_web_controlled_review_queue.csv,1891,wikidata_0765,What is an official or national language associated with Vatican City?,Exact normalized duplicate.,c8f71670df76ec62b6000b593b032bea
critical,exact_duplicate,high,open_web_review_queue,supabase/2026-07-14_open_web_controlled_review_queue.csv,1897,wikidata_0771,What is an official or national language associated with Paraguay?,Exact normalized duplicate.,ac432efa69d95aa98d4942830a519875
critical,exact_duplicate,high,open_web_review_queue,supabase/2026-07-14_open_web_controlled_review_queue.csv,1899,wikidata_0773,What is an official or national language associated with Ecuador?,Exact normalized duplicate.,693128823b3951fc93edf56b28aaaa81
critical,exact_duplicate,high,open_web_review_queue,supabase/2026-07-14_open_web_controlled_review_queue.csv,1905,wikidata_0779,What is an official or national language associated with India?,Exact normalized duplicate.,6626c961cc50c2a0221277ccf82eb5cb
critical,exact_duplicate,high,open_web_review_queue,supabase/2026-07-14_open_web_controlled_review_queue.csv,1906,wikidata_0780,What is an official or national language associated with Australia?,Exact normalized duplicate.,3bde19c556d42955c002a8a45dae051a
critical,exact_duplicate,high,open_web_review_queue,supabase/2026-07-14_open_web_controlled_review_queue.csv,1909,wikidata_0783,What is an official or national language associated with Palau?,Exact normalized duplicate.,a05bcfff50eef648a572c6ca9d27a023
critical,exact_duplicate,high,open_web_review_queue,supabase/2026-07-14_open_web_controlled_review_queue.csv,1910,wikidata_0784,What is an official or national language associated with South Africa?,Exact normalized duplicate.,7e12d002ea31a1345b2a25505f1a5acc
critical,exact_duplicate,high,open_web_review_queue,supabase/2026-07-14_open_web_controlled_review_queue.csv,1911,wikidata_0785,What is an official or national language associated with Singapore?,Exact normalized duplicate.,a7722fed30ccc4a561a8a807520bad6e
critical,exact_duplicate,high,open_web_review_queue,supabase/2026-07-14_open_web_controlled_review_queue.csv,1912,wikidata_0786,What is an official or national language associated with Palau?,Exact normalized duplicate.,a05bcfff50eef648a572c6ca9d27a023
critical,exact_duplicate,high,open_web_review_queue,supabase/2026-07-14_open_web_controlled_review_queue.csv,1913,wikidata_0787,What is an official or national language associated with Singapore?,Exact normalized duplicate.,a7722fed30ccc4a561a8a807520bad6e
critical,exact_duplicate,high,open_web_review_queue,supabase/2026-07-14_open_web_controlled_review_queue.csv,1914,wikidata_0788,What is an official or national language associated with Singapore?,Exact normalized duplicate.,a7722fed30ccc4a561a8a807520bad6e
critical,exact_duplicate,high,open_web_review_queue,supabase/2026-07-14_open_web_controlled_review_queue.csv,1915,wikidata_0789,What is an official or national language associated with New Zealand?,Exact normalized duplicate.,b92b0ebafae0b3cca4b254ce8221baf1
critical,exact_duplicate,high,open_web_review_queue,supabase/2026-07-14_open_web_controlled_review_queue.csv,1916,wikidata_0790,What is an official or national language associated with Timor-Leste?,Exact normalized duplicate.,584db5152edbe3de4464cd717f25b9af
critical,exact_duplicate,high,open_web_review_queue,supabase/2026-07-14_open_web_controlled_review_queue.csv,1921,wikidata_0795,What is an official or national language associated with Nauru?,Exact normalized duplicate.,95fe52a8abfac792dd07dedeaacea82d
critical,exact_duplicate,high,open_web_review_queue,supabase/2026-07-14_open_web_controlled_review_queue.csv,1922,wikidata_0796,What is an official or national language associated with Marshall Islands?,Exact normalized duplicate.,d47f197a653cc3fdf95f57feb05845c1
critical,exact_duplicate,high,open_web_review_queue,supabase/2026-07-14_open_web_controlled_review_queue.csv,1924,wikidata_0798,What is an official or national language associated with Ecuador?,Exact normalized duplicate.,693128823b3951fc93edf56b28aaaa81
critical,exact_duplicate,high,open_web_review_queue,supabase/2026-07-14_open_web_controlled_review_queue.csv,1925,wikidata_0799,What is an official or national language associated with Venezuela?,Exact normalized duplicate.,ae2bc47651196b185d30ea5f0535e8eb
critical,exact_duplicate,high,open_web_review_queue,supabase/2026-07-14_open_web_controlled_review_queue.csv,1927,wikidata_0801,What is an official or national language associated with New Zealand?,Exact normalized duplicate.,b92b0ebafae0b3cca4b254ce8221baf1
critical,exact_duplicate,high,open_web_review_queue,supabase/2026-07-14_open_web_controlled_review_queue.csv,1930,wikidata_0804,What is an official or national language associated with Chad?,Exact normalized duplicate.,3f482bbdf909dd8f116bcd10f8849eaf
critical,exact_duplicate,high,open_web_review_queue,supabase/2026-07-14_open_web_controlled_review_queue.csv,1933,wikidata_0807,What is an official or national language associated with Papua New Guinea?,Exact normalized duplicate.,97a3d5f2c9ca817bb435d6528a38bbcf
critical,exact_duplicate,high,open_web_review_queue,supabase/2026-07-14_open_web_controlled_review_queue.csv,1937,wikidata_0811,What is an official or national language associated with Papua New Guinea?,Exact normalized duplicate.,97a3d5f2c9ca817bb435d6528a38bbcf
critical,exact_duplicate,high,open_web_review_queue,supabase/2026-07-14_open_web_controlled_review_queue.csv,1947,wikidata_0821,What is the elevation listed for Damavand?,Exact normalized duplicate.,4f9a50ed26fd56a49b94072a45fe0a10
critical,exact_duplicate,high,open_web_review_queue,supabase/2026-07-14_open_web_controlled_review_queue.csv,1961,wikidata_0835,What is the elevation listed for Mount Agung?,Exact normalized duplicate.,763336b14643484fcc817a1208f2ac9e
critical,exact_duplicate,high,open_web_review_queue,supabase/2026-07-14_open_web_controlled_review_queue.csv,1980,wikidata_0854,What is the elevation listed for Popocatépetl?,Exact normalized duplicate.,d0557e6c53b58ad9df52b1318d430429
critical,exact_duplicate,high,open_web_review_queue,supabase/2026-07-14_open_web_controlled_review_queue.csv,2021,wikidata_0895,What is the elevation listed for Sarychev Peak?,Exact normalized duplicate.,16fd0e386fc67dfa16095cb48ccd52b1
critical,exact_duplicate,high,open_web_review_queue,supabase/2026-07-14_open_web_controlled_review_queue.csv,2082,wikidata_0956,What is the elevation listed for Acamarachi?,Exact normalized duplicate.,ebbd90af390cea34603aaf3493bbb2ce
critical,exact_duplicate,high,open_web_review_queue,supabase/2026-07-14_open_web_controlled_review_queue.csv,2102,wikidata_0976,What is the elevation listed for Manuk?,Exact normalized duplicate.,5b943af0f423dc3e0e71152f54933875
critical,exact_duplicate,high,open_web_review_queue,supabase/2026-07-14_open_web_controlled_review_queue.csv,2117,wikidata_0991,What is the elevation listed for Tacora?,Exact normalized duplicate.,df0c6bfe24ce9c56eb066a8d93a4d62c
critical,exact_duplicate,high,open_web_review_queue,supabase/2026-07-14_open_web_controlled_review_queue.csv,2118,wikidata_0992,What is the elevation listed for Tacora?,Exact normalized duplicate.,df0c6bfe24ce9c56eb066a8d93a4d62c
critical,exact_duplicate,high,open_web_review_queue,supabase/2026-07-14_open_web_controlled_review_queue.csv,2124,wikidata_0998,What is the elevation listed for Karangetang?,Exact normalized duplicate.,f14f78ff9607853bc9148e1fb662554a
critical,exact_duplicate,high,open_web_review_queue,supabase/2026-07-14_open_web_controlled_review_queue.csv,2173,wikidata_1047,What is the elevation listed for Mount Sumbing?,Exact normalized duplicate.,339e84291e0048ce9138e07ec9da287d
critical,exact_duplicate,high,open_web_review_queue,supabase/2026-07-14_open_web_controlled_review_queue.csv,2178,wikidata_1052,What is the elevation listed for Olca-Paruma?,Exact normalized duplicate.,07bbd1de4b2d527c74693b57bce4abbd
critical,exact_duplicate,high,open_web_review_queue,supabase/2026-07-14_open_web_controlled_review_queue.csv,2184,wikidata_1058,What is the elevation listed for Ollagüe?,Exact normalized duplicate.,ab98ad68b9098607a7f8c4cb9d2898f0
critical,exact_duplicate,high,opentdb_candidate_pool,supabase/2026-07-14_opentdb_candidate_pool.csv,289,opentdb_0288,Who painted the Mona Lisa?,Exact normalized duplicate.,9ccc354552db5c79a5e6fcbe5d644fa8
critical,exact_duplicate,high,opentdb_remaining,supabase/2026-07-14_opentdb_remaining_categories_candidates.csv,397,opentdb_remaining_0396,How many sides does a heptagon have?,Exact normalized duplicate.,d080245e59cb7346e0b8bba6a167a4fd
critical,exact_duplicate,high,rich_v2_csv_snapshot,supabase/rich_question_bank_v2_questions.csv,308,offline_5001,"Peyva ""kevin"" ""eski"" anlamına gelir.",Exact normalized duplicate.,f6ba1aa05564de74656e9357731d5ce5
critical,exact_duplicate,high,rich_v2_csv_snapshot,supabase/rich_question_bank_v2_questions.csv,314,offline_5007,"Peyva ""xwendekar"" ""öğrenci"" anlamına gelir.",Exact normalized duplicate.,8ad889bf8450bb0b3862cc8b9967f6af
critical,exact_duplicate,high,rich_v2_csv_snapshot,supabase/rich_question_bank_v2_questions.csv,322,offline_5015,"Di Kurmancî de peyva ""dil"" bi Tirkî çi ye?",Exact normalized duplicate.,91d81922424e73e1a5df935a3d4dbfae
critical,exact_duplicate,high,rich_v2_csv_snapshot,supabase/rich_question_bank_v2_questions.csv,324,offline_5017,"Di Kurmancî de peyva ""xwendekar"" bi Tirkî çi ye?",Exact normalized duplicate.,037094c31e42a20125a5ee76ba92c834
critical,exact_duplicate,high,rich_v2_csv_snapshot,supabase/rich_question_bank_v2_questions.csv,325,offline_5018,"Di Kurmancî de peyva ""pir"" bi Tirkî çi ye?",Exact normalized duplicate.,15e35702b4bda737fe3aa5b377dc172c
critical,exact_duplicate,high,rich_v2_csv_snapshot,supabase/rich_question_bank_v2_questions.csv,327,offline_5020,"Di Kurmancî de peyva ""zarok"" bi Tirkî çi ye?",Exact normalized duplicate.,4c936df0c5cd23bf88eea94f7e59c406
critical,exact_duplicate,high,rich_v2_csv_snapshot,supabase/rich_question_bank_v2_questions.csv,338,offline_5031,"Di Kurmancî de peyva ""av"" bi Tirkî çi ye?",Exact normalized duplicate.,79b96c81529b2329000b1fbb5bc05683
critical,exact_duplicate,high,rich_v2_csv_snapshot,supabase/rich_question_bank_v2_questions.csv,340,offline_5033,"Di Kurmancî de peyva ""pir"" bi Tirkî çi ye?",Exact normalized duplicate.,15e35702b4bda737fe3aa5b377dc172c
critical,exact_duplicate,high,rich_v2_csv_snapshot,supabase/rich_question_bank_v2_questions.csv,343,offline_5036,"""çocuk"" anlamına gelen Kurmancî kelime hangisidir?",Exact normalized duplicate.,6846dc3612c4f4fb9ddeb7847316ecc8
critical,exact_duplicate,high,rich_v2_csv_snapshot,supabase/rich_question_bank_v2_questions.csv,347,offline_5040,"Peyva ""nanxane"" ""okul/akademi"" anlamına gelir.",Exact normalized duplicate.,580dfdb4515d2b8456f5abfc6e54eb2b
critical,exact_duplicate,high,rich_v2_csv_snapshot,supabase/rich_question_bank_v2_questions.csv,351,offline_5044,"Di Kurmancî de peyva ""mal"" bi Tirkî çi ye?",Exact normalized duplicate.,bdfb2f7f47bb55020e87beaf21f7da1d
critical,exact_duplicate,high,rich_v2_csv_snapshot,supabase/rich_question_bank_v2_questions.csv,353,offline_5046,"Di Kurmancî de peyva ""îro"" bi Tirkî çi ye?",Exact normalized duplicate.,ea9825d0f06acee8d0f54f678e86b03d
critical,exact_duplicate,high,rich_v2_csv_snapshot,supabase/rich_question_bank_v2_questions.csv,354,offline_5047,"Di Kurmancî de peyva ""dê"" bi Tirkî çi ye?",Exact normalized duplicate.,82cc44049a0a3a81187061286d6cf45b
critical,exact_duplicate,high,rich_v2_csv_snapshot,supabase/rich_question_bank_v2_questions.csv,356,offline_5049,"Di Kurmancî de peyva ""nan"" bi Tirkî çi ye?",Exact normalized duplicate.,bcf8655bad30623d7185d7241a321c3a
critical,exact_duplicate,high,rich_v2_csv_snapshot,supabase/rich_question_bank_v2_questions.csv,360,offline_5053,"Di Kurmancî de peyva ""xweş"" bi Tirkî çi ye?",Exact normalized duplicate.,b8d528f48022c0200a404fa06d026224
critical,exact_duplicate,high,rich_v2_csv_snapshot,supabase/rich_question_bank_v2_questions.csv,368,offline_5061,"Peyva ""xweş"" ""güzel/iyi"" anlamına gelir.",Exact normalized duplicate.,8f7fd80e5f50147c5f7cf5cf07ad9499
critical,exact_duplicate,high,rich_v2_csv_snapshot,supabase/rich_question_bank_v2_questions.csv,371,offline_5064,"Di Kurmancî de peyva ""heyv"" bi Tirkî çi ye?",Exact normalized duplicate.,5255cca13ff3be16fba6bb529160c202
critical,exact_duplicate,high,rich_v2_csv_snapshot,supabase/rich_question_bank_v2_questions.csv,376,offline_5069,"""gelmek"" anlamına gelen Kurmancî kelime hangisidir?",Exact normalized duplicate.,cd686d9b886d5c7ae6c0f8447d32b49e
critical,exact_duplicate,high,rich_v2_csv_snapshot,supabase/rich_question_bank_v2_questions.csv,378,offline_5071,"Di Kurmancî de peyva ""sar"" bi Tirkî çi ye?",Exact normalized duplicate.,207ffdb62cfa85de9e893e809b15d3e1
critical,exact_duplicate,high,rich_v2_csv_snapshot,supabase/rich_question_bank_v2_questions.csv,382,offline_5075,"Peyva ""rûniştin"" ""oturmak"" anlamına gelir.",Exact normalized duplicate.,cdb044dbb1b60054d293c0f3c662c33b
critical,exact_duplicate,high,rich_v2_csv_snapshot,supabase/rich_question_bank_v2_questions.csv,383,offline_5076,"""bilmek"" anlamına gelen Kurmancî kelime hangisidir?",Exact normalized duplicate.,e793c05b3f3938097a57a7e325a2ff4d
critical,exact_duplicate,high,rich_v2_csv_snapshot,supabase/rich_question_bank_v2_questions.csv,386,offline_5079,"Di Kurmancî de peyva ""pirtûk"" bi Tirkî çi ye?",Exact normalized duplicate.,efd651b240429728e17bae2597d89416
critical,exact_duplicate,high,rich_v2_csv_snapshot,supabase/rich_question_bank_v2_questions.csv,390,offline_5083,"Di Kurmancî de peyva ""îro"" bi Tirkî çi ye?",Exact normalized duplicate.,ea9825d0f06acee8d0f54f678e86b03d
critical,exact_duplicate,high,rich_v2_csv_snapshot,supabase/rich_question_bank_v2_questions.csv,391,offline_5084,"Peyva ""reng"" ""renk"" anlamına gelir.",Exact normalized duplicate.,327fd472803922cb0c4478a99b5e327f
critical,exact_duplicate,high,rich_v2_csv_snapshot,supabase/rich_question_bank_v2_questions.csv,395,offline_5088,"Di Kurmancî de peyva ""çiya"" bi Tirkî çi ye?",Exact normalized duplicate.,11e3443244be0a33df20761a1c1f7bef
critical,exact_duplicate,high,rich_v2_csv_snapshot,supabase/rich_question_bank_v2_questions.csv,397,offline_5090,"""kalp/dil"" anlamına gelen Kurmancî kelime hangisidir?",Exact normalized duplicate.,f3bf86a6a8ead1f9c01e0f6a370e242b
critical,exact_duplicate,high,rich_v2_csv_snapshot,supabase/rich_question_bank_v2_questions.csv,399,offline_5092,"""ekmek"" anlamına gelen Kurmancî kelime hangisidir?",Exact normalized duplicate.,862124cf7bc97c4259b0ca09f156bed3
critical,exact_duplicate,high,rich_v2_csv_snapshot,supabase/rich_question_bank_v2_questions.csv,400,offline_5093,"Peyva ""pir"" ""çok"" anlamına gelir.",Exact normalized duplicate.,86b26f8ad38e58cee400cc2cb963f278
critical,exact_duplicate,high,rich_v2_csv_snapshot,supabase/rich_question_bank_v2_questions.csv,401,offline_5094,"Di Kurmancî de peyva ""şev"" bi Tirkî çi ye?",Exact normalized duplicate.,f822df685350dbe9c6296d1eda6d7e1c
critical,exact_duplicate,high,rich_v2_csv_snapshot,supabase/rich_question_bank_v2_questions.csv,404,offline_5097,"""okumak"" anlamına gelen Kurmancî kelime hangisidir?",Exact normalized duplicate.,17c809018d4d1a63c940757ff690f827
critical,exact_duplicate,high,rich_v2_csv_snapshot,supabase/rich_question_bank_v2_questions.csv,410,offline_5103,"""dağ"" anlamına gelen Kurmancî kelime hangisidir?",Exact normalized duplicate.,8714888eaaeaaea94a95a52164d0a1b0
critical,exact_duplicate,high,rich_v2_csv_snapshot,supabase/rich_question_bank_v2_questions.csv,411,offline_5104,"""su"" anlamına gelen Kurmancî kelime hangisidir?",Exact normalized duplicate.,c54ea4e9a832c3d70ab07536d99599a7
critical,exact_duplicate,high,rich_v2_csv_snapshot,supabase/rich_question_bank_v2_questions.csv,412,offline_5105,"""güzel/iyi"" anlamına gelen Kurmancî kelime hangisidir?",Exact normalized duplicate.,28fe45f2ee2fe06ad3f760f285bdd43d
critical,exact_duplicate,high,rich_v2_csv_snapshot,supabase/rich_question_bank_v2_questions.csv,413,offline_5106,"Di Kurmancî de peyva ""heval"" bi Tirkî çi ye?",Exact normalized duplicate.,84b357e2c74ab7aeb02ec99724f20203
critical,exact_duplicate,high,rich_v2_csv_snapshot,supabase/rich_question_bank_v2_questions.csv,415,offline_5108,"Di Kurmancî de peyva ""sar"" bi Tirkî çi ye?",Exact normalized duplicate.,207ffdb62cfa85de9e893e809b15d3e1
critical,exact_duplicate,high,rich_v2_csv_snapshot,supabase/rich_question_bank_v2_questions.csv,421,offline_5114,"""yemekhane"" anlamına gelen Kurmancî kelime hangisidir?",Exact normalized duplicate.,52ed0cf05c5007165a65aa056f9f2bab
critical,exact_duplicate,high,rich_v2_csv_snapshot,supabase/rich_question_bank_v2_questions.csv,423,offline_5116,"Peyva ""agir"" ""toprak"" anlamına gelir.",Exact normalized duplicate.,310aa2e8d699b1911a7cdf9b6fffa283
critical,exact_duplicate,high,rich_v2_csv_snapshot,supabase/rich_question_bank_v2_questions.csv,424,offline_5117,"Di Kurmancî de peyva ""biçûk"" bi Tirkî çi ye?",Exact normalized duplicate.,0fe61d359be3e5924632865b7b212e6f
critical,exact_duplicate,high,rich_v2_csv_snapshot,supabase/rich_question_bank_v2_questions.csv,430,offline_5123,"Di Kurmancî de peyva ""rê"" bi Tirkî çi ye?",Exact normalized duplicate.,f59b644efc9d94bfaa04dc382ad6bab5
critical,exact_duplicate,high,rich_v2_csv_snapshot,supabase/rich_question_bank_v2_questions.csv,431,offline_5124,"Di Kurmancî de peyva ""pirtûk"" bi Tirkî çi ye?",Exact normalized duplicate.,efd651b240429728e17bae2597d89416
critical,exact_duplicate,high,rich_v2_csv_snapshot,supabase/rich_question_bank_v2_questions.csv,438,offline_5131,"Peyva ""şev"" ""deniz"" anlamına gelir.",Exact normalized duplicate.,78234e968deb7fd83ae71b4458ddc4d4
critical,exact_duplicate,high,rich_v2_csv_snapshot,supabase/rich_question_bank_v2_questions.csv,439,offline_5132,"Di Kurmancî de peyva ""zanîn"" bi Tirkî çi ye?",Exact normalized duplicate.,a82aba909531ce44c3a207dab44be537
critical,exact_duplicate,high,rich_v2_csv_snapshot,supabase/rich_question_bank_v2_questions.csv,445,offline_5138,"""gitmek"" anlamına gelen Kurmancî kelime hangisidir?",Exact normalized duplicate.,4d58ca11da7feefe99828d0fcfe995ea
critical,exact_duplicate,high,rich_v2_csv_snapshot,supabase/rich_question_bank_v2_questions.csv,446,offline_5139,"""hava"" anlamına gelen Kurmancî kelime hangisidir?",Exact normalized duplicate.,4c9d23fc364d29496336cda2e54a3d1b
critical,exact_duplicate,high,rich_v2_csv_snapshot,supabase/rich_question_bank_v2_questions.csv,447,offline_5140,"""eski"" anlamına gelen Kurmancî kelime hangisidir?",Exact normalized duplicate.,ed684eb925ff8cbf76470ffe6afaabc5
critical,exact_duplicate,high,rich_v2_csv_snapshot,supabase/rich_question_bank_v2_questions.csv,451,offline_5144,"""bugün"" anlamına gelen Kurmancî kelime hangisidir?",Exact normalized duplicate.,78b162b34038e6940334fac0bd4f60d7
critical,exact_duplicate,high,rich_v2_csv_snapshot,supabase/rich_question_bank_v2_questions.csv,453,offline_5146,"Di Kurmancî de peyva ""biçûk"" bi Tirkî çi ye?",Exact normalized duplicate.,0fe61d359be3e5924632865b7b212e6f
critical,exact_duplicate,high,rich_v2_csv_snapshot,supabase/rich_question_bank_v2_questions.csv,455,offline_5148,"Peyva ""baran"" ""kar"" anlamına gelir.",Exact normalized duplicate.,7d64d6966b6e54d3dd9b9a6dd91f8227
critical,exact_duplicate,high,rich_v2_csv_snapshot,supabase/rich_question_bank_v2_questions.csv,457,offline_5150,"Peyva ""nav"" ""ad/isim"" anlamına gelir.",Exact normalized duplicate.,c1219ee86f394e0824637b5841e458c6
critical,exact_duplicate,high,rich_v2_csv_snapshot,supabase/rich_question_bank_v2_questions.csv,459,offline_5152,"Peyva ""huner"" ""yüz"" anlamına gelir.",Exact normalized duplicate.,f65d1c60a09ff41f0b50ccb6b54cd7c3
critical,exact_duplicate,high,rich_v2_csv_snapshot,supabase/rich_question_bank_v2_questions.csv,460,offline_5153,"Di Kurmancî de peyva ""av"" bi Tirkî çi ye?",Exact normalized duplicate.,79b96c81529b2329000b1fbb5bc05683
critical,exact_duplicate,high,rich_v2_csv_snapshot,supabase/rich_question_bank_v2_questions.csv,461,offline_5154,"Di Kurmancî de peyva ""rê"" bi Tirkî çi ye?",Exact normalized duplicate.,f59b644efc9d94bfaa04dc382ad6bab5
critical,exact_duplicate,high,rich_v2_csv_snapshot,supabase/rich_question_bank_v2_questions.csv,464,offline_5157,"""teşekkür"" anlamına gelen Kurmancî kelime hangisidir?",Exact normalized duplicate.,ab983fb89e4d206a466b5bee9df70498
critical,exact_duplicate,high,rich_v2_csv_snapshot,supabase/rich_question_bank_v2_questions.csv,467,offline_5160,"Peyva ""xwendin"" ""yazmak"" anlamına gelir.",Exact normalized duplicate.,4b0c9a78e05e1351bb058f7b79daa0c4
critical,exact_duplicate,high,rich_v2_csv_snapshot,supabase/rich_question_bank_v2_questions.csv,468,offline_5161,"Peyva ""bira"" ""erkek kardeş"" anlamına gelir.",Exact normalized duplicate.,fbf1e20725bf599216c307cf1b33c95e
critical,exact_duplicate,high,rich_v2_csv_snapshot,supabase/rich_question_bank_v2_questions.csv,469,offline_5162,"Di Kurmancî de peyva ""derî"" bi Tirkî çi ye?",Exact normalized duplicate.,d3b3e95ae4a42cde8f4a632f3a88dfea
critical,exact_duplicate,high,rich_v2_csv_snapshot,supabase/rich_question_bank_v2_questions.csv,471,offline_5164,"""görmek"" anlamına gelen Kurmancî kelime hangisidir?",Exact normalized duplicate.,e7c5bc1fc922e934b798cd3406496cb8
critical,exact_duplicate,high,rich_v2_csv_snapshot,supabase/rich_question_bank_v2_questions.csv,473,offline_5166,"Peyva ""nav"" ""ad/isim"" anlamına gelir.",Exact normalized duplicate.,c1219ee86f394e0824637b5841e458c6
critical,exact_duplicate,high,rich_v2_csv_snapshot,supabase/rich_question_bank_v2_questions.csv,474,offline_5167,"Peyva ""berf"" ""ateş"" anlamına gelir.",Exact normalized duplicate.,ba8065563b2527163293b0c78469eeaa
critical,exact_duplicate,high,rich_v2_csv_snapshot,supabase/rich_question_bank_v2_questions.csv,476,offline_5169,"Di Kurmancî de peyva ""bav"" bi Tirkî çi ye?",Exact normalized duplicate.,155bf9f483549529327144f20f89303e
critical,exact_duplicate,high,rich_v2_csv_snapshot,supabase/rich_question_bank_v2_questions.csv,477,offline_5170,"Peyva ""dil"" ""arkadaş"" anlamına gelir.",Exact normalized duplicate.,28efe6a19255beb4d015a2d8e3d10a92
critical,exact_duplicate,high,rich_v2_csv_snapshot,supabase/rich_question_bank_v2_questions.csv,483,offline_5176,"Di Kurmancî de peyva ""mêr"" bi Tirkî çi ye?",Exact normalized duplicate.,2777a082b666469e1fd6907780773dd3
critical,exact_duplicate,high,rich_v2_csv_snapshot,supabase/rich_question_bank_v2_questions.csv,484,offline_5177,"Peyva ""huner"" ""yüz"" anlamına gelir.",Exact normalized duplicate.,f65d1c60a09ff41f0b50ccb6b54cd7c3
critical,exact_duplicate,high,rich_v2_csv_snapshot,supabase/rich_question_bank_v2_questions.csv,485,offline_5178,"Di Kurmancî de peyva ""kursî"" bi Tirkî çi ye?",Exact normalized duplicate.,8f61487b9dcd6d14fd26bbdbe5eb3cb7
critical,exact_duplicate,high,rich_v2_csv_snapshot,supabase/rich_question_bank_v2_questions.csv,486,offline_5179,"Peyva ""av"" ""su"" anlamına gelir.",Exact normalized duplicate.,446fb09ea8b35c7c86261c012d012dfc
critical,exact_duplicate,high,rich_v2_csv_snapshot,supabase/rich_question_bank_v2_questions.csv,487,offline_5180,"Peyva ""agir"" ""toprak"" anlamına gelir.",Exact normalized duplicate.,310aa2e8d699b1911a7cdf9b6fffa283
critical,exact_duplicate,high,rich_v2_csv_snapshot,supabase/rich_question_bank_v2_questions.csv,488,offline_5181,"""su"" anlamına gelen Kurmancî kelime hangisidir?",Exact normalized duplicate.,c54ea4e9a832c3d70ab07536d99599a7
critical,exact_duplicate,high,rich_v2_csv_snapshot,supabase/rich_question_bank_v2_questions.csv,489,offline_5182,"Peyva ""duh"" ""dün"" anlamına gelir.",Exact normalized duplicate.,3043f8cff389872d12af409ebeba7193
critical,exact_duplicate,high,rich_v2_csv_snapshot,supabase/rich_question_bank_v2_questions.csv,492,offline_5185,"Peyva ""mamoste"" ""gece"" anlamına gelir.",Exact normalized duplicate.,f53e250992864495d7b9f013c37103b2
critical,exact_duplicate,high,rich_v2_csv_snapshot,supabase/rich_question_bank_v2_questions.csv,497,offline_5190,"""teşekkür"" anlamına gelen Kurmancî kelime hangisidir?",Exact normalized duplicate.,ab983fb89e4d206a466b5bee9df70498
critical,exact_duplicate,high,rich_v2_csv_snapshot,supabase/rich_question_bank_v2_questions.csv,498,offline_5191,"Peyva ""stêrk"" ""yıldız"" anlamına gelir.",Exact normalized duplicate.,912fc66a10be0983089ec44507691c82
critical,exact_duplicate,high,rich_v2_csv_snapshot,supabase/rich_question_bank_v2_questions.csv,500,offline_5193,"Di Kurmancî de peyva ""av"" bi Tirkî çi ye?",Exact normalized duplicate.,79b96c81529b2329000b1fbb5bc05683
critical,exact_duplicate,high,rich_v2_csv_snapshot,supabase/rich_question_bank_v2_questions.csv,504,offline_5197,"Di Kurmancî de peyva ""mêr"" bi Tirkî çi ye?",Exact normalized duplicate.,2777a082b666469e1fd6907780773dd3
critical,exact_duplicate,high,rich_v2_csv_snapshot,supabase/rich_question_bank_v2_questions.csv,505,offline_5198,"Di Kurmancî de peyva ""hewa"" bi Tirkî çi ye?",Exact normalized duplicate.,7e49d32ca62ba9591fb58abeaa66f535
critical,exact_duplicate,high,rich_v2_csv_snapshot,supabase/rich_question_bank_v2_questions.csv,506,offline_5199,"""doğru"" anlamına gelen Kurmancî kelime hangisidir?",Exact normalized duplicate.,3e1670553de758d4491dd4cb4ee80a13
critical,exact_duplicate,high,rich_v2_csv_snapshot,supabase/rich_question_bank_v2_questions.csv,508,offline_5201,"Peyva ""heval"" ""arkadaş"" anlamına gelir.",Exact normalized duplicate.,1432842ed9a3b0673a6877a709fb63af
critical,exact_duplicate,high,rich_v2_csv_snapshot,supabase/rich_question_bank_v2_questions.csv,510,offline_5203,"Peyva ""destpêk"" ""başlangıç"" anlamına gelir.",Exact normalized duplicate.,6e04e44c8c3f72e595bc0c4361162a69
critical,exact_duplicate,high,rich_v2_csv_snapshot,supabase/rich_question_bank_v2_questions.csv,512,offline_5205,"Peyva ""poz"" ""burun"" anlamına gelir.",Exact normalized duplicate.,0d8b0c8d2fd70bb6dd1a46d710196882
critical,exact_duplicate,high,rich_v2_csv_snapshot,supabase/rich_question_bank_v2_questions.csv,513,offline_5206,"Di Kurmancî de peyva ""nav"" bi Tirkî çi ye?",Exact normalized duplicate.,bd304cc928002b85eb74c5e1aaf53072
critical,exact_duplicate,high,rich_v2_csv_snapshot,supabase/rich_question_bank_v2_questions.csv,515,offline_5208,"Peyva ""zarok"" ""öğrenci"" anlamına gelir.",Exact normalized duplicate.,4a66a810049707417f5a8e10e9fe96b9
critical,exact_duplicate,high,rich_v2_csv_snapshot,supabase/rich_question_bank_v2_questions.csv,516,offline_5209,"Di Kurmancî de peyva ""xweş"" bi Tirkî çi ye?",Exact normalized duplicate.,b8d528f48022c0200a404fa06d026224
critical,exact_duplicate,high,rich_v2_csv_snapshot,supabase/rich_question_bank_v2_questions.csv,517,offline_5210,"""gelmek"" anlamına gelen Kurmancî kelime hangisidir?",Exact normalized duplicate.,cd686d9b886d5c7ae6c0f8447d32b49e
critical,exact_duplicate,high,rich_v2_csv_snapshot,supabase/rich_question_bank_v2_questions.csv,524,offline_5217,"""öğrenci"" anlamına gelen Kurmancî kelime hangisidir?",Exact normalized duplicate.,8463cdab7ad519f86710335e6a8041f7
critical,exact_duplicate,high,rich_v2_csv_snapshot,supabase/rich_question_bank_v2_questions.csv,525,offline_5218,"Peyva ""zarok"" ""öğrenci"" anlamına gelir.",Exact normalized duplicate.,4a66a810049707417f5a8e10e9fe96b9
critical,exact_duplicate,high,rich_v2_csv_snapshot,supabase/rich_question_bank_v2_questions.csv,526,offline_5219,"Di Kurmancî de peyva ""derya"" bi Tirkî çi ye?",Exact normalized duplicate.,c71c44277e238d7db47e2a5cac2bebb4
critical,exact_duplicate,high,rich_v2_csv_snapshot,supabase/rich_question_bank_v2_questions.csv,529,offline_5222,"""bilmek"" anlamına gelen Kurmancî kelime hangisidir?",Exact normalized duplicate.,e793c05b3f3938097a57a7e325a2ff4d
critical,exact_duplicate,high,rich_v2_csv_snapshot,supabase/rich_question_bank_v2_questions.csv,531,offline_5224,"Di Kurmancî de peyva ""kar"" bi Tirkî çi ye?",Exact normalized duplicate.,735d5e75e4d76196491f2f4953064819
critical,exact_duplicate,high,rich_v2_csv_snapshot,supabase/rich_question_bank_v2_questions.csv,533,offline_5226,"Peyva ""şêr"" ""köpek"" anlamına gelir.",Exact normalized duplicate.,bcd20bc1f0b5bbd44b1520f0f4691338
critical,exact_duplicate,high,rich_v2_csv_snapshot,supabase/rich_question_bank_v2_questions.csv,537,offline_5230,"Peyva ""mamoste"" ""gece"" anlamına gelir.",Exact normalized duplicate.,f53e250992864495d7b9f013c37103b2
critical,exact_duplicate,high,rich_v2_csv_snapshot,supabase/rich_question_bank_v2_questions.csv,538,offline_5231,"Peyva ""heval"" ""şehir"" anlamına gelir.",Exact normalized duplicate.,f66f713661b0a4fd83bb1bab57698b8b
critical,exact_duplicate,high,rich_v2_csv_snapshot,supabase/rich_question_bank_v2_questions.csv,541,offline_5234,"Peyva ""nan"" ""ekmek"" anlamına gelir.",Exact normalized duplicate.,ed2dbe3bf7096315d58a68ea796a9769
critical,exact_duplicate,high,rich_v2_csv_snapshot,supabase/rich_question_bank_v2_questions.csv,543,offline_5236,"""yol"" anlamına gelen Kurmancî kelime hangisidir?",Exact normalized duplicate.,0e6797bccb37765346546e6389db4228
critical,exact_duplicate,high,rich_v2_csv_snapshot,supabase/rich_question_bank_v2_questions.csv,546,offline_5239,"Di Kurmancî de peyva ""destpêk"" bi Tirkî çi ye?",Exact normalized duplicate.,d19f0f7095c1180c8df24262fcfc7aad
critical,exact_duplicate,high,rich_v2_csv_snapshot,supabase/rich_question_bank_v2_questions.csv,551,offline_5244,"Di Kurmancî de peyva ""dest"" bi Tirkî çi ye?",Exact normalized duplicate.,c696bbb98fd66c32f9a0e5a9ba4d77d6
critical,exact_duplicate,high,rich_v2_csv_snapshot,supabase/rich_question_bank_v2_questions.csv,556,offline_5249,"Di Kurmancî de peyva ""axaftin"" bi Tirkî çi ye?",Exact normalized duplicate.,2a01779d5a3ffda9e9a53f45997c2dc6
critical,exact_duplicate,high,rich_v2_csv_snapshot,supabase/rich_question_bank_v2_questions.csv,557,offline_5250,"""hava"" anlamına gelen Kurmancî kelime hangisidir?",Exact normalized duplicate.,4c9d23fc364d29496336cda2e54a3d1b
critical,exact_duplicate,high,rich_v2_csv_snapshot,supabase/rich_question_bank_v2_questions.csv,558,offline_5251,"Di Kurmancî de peyva ""sar"" bi Tirkî çi ye?",Exact normalized duplicate.,207ffdb62cfa85de9e893e809b15d3e1
critical,exact_duplicate,high,rich_v2_csv_snapshot,supabase/rich_question_bank_v2_questions.csv,560,offline_5253,"""yaşlı/ihtiyar"" anlamına gelen Kurmancî kelime hangisidir?",Exact normalized duplicate.,a64b709308f6ff2bea99670d264aa422
critical,exact_duplicate,high,rich_v2_csv_snapshot,supabase/rich_question_bank_v2_questions.csv,561,offline_5254,"""göz"" anlamına gelen Kurmancî kelime hangisidir?",Exact normalized duplicate.,a82c1341d56acba9e16722339dc4bd3c
critical,exact_duplicate,high,rich_v2_csv_snapshot,supabase/rich_question_bank_v2_questions.csv,562,offline_5255,"Di Kurmancî de peyva ""xwendekar"" bi Tirkî çi ye?",Exact normalized duplicate.,037094c31e42a20125a5ee76ba92c834
critical,exact_duplicate,high,rich_v2_csv_snapshot,supabase/rich_question_bank_v2_questions.csv,563,offline_5256,"""kitap"" anlamına gelen Kurmancî kelime hangisidir?",Exact normalized duplicate.,7385b64151c8cc20f3f32889eeca3395
critical,exact_duplicate,high,rich_v2_csv_snapshot,supabase/rich_question_bank_v2_questions.csv,566,offline_5259,"Di Kurmancî de peyva ""kûçik"" bi Tirkî çi ye?",Exact normalized duplicate.,f78bf130bcb0933908f221c0778e5f00
critical,exact_duplicate,high,rich_v2_csv_snapshot,supabase/rich_question_bank_v2_questions.csv,567,offline_5260,"Di Kurmancî de peyva ""reng"" bi Tirkî çi ye?",Exact normalized duplicate.,b82e8bb9c82fe3dce2d9019c10cf1e00
critical,exact_duplicate,high,rich_v2_csv_snapshot,supabase/rich_question_bank_v2_questions.csv,568,offline_5261,"Di Kurmancî de peyva ""pênûs"" bi Tirkî çi ye?",Exact normalized duplicate.,b6ab010dc081b320feee658318c27bb5
critical,exact_duplicate,high,rich_v2_csv_snapshot,supabase/rich_question_bank_v2_questions.csv,572,offline_5265,"Di Kurmancî de peyva ""roj"" bi Tirkî çi ye?",Exact normalized duplicate.,73d129e9285afb8b61b942df0339f25c
critical,exact_duplicate,high,rich_v2_csv_snapshot,supabase/rich_question_bank_v2_questions.csv,573,offline_5266,"""ev"" anlamına gelen Kurmancî kelime hangisidir?",Exact normalized duplicate.,a0fe5581869f56d2b518854096660c42
critical,exact_duplicate,high,rich_v2_csv_snapshot,supabase/rich_question_bank_v2_questions.csv,574,offline_5267,"Peyva ""hatin"" ""gelmek"" anlamına gelir.",Exact normalized duplicate.,2ba8a6159446b8ba1b1fd6c1977d5439
critical,exact_duplicate,high,rich_v2_csv_snapshot,supabase/rich_question_bank_v2_questions.csv,576,offline_5269,"Peyva ""rast"" ""doğru"" anlamına gelir.",Exact normalized duplicate.,1598bf268ecf576a74f9a97baed6a69d
critical,exact_duplicate,high,rich_v2_csv_snapshot,supabase/rich_question_bank_v2_questions.csv,578,offline_5271,"Di Kurmancî de peyva ""ciwan"" bi Tirkî çi ye?",Exact normalized duplicate.,2a0e9bb8ec20dbae2e7319277bebbd23
critical,exact_duplicate,high,rich_v2_csv_snapshot,supabase/rich_question_bank_v2_questions.csv,582,offline_5275,"Peyva ""nan"" ""ekmek"" anlamına gelir.",Exact normalized duplicate.,ed2dbe3bf7096315d58a68ea796a9769
critical,exact_duplicate,high,rich_v2_csv_snapshot,supabase/rich_question_bank_v2_questions.csv,583,offline_5276,"Peyva ""nav"" ""çocuk"" anlamına gelir.",Exact normalized duplicate.,0fe1541df5d7c27c8bd75a60c328e7b8
critical,exact_duplicate,high,rich_v2_csv_snapshot,supabase/rich_question_bank_v2_questions.csv,584,offline_5277,"Di Kurmancî de peyva ""newal"" bi Tirkî çi ye?",Exact normalized duplicate.,015b1fd575de1aff31d3587b6431c6ca
critical,exact_duplicate,high,rich_v2_csv_snapshot,supabase/rich_question_bank_v2_questions.csv,586,offline_5279,"""soğuk"" anlamına gelen Kurmancî kelime hangisidir?",Exact normalized duplicate.,fd552931c5d2b0ae19380996cc2d2309
critical,exact_duplicate,high,rich_v2_csv_snapshot,supabase/rich_question_bank_v2_questions.csv,587,offline_5280,"""eski"" anlamına gelen Kurmancî kelime hangisidir?",Exact normalized duplicate.,ed684eb925ff8cbf76470ffe6afaabc5
critical,exact_duplicate,high,rich_v2_csv_snapshot,supabase/rich_question_bank_v2_questions.csv,588,offline_5281,"Peyva ""hesp"" ""at"" anlamına gelir.",Exact normalized duplicate.,a6f28d9f257be220597223fdbd96a436
critical,exact_duplicate,high,rich_v2_csv_snapshot,supabase/rich_question_bank_v2_questions.csv,590,offline_5283,"Peyva ""şêr"" ""aslan"" anlamına gelir.",Exact normalized duplicate.,60adb65544efcc99abad3112dc9aced5
critical,exact_duplicate,high,rich_v2_csv_snapshot,supabase/rich_question_bank_v2_questions.csv,591,offline_5284,"Di Kurmancî de peyva ""zanîn"" bi Tirkî çi ye?",Exact normalized duplicate.,a82aba909531ce44c3a207dab44be537
critical,exact_duplicate,high,rich_v2_csv_snapshot,supabase/rich_question_bank_v2_questions.csv,598,offline_5291,"Di Kurmancî de peyva ""reng"" bi Tirkî çi ye?",Exact normalized duplicate.,b82e8bb9c82fe3dce2d9019c10cf1e00
critical,exact_duplicate,high,rich_v2_csv_snapshot,supabase/rich_question_bank_v2_questions.csv,600,offline_5293,"""dağ"" anlamına gelen Kurmancî kelime hangisidir?",Exact normalized duplicate.,8714888eaaeaaea94a95a52164d0a1b0
critical,exact_duplicate,high,rich_v2_csv_snapshot,supabase/rich_question_bank_v2_questions.csv,602,offline_5295,"Di Kurmancî de peyva ""hatin"" bi Tirkî çi ye?",Exact normalized duplicate.,927ef17b3a33e32edb7cca4aba9bf643
critical,exact_duplicate,high,rich_v2_csv_snapshot,supabase/rich_question_bank_v2_questions.csv,603,offline_5296,"Peyva ""berf"" ""ateş"" anlamına gelir.",Exact normalized duplicate.,ba8065563b2527163293b0c78469eeaa
critical,exact_duplicate,high,rich_v2_csv_snapshot,supabase/rich_question_bank_v2_questions.csv,604,offline_5297,"Di Kurmancî de peyva ""malbat"" bi Tirkî çi ye?",Exact normalized duplicate.,0821ce6755b4809b9eaa3d970d4eb071
critical,exact_duplicate,high,rich_v2_csv_snapshot,supabase/rich_question_bank_v2_questions.csv,607,offline_5300,"Peyva ""dev"" ""diş"" anlamına gelir.",Exact normalized duplicate.,022fb0c758c4cef3b6e18e783ea61111
critical,exact_duplicate,high,rich_v2_csv_snapshot,supabase/rich_question_bank_v2_questions.csv,608,offline_5301,"Peyva ""şêr"" ""aslan"" anlamına gelir.",Exact normalized duplicate.,60adb65544efcc99abad3112dc9aced5
critical,exact_duplicate,high,rich_v2_csv_snapshot,supabase/rich_question_bank_v2_questions.csv,609,offline_5302,"Peyva ""heval"" ""arkadaş"" anlamına gelir.",Exact normalized duplicate.,1432842ed9a3b0673a6877a709fb63af
critical,exact_duplicate,high,rich_v2_csv_snapshot,supabase/rich_question_bank_v2_questions.csv,612,offline_5305,"""gelmek"" anlamına gelen Kurmancî kelime hangisidir?",Exact normalized duplicate.,cd686d9b886d5c7ae6c0f8447d32b49e
critical,exact_duplicate,high,rich_v2_csv_snapshot,supabase/rich_question_bank_v2_questions.csv,614,offline_5307,"Peyva ""av"" ""gün/güneş"" anlamına gelir.",Exact normalized duplicate.,224705cd0ab89fc4f3f8ec14c7843c71
critical,exact_duplicate,high,rich_v2_csv_snapshot,supabase/rich_question_bank_v2_questions.csv,616,offline_5309,"Di Kurmancî de peyva ""kal"" bi Tirkî çi ye?",Exact normalized duplicate.,73cc91eff3ba38c8653fa3fd2b58a61b
critical,exact_duplicate,high,rich_v2_csv_snapshot,supabase/rich_question_bank_v2_questions.csv,617,offline_5310,"Di Kurmancî de peyva ""pênûs"" bi Tirkî çi ye?",Exact normalized duplicate.,b6ab010dc081b320feee658318c27bb5
critical,exact_duplicate,high,rich_v2_csv_snapshot,supabase/rich_question_bank_v2_questions.csv,618,offline_5311,"""sanat"" anlamına gelen Kurmancî kelime hangisidir?",Exact normalized duplicate.,abcf15f3ed9624fefb27e764c7e0d333
critical,exact_duplicate,high,rich_v2_csv_snapshot,supabase/rich_question_bank_v2_questions.csv,619,offline_5312,"""pencere"" anlamına gelen Kurmancî kelime hangisidir?",Exact normalized duplicate.,e571c93f3e8be83d4d4670a8d063129e
critical,exact_duplicate,high,rich_v2_csv_snapshot,supabase/rich_question_bank_v2_questions.csv,620,offline_5313,"Peyva ""heyv"" ""rüzgar"" anlamına gelir.",Exact normalized duplicate.,e0a1abaf3fa013ae93ace66ebae4ca60
critical,exact_duplicate,high,rich_v2_csv_snapshot,supabase/rich_question_bank_v2_questions.csv,626,offline_5319,"""dünya"" anlamına gelen Kurmancî kelime hangisidir?",Exact normalized duplicate.,219ea3d98c61d61456ee80329a0e2f37
critical,exact_duplicate,high,rich_v2_csv_snapshot,supabase/rich_question_bank_v2_questions.csv,627,offline_5320,"Peyva ""rûniştin"" ""oturmak"" anlamına gelir.",Exact normalized duplicate.,cdb044dbb1b60054d293c0f3c662c33b
critical,exact_duplicate,high,rich_v2_csv_snapshot,supabase/rich_question_bank_v2_questions.csv,628,offline_5321,"""ağaç"" anlamına gelen Kurmancî kelime hangisidir?",Exact normalized duplicate.,3d6e12e9b7554e7e3e7dcafeeddb6dd8
critical,exact_duplicate,high,rich_v2_csv_snapshot,supabase/rich_question_bank_v2_questions.csv,630,offline_5323,"Di Kurmancî de peyva ""rû"" bi Tirkî çi ye?",Exact normalized duplicate.,e62fdcbec3e52844156a4eb90c98913a
critical,exact_duplicate,high,rich_v2_csv_snapshot,supabase/rich_question_bank_v2_questions.csv,633,offline_5326,"Peyva ""hesp"" ""at"" anlamına gelir.",Exact normalized duplicate.,a6f28d9f257be220597223fdbd96a436
critical,exact_duplicate,high,rich_v2_csv_snapshot,supabase/rich_question_bank_v2_questions.csv,635,offline_5328,"""genç"" anlamına gelen Kurmancî kelime hangisidir?",Exact normalized duplicate.,9eda6df4271a33a76795dacb21b6c549
critical,exact_duplicate,high,rich_v2_csv_snapshot,supabase/rich_question_bank_v2_questions.csv,636,offline_5329,"Peyva ""nanpêj"" ""iş"" anlamına gelir.",Exact normalized duplicate.,76256d7d6e1b9fd6e729ba9cf58d94f2
critical,exact_duplicate,high,rich_v2_csv_snapshot,supabase/rich_question_bank_v2_questions.csv,637,offline_5330,"Peyva ""xwendin"" ""okumak"" anlamına gelir.",Exact normalized duplicate.,39cd1a708dff4b3c5db1d0499fcfde6d
critical,exact_duplicate,high,rich_v2_csv_snapshot,supabase/rich_question_bank_v2_questions.csv,638,offline_5331,"Di Kurmancî de peyva ""nivîsandin"" bi Tirkî çi ye?",Exact normalized duplicate.,4a1db614e7f6500d66218d9336e2330b
critical,exact_duplicate,high,rich_v2_csv_snapshot,supabase/rich_question_bank_v2_questions.csv,639,offline_5332,"Peyva ""wêne"" ""ses"" anlamına gelir.",Exact normalized duplicate.,70ad3a1e79fc2d8f3eaa69ca3a322fda
critical,exact_duplicate,high,rich_v2_csv_snapshot,supabase/rich_question_bank_v2_questions.csv,640,offline_5333,"Peyva ""pisîk"" ""kedi"" anlamına gelir.",Exact normalized duplicate.,e9b6098cd9f6746877567f480f7a2e3f
critical,exact_duplicate,high,rich_v2_csv_snapshot,supabase/rich_question_bank_v2_questions.csv,641,offline_5334,"Peyva ""stêrk"" ""ay"" anlamına gelir.",Exact normalized duplicate.,9ee5012be3b597a468606f40d62c2f31
critical,exact_duplicate,high,rich_v2_csv_snapshot,supabase/rich_question_bank_v2_questions.csv,642,offline_5335,"Peyva ""zanîn"" ""gelmek"" anlamına gelir.",Exact normalized duplicate.,69e6060ead16fd94a6a525802b846ac1
critical,exact_duplicate,high,rich_v2_csv_snapshot,supabase/rich_question_bank_v2_questions.csv,648,offline_5341,"Peyva ""pir"" ""çok"" anlamına gelir.",Exact normalized duplicate.,86b26f8ad38e58cee400cc2cb963f278
critical,exact_duplicate,high,rich_v2_csv_snapshot,supabase/rich_question_bank_v2_questions.csv,649,offline_5342,"Di Kurmancî de peyva ""kar"" bi Tirkî çi ye?",Exact normalized duplicate.,735d5e75e4d76196491f2f4953064819
critical,exact_duplicate,high,rich_v2_csv_snapshot,supabase/rich_question_bank_v2_questions.csv,650,offline_5343,"Peyva ""şev"" ""deniz"" anlamına gelir.",Exact normalized duplicate.,78234e968deb7fd83ae71b4458ddc4d4
critical,exact_duplicate,high,rich_v2_csv_snapshot,supabase/rich_question_bank_v2_questions.csv,651,offline_5344,"Di Kurmancî de peyva ""cîhan"" bi Tirkî çi ye?",Exact normalized duplicate.,1de1b368c92432ed71e0ba230c7d406e
critical,exact_duplicate,high,rich_v2_csv_snapshot,supabase/rich_question_bank_v2_questions.csv,652,offline_5345,"Peyva ""hesp"" ""at"" anlamına gelir.",Exact normalized duplicate.,a6f28d9f257be220597223fdbd96a436
critical,exact_duplicate,high,rich_v2_csv_snapshot,supabase/rich_question_bank_v2_questions.csv,653,offline_5346,"Peyva ""derya"" ""deniz"" anlamına gelir.",Exact normalized duplicate.,886fd32aeba861bcf423c5960db4c43e
critical,exact_duplicate,high,rich_v2_csv_snapshot,supabase/rich_question_bank_v2_questions.csv,654,offline_5347,"""dil"" anlamına gelen Kurmancî kelime hangisidir?",Exact normalized duplicate.,1f3062f5f43fb3dc4126d2277ff30bd3
critical,exact_duplicate,high,rich_v2_csv_snapshot,supabase/rich_question_bank_v2_questions.csv,655,offline_5348,"Peyva ""nanpêj"" ""iş"" anlamına gelir.",Exact normalized duplicate.,76256d7d6e1b9fd6e729ba9cf58d94f2
critical,exact_duplicate,high,rich_v2_csv_snapshot,supabase/rich_question_bank_v2_questions.csv,656,offline_5349,"""başlangıç"" anlamına gelen Kurmancî kelime hangisidir?",Exact normalized duplicate.,48277da6cca803e3284be3af0d723d10
critical,exact_duplicate,high,rich_v2_csv_snapshot,supabase/rich_question_bank_v2_questions.csv,658,offline_5351,"Peyva ""mal"" ""kitap"" anlamına gelir.",Exact normalized duplicate.,d5d4950c30a681b6b74f5d22e4f14c5a
critical,exact_duplicate,high,rich_v2_csv_snapshot,supabase/rich_question_bank_v2_questions.csv,659,offline_5352,"Peyva ""malbat"" ""erkek kardeş"" anlamına gelir.",Exact normalized duplicate.,402fbd358a074c49da076db979d7c827
critical,exact_duplicate,high,rich_v2_csv_snapshot,supabase/rich_question_bank_v2_questions.csv,660,offline_5353,"""ekmek"" anlamına gelen Kurmancî kelime hangisidir?",Exact normalized duplicate.,862124cf7bc97c4259b0ca09f156bed3
critical,exact_duplicate,high,rich_v2_csv_snapshot,supabase/rich_question_bank_v2_questions.csv,661,offline_5354,"Peyva ""kar"" ""sanat"" anlamına gelir.",Exact normalized duplicate.,739932806de0458ce63f19fb45879788
critical,exact_duplicate,high,rich_v2_csv_snapshot,supabase/rich_question_bank_v2_questions.csv,662,offline_5355,"Di Kurmancî de peyva ""kanî"" bi Tirkî çi ye?",Exact normalized duplicate.,94b3feaf02529b1fa33606a90e23a6a3
critical,exact_duplicate,high,rich_v2_csv_snapshot,supabase/rich_question_bank_v2_questions.csv,663,offline_5356,"""yağmur"" anlamına gelen Kurmancî kelime hangisidir?",Exact normalized duplicate.,3dce3c70a36b7eb09c5894d5c95af7b4
critical,exact_duplicate,high,rich_v2_csv_snapshot,supabase/rich_question_bank_v2_questions.csv,664,offline_5357,"Di Kurmancî de peyva ""derî"" bi Tirkî çi ye?",Exact normalized duplicate.,d3b3e95ae4a42cde8f4a632f3a88dfea
critical,exact_duplicate,high,rich_v2_csv_snapshot,supabase/rich_question_bank_v2_questions.csv,665,offline_5358,"Di Kurmancî de peyva ""welat"" bi Tirkî çi ye?",Exact normalized duplicate.,506223694c1a0b51d8b0985bbcfbfe80
critical,exact_duplicate,high,rich_v2_csv_snapshot,supabase/rich_question_bank_v2_questions.csv,666,offline_5359,"Peyva ""xwendegeh"" ""okul/akademi"" anlamına gelir.",Exact normalized duplicate.,5e349c5e491f133000bbd3b1fdbae5dd
critical,exact_duplicate,high,rich_v2_csv_snapshot,supabase/rich_question_bank_v2_questions.csv,668,offline_5361,"Peyva ""nivîsandin"" ""gitmek"" anlamına gelir.",Exact normalized duplicate.,ad18b901a29553d9ace1a6b31ecd4ae5
critical,exact_duplicate,high,rich_v2_csv_snapshot,supabase/rich_question_bank_v2_questions.csv,670,offline_5363,"Di Kurmancî de peyva ""guh"" bi Tirkî çi ye?",Exact normalized duplicate.,2d96c8de03fef92c1ff150e1be20a73f
critical,exact_duplicate,high,rich_v2_csv_snapshot,supabase/rich_question_bank_v2_questions.csv,671,offline_5364,"Peyva ""derî"" ""pencere"" anlamına gelir.",Exact normalized duplicate.,361507251132c16faf3d291257d7f1e2
critical,exact_duplicate,high,rich_v2_csv_snapshot,supabase/rich_question_bank_v2_questions.csv,673,offline_5366,"Di Kurmancî de peyva ""bajar"" bi Tirkî çi ye?",Exact normalized duplicate.,85172eb0bc1f8ad2a2f44ef0eef0b94f
critical,exact_duplicate,high,rich_v2_csv_snapshot,supabase/rich_question_bank_v2_questions.csv,675,offline_5368,"""okul"" anlamına gelen Kurmancî kelime hangisidir?",Exact normalized duplicate.,0635a979de007ae2065f84499d5dbab8
critical,exact_duplicate,high,rich_v2_csv_snapshot,supabase/rich_question_bank_v2_questions.csv,676,offline_5369,"Peyva ""çûn"" ""gitmek"" anlamına gelir.",Exact normalized duplicate.,3efcc612690a442a136c4e8ad7ba8f07
critical,exact_duplicate,high,rich_v2_csv_snapshot,supabase/rich_question_bank_v2_questions.csv,678,offline_5371,"""anne"" anlamına gelen Kurmancî kelime hangisidir?",Exact normalized duplicate.,20f84dc60a2a5e918506d923d280c397
critical,exact_duplicate,high,rich_v2_csv_snapshot,supabase/rich_question_bank_v2_questions.csv,680,offline_5373,"Peyva ""rê"" ""teşekkür"" anlamına gelir.",Exact normalized duplicate.,285e6a4b958a367f38be8d6865aa11a9
critical,exact_duplicate,high,rich_v2_csv_snapshot,supabase/rich_question_bank_v2_questions.csv,681,offline_5374,"Di Kurmancî de peyva ""cîhan"" bi Tirkî çi ye?",Exact normalized duplicate.,1de1b368c92432ed71e0ba230c7d406e
critical,exact_duplicate,high,rich_v2_csv_snapshot,supabase/rich_question_bank_v2_questions.csv,682,offline_5375,"Peyva ""dil"" ""kalp/dil"" anlamına gelir.",Exact normalized duplicate.,9820cc1237846eaaa87b0a63dd2029d1
critical,exact_duplicate,high,rich_v2_csv_snapshot,supabase/rich_question_bank_v2_questions.csv,683,offline_5376,"Peyva ""axaftin"" ""görmek"" anlamına gelir.",Exact normalized duplicate.,97adeb7236588817d15b34d396d0d974
critical,exact_duplicate,high,rich_v2_csv_snapshot,supabase/rich_question_bank_v2_questions.csv,684,offline_5377,"""yaşlı/ihtiyar"" anlamına gelen Kurmancî kelime hangisidir?",Exact normalized duplicate.,a64b709308f6ff2bea99670d264aa422
critical,exact_duplicate,high,rich_v2_csv_snapshot,supabase/rich_question_bank_v2_questions.csv,685,offline_5378,"Peyva ""dibistan"" ""okul"" anlamına gelir.",Exact normalized duplicate.,f2e77c4add89951c97de85bed24cce94
critical,exact_duplicate,high,rich_v2_csv_snapshot,supabase/rich_question_bank_v2_questions.csv,686,offline_5379,"Peyva ""îro"" ""bugün"" anlamına gelir.",Exact normalized duplicate.,6aed6f9c6e6a8a5e58ae971fc896410a
critical,exact_duplicate,high,rich_v2_csv_snapshot,supabase/rich_question_bank_v2_questions.csv,687,offline_5380,"""ekmek"" anlamına gelen Kurmancî kelime hangisidir?",Exact normalized duplicate.,862124cf7bc97c4259b0ca09f156bed3
critical,exact_duplicate,high,rich_v2_csv_snapshot,supabase/rich_question_bank_v2_questions.csv,688,offline_5381,"Peyva ""zanîn"" ""bilmek"" anlamına gelir.",Exact normalized duplicate.,3ce872b74ae3390b6d9bec3a4d75da9a
critical,exact_duplicate,high,rich_v2_csv_snapshot,supabase/rich_question_bank_v2_questions.csv,690,offline_5383,"Di Kurmancî de peyva ""kevin"" bi Tirkî çi ye?",Exact normalized duplicate.,f70ba4b5b72f1109ea899ac981425a68
critical,exact_duplicate,high,rich_v2_csv_snapshot,supabase/rich_question_bank_v2_questions.csv,692,offline_5385,"Peyva ""huner"" ""sanat"" anlamına gelir.",Exact normalized duplicate.,55e43e7f0903560a7621af433eca8420
critical,exact_duplicate,high,rich_v2_csv_snapshot,supabase/rich_question_bank_v2_questions.csv,694,offline_5387,"Peyva ""pisîk"" ""kedi"" anlamına gelir.",Exact normalized duplicate.,e9b6098cd9f6746877567f480f7a2e3f
critical,exact_duplicate,high,rich_v2_csv_snapshot,supabase/rich_question_bank_v2_questions.csv,695,offline_5388,"Peyva ""nivîsandin"" ""yazmak"" anlamına gelir.",Exact normalized duplicate.,90bfed38d09d7bb179125def3ec2ef35
critical,exact_duplicate,high,rich_v2_csv_snapshot,supabase/rich_question_bank_v2_questions.csv,696,offline_5389,"Di Kurmancî de peyva ""nivîsandin"" bi Tirkî çi ye?",Exact normalized duplicate.,4a1db614e7f6500d66218d9336e2330b
critical,exact_duplicate,high,rich_v2_csv_snapshot,supabase/rich_question_bank_v2_questions.csv,697,offline_5390,"""kulak"" anlamına gelen Kurmancî kelime hangisidir?",Exact normalized duplicate.,0342dccfbeb0258b61cba5da3e750466
critical,exact_duplicate,high,rich_v2_csv_snapshot,supabase/rich_question_bank_v2_questions.csv,698,offline_5391,"""doğru"" anlamına gelen Kurmancî kelime hangisidir?",Exact normalized duplicate.,3e1670553de758d4491dd4cb4ee80a13
critical,exact_duplicate,high,rich_v2_csv_snapshot,supabase/rich_question_bank_v2_questions.csv,699,offline_5392,"""soğuk"" anlamına gelen Kurmancî kelime hangisidir?",Exact normalized duplicate.,fd552931c5d2b0ae19380996cc2d2309
critical,exact_duplicate,high,rich_v2_csv_snapshot,supabase/rich_question_bank_v2_questions.csv,700,offline_5393,"Peyva ""pir"" ""çok"" anlamına gelir.",Exact normalized duplicate.,86b26f8ad38e58cee400cc2cb963f278
critical,exact_duplicate,high,rich_v2_csv_snapshot,supabase/rich_question_bank_v2_questions.csv,704,offline_5397,"Peyva ""stêrk"" ""ay"" anlamına gelir.",Exact normalized duplicate.,9ee5012be3b597a468606f40d62c2f31
critical,exact_duplicate,high,rich_v2_csv_snapshot,supabase/rich_question_bank_v2_questions.csv,705,offline_5398,"Di Kurmancî de peyva ""roj"" bi Tirkî çi ye?",Exact normalized duplicate.,73d129e9285afb8b61b942df0339f25c
critical,exact_duplicate,high,rich_v2_csv_snapshot,supabase/rich_question_bank_v2_questions.csv,706,offline_5399,"Peyva ""sar"" ""soğuk"" anlamına gelir.",Exact normalized duplicate.,d1be0b9b2916d34eeb8d15aa1a35e422
critical,exact_duplicate,high,rich_v2_csv_snapshot,supabase/rich_question_bank_v2_questions.csv,709,offline_5402,"""baba"" anlamına gelen Kurmancî kelime hangisidir?",Exact normalized duplicate.,88bc6f1982e14fafa3884ac024eaeb25
critical,exact_duplicate,high,rich_v2_csv_snapshot,supabase/rich_question_bank_v2_questions.csv,714,offline_5407,"Peyva ""pisîk"" ""kedi"" anlamına gelir.",Exact normalized duplicate.,e9b6098cd9f6746877567f480f7a2e3f
critical,exact_duplicate,high,rich_v2_csv_snapshot,supabase/rich_question_bank_v2_questions.csv,715,offline_5408,"Peyva ""mase"" ""sandalye"" anlamına gelir.",Exact normalized duplicate.,2c68ed6771cdd4a639e9c0105363ed5e
critical,exact_duplicate,high,rich_v2_csv_snapshot,supabase/rich_question_bank_v2_questions.csv,716,offline_5409,"Peyva ""wêne"" ""ses"" anlamına gelir.",Exact normalized duplicate.,70ad3a1e79fc2d8f3eaa69ca3a322fda
critical,exact_duplicate,high,rich_v2_csv_snapshot,supabase/rich_question_bank_v2_questions.csv,717,offline_5410,"""doğru"" anlamına gelen Kurmancî kelime hangisidir?",Exact normalized duplicate.,3e1670553de758d4491dd4cb4ee80a13
critical,exact_duplicate,high,rich_v2_csv_snapshot,supabase/rich_question_bank_v2_questions.csv,718,offline_5411,"Di Kurmancî de peyva ""mal"" bi Tirkî çi ye?",Exact normalized duplicate.,bdfb2f7f47bb55020e87beaf21f7da1d
critical,exact_duplicate,high,rich_v2_csv_snapshot,supabase/rich_question_bank_v2_questions.csv,719,offline_5412,"Di Kurmancî de peyva ""wêne"" bi Tirkî çi ye?",Exact normalized duplicate.,595ddefccf0a3155c4fbb403ecfe7311
critical,exact_duplicate,high,rich_v2_csv_snapshot,supabase/rich_question_bank_v2_questions.csv,720,offline_5413,"Peyva ""nan"" ""ekmek"" anlamına gelir.",Exact normalized duplicate.,ed2dbe3bf7096315d58a68ea796a9769
critical,exact_duplicate,high,rich_v2_csv_snapshot,supabase/rich_question_bank_v2_questions.csv,721,offline_5414,"Peyva ""por"" ""bina/ev"" anlamına gelir.",Exact normalized duplicate.,bcd7bd2c7fb4ac628819ad12ba6bba30
critical,exact_duplicate,high,rich_v2_csv_snapshot,supabase/rich_question_bank_v2_questions.csv,722,offline_5415,"Peyva ""gul"" ""gül"" anlamına gelir.",Exact normalized duplicate.,341f78d889aec02f942495978faae591
critical,exact_duplicate,high,rich_v2_csv_snapshot,supabase/rich_question_bank_v2_questions.csv,723,offline_5416,"""yemekhane"" anlamına gelen Kurmancî kelime hangisidir?",Exact normalized duplicate.,52ed0cf05c5007165a65aa056f9f2bab
critical,exact_duplicate,high,rich_v2_csv_snapshot,supabase/rich_question_bank_v2_questions.csv,724,offline_5417,"""kağıt"" anlamına gelen Kurmancî kelime hangisidir?",Exact normalized duplicate.,96baf0cb8b15acc9f883b761a70f8f94
critical,exact_duplicate,high,rich_v2_csv_snapshot,supabase/rich_question_bank_v2_questions.csv,725,offline_5418,"Peyva ""pênûs"" ""kalem"" anlamına gelir.",Exact normalized duplicate.,50cdf1ce0bd80129fe8ec8985f0009a3
critical,exact_duplicate,high,rich_v2_csv_snapshot,supabase/rich_question_bank_v2_questions.csv,726,offline_5419,"Peyva ""teşt"" ""leğen"" anlamına gelir.",Exact normalized duplicate.,1dd315b590f10d479205d208665c0192
critical,exact_duplicate,high,rich_v2_csv_snapshot,supabase/rich_question_bank_v2_questions.csv,727,offline_5420,"""kapı"" anlamına gelen Kurmancî kelime hangisidir?",Exact normalized duplicate.,477b87bb7c638aae0a16fd66659097fc
critical,exact_duplicate,high,rich_v2_csv_snapshot,supabase/rich_question_bank_v2_questions.csv,730,offline_5423,"""dünya"" anlamına gelen Kurmancî kelime hangisidir?",Exact normalized duplicate.,219ea3d98c61d61456ee80329a0e2f37
critical,exact_duplicate,high,rich_v2_csv_snapshot,supabase/rich_question_bank_v2_questions.csv,731,offline_5424,"Di Kurmancî de peyva ""rê"" bi Tirkî çi ye?",Exact normalized duplicate.,f59b644efc9d94bfaa04dc382ad6bab5
critical,exact_duplicate,high,rich_v2_csv_snapshot,supabase/rich_question_bank_v2_questions.csv,734,offline_5427,"Peyva ""nan"" ""ekmek"" anlamına gelir.",Exact normalized duplicate.,ed2dbe3bf7096315d58a68ea796a9769
critical,exact_duplicate,high,rich_v2_csv_snapshot,supabase/rich_question_bank_v2_questions.csv,735,offline_5428,"""okul"" anlamına gelen Kurmancî kelime hangisidir?",Exact normalized duplicate.,0635a979de007ae2065f84499d5dbab8
critical,exact_duplicate,high,rich_v2_csv_snapshot,supabase/rich_question_bank_v2_questions.csv,736,offline_5429,"Peyva ""nivîsandin"" ""gitmek"" anlamına gelir.",Exact normalized duplicate.,ad18b901a29553d9ace1a6b31ecd4ae5
critical,exact_duplicate,high,rich_v2_csv_snapshot,supabase/rich_question_bank_v2_questions.csv,738,offline_5431,"Peyva ""stêrk"" ""yıldız"" anlamına gelir.",Exact normalized duplicate.,912fc66a10be0983089ec44507691c82
critical,exact_duplicate,high,rich_v2_csv_snapshot,supabase/rich_question_bank_v2_questions.csv,739,offline_5432,"Di Kurmancî de peyva ""heyv"" bi Tirkî çi ye?",Exact normalized duplicate.,5255cca13ff3be16fba6bb529160c202
critical,exact_duplicate,high,rich_v2_csv_snapshot,supabase/rich_question_bank_v2_questions.csv,741,offline_5434,"""oturmak"" anlamına gelen Kurmancî kelime hangisidir?",Exact normalized duplicate.,5326f8686708037ae0f0bddc56bf77b5
critical,exact_duplicate,high,rich_v2_csv_snapshot,supabase/rich_question_bank_v2_questions.csv,742,offline_5435,"""dağ"" anlamına gelen Kurmancî kelime hangisidir?",Exact normalized duplicate.,8714888eaaeaaea94a95a52164d0a1b0
critical,exact_duplicate,high,rich_v2_csv_snapshot,supabase/rich_question_bank_v2_questions.csv,743,offline_5436,"Di Kurmancî de peyva ""rûniştin"" bi Tirkî çi ye?",Exact normalized duplicate.,b8017fa30c542132aa372329da13ea02
critical,exact_duplicate,high,rich_v2_csv_snapshot,supabase/rich_question_bank_v2_questions.csv,744,offline_5437,"Di Kurmancî de peyva ""welat"" bi Tirkî çi ye?",Exact normalized duplicate.,506223694c1a0b51d8b0985bbcfbfe80
critical,exact_duplicate,high,rich_v2_csv_snapshot,supabase/rich_question_bank_v2_questions.csv,746,offline_5439,"Di Kurmancî de peyva ""mal"" bi Tirkî çi ye?",Exact normalized duplicate.,bdfb2f7f47bb55020e87beaf21f7da1d
critical,exact_duplicate,high,rich_v2_csv_snapshot,supabase/rich_question_bank_v2_questions.csv,747,offline_5440,"Di Kurmancî de peyva ""mamoste"" bi Tirkî çi ye?",Exact normalized duplicate.,ed0917d1874bfa3c465f682492f19b33
critical,exact_duplicate,high,rich_v2_csv_snapshot,supabase/rich_question_bank_v2_questions.csv,748,offline_5441,"Peyva ""deşt"" ""ova"" anlamına gelir.",Exact normalized duplicate.,968ea72094506b64ffe5b5bfbbe972e9
critical,exact_duplicate,high,rich_v2_csv_snapshot,supabase/rich_question_bank_v2_questions.csv,750,offline_5443,"""aile"" anlamına gelen Kurmancî kelime hangisidir?",Exact normalized duplicate.,6c88b7d86d9a1fec21696940744a4fb2
critical,exact_duplicate,high,rich_v2_csv_snapshot,supabase/rich_question_bank_v2_questions.csv,751,offline_5444,"Di Kurmancî de peyva ""şêr"" bi Tirkî çi ye?",Exact normalized duplicate.,e1fd0dd4e4b28c19898605967137d6a6
critical,exact_duplicate,high,rich_v2_csv_snapshot,supabase/rich_question_bank_v2_questions.csv,752,offline_5445,"""kalp/dil"" anlamına gelen Kurmancî kelime hangisidir?",Exact normalized duplicate.,f3bf86a6a8ead1f9c01e0f6a370e242b
critical,exact_duplicate,high,rich_v2_csv_snapshot,supabase/rich_question_bank_v2_questions.csv,753,offline_5446,"Peyva ""bajar"" ""şehir"" anlamına gelir.",Exact normalized duplicate.,268401b2d9d339596efaab427471f9c7
critical,exact_duplicate,high,rich_v2_csv_snapshot,supabase/rich_question_bank_v2_questions.csv,754,offline_5447,"Peyva ""rûniştin"" ""kalkmak"" anlamına gelir.",Exact normalized duplicate.,56dc0689fd0df9d5fd60011552b47962
critical,exact_duplicate,high,rich_v2_csv_snapshot,supabase/rich_question_bank_v2_questions.csv,755,offline_5448,"Di Kurmancî de peyva ""wêne"" bi Tirkî çi ye?",Exact normalized duplicate.,595ddefccf0a3155c4fbb403ecfe7311
critical,exact_duplicate,high,rich_v2_csv_snapshot,supabase/rich_question_bank_v2_questions.csv,756,offline_5449,"Peyva ""spas"" ""teşekkür"" anlamına gelir.",Exact normalized duplicate.,a48bc55feaceafa9938d329b42e8c6e1
critical,exact_duplicate,high,rich_v2_csv_snapshot,supabase/rich_question_bank_v2_questions.csv,757,offline_5450,"""fırıncı"" anlamına gelen Kurmancî kelime hangisidir?",Exact normalized duplicate.,eea4218640c3ed5508e6f282658ed344
critical,exact_duplicate,high,rich_v2_csv_snapshot,supabase/rich_question_bank_v2_questions.csv,758,offline_5451,"""kaya"" anlamına gelen Kurmancî kelime hangisidir?",Exact normalized duplicate.,be313d8d59e3835552a61b4c8407d877
critical,exact_duplicate,high,rich_v2_csv_snapshot,supabase/rich_question_bank_v2_questions.csv,759,offline_5452,"Peyva ""dibistan"" ""okul"" anlamına gelir.",Exact normalized duplicate.,f2e77c4add89951c97de85bed24cce94
critical,exact_duplicate,high,rich_v2_csv_snapshot,supabase/rich_question_bank_v2_questions.csv,762,offline_5455,"Peyva ""heyv"" ""ay"" anlamına gelir.",Exact normalized duplicate.,26688a1b5e3f98d9ecee153efc7ae5af
critical,exact_duplicate,high,rich_v2_csv_snapshot,supabase/rich_question_bank_v2_questions.csv,763,offline_5456,"Peyva ""malbat"" ""erkek kardeş"" anlamına gelir.",Exact normalized duplicate.,402fbd358a074c49da076db979d7c827
critical,exact_duplicate,high,rich_v2_csv_snapshot,supabase/rich_question_bank_v2_questions.csv,764,offline_5457,"Di Kurmancî de peyva ""zanîn"" bi Tirkî çi ye?",Exact normalized duplicate.,a82aba909531ce44c3a207dab44be537
critical,exact_duplicate,high,rich_v2_csv_snapshot,supabase/rich_question_bank_v2_questions.csv,765,offline_5458,"Peyva ""roj"" ""gün/güneş"" anlamına gelir.",Exact normalized duplicate.,fd992f923a24bbcae170de58c509bf72
critical,exact_duplicate,high,rich_v2_csv_snapshot,supabase/rich_question_bank_v2_questions.csv,767,offline_5460,"Peyva ""av"" ""su"" anlamına gelir.",Exact normalized duplicate.,446fb09ea8b35c7c86261c012d012dfc
critical,exact_duplicate,high,rich_v2_csv_snapshot,supabase/rich_question_bank_v2_questions.csv,768,offline_5461,"Di Kurmancî de peyva ""heval"" bi Tirkî çi ye?",Exact normalized duplicate.,84b357e2c74ab7aeb02ec99724f20203
critical,exact_duplicate,high,rich_v2_csv_snapshot,supabase/rich_question_bank_v2_questions.csv,769,offline_5462,"Di Kurmancî de peyva ""kevin"" bi Tirkî çi ye?",Exact normalized duplicate.,f70ba4b5b72f1109ea899ac981425a68
critical,exact_duplicate,high,rich_v2_csv_snapshot,supabase/rich_question_bank_v2_questions.csv,770,offline_5463,"Di Kurmancî de peyva ""rûniştin"" bi Tirkî çi ye?",Exact normalized duplicate.,b8017fa30c542132aa372329da13ea02
critical,exact_duplicate,high,rich_v2_csv_snapshot,supabase/rich_question_bank_v2_questions.csv,772,offline_5465,"Peyva ""agir"" ""ateş"" anlamına gelir.",Exact normalized duplicate.,9ddc0dcd7c1443cc342316c7a2e7fc98
critical,exact_duplicate,high,rich_v2_csv_snapshot,supabase/rich_question_bank_v2_questions.csv,773,offline_5466,"Peyva ""xwendin"" ""okumak"" anlamına gelir.",Exact normalized duplicate.,39cd1a708dff4b3c5db1d0499fcfde6d
critical,exact_duplicate,high,rich_v2_csv_snapshot,supabase/rich_question_bank_v2_questions.csv,774,offline_5467,"Peyva ""av"" ""gün/güneş"" anlamına gelir.",Exact normalized duplicate.,224705cd0ab89fc4f3f8ec14c7843c71
critical,exact_duplicate,high,rich_v2_csv_snapshot,supabase/rich_question_bank_v2_questions.csv,775,offline_5468,"Di Kurmancî de peyva ""derî"" bi Tirkî çi ye?",Exact normalized duplicate.,d3b3e95ae4a42cde8f4a632f3a88dfea
critical,exact_duplicate,high,rich_v2_csv_snapshot,supabase/rich_question_bank_v2_questions.csv,777,offline_5470,"Peyva ""çûn"" ""oturmak"" anlamına gelir.",Exact normalized duplicate.,fa1caf0027e670fcac665791d28cf28a
critical,exact_duplicate,high,rich_v2_csv_snapshot,supabase/rich_question_bank_v2_questions.csv,780,offline_5473,"""masa"" anlamına gelen Kurmancî kelime hangisidir?",Exact normalized duplicate.,cc54c20690d7c53d964251b6b4edb687
critical,exact_duplicate,high,rich_v2_csv_snapshot,supabase/rich_question_bank_v2_questions.csv,781,offline_5474,"Di Kurmancî de peyva ""cîhan"" bi Tirkî çi ye?",Exact normalized duplicate.,1de1b368c92432ed71e0ba230c7d406e
critical,exact_duplicate,high,rich_v2_csv_snapshot,supabase/rich_question_bank_v2_questions.csv,782,offline_5475,"Peyva ""deşt"" ""kaya"" anlamına gelir.",Exact normalized duplicate.,7558c947ddc864a2bb0a84bff97d828e
critical,exact_duplicate,high,rich_v2_csv_snapshot,supabase/rich_question_bank_v2_questions.csv,783,offline_5476,"Di Kurmancî de peyva ""nivîn"" bi Tirkî çi ye?",Exact normalized duplicate.,26f5b981ac2a38d07d50cdee7c48fdbb
critical,exact_duplicate,high,rich_v2_csv_snapshot,supabase/rich_question_bank_v2_questions.csv,785,offline_5478,"""okumak"" anlamına gelen Kurmancî kelime hangisidir?",Exact normalized duplicate.,17c809018d4d1a63c940757ff690f827
critical,exact_duplicate,high,rich_v2_csv_snapshot,supabase/rich_question_bank_v2_questions.csv,787,offline_5480,"""güzel/iyi"" anlamına gelen Kurmancî kelime hangisidir?",Exact normalized duplicate.,28fe45f2ee2fe06ad3f760f285bdd43d
critical,exact_duplicate,high,rich_v2_csv_snapshot,supabase/rich_question_bank_v2_questions.csv,789,offline_5482,"""arkadaş"" anlamına gelen Kurmancî kelime hangisidir?",Exact normalized duplicate.,2641b8c8aa42ce97b7e6da875ab0a0d2
critical,exact_duplicate,high,rich_v2_csv_snapshot,supabase/rich_question_bank_v2_questions.csv,790,offline_5483,"""teşekkür"" anlamına gelen Kurmancî kelime hangisidir?",Exact normalized duplicate.,ab983fb89e4d206a466b5bee9df70498
critical,exact_duplicate,high,rich_v2_csv_snapshot,supabase/rich_question_bank_v2_questions.csv,792,offline_5485,"Di Kurmancî de peyva ""duh"" bi Tirkî çi ye?",Exact normalized duplicate.,884222c3b5dea9e1cfb93ed7567e81ce
critical,exact_duplicate,high,rich_v2_csv_snapshot,supabase/rich_question_bank_v2_questions.csv,793,offline_5486,"Di Kurmancî de peyva ""îro"" bi Tirkî çi ye?",Exact normalized duplicate.,ea9825d0f06acee8d0f54f678e86b03d
critical,exact_duplicate,high,rich_v2_csv_snapshot,supabase/rich_question_bank_v2_questions.csv,794,offline_5487,"""kapı"" anlamına gelen Kurmancî kelime hangisidir?",Exact normalized duplicate.,477b87bb7c638aae0a16fd66659097fc
critical,exact_duplicate,high,rich_v2_csv_snapshot,supabase/rich_question_bank_v2_questions.csv,796,offline_5489,"Di Kurmancî de peyva ""axaftin"" bi Tirkî çi ye?",Exact normalized duplicate.,2a01779d5a3ffda9e9a53f45997c2dc6
critical,exact_duplicate,high,rich_v2_csv_snapshot,supabase/rich_question_bank_v2_questions.csv,797,offline_5490,"Peyva ""poz"" ""burun"" anlamına gelir.",Exact normalized duplicate.,0d8b0c8d2fd70bb6dd1a46d710196882
critical,exact_duplicate,high,rich_v2_csv_snapshot,supabase/rich_question_bank_v2_questions.csv,799,offline_5492,"Peyva ""cîhan"" ""dünya"" anlamına gelir.",Exact normalized duplicate.,6381bb0b07470ee3c15898c227be4129
critical,exact_duplicate,high,rich_v2_csv_snapshot,supabase/rich_question_bank_v2_questions.csv,801,offline_5494,"Peyva ""teşt"" ""leğen"" anlamına gelir.",Exact normalized duplicate.,1dd315b590f10d479205d208665c0192
critical,exact_duplicate,high,rich_v2_csv_snapshot,supabase/rich_question_bank_v2_questions.csv,802,offline_5495,"Di Kurmancî de peyva ""rûniştin"" bi Tirkî çi ye?",Exact normalized duplicate.,b8017fa30c542132aa372329da13ea02
critical,exact_duplicate,high,rich_v2_csv_snapshot,supabase/rich_question_bank_v2_questions.csv,803,offline_5496,"Di Kurmancî de peyva ""xanî"" bi Tirkî çi ye?",Exact normalized duplicate.,f9cf25fb0e2d87ea61f2f33564a290be
critical,exact_duplicate,high,rich_v2_csv_snapshot,supabase/rich_question_bank_v2_questions.csv,804,offline_5497,"Peyva ""bajar"" ""ekmek"" anlamına gelir.",Exact normalized duplicate.,bf16a60af41fed30a13b301996a5b7ca
critical,exact_duplicate,high,rich_v2_csv_snapshot,supabase/rich_question_bank_v2_questions.csv,808,offline_5501,"Di Kurmancî de peyva ""kaxiz"" bi Tirkî çi ye?",Exact normalized duplicate.,d2d80d1db61a47ef8bc151129153f852
critical,exact_duplicate,high,rich_v2_csv_snapshot,supabase/rich_question_bank_v2_questions.csv,809,offline_5502,"Di Kurmancî de peyva ""bihîstin"" bi Tirkî çi ye?",Exact normalized duplicate.,fcd734de0232adf27305c87ea8f3dee2
critical,exact_duplicate,high,rich_v2_csv_snapshot,supabase/rich_question_bank_v2_questions.csv,810,offline_5503,"Di Kurmancî de peyva ""nivîn"" bi Tirkî çi ye?",Exact normalized duplicate.,26f5b981ac2a38d07d50cdee7c48fdbb
critical,exact_duplicate,high,rich_v2_csv_snapshot,supabase/rich_question_bank_v2_questions.csv,812,offline_5505,"Di Kurmancî de peyva ""dar"" bi Tirkî çi ye?",Exact normalized duplicate.,44638df9ed55e0db828adbbb3da008d8
critical,exact_duplicate,high,rich_v2_csv_snapshot,supabase/rich_question_bank_v2_questions.csv,814,offline_5507,"Di Kurmancî de peyva ""stêrk"" bi Tirkî çi ye?",Exact normalized duplicate.,170172b6e4c7451bc2cc562ecce622d0
critical,exact_duplicate,high,rich_v2_csv_snapshot,supabase/rich_question_bank_v2_questions.csv,815,offline_5508,"""baba"" anlamına gelen Kurmancî kelime hangisidir?",Exact normalized duplicate.,88bc6f1982e14fafa3884ac024eaeb25
critical,exact_duplicate,high,rich_v2_csv_snapshot,supabase/rich_question_bank_v2_questions.csv,818,offline_5511,"Peyva ""bav"" ""dede"" anlamına gelir.",Exact normalized duplicate.,0ba95fb0e496f5b86888d958bce8508f
critical,exact_duplicate,high,rich_v2_csv_snapshot,supabase/rich_question_bank_v2_questions.csv,820,offline_5513,"Di Kurmancî de peyva ""nanxane"" bi Tirkî çi ye?",Exact normalized duplicate.,84e7b7d5a36a59e3dc7cb7c6edb002f8
critical,exact_duplicate,high,rich_v2_csv_snapshot,supabase/rich_question_bank_v2_questions.csv,821,offline_5514,"Di Kurmancî de peyva ""jin"" bi Tirkî çi ye?",Exact normalized duplicate.,d2082cba486f66d140c0fbe4e54e0cb6
critical,exact_duplicate,high,rich_v2_csv_snapshot,supabase/rich_question_bank_v2_questions.csv,822,offline_5515,"Di Kurmancî de peyva ""deşt"" bi Tirkî çi ye?",Exact normalized duplicate.,be6fe63e248f990567c4a98c59c047a1
critical,exact_duplicate,high,rich_v2_csv_snapshot,supabase/rich_question_bank_v2_questions.csv,823,offline_5516,"Di Kurmancî de peyva ""xanî"" bi Tirkî çi ye?",Exact normalized duplicate.,f9cf25fb0e2d87ea61f2f33564a290be
critical,exact_duplicate,high,rich_v2_csv_snapshot,supabase/rich_question_bank_v2_questions.csv,824,offline_5517,"""bina/ev"" anlamına gelen Kurmancî kelime hangisidir?",Exact normalized duplicate.,6472956abfcba9d98e71ecdaa3a23712
critical,exact_duplicate,high,rich_v2_csv_snapshot,supabase/rich_question_bank_v2_questions.csv,826,offline_5519,"Peyva ""nanxane"" ""yemekhane"" anlamına gelir.",Exact normalized duplicate.,c4334fb32856b1ff5ec404377e13a11b
critical,exact_duplicate,high,rich_v2_csv_snapshot,supabase/rich_question_bank_v2_questions.csv,828,offline_5521,"Peyva ""heyv"" ""ay"" anlamına gelir.",Exact normalized duplicate.,26688a1b5e3f98d9ecee153efc7ae5af
critical,exact_duplicate,high,rich_v2_csv_snapshot,supabase/rich_question_bank_v2_questions.csv,829,offline_5522,"Di Kurmancî de peyva ""çûn"" bi Tirkî çi ye?",Exact normalized duplicate.,353e9304c07b6cba6c8e298f32426c89
critical,exact_duplicate,high,rich_v2_csv_snapshot,supabase/rich_question_bank_v2_questions.csv,830,offline_5523,"Di Kurmancî de peyva ""poz"" bi Tirkî çi ye?",Exact normalized duplicate.,75c6c9c5a4378b012522348f6c985ea2
critical,exact_duplicate,high,rich_v2_csv_snapshot,supabase/rich_question_bank_v2_questions.csv,831,offline_5524,"""Kürt"" anlamına gelen Kurmancî kelime hangisidir?",Exact normalized duplicate.,13b5f1046a1f83133a401b859bdf3049
critical,exact_duplicate,high,rich_v2_csv_snapshot,supabase/rich_question_bank_v2_questions.csv,832,offline_5525,"""diş"" anlamına gelen Kurmancî kelime hangisidir?",Exact normalized duplicate.,35345d7d7cb2e10aa25354a625b915ef
critical,exact_duplicate,high,rich_v2_csv_snapshot,supabase/rich_question_bank_v2_questions.csv,834,offline_5527,"Di Kurmancî de peyva ""diran"" bi Tirkî çi ye?",Exact normalized duplicate.,015b4cf0831c1428ac8f847a8c560629
critical,exact_duplicate,high,rich_v2_csv_snapshot,supabase/rich_question_bank_v2_questions.csv,836,offline_5529,"Di Kurmancî de peyva ""deng"" bi Tirkî çi ye?",Exact normalized duplicate.,7e9b52c89182df72bfadf02db6c3d27e
critical,exact_duplicate,high,rich_v2_csv_snapshot,supabase/rich_question_bank_v2_questions.csv,837,offline_5530,"Peyva ""axaftin"" ""konuşmak"" anlamına gelir.",Exact normalized duplicate.,363b04b66ca7eaca56a07a3eee2fca87
critical,exact_duplicate,high,rich_v2_csv_snapshot,supabase/rich_question_bank_v2_questions.csv,838,offline_5531,"Di Kurmancî de peyva ""dil"" bi Tirkî çi ye?",Exact normalized duplicate.,91d81922424e73e1a5df935a3d4dbfae
critical,exact_duplicate,high,rich_v2_csv_snapshot,supabase/rich_question_bank_v2_questions.csv,839,offline_5532,"Peyva ""nivîsandin"" ""yazmak"" anlamına gelir.",Exact normalized duplicate.,90bfed38d09d7bb179125def3ec2ef35
critical,exact_duplicate,high,rich_v2_csv_snapshot,supabase/rich_question_bank_v2_questions.csv,841,offline_5534,"Peyva ""nav"" ""ad/isim"" anlamına gelir.",Exact normalized duplicate.,c1219ee86f394e0824637b5841e458c6
critical,exact_duplicate,high,rich_v2_csv_snapshot,supabase/rich_question_bank_v2_questions.csv,844,offline_5537,"Peyva ""mamoste"" ""gece"" anlamına gelir.",Exact normalized duplicate.,f53e250992864495d7b9f013c37103b2
critical,exact_duplicate,high,rich_v2_csv_snapshot,supabase/rich_question_bank_v2_questions.csv,845,offline_5538,"""sevmek"" anlamına gelen Kurmancî kelime hangisidir?",Exact normalized duplicate.,44183f6cd2f25d18a6f46a8a62675c64
critical,exact_duplicate,high,rich_v2_csv_snapshot,supabase/rich_question_bank_v2_questions.csv,846,offline_5539,"Peyva ""xwendegeh"" ""kalem"" anlamına gelir.",Exact normalized duplicate.,e4057e153112dee40038891495538d76
critical,exact_duplicate,high,rich_v2_csv_snapshot,supabase/rich_question_bank_v2_questions.csv,848,offline_5541,"""pencere"" anlamına gelen Kurmancî kelime hangisidir?",Exact normalized duplicate.,e571c93f3e8be83d4d4670a8d063129e
critical,exact_duplicate,high,rich_v2_csv_snapshot,supabase/rich_question_bank_v2_questions.csv,849,offline_5542,"""arkadaş"" anlamına gelen Kurmancî kelime hangisidir?",Exact normalized duplicate.,2641b8c8aa42ce97b7e6da875ab0a0d2
critical,exact_duplicate,high,rich_v2_csv_snapshot,supabase/rich_question_bank_v2_questions.csv,850,offline_5543,"Peyva ""dapîr"" ""köy"" anlamına gelir.",Exact normalized duplicate.,31f8815991fa822c6251ae270a011720
critical,exact_duplicate,high,rich_v2_csv_snapshot,supabase/rich_question_bank_v2_questions.csv,851,offline_5544,"Di Kurmancî de peyva ""roj"" bi Tirkî çi ye?",Exact normalized duplicate.,73d129e9285afb8b61b942df0339f25c
critical,exact_duplicate,high,rich_v2_csv_snapshot,supabase/rich_question_bank_v2_questions.csv,852,offline_5545,"Di Kurmancî de peyva ""pir"" bi Tirkî çi ye?",Exact normalized duplicate.,15e35702b4bda737fe3aa5b377dc172c
critical,exact_duplicate,high,rich_v2_csv_snapshot,supabase/rich_question_bank_v2_questions.csv,853,offline_5546,"Di Kurmancî de peyva ""reng"" bi Tirkî çi ye?",Exact normalized duplicate.,b82e8bb9c82fe3dce2d9019c10cf1e00
critical,exact_duplicate,high,rich_v2_csv_snapshot,supabase/rich_question_bank_v2_questions.csv,854,offline_5547,"Peyva ""hatin"" ""gelmek"" anlamına gelir.",Exact normalized duplicate.,2ba8a6159446b8ba1b1fd6c1977d5439
critical,exact_duplicate,high,rich_v2_csv_snapshot,supabase/rich_question_bank_v2_questions.csv,855,offline_5548,"""aslan"" anlamına gelen Kurmancî kelime hangisidir?",Exact normalized duplicate.,917e21251606ea2a148b706152d95073
critical,exact_duplicate,high,rich_v2_csv_snapshot,supabase/rich_question_bank_v2_questions.csv,856,offline_5549,"Peyva ""malbat"" ""aile"" anlamına gelir.",Exact normalized duplicate.,99cc75d39da74e7d498d3873ff0dd01f
critical,exact_duplicate,high,rich_v2_csv_snapshot,supabase/rich_question_bank_v2_questions.csv,857,offline_5550,"Peyva ""hesp"" ""at"" anlamına gelir.",Exact normalized duplicate.,a6f28d9f257be220597223fdbd96a436
critical,exact_duplicate,high,rich_v2_csv_snapshot,supabase/rich_question_bank_v2_questions.csv,858,offline_5551,"Di Kurmancî de peyva ""dest"" bi Tirkî çi ye?",Exact normalized duplicate.,c696bbb98fd66c32f9a0e5a9ba4d77d6
critical,exact_duplicate,high,rich_v2_csv_snapshot,supabase/rich_question_bank_v2_questions.csv,859,offline_5552,"Di Kurmancî de peyva ""şev"" bi Tirkî çi ye?",Exact normalized duplicate.,f822df685350dbe9c6296d1eda6d7e1c
critical,exact_duplicate,high,rich_v2_csv_snapshot,supabase/rich_question_bank_v2_questions.csv,860,offline_5553,"Di Kurmancî de peyva ""teşt"" bi Tirkî çi ye?",Exact normalized duplicate.,2c0cbfcac3970d75550f947e5e33bef1
critical,exact_duplicate,high,rich_v2_csv_snapshot,supabase/rich_question_bank_v2_questions.csv,861,offline_5554,"Di Kurmancî de peyva ""roj"" bi Tirkî çi ye?",Exact normalized duplicate.,73d129e9285afb8b61b942df0339f25c
critical,exact_duplicate,high,rich_v2_csv_snapshot,supabase/rich_question_bank_v2_questions.csv,862,offline_5555,"Peyva ""hatin"" ""dağ"" anlamına gelir.",Exact normalized duplicate.,d28137265f6fefbdb86d766dd132d379
critical,exact_duplicate,high,rich_v2_csv_snapshot,supabase/rich_question_bank_v2_questions.csv,863,offline_5556,"""sanat"" anlamına gelen Kurmancî kelime hangisidir?",Exact normalized duplicate.,abcf15f3ed9624fefb27e764c7e0d333
critical,exact_duplicate,high,rich_v2_csv_snapshot,supabase/rich_question_bank_v2_questions.csv,864,offline_5557,"Peyva ""kaxiz"" ""resim/fotoğraf"" anlamına gelir.",Exact normalized duplicate.,e4d8d9b7d0c9257fc786ba390f7be3c2
critical,exact_duplicate,high,rich_v2_csv_snapshot,supabase/rich_question_bank_v2_questions.csv,866,offline_5559,"Peyva ""poz"" ""burun"" anlamına gelir.",Exact normalized duplicate.,0d8b0c8d2fd70bb6dd1a46d710196882
critical,exact_duplicate,high,rich_v2_csv_snapshot,supabase/rich_question_bank_v2_questions.csv,867,offline_5560,"Di Kurmancî de peyva ""pir"" bi Tirkî çi ye?",Exact normalized duplicate.,15e35702b4bda737fe3aa5b377dc172c
critical,exact_duplicate,high,rich_v2_csv_snapshot,supabase/rich_question_bank_v2_questions.csv,873,offline_5566,"Di Kurmancî de peyva ""nivîn"" bi Tirkî çi ye?",Exact normalized duplicate.,26f5b981ac2a38d07d50cdee7c48fdbb
critical,exact_duplicate,high,rich_v2_csv_snapshot,supabase/rich_question_bank_v2_questions.csv,874,offline_5567,"""ad/isim"" anlamına gelen Kurmancî kelime hangisidir?",Exact normalized duplicate.,f1d394d197ae7c57846e276cb5117af4
critical,exact_duplicate,high,rich_v2_csv_snapshot,supabase/rich_question_bank_v2_questions.csv,875,offline_5568,"Di Kurmancî de peyva ""biçûk"" bi Tirkî çi ye?",Exact normalized duplicate.,0fe61d359be3e5924632865b7b212e6f
critical,exact_duplicate,high,rich_v2_csv_snapshot,supabase/rich_question_bank_v2_questions.csv,876,offline_5569,"Peyva ""pîr"" ""yaşlı/ihtiyar"" anlamına gelir.",Exact normalized duplicate.,b3aa796a740cf8e2d2930d9859b055f6
critical,exact_duplicate,high,rich_v2_csv_snapshot,supabase/rich_question_bank_v2_questions.csv,877,offline_5570,"Peyva ""dest"" ""ayak"" anlamına gelir.",Exact normalized duplicate.,87c87e4a8491f2f1cee08668cfe46775
critical,exact_duplicate,high,rich_v2_csv_snapshot,supabase/rich_question_bank_v2_questions.csv,878,offline_5571,"""öğretmen"" anlamına gelen Kurmancî kelime hangisidir?",Exact normalized duplicate.,c3ddbbc6e0f9fde40b25db88258a5d9a
critical,exact_duplicate,high,rich_v2_csv_snapshot,supabase/rich_question_bank_v2_questions.csv,879,offline_5572,"Peyva ""hezkirin"" ""sevmek"" anlamına gelir.",Exact normalized duplicate.,8c56b7608cdac5642a7a91252ff742ca
critical,exact_duplicate,high,rich_v2_csv_snapshot,supabase/rich_question_bank_v2_questions.csv,880,offline_5573,"Peyva ""dapîr"" ""köy"" anlamına gelir.",Exact normalized duplicate.,31f8815991fa822c6251ae270a011720
critical,exact_duplicate,high,rich_v2_csv_snapshot,supabase/rich_question_bank_v2_questions.csv,881,offline_5574,"Peyva ""xwendekar"" ""öğrenci"" anlamına gelir.",Exact normalized duplicate.,8ad889bf8450bb0b3862cc8b9967f6af
critical,exact_duplicate,high,rich_v2_csv_snapshot,supabase/rich_question_bank_v2_questions.csv,883,offline_5576,"Di Kurmancî de peyva ""xwîşk"" bi Tirkî çi ye?",Exact normalized duplicate.,04d05c152b0cf31980f93df69eec2b44
critical,exact_duplicate,high,rich_v2_csv_snapshot,supabase/rich_question_bank_v2_questions.csv,885,offline_5578,"Di Kurmancî de peyva ""pirtûk"" bi Tirkî çi ye?",Exact normalized duplicate.,efd651b240429728e17bae2597d89416
critical,exact_duplicate,high,rich_v2_csv_snapshot,supabase/rich_question_bank_v2_questions.csv,886,offline_5579,"Di Kurmancî de peyva ""dil"" bi Tirkî çi ye?",Exact normalized duplicate.,91d81922424e73e1a5df935a3d4dbfae
critical,exact_duplicate,high,rich_v2_csv_snapshot,supabase/rich_question_bank_v2_questions.csv,887,offline_5580,"Peyva ""îro"" ""bugün"" anlamına gelir.",Exact normalized duplicate.,6aed6f9c6e6a8a5e58ae971fc896410a
critical,exact_duplicate,high,rich_v2_csv_snapshot,supabase/rich_question_bank_v2_questions.csv,888,offline_5581,"Peyva ""bajar"" ""şehir"" anlamına gelir.",Exact normalized duplicate.,268401b2d9d339596efaab427471f9c7
critical,exact_duplicate,high,rich_v2_csv_snapshot,supabase/rich_question_bank_v2_questions.csv,889,offline_5582,"Peyva ""sar"" ""küçük"" anlamına gelir.",Exact normalized duplicate.,a79ff835a15f0f9b7c06ccc8fcb9fc57
critical,exact_duplicate,high,rich_v2_csv_snapshot,supabase/rich_question_bank_v2_questions.csv,891,offline_5584,"Peyva ""kûçik"" ""kedi"" anlamına gelir.",Exact normalized duplicate.,28491a99a0c667b97a7ef7f2aa48350c
critical,exact_duplicate,high,rich_v2_csv_snapshot,supabase/rich_question_bank_v2_questions.csv,892,offline_5585,"Di Kurmancî de peyva ""huner"" bi Tirkî çi ye?",Exact normalized duplicate.,88cdd9bb47a83464825c685f26703fc5
critical,exact_duplicate,high,rich_v2_csv_snapshot,supabase/rich_question_bank_v2_questions.csv,893,offline_5586,"Peyva ""kal"" ""dede"" anlamına gelir.",Exact normalized duplicate.,b3859cd585280a0d63ee542d859a53be
critical,exact_duplicate,high,rich_v2_csv_snapshot,supabase/rich_question_bank_v2_questions.csv,894,offline_5587,"Peyva ""mase"" ""sandalye"" anlamına gelir.",Exact normalized duplicate.,2c68ed6771cdd4a639e9c0105363ed5e
critical,exact_duplicate,high,rich_v2_csv_snapshot,supabase/rich_question_bank_v2_questions.csv,896,offline_5589,"""öğrenci"" anlamına gelen Kurmancî kelime hangisidir?",Exact normalized duplicate.,8463cdab7ad519f86710335e6a8041f7
critical,exact_duplicate,high,rich_v2_csv_snapshot,supabase/rich_question_bank_v2_questions.csv,897,offline_5590,"Peyva ""nanpêj"" ""fırıncı"" anlamına gelir.",Exact normalized duplicate.,393934ebdd00bf6fa74418cc77164ab6
critical,exact_duplicate,high,rich_v2_csv_snapshot,supabase/rich_question_bank_v2_questions.csv,899,offline_5592,"Di Kurmancî de peyva ""dîtin"" bi Tirkî çi ye?",Exact normalized duplicate.,92fb98d7c0d1671a9de6378b72276689
critical,exact_duplicate,high,rich_v2_csv_snapshot,supabase/rich_question_bank_v2_questions.csv,901,offline_5594,"""ev"" anlamına gelen Kurmancî kelime hangisidir?",Exact normalized duplicate.,a0fe5581869f56d2b518854096660c42
critical,exact_duplicate,high,rich_v2_csv_snapshot,supabase/rich_question_bank_v2_questions.csv,902,offline_5595,"Peyva ""poz"" ""ağız"" anlamına gelir.",Exact normalized duplicate.,dd1c55b79eccf1fb97c0b0c9699accfc
critical,exact_duplicate,high,rich_v2_csv_snapshot,supabase/rich_question_bank_v2_questions.csv,903,offline_5596,"Di Kurmancî de peyva ""nivîn"" bi Tirkî çi ye?",Exact normalized duplicate.,26f5b981ac2a38d07d50cdee7c48fdbb
critical,exact_duplicate,high,rich_v2_csv_snapshot,supabase/rich_question_bank_v2_questions.csv,904,offline_5597,"Peyva ""mamoste"" ""öğretmen"" anlamına gelir.",Exact normalized duplicate.,c7ccd2b77acbe076ea86c0ff03129515
critical,exact_duplicate,high,rich_v2_csv_snapshot,supabase/rich_question_bank_v2_questions.csv,905,offline_5598,"Peyva ""roj"" ""ev"" anlamına gelir.",Exact normalized duplicate.,15b1558215a8a093b04d6b8aa735d5a6
critical,exact_duplicate,high,rich_v2_csv_snapshot,supabase/rich_question_bank_v2_questions.csv,907,offline_5600,"Peyva ""kursî"" ""yatak"" anlamına gelir.",Exact normalized duplicate.,6581dcc167ba1ca5d155f34a4e3077ef
critical,exact_duplicate,high,rich_v2_csv_snapshot,supabase/rich_question_bank_v2_questions.csv,909,offline_5602,"Di Kurmancî de peyva ""hezkirin"" bi Tirkî çi ye?",Exact normalized duplicate.,09aa485b53eae10e31cafb8bc8f43fde
critical,exact_duplicate,high,rich_v2_csv_snapshot,supabase/rich_question_bank_v2_questions.csv,910,offline_5603,"Di Kurmancî de peyva ""rû"" bi Tirkî çi ye?",Exact normalized duplicate.,e62fdcbec3e52844156a4eb90c98913a
critical,exact_duplicate,high,rich_v2_csv_snapshot,supabase/rich_question_bank_v2_questions.csv,911,offline_5604,"Di Kurmancî de peyva ""bav"" bi Tirkî çi ye?",Exact normalized duplicate.,155bf9f483549529327144f20f89303e
critical,exact_duplicate,high,rich_v2_csv_snapshot,supabase/rich_question_bank_v2_questions.csv,912,offline_5605,"Di Kurmancî de peyva ""jin"" bi Tirkî çi ye?",Exact normalized duplicate.,d2082cba486f66d140c0fbe4e54e0cb6
critical,exact_duplicate,high,rich_v2_csv_snapshot,supabase/rich_question_bank_v2_questions.csv,913,offline_5606,"Di Kurmancî de peyva ""pencere"" bi Tirkî çi ye?",Exact normalized duplicate.,eda03be971b1ffe6da6429237d11e7f1
critical,exact_duplicate,high,rich_v2_csv_snapshot,supabase/rich_question_bank_v2_questions.csv,914,offline_5607,"Peyva ""pisîk"" ""kedi"" anlamına gelir.",Exact normalized duplicate.,e9b6098cd9f6746877567f480f7a2e3f
critical,exact_duplicate,high,rich_v2_csv_snapshot,supabase/rich_question_bank_v2_questions.csv,918,offline_5611,"""ağız"" anlamına gelen Kurmancî kelime hangisidir?",Exact normalized duplicate.,3fe3d0c5b108cdc8be5e2152a3767f5e
critical,exact_duplicate,high,rich_v2_csv_snapshot,supabase/rich_question_bank_v2_questions.csv,919,offline_5612,"Peyva ""çem"" ""vadi"" anlamına gelir.",Exact normalized duplicate.,e11544b3af15c6bd150f757fb9ef6440
critical,exact_duplicate,high,rich_v2_csv_snapshot,supabase/rich_question_bank_v2_questions.csv,920,offline_5613,"Peyva ""hesp"" ""aslan"" anlamına gelir.",Exact normalized duplicate.,5686a09002b58a0064fc33d79b9409c1
critical,exact_duplicate,high,rich_v2_csv_snapshot,supabase/rich_question_bank_v2_questions.csv,921,offline_5614,"Peyva ""wêne"" ""resim/fotoğraf"" anlamına gelir.",Exact normalized duplicate.,3101fff9ddc741318f7436aaf4183d4b
critical,exact_duplicate,high,rich_v2_csv_snapshot,supabase/rich_question_bank_v2_questions.csv,922,offline_5615,"Peyva ""pê"" ""ayak"" anlamına gelir.",Exact normalized duplicate.,0506a928dcc7d9ae2ca5075c50edebd0
critical,exact_duplicate,high,rich_v2_csv_snapshot,supabase/rich_question_bank_v2_questions.csv,923,offline_5616,"Di Kurmancî de peyva ""jin"" bi Tirkî çi ye?",Exact normalized duplicate.,d2082cba486f66d140c0fbe4e54e0cb6
critical,exact_duplicate,high,rich_v2_csv_snapshot,supabase/rich_question_bank_v2_questions.csv,925,offline_5618,"""kağıt"" anlamına gelen Kurmancî kelime hangisidir?",Exact normalized duplicate.,96baf0cb8b15acc9f883b761a70f8f94
critical,exact_duplicate,high,rich_v2_csv_snapshot,supabase/rich_question_bank_v2_questions.csv,926,offline_5619,"Peyva ""dibistan"" ""öğretmen"" anlamına gelir.",Exact normalized duplicate.,299b9d76829b170ec8397a4a4653020a
critical,exact_duplicate,high,rich_v2_csv_snapshot,supabase/rich_question_bank_v2_questions.csv,927,offline_5620,"Peyva ""ba"" ""rüzgar"" anlamına gelir.",Exact normalized duplicate.,147c3d6f41951441d53a78c9f99923e5
critical,exact_duplicate,high,rich_v2_csv_snapshot,supabase/rich_question_bank_v2_questions.csv,928,offline_5621,"Di Kurmancî de peyva ""pênûs"" bi Tirkî çi ye?",Exact normalized duplicate.,b6ab010dc081b320feee658318c27bb5
critical,exact_duplicate,high,rich_v2_csv_snapshot,supabase/rich_question_bank_v2_questions.csv,929,offline_5622,"""baba"" anlamına gelen Kurmancî kelime hangisidir?",Exact normalized duplicate.,88bc6f1982e14fafa3884ac024eaeb25
critical,exact_duplicate,high,rich_v2_csv_snapshot,supabase/rich_question_bank_v2_questions.csv,930,offline_5623,"Peyva ""axaftin"" ""konuşmak"" anlamına gelir.",Exact normalized duplicate.,363b04b66ca7eaca56a07a3eee2fca87
critical,exact_duplicate,high,rich_v2_csv_snapshot,supabase/rich_question_bank_v2_questions.csv,931,offline_5624,"Peyva ""diran"" ""diş"" anlamına gelir.",Exact normalized duplicate.,715b9ffbbf7b41506a6840908c8104ec
critical,exact_duplicate,high,rich_v2_csv_snapshot,supabase/rich_question_bank_v2_questions.csv,933,offline_5626,"Peyva ""bihîstin"" ""su"" anlamına gelir.",Exact normalized duplicate.,5e5c85d066e3e8cba805723001855305
critical,exact_duplicate,high,rich_v2_csv_snapshot,supabase/rich_question_bank_v2_questions.csv,934,offline_5627,"Di Kurmancî de peyva ""newal"" bi Tirkî çi ye?",Exact normalized duplicate.,015b1fd575de1aff31d3587b6431c6ca
critical,exact_duplicate,high,rich_v2_csv_snapshot,supabase/rich_question_bank_v2_questions.csv,935,offline_5628,"Di Kurmancî de peyva ""şev"" bi Tirkî çi ye?",Exact normalized duplicate.,f822df685350dbe9c6296d1eda6d7e1c
critical,exact_duplicate,high,rich_v2_csv_snapshot,supabase/rich_question_bank_v2_questions.csv,936,offline_5629,"Peyva ""ba"" ""yağmur"" anlamına gelir.",Exact normalized duplicate.,364fcccfa1702031ae472cd1be526595
critical,exact_duplicate,high,rich_v2_csv_snapshot,supabase/rich_question_bank_v2_questions.csv,937,offline_5630,"Di Kurmancî de peyva ""malbat"" bi Tirkî çi ye?",Exact normalized duplicate.,0821ce6755b4809b9eaa3d970d4eb071
critical,exact_duplicate,high,rich_v2_csv_snapshot,supabase/rich_question_bank_v2_questions.csv,938,offline_5631,"Peyva ""şev"" ""deniz"" anlamına gelir.",Exact normalized duplicate.,78234e968deb7fd83ae71b4458ddc4d4
critical,exact_duplicate,high,rich_v2_csv_snapshot,supabase/rich_question_bank_v2_questions.csv,939,offline_5632,"Peyva ""şêr"" ""köpek"" anlamına gelir.",Exact normalized duplicate.,bcd20bc1f0b5bbd44b1520f0f4691338
critical,exact_duplicate,high,rich_v2_csv_snapshot,supabase/rich_question_bank_v2_questions.csv,940,offline_5633,"Di Kurmancî de peyva ""mal"" bi Tirkî çi ye?",Exact normalized duplicate.,bdfb2f7f47bb55020e87beaf21f7da1d
critical,exact_duplicate,high,rich_v2_csv_snapshot,supabase/rich_question_bank_v2_questions.csv,941,offline_5634,"Peyva ""kursî"" ""sandalye"" anlamına gelir.",Exact normalized duplicate.,bb8bf335efafa77e01f3b281421b0b21
critical,exact_duplicate,high,rich_v2_csv_snapshot,supabase/rich_question_bank_v2_questions.csv,942,offline_5635,"""gün/güneş"" anlamına gelen Kurmancî kelime hangisidir?",Exact normalized duplicate.,7f2200867c318caf1dfdc6cfbcbd2b28
critical,exact_duplicate,high,rich_v2_csv_snapshot,supabase/rich_question_bank_v2_questions.csv,944,offline_5637,"Di Kurmancî de peyva ""deng"" bi Tirkî çi ye?",Exact normalized duplicate.,7e9b52c89182df72bfadf02db6c3d27e
critical,exact_duplicate,high,rich_v2_csv_snapshot,supabase/rich_question_bank_v2_questions.csv,945,offline_5638,"""şehir"" anlamına gelen Kurmancî kelime hangisidir?",Exact normalized duplicate.,edb23e1207a17f19d6afbba2d4cf30da
critical,exact_duplicate,high,rich_v2_csv_snapshot,supabase/rich_question_bank_v2_questions.csv,946,offline_5639,"""erkek kardeş"" anlamına gelen Kurmancî kelime hangisidir?",Exact normalized duplicate.,b11f6cbe7708c7fccceef288074bafc6
critical,exact_duplicate,high,rich_v2_csv_snapshot,supabase/rich_question_bank_v2_questions.csv,947,offline_5640,"""yağmur"" anlamına gelen Kurmancî kelime hangisidir?",Exact normalized duplicate.,3dce3c70a36b7eb09c5894d5c95af7b4
critical,exact_duplicate,high,rich_v2_csv_snapshot,supabase/rich_question_bank_v2_questions.csv,950,offline_5643,"Peyva ""ba"" ""yağmur"" anlamına gelir.",Exact normalized duplicate.,364fcccfa1702031ae472cd1be526595
critical,exact_duplicate,high,rich_v2_csv_snapshot,supabase/rich_question_bank_v2_questions.csv,952,offline_5645,"Di Kurmancî de peyva ""bav"" bi Tirkî çi ye?",Exact normalized duplicate.,155bf9f483549529327144f20f89303e
critical,exact_duplicate,high,rich_v2_csv_snapshot,supabase/rich_question_bank_v2_questions.csv,953,offline_5646,"""kitap"" anlamına gelen Kurmancî kelime hangisidir?",Exact normalized duplicate.,7385b64151c8cc20f3f32889eeca3395
critical,exact_duplicate,high,rich_v2_csv_snapshot,supabase/rich_question_bank_v2_questions.csv,954,offline_5647,"Peyva ""nivîsandin"" ""gitmek"" anlamına gelir.",Exact normalized duplicate.,ad18b901a29553d9ace1a6b31ecd4ae5
critical,exact_duplicate,high,rich_v2_csv_snapshot,supabase/rich_question_bank_v2_questions.csv,955,offline_5648,"Peyva ""pîr"" ""genç"" anlamına gelir.",Exact normalized duplicate.,ef9cabc68d7e5feaa8879e5ec4414615
critical,exact_duplicate,high,rich_v2_csv_snapshot,supabase/rich_question_bank_v2_questions.csv,956,offline_5649,"Peyva ""xwendekar"" ""doğru"" anlamına gelir.",Exact normalized duplicate.,8fd436032ad9cbbf22de75c7eb419879
critical,exact_duplicate,high,rich_v2_csv_snapshot,supabase/rich_question_bank_v2_questions.csv,957,offline_5650,"Peyva ""kar"" ""sanat"" anlamına gelir.",Exact normalized duplicate.,739932806de0458ce63f19fb45879788
critical,exact_duplicate,high,rich_v2_csv_snapshot,supabase/rich_question_bank_v2_questions.csv,958,offline_5651,"Peyva ""şêr"" ""aslan"" anlamına gelir.",Exact normalized duplicate.,60adb65544efcc99abad3112dc9aced5
critical,exact_duplicate,high,rich_v2_csv_snapshot,supabase/rich_question_bank_v2_questions.csv,959,offline_5652,"Peyva ""biçûk"" ""küçük"" anlamına gelir.",Exact normalized duplicate.,d4f843124d68e8c717d908fdf200ae49
critical,exact_duplicate,high,rich_v2_csv_snapshot,supabase/rich_question_bank_v2_questions.csv,960,offline_5653,"Di Kurmancî de peyva ""kursî"" bi Tirkî çi ye?",Exact normalized duplicate.,8f61487b9dcd6d14fd26bbdbe5eb3cb7
critical,exact_duplicate,high,rich_v2_csv_snapshot,supabase/rich_question_bank_v2_questions.csv,961,offline_5654,"""sandalye"" anlamına gelen Kurmancî kelime hangisidir?",Exact normalized duplicate.,87bd8c56e42df0c83df1ae271599025a
critical,exact_duplicate,high,rich_v2_csv_snapshot,supabase/rich_question_bank_v2_questions.csv,962,offline_5655,"""ekmek"" anlamına gelen Kurmancî kelime hangisidir?",Exact normalized duplicate.,862124cf7bc97c4259b0ca09f156bed3
critical,exact_duplicate,high,rich_v2_csv_snapshot,supabase/rich_question_bank_v2_questions.csv,963,offline_5656,"""yemekhane"" anlamına gelen Kurmancî kelime hangisidir?",Exact normalized duplicate.,52ed0cf05c5007165a65aa056f9f2bab
critical,exact_duplicate,high,rich_v2_csv_snapshot,supabase/rich_question_bank_v2_questions.csv,964,offline_5657,"""deniz"" anlamına gelen Kurmancî kelime hangisidir?",Exact normalized duplicate.,4686edeab6dc3dcb9d3e55034cbe0fb6
critical,exact_duplicate,high,rich_v2_csv_snapshot,supabase/rich_question_bank_v2_questions.csv,965,offline_5658,"Di Kurmancî de peyva ""dest"" bi Tirkî çi ye?",Exact normalized duplicate.,c696bbb98fd66c32f9a0e5a9ba4d77d6
critical,exact_duplicate,high,rich_v2_csv_snapshot,supabase/rich_question_bank_v2_questions.csv,967,offline_5660,"Peyva ""îro"" ""dün"" anlamına gelir.",Exact normalized duplicate.,54c9cc1562ee0298d9131de6fc87ec02
critical,exact_duplicate,high,rich_v2_csv_snapshot,supabase/rich_question_bank_v2_questions.csv,968,offline_5661,"Peyva ""xwendekar"" ""doğru"" anlamına gelir.",Exact normalized duplicate.,8fd436032ad9cbbf22de75c7eb419879
critical,exact_duplicate,high,rich_v2_csv_snapshot,supabase/rich_question_bank_v2_questions.csv,971,offline_5664,"""kaya"" anlamına gelen Kurmancî kelime hangisidir?",Exact normalized duplicate.,be313d8d59e3835552a61b4c8407d877
critical,exact_duplicate,high,rich_v2_csv_snapshot,supabase/rich_question_bank_v2_questions.csv,972,offline_5665,"Di Kurmancî de peyva ""xwendegeh"" bi Tirkî çi ye?",Exact normalized duplicate.,31c4b8a2279b31f7a9fc454ccb17c246
critical,exact_duplicate,high,rich_v2_csv_snapshot,supabase/rich_question_bank_v2_questions.csv,973,offline_5666,"Peyva ""deng"" ""ses"" anlamına gelir.",Exact normalized duplicate.,a0a02084c855138a048d14f7ef8ae9d1
critical,exact_duplicate,high,rich_v2_csv_snapshot,supabase/rich_question_bank_v2_questions.csv,974,offline_5667,"Peyva ""pir"" ""çok"" anlamına gelir.",Exact normalized duplicate.,86b26f8ad38e58cee400cc2cb963f278
critical,exact_duplicate,high,rich_v2_csv_snapshot,supabase/rich_question_bank_v2_questions.csv,975,offline_5668,"Peyva ""biçûk"" ""küçük"" anlamına gelir.",Exact normalized duplicate.,d4f843124d68e8c717d908fdf200ae49
critical,exact_duplicate,high,rich_v2_csv_snapshot,supabase/rich_question_bank_v2_questions.csv,976,offline_5669,"Peyva ""hesp"" ""aslan"" anlamına gelir.",Exact normalized duplicate.,5686a09002b58a0064fc33d79b9409c1
critical,exact_duplicate,high,rich_v2_csv_snapshot,supabase/rich_question_bank_v2_questions.csv,977,offline_5670,"""ağız"" anlamına gelen Kurmancî kelime hangisidir?",Exact normalized duplicate.,3fe3d0c5b108cdc8be5e2152a3767f5e
critical,exact_duplicate,high,rich_v2_csv_snapshot,supabase/rich_question_bank_v2_questions.csv,978,offline_5671,"""okul"" anlamına gelen Kurmancî kelime hangisidir?",Exact normalized duplicate.,0635a979de007ae2065f84499d5dbab8
critical,exact_duplicate,high,rich_v2_csv_snapshot,supabase/rich_question_bank_v2_questions.csv,979,offline_5672,"Peyva ""mase"" ""sandalye"" anlamına gelir.",Exact normalized duplicate.,2c68ed6771cdd4a639e9c0105363ed5e
critical,exact_duplicate,high,rich_v2_csv_snapshot,supabase/rich_question_bank_v2_questions.csv,980,offline_5673,"Di Kurmancî de peyva ""guh"" bi Tirkî çi ye?",Exact normalized duplicate.,2d96c8de03fef92c1ff150e1be20a73f
critical,exact_duplicate,high,rich_v2_csv_snapshot,supabase/rich_question_bank_v2_questions.csv,981,offline_5674,"Di Kurmancî de peyva ""welat"" bi Tirkî çi ye?",Exact normalized duplicate.,506223694c1a0b51d8b0985bbcfbfe80
critical,exact_duplicate,high,rich_v2_csv_snapshot,supabase/rich_question_bank_v2_questions.csv,982,offline_5675,"Peyva ""pê"" ""baş/kafa"" anlamına gelir.",Exact normalized duplicate.,9588810b2a7e8b794d32d183ce39327b
critical,exact_duplicate,high,rich_v2_csv_snapshot,supabase/rich_question_bank_v2_questions.csv,984,offline_5677,"""erkek"" anlamına gelen Kurmancî kelime hangisidir?",Exact normalized duplicate.,c0e57b4c1f811f9b7040c343c2605726
critical,exact_duplicate,high,rich_v2_csv_snapshot,supabase/rich_question_bank_v2_questions.csv,985,offline_5678,"Di Kurmancî de peyva ""duh"" bi Tirkî çi ye?",Exact normalized duplicate.,884222c3b5dea9e1cfb93ed7567e81ce
critical,exact_duplicate,high,rich_v2_csv_snapshot,supabase/rich_question_bank_v2_questions.csv,986,offline_5679,"""şehir"" anlamına gelen Kurmancî kelime hangisidir?",Exact normalized duplicate.,edb23e1207a17f19d6afbba2d4cf30da
critical,exact_duplicate,high,rich_v2_csv_snapshot,supabase/rich_question_bank_v2_questions.csv,987,offline_5680,"Peyva ""sar"" ""küçük"" anlamına gelir.",Exact normalized duplicate.,a79ff835a15f0f9b7c06ccc8fcb9fc57
critical,exact_duplicate,high,rich_v2_csv_snapshot,supabase/rich_question_bank_v2_questions.csv,988,offline_5681,"Peyva ""cîhan"" ""sevmek"" anlamına gelir.",Exact normalized duplicate.,fc3588dc215cb767c787097797f17a8a
critical,exact_duplicate,high,rich_v2_csv_snapshot,supabase/rich_question_bank_v2_questions.csv,991,offline_5684,"Peyva ""çiya"" ""kalp/dil"" anlamına gelir.",Exact normalized duplicate.,7cf00b15fbe27f8866bdc33e8f999440
critical,exact_duplicate,high,rich_v2_csv_snapshot,supabase/rich_question_bank_v2_questions.csv,993,offline_5686,"""okumak"" anlamına gelen Kurmancî kelime hangisidir?",Exact normalized duplicate.,17c809018d4d1a63c940757ff690f827
critical,exact_duplicate,high,rich_v2_csv_snapshot,supabase/rich_question_bank_v2_questions.csv,994,offline_5687,"""saç"" anlamına gelen Kurmancî kelime hangisidir?",Exact normalized duplicate.,64a045a5ca5da07997f5e972d5f3f2c0
critical,exact_duplicate,high,rich_v2_csv_snapshot,supabase/rich_question_bank_v2_questions.csv,995,offline_5688,"Peyva ""çiya"" ""kalp/dil"" anlamına gelir.",Exact normalized duplicate.,7cf00b15fbe27f8866bdc33e8f999440
critical,exact_duplicate,high,rich_v2_csv_snapshot,supabase/rich_question_bank_v2_questions.csv,996,offline_5689,"Peyva ""guh"" ""göz"" anlamına gelir.",Exact normalized duplicate.,26324b060ca58ed7c1eea4ca9f8920c1
critical,exact_duplicate,high,rich_v2_csv_snapshot,supabase/rich_question_bank_v2_questions.csv,997,offline_5690,"Peyva ""pê"" ""ayak"" anlamına gelir.",Exact normalized duplicate.,0506a928dcc7d9ae2ca5075c50edebd0
critical,exact_duplicate,high,rich_v2_csv_snapshot,supabase/rich_question_bank_v2_questions.csv,998,offline_5691,"""yazmak"" anlamına gelen Kurmancî kelime hangisidir?",Exact normalized duplicate.,de69c93080f432fef04b200928ba30a2
critical,exact_duplicate,high,rich_v2_csv_snapshot,supabase/rich_question_bank_v2_questions.csv,999,offline_5692,"""işitmek"" anlamına gelen Kurmancî kelime hangisidir?",Exact normalized duplicate.,bf237623afad693c82a0d48617297491
critical,exact_duplicate,high,rich_v2_csv_snapshot,supabase/rich_question_bank_v2_questions.csv,1001,offline_5694,"Peyva ""xwendin"" ""okumak"" anlamına gelir.",Exact normalized duplicate.,39cd1a708dff4b3c5db1d0499fcfde6d
critical,exact_duplicate,high,rich_v2_csv_snapshot,supabase/rich_question_bank_v2_questions.csv,1002,offline_5695,"Peyva ""nanpêj"" ""iş"" anlamına gelir.",Exact normalized duplicate.,76256d7d6e1b9fd6e729ba9cf58d94f2
critical,exact_duplicate,high,rich_v2_csv_snapshot,supabase/rich_question_bank_v2_questions.csv,1003,offline_5696,"""çeşme/pınar"" anlamına gelen Kurmancî kelime hangisidir?",Exact normalized duplicate.,c875d4771a927aff047d927705d78646
critical,exact_duplicate,high,rich_v2_csv_snapshot,supabase/rich_question_bank_v2_questions.csv,1004,offline_5697,"""doğru"" anlamına gelen Kurmancî kelime hangisidir?",Exact normalized duplicate.,3e1670553de758d4491dd4cb4ee80a13
critical,exact_duplicate,high,rich_v2_csv_snapshot,supabase/rich_question_bank_v2_questions.csv,1005,offline_5698,"Peyva ""stêrk"" ""yıldız"" anlamına gelir.",Exact normalized duplicate.,912fc66a10be0983089ec44507691c82
critical,exact_duplicate,high,rich_v2_csv_snapshot,supabase/rich_question_bank_v2_questions.csv,1006,offline_5699,"""yazmak"" anlamına gelen Kurmancî kelime hangisidir?",Exact normalized duplicate.,de69c93080f432fef04b200928ba30a2
critical,exact_duplicate,high,rich_v2_csv_snapshot,supabase/rich_question_bank_v2_questions.csv,1008,offline_5701,"Di Kurmancî de peyva ""berf"" bi Tirkî çi ye?",Exact normalized duplicate.,47e3805a765a7ed3b62accec95bb627f
critical,exact_duplicate,high,rich_v2_csv_snapshot,supabase/rich_question_bank_v2_questions.csv,1010,offline_5703,"Di Kurmancî de peyva ""xwendin"" bi Tirkî çi ye?",Exact normalized duplicate.,346ada3e10163c2da4a76920806c6b0a
critical,exact_duplicate,high,rich_v2_csv_snapshot,supabase/rich_question_bank_v2_questions.csv,1011,offline_5704,"""şehir"" anlamına gelen Kurmancî kelime hangisidir?",Exact normalized duplicate.,edb23e1207a17f19d6afbba2d4cf30da
critical,exact_duplicate,high,rich_v2_csv_snapshot,supabase/rich_question_bank_v2_questions.csv,1012,offline_5705,"Peyva ""dil"" ""kalp/dil"" anlamına gelir.",Exact normalized duplicate.,9820cc1237846eaaa87b0a63dd2029d1
critical,exact_duplicate,high,rich_v2_csv_snapshot,supabase/rich_question_bank_v2_questions.csv,1013,offline_5706,"Peyva ""ciwan"" ""kadın"" anlamına gelir.",Exact normalized duplicate.,84aa2ec7b9db58a642df040874c0657c
critical,exact_duplicate,high,rich_v2_csv_snapshot,supabase/rich_question_bank_v2_questions.csv,1015,offline_5708,"Peyva ""heval"" ""şehir"" anlamına gelir.",Exact normalized duplicate.,f66f713661b0a4fd83bb1bab57698b8b
critical,exact_duplicate,high,rich_v2_csv_snapshot,supabase/rich_question_bank_v2_questions.csv,1016,offline_5709,"Peyva ""zinar"" ""kaya"" anlamına gelir.",Exact normalized duplicate.,35c88efcca7cefdd879aa8258b0084c0
critical,exact_duplicate,high,rich_v2_csv_snapshot,supabase/rich_question_bank_v2_questions.csv,1017,offline_5710,"Di Kurmancî de peyva ""ser"" bi Tirkî çi ye?",Exact normalized duplicate.,e53dd00bd341056202c24f9ef9cff18d
critical,exact_duplicate,high,rich_v2_csv_snapshot,supabase/rich_question_bank_v2_questions.csv,1018,offline_5711,"Peyva ""mêr"" ""aile"" anlamına gelir.",Exact normalized duplicate.,785184b5bf4a7ac0c6536bbd505a7f8d
critical,exact_duplicate,high,rich_v2_csv_snapshot,supabase/rich_question_bank_v2_questions.csv,1019,offline_5712,"""su"" anlamına gelen Kurmancî kelime hangisidir?",Exact normalized duplicate.,c54ea4e9a832c3d70ab07536d99599a7
critical,exact_duplicate,high,rich_v2_csv_snapshot,supabase/rich_question_bank_v2_questions.csv,1021,offline_5714,"""köy"" anlamına gelen Kurmancî kelime hangisidir?",Exact normalized duplicate.,827566c00463a1429c098d45038faa2f
critical,exact_duplicate,high,rich_v2_csv_snapshot,supabase/rich_question_bank_v2_questions.csv,1022,offline_5715,"Peyva ""çûn"" ""gitmek"" anlamına gelir.",Exact normalized duplicate.,3efcc612690a442a136c4e8ad7ba8f07
critical,exact_duplicate,high,rich_v2_csv_snapshot,supabase/rich_question_bank_v2_questions.csv,1023,offline_5716,"""okul"" anlamına gelen Kurmancî kelime hangisidir?",Exact normalized duplicate.,0635a979de007ae2065f84499d5dbab8
critical,exact_duplicate,high,rich_v2_csv_snapshot,supabase/rich_question_bank_v2_questions.csv,1024,offline_5717,"Peyva ""ba"" ""yağmur"" anlamına gelir.",Exact normalized duplicate.,364fcccfa1702031ae472cd1be526595
critical,exact_duplicate,high,rich_v2_csv_snapshot,supabase/rich_question_bank_v2_questions.csv,1025,offline_5718,"Di Kurmancî de peyva ""pirtûk"" bi Tirkî çi ye?",Exact normalized duplicate.,efd651b240429728e17bae2597d89416
critical,exact_duplicate,high,rich_v2_csv_snapshot,supabase/rich_question_bank_v2_questions.csv,1027,offline_5720,"Peyva ""dibistan"" ""okul"" anlamına gelir.",Exact normalized duplicate.,f2e77c4add89951c97de85bed24cce94
critical,exact_duplicate,high,rich_v2_csv_snapshot,supabase/rich_question_bank_v2_questions.csv,1028,offline_5721,"Peyva ""bav"" ""dede"" anlamına gelir.",Exact normalized duplicate.,0ba95fb0e496f5b86888d958bce8508f
critical,exact_duplicate,high,rich_v2_csv_snapshot,supabase/rich_question_bank_v2_questions.csv,1030,offline_5723,"""kedi"" anlamına gelen Kurmancî kelime hangisidir?",Exact normalized duplicate.,23f019a1945755fafcd0206c27df7d74
critical,exact_duplicate,high,rich_v2_csv_snapshot,supabase/rich_question_bank_v2_questions.csv,1031,offline_5724,"""dünya"" anlamına gelen Kurmancî kelime hangisidir?",Exact normalized duplicate.,219ea3d98c61d61456ee80329a0e2f37
critical,exact_duplicate,high,rich_v2_csv_snapshot,supabase/rich_question_bank_v2_questions.csv,1032,offline_5725,"Peyva ""çûn"" ""oturmak"" anlamına gelir.",Exact normalized duplicate.,fa1caf0027e670fcac665791d28cf28a
critical,exact_duplicate,high,rich_v2_csv_snapshot,supabase/rich_question_bank_v2_questions.csv,1033,offline_5726,"Di Kurmancî de peyva ""rû"" bi Tirkî çi ye?",Exact normalized duplicate.,e62fdcbec3e52844156a4eb90c98913a
critical,exact_duplicate,high,rich_v2_csv_snapshot,supabase/rich_question_bank_v2_questions.csv,1034,offline_5727,"Di Kurmancî de peyva ""pê"" bi Tirkî çi ye?",Exact normalized duplicate.,27f720a8490961e5731f2a0ecbf8874f
critical,exact_duplicate,high,rich_v2_csv_snapshot,supabase/rich_question_bank_v2_questions.csv,1035,offline_5728,"Di Kurmancî de peyva ""mamoste"" bi Tirkî çi ye?",Exact normalized duplicate.,ed0917d1874bfa3c465f682492f19b33
critical,exact_duplicate,high,rich_v2_csv_snapshot,supabase/rich_question_bank_v2_questions.csv,1036,offline_5729,"Peyva ""gul"" ""gül"" anlamına gelir.",Exact normalized duplicate.,341f78d889aec02f942495978faae591
critical,exact_duplicate,high,rich_v2_csv_snapshot,supabase/rich_question_bank_v2_questions.csv,1037,offline_5730,"Di Kurmancî de peyva ""bav"" bi Tirkî çi ye?",Exact normalized duplicate.,155bf9f483549529327144f20f89303e
critical,exact_duplicate,high,rich_v2_csv_snapshot,supabase/rich_question_bank_v2_questions.csv,1038,offline_5731,"Peyva ""destpêk"" ""başlangıç"" anlamına gelir.",Exact normalized duplicate.,6e04e44c8c3f72e595bc0c4361162a69
critical,exact_duplicate,high,rich_v2_csv_snapshot,supabase/rich_question_bank_v2_questions.csv,1039,offline_5732,"Peyva ""çem"" ""vadi"" anlamına gelir.",Exact normalized duplicate.,e11544b3af15c6bd150f757fb9ef6440
critical,exact_duplicate,high,rich_v2_csv_snapshot,supabase/rich_question_bank_v2_questions.csv,1040,offline_5733,"Peyva ""cîhan"" ""dünya"" anlamına gelir.",Exact normalized duplicate.,6381bb0b07470ee3c15898c227be4129
critical,exact_duplicate,high,rich_v2_csv_snapshot,supabase/rich_question_bank_v2_questions.csv,1041,offline_5734,"Peyva ""ziman"" ""okul"" anlamına gelir.",Exact normalized duplicate.,49483e609cfbd887aea4ed7ca720866a
critical,exact_duplicate,high,rich_v2_csv_snapshot,supabase/rich_question_bank_v2_questions.csv,1042,offline_5735,"Peyva ""dibistan"" ""öğretmen"" anlamına gelir.",Exact normalized duplicate.,299b9d76829b170ec8397a4a4653020a
critical,exact_duplicate,high,rich_v2_csv_snapshot,supabase/rich_question_bank_v2_questions.csv,1044,offline_5737,"Di Kurmancî de peyva ""xwendegeh"" bi Tirkî çi ye?",Exact normalized duplicate.,31c4b8a2279b31f7a9fc454ccb17c246
critical,exact_duplicate,high,rich_v2_csv_snapshot,supabase/rich_question_bank_v2_questions.csv,1045,offline_5738,"Peyva ""huner"" ""sanat"" anlamına gelir.",Exact normalized duplicate.,55e43e7f0903560a7621af433eca8420
critical,exact_duplicate,high,rich_v2_csv_snapshot,supabase/rich_question_bank_v2_questions.csv,1046,offline_5739,"Peyva ""hatin"" ""dağ"" anlamına gelir.",Exact normalized duplicate.,d28137265f6fefbdb86d766dd132d379
critical,exact_duplicate,high,rich_v2_csv_snapshot,supabase/rich_question_bank_v2_questions.csv,1047,offline_5740,"Di Kurmancî de peyva ""xwendin"" bi Tirkî çi ye?",Exact normalized duplicate.,346ada3e10163c2da4a76920806c6b0a
critical,exact_duplicate,high,rich_v2_csv_snapshot,supabase/rich_question_bank_v2_questions.csv,1048,offline_5741,"Peyva ""por"" ""saç"" anlamına gelir.",Exact normalized duplicate.,ace4543fa575a342bed963ef2f81ea5c
critical,exact_duplicate,high,rich_v2_csv_snapshot,supabase/rich_question_bank_v2_questions.csv,1049,offline_5742,"Di Kurmancî de peyva ""çûn"" bi Tirkî çi ye?",Exact normalized duplicate.,353e9304c07b6cba6c8e298f32426c89
critical,exact_duplicate,high,rich_v2_csv_snapshot,supabase/rich_question_bank_v2_questions.csv,1050,offline_5743,"Peyva ""bira"" ""erkek kardeş"" anlamına gelir.",Exact normalized duplicate.,fbf1e20725bf599216c307cf1b33c95e
critical,exact_duplicate,high,rich_v2_csv_snapshot,supabase/rich_question_bank_v2_questions.csv,1051,offline_5744,"Peyva ""rû"" ""yüz"" anlamına gelir.",Exact normalized duplicate.,7eaf1a38b5eb823f57a15b9c48ae73c6
critical,exact_duplicate,high,rich_v2_csv_snapshot,supabase/rich_question_bank_v2_questions.csv,1052,offline_5745,"Di Kurmancî de peyva ""kûçik"" bi Tirkî çi ye?",Exact normalized duplicate.,f78bf130bcb0933908f221c0778e5f00
critical,exact_duplicate,high,rich_v2_csv_snapshot,supabase/rich_question_bank_v2_questions.csv,1054,offline_5747,"Peyva ""pisîk"" ""nehir"" anlamına gelir.",Exact normalized duplicate.,34a2f983b19e961f662fe4feeedfc859
critical,exact_duplicate,high,rich_v2_csv_snapshot,supabase/rich_question_bank_v2_questions.csv,1055,offline_5748,"Di Kurmancî de peyva ""rabûn"" bi Tirkî çi ye?",Exact normalized duplicate.,7bdcac3e8fef69bd6d8ab0dbf6bd9c36
critical,exact_duplicate,high,rich_v2_csv_snapshot,supabase/rich_question_bank_v2_questions.csv,1056,offline_5749,"""toprak"" anlamına gelen Kurmancî kelime hangisidir?",Exact normalized duplicate.,b7fb1b860feadf366f4c9698878321c2
critical,exact_duplicate,high,rich_v2_csv_snapshot,supabase/rich_question_bank_v2_questions.csv,1057,offline_5750,"Di Kurmancî de peyva ""biçûk"" bi Tirkî çi ye?",Exact normalized duplicate.,0fe61d359be3e5924632865b7b212e6f
critical,exact_duplicate,high,rich_v2_csv_snapshot,supabase/rich_question_bank_v2_questions.csv,1058,offline_5751,"Di Kurmancî de peyva ""ax"" bi Tirkî çi ye?",Exact normalized duplicate.,6abf272955c7be5b2f8fda9ee0c8da21
critical,exact_duplicate,high,rich_v2_csv_snapshot,supabase/rich_question_bank_v2_questions.csv,1059,offline_5752,"Peyva ""teşt"" ""leğen"" anlamına gelir.",Exact normalized duplicate.,1dd315b590f10d479205d208665c0192
critical,exact_duplicate,high,rich_v2_csv_snapshot,supabase/rich_question_bank_v2_questions.csv,1060,offline_5753,"Peyva ""dê"" ""anne"" anlamına gelir.",Exact normalized duplicate.,1f1fe59382f68eb2124dcf5ef361fe50
critical,exact_duplicate,high,rich_v2_csv_snapshot,supabase/rich_question_bank_v2_questions.csv,1061,offline_5754,"Di Kurmancî de peyva ""xweş"" bi Tirkî çi ye?",Exact normalized duplicate.,b8d528f48022c0200a404fa06d026224
critical,exact_duplicate,high,rich_v2_csv_snapshot,supabase/rich_question_bank_v2_questions.csv,1062,offline_5755,"""renk"" anlamına gelen Kurmancî kelime hangisidir?",Exact normalized duplicate.,56cce0fbc0bf9ab1e440ba2e59d56373
critical,exact_duplicate,high,rich_v2_csv_snapshot,supabase/rich_question_bank_v2_questions.csv,1063,offline_5756,"Peyva ""xweş"" ""güzel/iyi"" anlamına gelir.",Exact normalized duplicate.,8f7fd80e5f50147c5f7cf5cf07ad9499
critical,exact_duplicate,high,rich_v2_csv_snapshot,supabase/rich_question_bank_v2_questions.csv,1064,offline_5757,"""göz"" anlamına gelen Kurmancî kelime hangisidir?",Exact normalized duplicate.,a82c1341d56acba9e16722339dc4bd3c
critical,exact_duplicate,high,rich_v2_csv_snapshot,supabase/rich_question_bank_v2_questions.csv,1065,offline_5758,"Peyva ""kûçik"" ""kedi"" anlamına gelir.",Exact normalized duplicate.,28491a99a0c667b97a7ef7f2aa48350c
critical,exact_duplicate,high,rich_v2_csv_snapshot,supabase/rich_question_bank_v2_questions.csv,1066,offline_5759,"Peyva ""hewa"" ""hava"" anlamına gelir.",Exact normalized duplicate.,5c3586d166530c423d63ba77d1041e56
critical,exact_duplicate,high,rich_v2_csv_snapshot,supabase/rich_question_bank_v2_questions.csv,1067,offline_5760,"Di Kurmancî de peyva ""jin"" bi Tirkî çi ye?",Exact normalized duplicate.,d2082cba486f66d140c0fbe4e54e0cb6
critical,exact_duplicate,high,rich_v2_csv_snapshot,supabase/rich_question_bank_v2_questions.csv,1068,offline_5761,"Peyva ""bira"" ""kız kardeş"" anlamına gelir.",Exact normalized duplicate.,541c2829462207b81eee614b6447d036
critical,exact_duplicate,high,rich_v2_csv_snapshot,supabase/rich_question_bank_v2_questions.csv,1069,offline_5762,"Peyva ""xweş"" ""güzel/iyi"" anlamına gelir.",Exact normalized duplicate.,8f7fd80e5f50147c5f7cf5cf07ad9499
critical,exact_duplicate,high,rich_v2_csv_snapshot,supabase/rich_question_bank_v2_questions.csv,1070,offline_5763,"""görmek"" anlamına gelen Kurmancî kelime hangisidir?",Exact normalized duplicate.,e7c5bc1fc922e934b798cd3406496cb8
critical,exact_duplicate,high,rich_v2_csv_snapshot,supabase/rich_question_bank_v2_questions.csv,1071,offline_5764,"Peyva ""dîtin"" ""işitmek"" anlamına gelir.",Exact normalized duplicate.,840c4f457ed0d3302c2e9f665ff6e688
critical,exact_duplicate,high,rich_v2_csv_snapshot,supabase/rich_question_bank_v2_questions.csv,1072,offline_5765,"""yol"" anlamına gelen Kurmancî kelime hangisidir?",Exact normalized duplicate.,0e6797bccb37765346546e6389db4228
critical,exact_duplicate,high,rich_v2_csv_snapshot,supabase/rich_question_bank_v2_questions.csv,1073,offline_5766,"""küçük"" anlamına gelen Kurmancî kelime hangisidir?",Exact normalized duplicate.,bab78f81e212fdbfeeec541a0ce26574
critical,exact_duplicate,high,rich_v2_csv_snapshot,supabase/rich_question_bank_v2_questions.csv,1074,offline_5767,"Peyva ""gund"" ""ülke/vatan"" anlamına gelir.",Exact normalized duplicate.,e1941ec608d2dcd5bc18277644459837
critical,exact_duplicate,high,rich_v2_csv_snapshot,supabase/rich_question_bank_v2_questions.csv,1075,offline_5768,"Peyva ""gund"" ""köy"" anlamına gelir.",Exact normalized duplicate.,a35d1c70043e761471c2fe1d70d4c8e9
critical,exact_duplicate,high,rich_v2_csv_snapshot,supabase/rich_question_bank_v2_questions.csv,1076,offline_5769,"Di Kurmancî de peyva ""destpêk"" bi Tirkî çi ye?",Exact normalized duplicate.,d19f0f7095c1180c8df24262fcfc7aad
critical,exact_duplicate,high,rich_v2_csv_snapshot,supabase/rich_question_bank_v2_questions.csv,1077,offline_5770,"""dede"" anlamına gelen Kurmancî kelime hangisidir?",Exact normalized duplicate.,e9dd957be4c3a70ba496efce61106761
critical,exact_duplicate,high,rich_v2_csv_snapshot,supabase/rich_question_bank_v2_questions.csv,1078,offline_5771,"Di Kurmancî de peyva ""dê"" bi Tirkî çi ye?",Exact normalized duplicate.,82cc44049a0a3a81187061286d6cf45b
critical,exact_duplicate,high,rich_v2_csv_snapshot,supabase/rich_question_bank_v2_questions.csv,1079,offline_5772,"Peyva ""xwendin"" ""okumak"" anlamına gelir.",Exact normalized duplicate.,39cd1a708dff4b3c5db1d0499fcfde6d
critical,exact_duplicate,high,rich_v2_csv_snapshot,supabase/rich_question_bank_v2_questions.csv,1080,offline_5773,"""okul/akademi"" anlamına gelen Kurmancî kelime hangisidir?",Exact normalized duplicate.,7958585e422cba45135fea965fb8a373
critical,exact_duplicate,high,rich_v2_csv_snapshot,supabase/rich_question_bank_v2_questions.csv,1081,offline_5774,"Di Kurmancî de peyva ""hesp"" bi Tirkî çi ye?",Exact normalized duplicate.,674d273ecede7092e854ac6ab9cc4d76
critical,exact_duplicate,high,rich_v2_csv_snapshot,supabase/rich_question_bank_v2_questions.csv,1083,offline_5776,"Peyva ""reng"" ""yaşlı/ihtiyar"" anlamına gelir.",Exact normalized duplicate.,4a55c8b3eea52397d750b05756ec1ed6
critical,exact_duplicate,high,rich_v2_csv_snapshot,supabase/rich_question_bank_v2_questions.csv,1084,offline_5777,"Peyva ""dil"" ""kalp/dil"" anlamına gelir.",Exact normalized duplicate.,9820cc1237846eaaa87b0a63dd2029d1
critical,exact_duplicate,high,rich_v2_csv_snapshot,supabase/rich_question_bank_v2_questions.csv,1085,offline_5778,"Di Kurmancî de peyva ""kal"" bi Tirkî çi ye?",Exact normalized duplicate.,73cc91eff3ba38c8653fa3fd2b58a61b
critical,exact_duplicate,high,rich_v2_csv_snapshot,supabase/rich_question_bank_v2_questions.csv,1086,offline_5779,"Peyva ""teşt"" ""leğen"" anlamına gelir.",Exact normalized duplicate.,1dd315b590f10d479205d208665c0192
critical,exact_duplicate,high,rich_v2_csv_snapshot,supabase/rich_question_bank_v2_questions.csv,1087,offline_5780,"Di Kurmancî de peyva ""xanî"" bi Tirkî çi ye?",Exact normalized duplicate.,f9cf25fb0e2d87ea61f2f33564a290be
critical,exact_duplicate,high,rich_v2_csv_snapshot,supabase/rich_question_bank_v2_questions.csv,1088,offline_5781,"Di Kurmancî de peyva ""xwîşk"" bi Tirkî çi ye?",Exact normalized duplicate.,04d05c152b0cf31980f93df69eec2b44
critical,exact_duplicate,high,rich_v2_csv_snapshot,supabase/rich_question_bank_v2_questions.csv,1089,offline_5782,"Peyva ""sar"" ""soğuk"" anlamına gelir.",Exact normalized duplicate.,d1be0b9b2916d34eeb8d15aa1a35e422
critical,exact_duplicate,high,rich_v2_csv_snapshot,supabase/rich_question_bank_v2_questions.csv,1091,offline_5784,"Peyva ""duh"" ""ad/isim"" anlamına gelir.",Exact normalized duplicate.,59050658c5f90c742efa0913f6b4d692
critical,exact_duplicate,high,rich_v2_csv_snapshot,supabase/rich_question_bank_v2_questions.csv,1092,offline_5785,"Peyva ""teşt"" ""yemekhane"" anlamına gelir.",Exact normalized duplicate.,7cee94f946d6dc8931f37c1613556a4e
critical,exact_duplicate,high,rich_v2_csv_snapshot,supabase/rich_question_bank_v2_questions.csv,1093,offline_5786,"Di Kurmancî de peyva ""çav"" bi Tirkî çi ye?",Exact normalized duplicate.,6e9768e35bdec72ff91b6b2ff635dbe2
critical,exact_duplicate,high,rich_v2_csv_snapshot,supabase/rich_question_bank_v2_questions.csv,1094,offline_5787,"Di Kurmancî de peyva ""mase"" bi Tirkî çi ye?",Exact normalized duplicate.,8034da3d9897d96c004ed62932a82598
critical,exact_duplicate,high,rich_v2_csv_snapshot,supabase/rich_question_bank_v2_questions.csv,1096,offline_5789,"""anne"" anlamına gelen Kurmancî kelime hangisidir?",Exact normalized duplicate.,20f84dc60a2a5e918506d923d280c397
critical,exact_duplicate,high,rich_v2_csv_snapshot,supabase/rich_question_bank_v2_questions.csv,1097,offline_5790,"""görmek"" anlamına gelen Kurmancî kelime hangisidir?",Exact normalized duplicate.,e7c5bc1fc922e934b798cd3406496cb8
critical,exact_duplicate,high,rich_v2_csv_snapshot,supabase/rich_question_bank_v2_questions.csv,1098,offline_5791,"Peyva ""rûniştin"" ""oturmak"" anlamına gelir.",Exact normalized duplicate.,cdb044dbb1b60054d293c0f3c662c33b
critical,exact_duplicate,high,rich_v2_csv_snapshot,supabase/rich_question_bank_v2_questions.csv,1100,offline_5793,"Peyva ""ciwan"" ""genç"" anlamına gelir.",Exact normalized duplicate.,0b1e509b55a884b9064500118590e516
critical,exact_duplicate,high,rich_v2_csv_snapshot,supabase/rich_question_bank_v2_questions.csv,1101,offline_5794,"""baş/kafa"" anlamına gelen Kurmancî kelime hangisidir?",Exact normalized duplicate.,411b6daddd74a19e652d0c509d4457c0
critical,exact_duplicate,high,rich_v2_csv_snapshot,supabase/rich_question_bank_v2_questions.csv,1102,offline_5795,"Peyva ""axaftin"" ""görmek"" anlamına gelir.",Exact normalized duplicate.,97adeb7236588817d15b34d396d0d974
critical,exact_duplicate,high,rich_v2_csv_snapshot,supabase/rich_question_bank_v2_questions.csv,1104,offline_5797,"""yaşlı/ihtiyar"" anlamına gelen Kurmancî kelime hangisidir?",Exact normalized duplicate.,a64b709308f6ff2bea99670d264aa422
critical,exact_duplicate,high,rich_v2_csv_snapshot,supabase/rich_question_bank_v2_questions.csv,1106,offline_5799,"Di Kurmancî de peyva ""pîr"" bi Tirkî çi ye?",Exact normalized duplicate.,681e6eecc8668bf7c347fd713b861dba
critical,exact_duplicate,high,rich_v2_csv_snapshot,supabase/rich_question_bank_v2_questions.csv,1107,offline_5800,"""küçük"" anlamına gelen Kurmancî kelime hangisidir?",Exact normalized duplicate.,bab78f81e212fdbfeeec541a0ce26574
critical,exact_duplicate,high,rich_v2_csv_snapshot,supabase/rich_question_bank_v2_questions.csv,1109,offline_5802,"Peyva ""xanî"" ""bina/ev"" anlamına gelir.",Exact normalized duplicate.,34b86356acf8f73be7314670e50e43ba
critical,exact_duplicate,high,rich_v2_csv_snapshot,supabase/rich_question_bank_v2_questions.csv,1110,offline_5803,"Di Kurmancî de peyva ""dev"" bi Tirkî çi ye?",Exact normalized duplicate.,cf388c56849e57838aeed04c7366fb40
critical,exact_duplicate,high,rich_v2_csv_snapshot,supabase/rich_question_bank_v2_questions.csv,1111,offline_5804,"Peyva ""deşt"" ""ova"" anlamına gelir.",Exact normalized duplicate.,968ea72094506b64ffe5b5bfbbe972e9
critical,exact_duplicate,high,rich_v2_csv_snapshot,supabase/rich_question_bank_v2_questions.csv,1112,offline_5805,"""aile"" anlamına gelen Kurmancî kelime hangisidir?",Exact normalized duplicate.,6c88b7d86d9a1fec21696940744a4fb2
critical,exact_duplicate,high,rich_v2_csv_snapshot,supabase/rich_question_bank_v2_questions.csv,1113,offline_5806,"""rüzgar"" anlamına gelen Kurmancî kelime hangisidir?",Exact normalized duplicate.,f5953f294c00e6aca20ddae73e2f8f00
critical,exact_duplicate,high,rich_v2_csv_snapshot,supabase/rich_question_bank_v2_questions.csv,1114,offline_5807,"Peyva ""derî"" ""kapı"" anlamına gelir.",Exact normalized duplicate.,8a3476ab646e6d6807111fe652e89164
critical,exact_duplicate,high,rich_v2_csv_snapshot,supabase/rich_question_bank_v2_questions.csv,1115,offline_5808,"Peyva ""derî"" ""pencere"" anlamına gelir.",Exact normalized duplicate.,361507251132c16faf3d291257d7f1e2
critical,exact_duplicate,high,rich_v2_csv_snapshot,supabase/rich_question_bank_v2_questions.csv,1116,offline_5809,"""genç"" anlamına gelen Kurmancî kelime hangisidir?",Exact normalized duplicate.,9eda6df4271a33a76795dacb21b6c549
critical,exact_duplicate,high,rich_v2_csv_snapshot,supabase/rich_question_bank_v2_questions.csv,1117,offline_5810,"Peyva ""gund"" ""köy"" anlamına gelir.",Exact normalized duplicate.,a35d1c70043e761471c2fe1d70d4c8e9
critical,exact_duplicate,high,rich_v2_csv_snapshot,supabase/rich_question_bank_v2_questions.csv,1118,offline_5811,"Peyva ""teşt"" ""yemekhane"" anlamına gelir.",Exact normalized duplicate.,7cee94f946d6dc8931f37c1613556a4e
critical,exact_duplicate,high,rich_v2_csv_snapshot,supabase/rich_question_bank_v2_questions.csv,1119,offline_5812,"Di Kurmancî de peyva ""mase"" bi Tirkî çi ye?",Exact normalized duplicate.,8034da3d9897d96c004ed62932a82598
critical,exact_duplicate,high,rich_v2_csv_snapshot,supabase/rich_question_bank_v2_questions.csv,1120,offline_5813,"Di Kurmancî de peyva ""baran"" bi Tirkî çi ye?",Exact normalized duplicate.,12608954ddadc56600031bb1e05a245b
critical,exact_duplicate,high,rich_v2_csv_snapshot,supabase/rich_question_bank_v2_questions.csv,1121,offline_5814,"Peyva ""wêne"" ""resim/fotoğraf"" anlamına gelir.",Exact normalized duplicate.,3101fff9ddc741318f7436aaf4183d4b
critical,exact_duplicate,high,rich_v2_csv_snapshot,supabase/rich_question_bank_v2_questions.csv,1122,offline_5815,"Peyva ""zarok"" ""öğrenci"" anlamına gelir.",Exact normalized duplicate.,4a66a810049707417f5a8e10e9fe96b9
critical,exact_duplicate,high,rich_v2_csv_snapshot,supabase/rich_question_bank_v2_questions.csv,1123,offline_5816,"Di Kurmancî de peyva ""nanxane"" bi Tirkî çi ye?",Exact normalized duplicate.,84e7b7d5a36a59e3dc7cb7c6edb002f8
critical,exact_duplicate,high,rich_v2_csv_snapshot,supabase/rich_question_bank_v2_questions.csv,1124,offline_5817,"Peyva ""mal"" ""kitap"" anlamına gelir.",Exact normalized duplicate.,d5d4950c30a681b6b74f5d22e4f14c5a
critical,exact_duplicate,high,rich_v2_csv_snapshot,supabase/rich_question_bank_v2_questions.csv,1125,offline_5818,"""fırıncı"" anlamına gelen Kurmancî kelime hangisidir?",Exact normalized duplicate.,eea4218640c3ed5508e6f282658ed344
critical,exact_duplicate,high,rich_v2_csv_snapshot,supabase/rich_question_bank_v2_questions.csv,1126,offline_5819,"Peyva ""dapîr"" ""anneanne/babaanne"" anlamına gelir.",Exact normalized duplicate.,48ebeebd612d06de18b64f35acb1a9f4
critical,exact_duplicate,high,rich_v2_csv_snapshot,supabase/rich_question_bank_v2_questions.csv,1127,offline_5820,"Peyva ""xanî"" ""bina/ev"" anlamına gelir.",Exact normalized duplicate.,34b86356acf8f73be7314670e50e43ba
critical,exact_duplicate,high,rich_v2_csv_snapshot,supabase/rich_question_bank_v2_questions.csv,1129,offline_5822,"Di Kurmancî de peyva ""mase"" bi Tirkî çi ye?",Exact normalized duplicate.,8034da3d9897d96c004ed62932a82598
critical,exact_duplicate,high,rich_v2_csv_snapshot,supabase/rich_question_bank_v2_questions.csv,1130,offline_5823,"Di Kurmancî de peyva ""ax"" bi Tirkî çi ye?",Exact normalized duplicate.,6abf272955c7be5b2f8fda9ee0c8da21
critical,exact_duplicate,high,rich_v2_csv_snapshot,supabase/rich_question_bank_v2_questions.csv,1131,offline_5824,"Peyva ""poz"" ""burun"" anlamına gelir.",Exact normalized duplicate.,0d8b0c8d2fd70bb6dd1a46d710196882
critical,exact_duplicate,high,rich_v2_csv_snapshot,supabase/rich_question_bank_v2_questions.csv,1132,offline_5825,"Peyva ""mal"" ""kitap"" anlamına gelir.",Exact normalized duplicate.,d5d4950c30a681b6b74f5d22e4f14c5a
critical,exact_duplicate,high,rich_v2_csv_snapshot,supabase/rich_question_bank_v2_questions.csv,1133,offline_5826,"Di Kurmancî de peyva ""duh"" bi Tirkî çi ye?",Exact normalized duplicate.,884222c3b5dea9e1cfb93ed7567e81ce
critical,exact_duplicate,high,rich_v2_csv_snapshot,supabase/rich_question_bank_v2_questions.csv,1134,offline_5827,"""ülke/vatan"" anlamına gelen Kurmancî kelime hangisidir?",Exact normalized duplicate.,4d3c81e106218589ef1a4f6c204e05a1
critical,exact_duplicate,high,rich_v2_csv_snapshot,supabase/rich_question_bank_v2_questions.csv,1135,offline_5828,"Di Kurmancî de peyva ""kar"" bi Tirkî çi ye?",Exact normalized duplicate.,735d5e75e4d76196491f2f4953064819
critical,exact_duplicate,high,rich_v2_csv_snapshot,supabase/rich_question_bank_v2_questions.csv,1136,offline_5829,"Peyva ""dar"" ""ağaç"" anlamına gelir.",Exact normalized duplicate.,a80b9bdf9b2636a74dbae5803c4b6a7c
critical,exact_duplicate,high,rich_v2_csv_snapshot,supabase/rich_question_bank_v2_questions.csv,1137,offline_5830,"Peyva ""xweş"" ""güzel/iyi"" anlamına gelir.",Exact normalized duplicate.,8f7fd80e5f50147c5f7cf5cf07ad9499
critical,exact_duplicate,high,rich_v2_csv_snapshot,supabase/rich_question_bank_v2_questions.csv,1138,offline_5831,"Di Kurmancî de peyva ""hesp"" bi Tirkî çi ye?",Exact normalized duplicate.,674d273ecede7092e854ac6ab9cc4d76
critical,exact_duplicate,high,rich_v2_csv_snapshot,supabase/rich_question_bank_v2_questions.csv,1140,offline_5833,"Di Kurmancî de peyva ""kurd"" bi Tirkî çi ye?",Exact normalized duplicate.,deda674f99453f14c671d4ab6006ecf0
critical,exact_duplicate,high,rich_v2_csv_snapshot,supabase/rich_question_bank_v2_questions.csv,1141,offline_5834,"Peyva ""pir"" ""başlangıç"" anlamına gelir.",Exact normalized duplicate.,8b30ddc09a630e42fd9b4d7daf19d1aa
critical,exact_duplicate,high,rich_v2_csv_snapshot,supabase/rich_question_bank_v2_questions.csv,1142,offline_5835,"Di Kurmancî de peyva ""derî"" bi Tirkî çi ye?",Exact normalized duplicate.,d3b3e95ae4a42cde8f4a632f3a88dfea
critical,exact_duplicate,high,rich_v2_csv_snapshot,supabase/rich_question_bank_v2_questions.csv,1143,offline_5836,"Peyva ""çûn"" ""oturmak"" anlamına gelir.",Exact normalized duplicate.,fa1caf0027e670fcac665791d28cf28a
critical,exact_duplicate,high,rich_v2_csv_snapshot,supabase/rich_question_bank_v2_questions.csv,1144,offline_5837,"""çok"" anlamına gelen Kurmancî kelime hangisidir?",Exact normalized duplicate.,6361786b9bc0c92f0b1089b2cd10abde
critical,exact_duplicate,high,rich_v2_csv_snapshot,supabase/rich_question_bank_v2_questions.csv,1146,offline_5839,"""çok"" anlamına gelen Kurmancî kelime hangisidir?",Exact normalized duplicate.,6361786b9bc0c92f0b1089b2cd10abde
critical,exact_duplicate,high,rich_v2_csv_snapshot,supabase/rich_question_bank_v2_questions.csv,1147,offline_5840,"""hava"" anlamına gelen Kurmancî kelime hangisidir?",Exact normalized duplicate.,4c9d23fc364d29496336cda2e54a3d1b
critical,exact_duplicate,high,rich_v2_csv_snapshot,supabase/rich_question_bank_v2_questions.csv,1148,offline_5841,"""kalkmak"" anlamına gelen Kurmancî kelime hangisidir?",Exact normalized duplicate.,5b43870dc6addc2bfdad8bc1f4d43444
critical,exact_duplicate,high,rich_v2_csv_snapshot,supabase/rich_question_bank_v2_questions.csv,1149,offline_5842,"Peyva ""zarok"" ""çocuk"" anlamına gelir.",Exact normalized duplicate.,2442a8fd6751b78e7d3363492b7697bc
critical,exact_duplicate,high,rich_v2_csv_snapshot,supabase/rich_question_bank_v2_questions.csv,1150,offline_5843,"""ağaç"" anlamına gelen Kurmancî kelime hangisidir?",Exact normalized duplicate.,3d6e12e9b7554e7e3e7dcafeeddb6dd8
critical,exact_duplicate,high,rich_v2_csv_snapshot,supabase/rich_question_bank_v2_questions.csv,1151,offline_5844,"Di Kurmancî de peyva ""dê"" bi Tirkî çi ye?",Exact normalized duplicate.,82cc44049a0a3a81187061286d6cf45b
critical,exact_duplicate,high,rich_v2_csv_snapshot,supabase/rich_question_bank_v2_questions.csv,1152,offline_5845,"Di Kurmancî de peyva ""rûniştin"" bi Tirkî çi ye?",Exact normalized duplicate.,b8017fa30c542132aa372329da13ea02
critical,exact_duplicate,high,rich_v2_csv_snapshot,supabase/rich_question_bank_v2_questions.csv,1153,offline_5846,"""kitap"" anlamına gelen Kurmancî kelime hangisidir?",Exact normalized duplicate.,7385b64151c8cc20f3f32889eeca3395
critical,exact_duplicate,high,rich_v2_csv_snapshot,supabase/rich_question_bank_v2_questions.csv,1154,offline_5847,"Peyva ""deşt"" ""ova"" anlamına gelir.",Exact normalized duplicate.,968ea72094506b64ffe5b5bfbbe972e9
critical,exact_duplicate,high,rich_v2_csv_snapshot,supabase/rich_question_bank_v2_questions.csv,1155,offline_5848,"Peyva ""welat"" ""dünya"" anlamına gelir.",Exact normalized duplicate.,157f979abc5f91ef14140997fe2a627d
critical,exact_duplicate,high,rich_v2_csv_snapshot,supabase/rich_question_bank_v2_questions.csv,1156,offline_5849,"Peyva ""reng"" ""yaşlı/ihtiyar"" anlamına gelir.",Exact normalized duplicate.,4a55c8b3eea52397d750b05756ec1ed6
critical,exact_duplicate,high,rich_v2_csv_snapshot,supabase/rich_question_bank_v2_questions.csv,1158,offline_5851,"Di Kurmancî de peyva ""destpêk"" bi Tirkî çi ye?",Exact normalized duplicate.,d19f0f7095c1180c8df24262fcfc7aad
critical,exact_duplicate,high,rich_v2_csv_snapshot,supabase/rich_question_bank_v2_questions.csv,1159,offline_5852,"Di Kurmancî de peyva ""dîtin"" bi Tirkî çi ye?",Exact normalized duplicate.,92fb98d7c0d1671a9de6378b72276689
critical,exact_duplicate,high,rich_v2_csv_snapshot,supabase/rich_question_bank_v2_questions.csv,1160,offline_5853,"Peyva ""welat"" ""dünya"" anlamına gelir.",Exact normalized duplicate.,157f979abc5f91ef14140997fe2a627d
critical,exact_duplicate,high,rich_v2_csv_snapshot,supabase/rich_question_bank_v2_questions.csv,1161,offline_5854,"Di Kurmancî de peyva ""xwendin"" bi Tirkî çi ye?",Exact normalized duplicate.,346ada3e10163c2da4a76920806c6b0a
critical,exact_duplicate,high,rich_v2_csv_snapshot,supabase/rich_question_bank_v2_questions.csv,1162,offline_5855,"Peyva ""malbat"" ""aile"" anlamına gelir.",Exact normalized duplicate.,99cc75d39da74e7d498d3873ff0dd01f
critical,exact_duplicate,high,rich_v2_csv_snapshot,supabase/rich_question_bank_v2_questions.csv,1163,offline_5856,"Peyva ""xwîşk"" ""kız kardeş"" anlamına gelir.",Exact normalized duplicate.,6f53a2da6ec47287ae27b7400459e37c
critical,exact_duplicate,high,rich_v2_csv_snapshot,supabase/rich_question_bank_v2_questions.csv,1164,offline_5857,"Di Kurmancî de peyva ""xwendin"" bi Tirkî çi ye?",Exact normalized duplicate.,346ada3e10163c2da4a76920806c6b0a
critical,exact_duplicate,high,rich_v2_csv_snapshot,supabase/rich_question_bank_v2_questions.csv,1165,offline_5858,"Peyva ""kar"" ""sanat"" anlamına gelir.",Exact normalized duplicate.,739932806de0458ce63f19fb45879788
critical,exact_duplicate,high,rich_v2_csv_snapshot,supabase/rich_question_bank_v2_questions.csv,1166,offline_5859,"Di Kurmancî de peyva ""pîr"" bi Tirkî çi ye?",Exact normalized duplicate.,681e6eecc8668bf7c347fd713b861dba
critical,exact_duplicate,high,rich_v2_csv_snapshot,supabase/rich_question_bank_v2_questions.csv,1167,offline_5860,"Peyva ""dev"" ""diş"" anlamına gelir.",Exact normalized duplicate.,022fb0c758c4cef3b6e18e783ea61111
critical,exact_duplicate,high,rich_v2_csv_snapshot,supabase/rich_question_bank_v2_questions.csv,1168,offline_5861,"Peyva ""heyv"" ""ay"" anlamına gelir.",Exact normalized duplicate.,26688a1b5e3f98d9ecee153efc7ae5af
critical,exact_duplicate,high,rich_v2_csv_snapshot,supabase/rich_question_bank_v2_questions.csv,1169,offline_5862,"Peyva ""mamoste"" ""gece"" anlamına gelir.",Exact normalized duplicate.,f53e250992864495d7b9f013c37103b2
critical,exact_duplicate,high,rich_v2_csv_snapshot,supabase/rich_question_bank_v2_questions.csv,1170,offline_5863,"Di Kurmancî de peyva ""malbat"" bi Tirkî çi ye?",Exact normalized duplicate.,0821ce6755b4809b9eaa3d970d4eb071
critical,exact_duplicate,high,rich_v2_csv_snapshot,supabase/rich_question_bank_v2_questions.csv,1171,offline_5864,"Di Kurmancî de peyva ""çav"" bi Tirkî çi ye?",Exact normalized duplicate.,6e9768e35bdec72ff91b6b2ff635dbe2
critical,exact_duplicate,high,rich_v2_csv_snapshot,supabase/rich_question_bank_v2_questions.csv,1173,offline_5866,"Peyva ""kanî"" ""çeşme/pınar"" anlamına gelir.",Exact normalized duplicate.,d298673d87a049064e191200da7c2ae5
critical,exact_duplicate,high,rich_v2_csv_snapshot,supabase/rich_question_bank_v2_questions.csv,1174,offline_5867,"Di Kurmancî de peyva ""xwîşk"" bi Tirkî çi ye?",Exact normalized duplicate.,04d05c152b0cf31980f93df69eec2b44
critical,exact_duplicate,high,rich_v2_csv_snapshot,supabase/rich_question_bank_v2_questions.csv,1175,offline_5868,"Peyva ""gul"" ""gül"" anlamına gelir.",Exact normalized duplicate.,341f78d889aec02f942495978faae591
critical,exact_duplicate,high,rich_v2_csv_snapshot,supabase/rich_question_bank_v2_questions.csv,1176,offline_5869,"Peyva ""nanpêj"" ""fırıncı"" anlamına gelir.",Exact normalized duplicate.,393934ebdd00bf6fa74418cc77164ab6
critical,exact_duplicate,high,rich_v2_csv_snapshot,supabase/rich_question_bank_v2_questions.csv,1178,offline_5871,"Di Kurmancî de peyva ""guh"" bi Tirkî çi ye?",Exact normalized duplicate.,2d96c8de03fef92c1ff150e1be20a73f
critical,exact_duplicate,high,rich_v2_csv_snapshot,supabase/rich_question_bank_v2_questions.csv,1179,offline_5872,"Peyva ""pirtûk"" ""bilmek"" anlamına gelir.",Exact normalized duplicate.,3f6f67d6d8325d573874593334ae290f
critical,exact_duplicate,high,rich_v2_csv_snapshot,supabase/rich_question_bank_v2_questions.csv,1180,offline_5873,"""dağ"" anlamına gelen Kurmancî kelime hangisidir?",Exact normalized duplicate.,8714888eaaeaaea94a95a52164d0a1b0
critical,exact_duplicate,high,rich_v2_csv_snapshot,supabase/rich_question_bank_v2_questions.csv,1181,offline_5874,"Di Kurmancî de peyva ""reng"" bi Tirkî çi ye?",Exact normalized duplicate.,b82e8bb9c82fe3dce2d9019c10cf1e00
critical,exact_duplicate,high,rich_v2_csv_snapshot,supabase/rich_question_bank_v2_questions.csv,1182,offline_5875,"Di Kurmancî de peyva ""xweş"" bi Tirkî çi ye?",Exact normalized duplicate.,b8d528f48022c0200a404fa06d026224
critical,exact_duplicate,high,rich_v2_csv_snapshot,supabase/rich_question_bank_v2_questions.csv,1183,offline_5876,"Peyva ""bajar"" ""şehir"" anlamına gelir.",Exact normalized duplicate.,268401b2d9d339596efaab427471f9c7
critical,exact_duplicate,high,rich_v2_csv_snapshot,supabase/rich_question_bank_v2_questions.csv,1184,offline_5877,"""sevmek"" anlamına gelen Kurmancî kelime hangisidir?",Exact normalized duplicate.,44183f6cd2f25d18a6f46a8a62675c64
critical,exact_duplicate,high,rich_v2_csv_snapshot,supabase/rich_question_bank_v2_questions.csv,1186,offline_5879,"Peyva ""spas"" ""teşekkür"" anlamına gelir.",Exact normalized duplicate.,a48bc55feaceafa9938d329b42e8c6e1
critical,exact_duplicate,high,rich_v2_csv_snapshot,supabase/rich_question_bank_v2_questions.csv,1187,offline_5880,"""leğen"" anlamına gelen Kurmancî kelime hangisidir?",Exact normalized duplicate.,b7105e01c3f03f903800a549251a4b3b
critical,exact_duplicate,high,rich_v2_csv_snapshot,supabase/rich_question_bank_v2_questions.csv,1188,offline_5881,"""fırıncı"" anlamına gelen Kurmancî kelime hangisidir?",Exact normalized duplicate.,eea4218640c3ed5508e6f282658ed344
critical,exact_duplicate,high,rich_v2_csv_snapshot,supabase/rich_question_bank_v2_questions.csv,1189,offline_5882,"Peyva ""zinar"" ""kaya"" anlamına gelir.",Exact normalized duplicate.,35c88efcca7cefdd879aa8258b0084c0
critical,exact_duplicate,high,rich_v2_csv_snapshot,supabase/rich_question_bank_v2_questions.csv,1190,offline_5883,"""kalkmak"" anlamına gelen Kurmancî kelime hangisidir?",Exact normalized duplicate.,5b43870dc6addc2bfdad8bc1f4d43444
critical,exact_duplicate,high,rich_v2_csv_snapshot,supabase/rich_question_bank_v2_questions.csv,1191,offline_5884,"Peyva ""kûçik"" ""köpek"" anlamına gelir.",Exact normalized duplicate.,913fe2bde1d78ab4ed7afa6ae77c008e
critical,exact_duplicate,high,rich_v2_csv_snapshot,supabase/rich_question_bank_v2_questions.csv,1192,offline_5885,"Peyva ""berf"" ""ateş"" anlamına gelir.",Exact normalized duplicate.,ba8065563b2527163293b0c78469eeaa
critical,exact_duplicate,high,rich_v2_csv_snapshot,supabase/rich_question_bank_v2_questions.csv,1193,offline_5886,"""ülke/vatan"" anlamına gelen Kurmancî kelime hangisidir?",Exact normalized duplicate.,4d3c81e106218589ef1a4f6c204e05a1
critical,exact_duplicate,high,rich_v2_csv_snapshot,supabase/rich_question_bank_v2_questions.csv,1194,offline_5887,"""işitmek"" anlamına gelen Kurmancî kelime hangisidir?",Exact normalized duplicate.,bf237623afad693c82a0d48617297491
critical,exact_duplicate,high,rich_v2_csv_snapshot,supabase/rich_question_bank_v2_questions.csv,1195,offline_5888,"Di Kurmancî de peyva ""rabûn"" bi Tirkî çi ye?",Exact normalized duplicate.,7bdcac3e8fef69bd6d8ab0dbf6bd9c36
critical,exact_duplicate,high,rich_v2_csv_snapshot,supabase/rich_question_bank_v2_questions.csv,1196,offline_5889,"Peyva ""hezkirin"" ""okumak"" anlamına gelir.",Exact normalized duplicate.,d0d862b539ffba2b8eda022bd3bb5039
critical,exact_duplicate,high,rich_v2_csv_snapshot,supabase/rich_question_bank_v2_questions.csv,1197,offline_5890,"Peyva ""pirtûk"" ""bilmek"" anlamına gelir.",Exact normalized duplicate.,3f6f67d6d8325d573874593334ae290f
critical,exact_duplicate,high,rich_v2_csv_snapshot,supabase/rich_question_bank_v2_questions.csv,1198,offline_5891,"Di Kurmancî de peyva ""sar"" bi Tirkî çi ye?",Exact normalized duplicate.,207ffdb62cfa85de9e893e809b15d3e1
critical,exact_duplicate,high,rich_v2_csv_snapshot,supabase/rich_question_bank_v2_questions.csv,1199,offline_5892,"Di Kurmancî de peyva ""pê"" bi Tirkî çi ye?",Exact normalized duplicate.,27f720a8490961e5731f2a0ecbf8874f
critical,exact_duplicate,high,rich_v2_csv_snapshot,supabase/rich_question_bank_v2_questions.csv,1200,offline_5893,"Di Kurmancî de peyva ""şêr"" bi Tirkî çi ye?",Exact normalized duplicate.,e1fd0dd4e4b28c19898605967137d6a6
critical,exact_duplicate,high,rich_v2_csv_snapshot,supabase/rich_question_bank_v2_questions.csv,1201,offline_5894,"Di Kurmancî de peyva ""nivîn"" bi Tirkî çi ye?",Exact normalized duplicate.,26f5b981ac2a38d07d50cdee7c48fdbb
critical,exact_duplicate,high,rich_v2_csv_snapshot,supabase/rich_question_bank_v2_questions.csv,1202,offline_5895,"Di Kurmancî de peyva ""kûçik"" bi Tirkî çi ye?",Exact normalized duplicate.,f78bf130bcb0933908f221c0778e5f00
critical,exact_duplicate,high,rich_v2_csv_snapshot,supabase/rich_question_bank_v2_questions.csv,1203,offline_5896,"Peyva ""çav"" ""göz"" anlamına gelir.",Exact normalized duplicate.,13448a5bce771594a7ddf3f1aed854f2
critical,exact_duplicate,high,rich_v2_csv_snapshot,supabase/rich_question_bank_v2_questions.csv,1204,offline_5897,"""yatak"" anlamına gelen Kurmancî kelime hangisidir?",Exact normalized duplicate.,0e9ec5f68d953c496df4b5eb768b23ac
critical,exact_duplicate,high,rich_v2_csv_snapshot,supabase/rich_question_bank_v2_questions.csv,1206,offline_5899,"Peyva ""av"" ""su"" anlamına gelir.",Exact normalized duplicate.,446fb09ea8b35c7c86261c012d012dfc
critical,exact_duplicate,high,rich_v2_csv_snapshot,supabase/rich_question_bank_v2_questions.csv,1207,offline_5900,"""bina/ev"" anlamına gelen Kurmancî kelime hangisidir?",Exact normalized duplicate.,6472956abfcba9d98e71ecdaa3a23712
critical,exact_duplicate,high,rich_v2_csv_snapshot,supabase/rich_question_bank_v2_questions.csv,1208,offline_5901,"Peyva ""zanîn"" ""bilmek"" anlamına gelir.",Exact normalized duplicate.,3ce872b74ae3390b6d9bec3a4d75da9a
critical,exact_duplicate,high,rich_v2_csv_snapshot,supabase/rich_question_bank_v2_questions.csv,1209,offline_5902,"""ateş"" anlamına gelen Kurmancî kelime hangisidir?",Exact normalized duplicate.,a497e160d9dc222375ebb4ef25a43a71
critical,exact_duplicate,high,rich_v2_csv_snapshot,supabase/rich_question_bank_v2_questions.csv,1210,offline_5903,"""bugün"" anlamına gelen Kurmancî kelime hangisidir?",Exact normalized duplicate.,78b162b34038e6940334fac0bd4f60d7
critical,exact_duplicate,high,rich_v2_csv_snapshot,supabase/rich_question_bank_v2_questions.csv,1211,offline_5904,"""oturmak"" anlamına gelen Kurmancî kelime hangisidir?",Exact normalized duplicate.,5326f8686708037ae0f0bddc56bf77b5
critical,exact_duplicate,high,rich_v2_csv_snapshot,supabase/rich_question_bank_v2_questions.csv,1212,offline_5905,"""yatak"" anlamına gelen Kurmancî kelime hangisidir?",Exact normalized duplicate.,0e9ec5f68d953c496df4b5eb768b23ac
critical,exact_duplicate,high,rich_v2_csv_snapshot,supabase/rich_question_bank_v2_questions.csv,1213,offline_5906,"""eski"" anlamına gelen Kurmancî kelime hangisidir?",Exact normalized duplicate.,ed684eb925ff8cbf76470ffe6afaabc5
critical,exact_duplicate,high,rich_v2_csv_snapshot,supabase/rich_question_bank_v2_questions.csv,1214,offline_5907,"Di Kurmancî de peyva ""pir"" bi Tirkî çi ye?",Exact normalized duplicate.,15e35702b4bda737fe3aa5b377dc172c
critical,exact_duplicate,high,rich_v2_csv_snapshot,supabase/rich_question_bank_v2_questions.csv,1215,offline_5908,"""bugün"" anlamına gelen Kurmancî kelime hangisidir?",Exact normalized duplicate.,78b162b34038e6940334fac0bd4f60d7
critical,exact_duplicate,high,rich_v2_csv_snapshot,supabase/rich_question_bank_v2_questions.csv,1216,offline_5909,"Peyva ""dev"" ""ağız"" anlamına gelir.",Exact normalized duplicate.,ad0771f755b9291195d090610059540e
critical,exact_duplicate,high,rich_v2_csv_snapshot,supabase/rich_question_bank_v2_questions.csv,1217,offline_5910,"Di Kurmancî de peyva ""wêne"" bi Tirkî çi ye?",Exact normalized duplicate.,595ddefccf0a3155c4fbb403ecfe7311
critical,exact_duplicate,high,rich_v2_csv_snapshot,supabase/rich_question_bank_v2_questions.csv,1218,offline_5911,"Di Kurmancî de peyva ""rabûn"" bi Tirkî çi ye?",Exact normalized duplicate.,7bdcac3e8fef69bd6d8ab0dbf6bd9c36
critical,exact_duplicate,high,rich_v2_csv_snapshot,supabase/rich_question_bank_v2_questions.csv,1219,offline_5912,"Di Kurmancî de peyva ""nivîsandin"" bi Tirkî çi ye?",Exact normalized duplicate.,4a1db614e7f6500d66218d9336e2330b
critical,exact_duplicate,high,rich_v2_csv_snapshot,supabase/rich_question_bank_v2_questions.csv,1220,offline_5913,"Di Kurmancî de peyva ""duh"" bi Tirkî çi ye?",Exact normalized duplicate.,884222c3b5dea9e1cfb93ed7567e81ce
critical,exact_duplicate,high,rich_v2_csv_snapshot,supabase/rich_question_bank_v2_questions.csv,1221,offline_5914,"Di Kurmancî de peyva ""bira"" bi Tirkî çi ye?",Exact normalized duplicate.,49909de848e8cb8ae15163eeeb00a6d6
critical,exact_duplicate,high,rich_v2_csv_snapshot,supabase/rich_question_bank_v2_questions.csv,1222,offline_5915,"""kalem"" anlamına gelen Kurmancî kelime hangisidir?",Exact normalized duplicate.,902d53237ac1f15158bced5712261b7c
critical,exact_duplicate,high,rich_v2_csv_snapshot,supabase/rich_question_bank_v2_questions.csv,1224,offline_5917,"Peyva ""newal"" ""ova"" anlamına gelir.",Exact normalized duplicate.,b32dcf20585f434629a961c611317ad2
critical,exact_duplicate,high,rich_v2_csv_snapshot,supabase/rich_question_bank_v2_questions.csv,1225,offline_5918,"Peyva ""ciwan"" ""genç"" anlamına gelir.",Exact normalized duplicate.,0b1e509b55a884b9064500118590e516
critical,exact_duplicate,high,rich_v2_csv_snapshot,supabase/rich_question_bank_v2_questions.csv,1226,offline_5919,"""okul/akademi"" anlamına gelen Kurmancî kelime hangisidir?",Exact normalized duplicate.,7958585e422cba45135fea965fb8a373
critical,exact_duplicate,high,rich_v2_csv_snapshot,supabase/rich_question_bank_v2_questions.csv,1227,offline_5920,"Peyva ""çûn"" ""gitmek"" anlamına gelir.",Exact normalized duplicate.,3efcc612690a442a136c4e8ad7ba8f07
critical,exact_duplicate,high,rich_v2_csv_snapshot,supabase/rich_question_bank_v2_questions.csv,1228,offline_5921,"Di Kurmancî de peyva ""sar"" bi Tirkî çi ye?",Exact normalized duplicate.,207ffdb62cfa85de9e893e809b15d3e1
critical,exact_duplicate,high,rich_v2_csv_snapshot,supabase/rich_question_bank_v2_questions.csv,1229,offline_5922,"Di Kurmancî de peyva ""heyv"" bi Tirkî çi ye?",Exact normalized duplicate.,5255cca13ff3be16fba6bb529160c202
critical,exact_duplicate,high,rich_v2_csv_snapshot,supabase/rich_question_bank_v2_questions.csv,1230,offline_5923,"Peyva ""ziman"" ""dil"" anlamına gelir.",Exact normalized duplicate.,1a13c1fe9e1f80b18d1309ecc014ef1d
critical,exact_duplicate,high,rich_v2_csv_snapshot,supabase/rich_question_bank_v2_questions.csv,1231,offline_5924,"Peyva ""ba"" ""yağmur"" anlamına gelir.",Exact normalized duplicate.,364fcccfa1702031ae472cd1be526595
critical,exact_duplicate,high,rich_v2_csv_snapshot,supabase/rich_question_bank_v2_questions.csv,1232,offline_5925,"""ağız"" anlamına gelen Kurmancî kelime hangisidir?",Exact normalized duplicate.,3fe3d0c5b108cdc8be5e2152a3767f5e
critical,exact_duplicate,high,rich_v2_csv_snapshot,supabase/rich_question_bank_v2_questions.csv,1233,offline_5926,"""renk"" anlamına gelen Kurmancî kelime hangisidir?",Exact normalized duplicate.,56cce0fbc0bf9ab1e440ba2e59d56373
critical,exact_duplicate,high,rich_v2_csv_snapshot,supabase/rich_question_bank_v2_questions.csv,1234,offline_5927,"""ayak"" anlamına gelen Kurmancî kelime hangisidir?",Exact normalized duplicate.,22cf8c97648061d9137b993bc21357d3
critical,exact_duplicate,high,rich_v2_csv_snapshot,supabase/rich_question_bank_v2_questions.csv,1235,offline_5928,"Peyva ""pê"" ""baş/kafa"" anlamına gelir.",Exact normalized duplicate.,9588810b2a7e8b794d32d183ce39327b
critical,exact_duplicate,high,rich_v2_csv_snapshot,supabase/rich_question_bank_v2_questions.csv,1236,offline_5929,"Di Kurmancî de peyva ""xwendekar"" bi Tirkî çi ye?",Exact normalized duplicate.,037094c31e42a20125a5ee76ba92c834
critical,exact_duplicate,high,rich_v2_csv_snapshot,supabase/rich_question_bank_v2_questions.csv,1237,offline_5930,"Di Kurmancî de peyva ""kanî"" bi Tirkî çi ye?",Exact normalized duplicate.,94b3feaf02529b1fa33606a90e23a6a3
critical,exact_duplicate,high,rich_v2_csv_snapshot,supabase/rich_question_bank_v2_questions.csv,1238,offline_5931,"Peyva ""hatin"" ""dağ"" anlamına gelir.",Exact normalized duplicate.,d28137265f6fefbdb86d766dd132d379
critical,exact_duplicate,high,rich_v2_csv_snapshot,supabase/rich_question_bank_v2_questions.csv,1239,offline_5932,"Di Kurmancî de peyva ""dil"" bi Tirkî çi ye?",Exact normalized duplicate.,91d81922424e73e1a5df935a3d4dbfae
critical,exact_duplicate,high,rich_v2_csv_snapshot,supabase/rich_question_bank_v2_questions.csv,1240,offline_5933,"""masa"" anlamına gelen Kurmancî kelime hangisidir?",Exact normalized duplicate.,cc54c20690d7c53d964251b6b4edb687
critical,exact_duplicate,high,rich_v2_csv_snapshot,supabase/rich_question_bank_v2_questions.csv,1241,offline_5934,"Di Kurmancî de peyva ""teşt"" bi Tirkî çi ye?",Exact normalized duplicate.,2c0cbfcac3970d75550f947e5e33bef1
critical,exact_duplicate,high,rich_v2_csv_snapshot,supabase/rich_question_bank_v2_questions.csv,1242,offline_5935,"Peyva ""zarok"" ""çocuk"" anlamına gelir.",Exact normalized duplicate.,2442a8fd6751b78e7d3363492b7697bc
critical,exact_duplicate,high,rich_v2_csv_snapshot,supabase/rich_question_bank_v2_questions.csv,1243,offline_5936,"""ateş"" anlamına gelen Kurmancî kelime hangisidir?",Exact normalized duplicate.,a497e160d9dc222375ebb4ef25a43a71
critical,exact_duplicate,high,rich_v2_csv_snapshot,supabase/rich_question_bank_v2_questions.csv,1244,offline_5937,"Di Kurmancî de peyva ""hesp"" bi Tirkî çi ye?",Exact normalized duplicate.,674d273ecede7092e854ac6ab9cc4d76
critical,exact_duplicate,high,rich_v2_csv_snapshot,supabase/rich_question_bank_v2_questions.csv,1245,offline_5938,"Di Kurmancî de peyva ""pênûs"" bi Tirkî çi ye?",Exact normalized duplicate.,b6ab010dc081b320feee658318c27bb5
critical,exact_duplicate,high,rich_v2_csv_snapshot,supabase/rich_question_bank_v2_questions.csv,1246,offline_5939,"""ayak"" anlamına gelen Kurmancî kelime hangisidir?",Exact normalized duplicate.,22cf8c97648061d9137b993bc21357d3
critical,exact_duplicate,high,rich_v2_csv_snapshot,supabase/rich_question_bank_v2_questions.csv,1247,offline_5940,"""kalkmak"" anlamına gelen Kurmancî kelime hangisidir?",Exact normalized duplicate.,5b43870dc6addc2bfdad8bc1f4d43444
critical,exact_duplicate,high,rich_v2_csv_snapshot,supabase/rich_question_bank_v2_questions.csv,1248,offline_5941,"Peyva ""derya"" ""yıldız"" anlamına gelir.",Exact normalized duplicate.,0f5ffb1310f892e542f3fa20c2eeba22
critical,exact_duplicate,high,rich_v2_csv_snapshot,supabase/rich_question_bank_v2_questions.csv,1249,offline_5942,"Peyva ""dîtin"" ""işitmek"" anlamına gelir.",Exact normalized duplicate.,840c4f457ed0d3302c2e9f665ff6e688
critical,exact_duplicate,high,rich_v2_csv_snapshot,supabase/rich_question_bank_v2_questions.csv,1250,offline_5943,"""okul/akademi"" anlamına gelen Kurmancî kelime hangisidir?",Exact normalized duplicate.,7958585e422cba45135fea965fb8a373
critical,exact_duplicate,high,rich_v2_csv_snapshot,supabase/rich_question_bank_v2_questions.csv,1251,offline_5944,"Peyva ""nanxane"" ""yemekhane"" anlamına gelir.",Exact normalized duplicate.,c4334fb32856b1ff5ec404377e13a11b
critical,exact_duplicate,high,wikidata_candidates,supabase/2026-07-14_wikidata_candidate_questions.csv,50,wikidata_0049,What is the capital city of South Africa?,Exact normalized duplicate.,bb153b7947c3566d3db5e73607c692d0
critical,exact_duplicate,high,wikidata_candidates,supabase/2026-07-14_wikidata_candidate_questions.csv,51,wikidata_0050,What is the capital city of South Africa?,Exact normalized duplicate.,bb153b7947c3566d3db5e73607c692d0
critical,exact_duplicate,high,wikidata_candidates,supabase/2026-07-14_wikidata_candidate_questions.csv,104,wikidata_0103,What is the capital city of Kashmir Sultanate?,Exact normalized duplicate.,77fce05d6be6224896faa29407760f98
critical,exact_duplicate,high,wikidata_candidates,supabase/2026-07-14_wikidata_candidate_questions.csv,106,wikidata_0105,What is the capital city of Kashmir Sultanate?,Exact normalized duplicate.,77fce05d6be6224896faa29407760f98
critical,exact_duplicate,high,wikidata_candidates,supabase/2026-07-14_wikidata_candidate_questions.csv,112,wikidata_0111,What is the capital city of Kashmir Sultanate?,Exact normalized duplicate.,77fce05d6be6224896faa29407760f98
critical,exact_duplicate,high,wikidata_candidates,supabase/2026-07-14_wikidata_candidate_questions.csv,120,wikidata_0119,What is the capital city of Palestine?,Exact normalized duplicate.,39851e930732fe9f63bba65febefac27
critical,exact_duplicate,high,wikidata_candidates,supabase/2026-07-14_wikidata_candidate_questions.csv,122,wikidata_0121,What is the capital city of Kashmir Sultanate?,Exact normalized duplicate.,77fce05d6be6224896faa29407760f98
critical,exact_duplicate,high,wikidata_candidates,supabase/2026-07-14_wikidata_candidate_questions.csv,123,wikidata_0122,What is the capital city of Principality of Waldeck?,Exact normalized duplicate.,8f9009d1656acd4a1e33fdbba4cbe2a8
critical,exact_duplicate,high,wikidata_candidates,supabase/2026-07-14_wikidata_candidate_questions.csv,125,wikidata_0124,What is the capital city of Kashmir Sultanate?,Exact normalized duplicate.,77fce05d6be6224896faa29407760f98
critical,exact_duplicate,high,wikidata_candidates,supabase/2026-07-14_wikidata_candidate_questions.csv,133,wikidata_0132,What is the capital city of Bolivia?,Exact normalized duplicate.,7a33d9aecd232be066d8130a507ed37a
critical,exact_duplicate,high,wikidata_candidates,supabase/2026-07-14_wikidata_candidate_questions.csv,169,wikidata_0168,What is the capital city of Yemen?,Exact normalized duplicate.,3562591146ff83ae20cd416d2aba2072
critical,exact_duplicate,high,wikidata_candidates,supabase/2026-07-14_wikidata_candidate_questions.csv,170,wikidata_0169,What is the capital city of Sri Lanka?,Exact normalized duplicate.,f847bb881eaef0e73d42d0ab8213d23f
critical,exact_duplicate,high,wikidata_candidates,supabase/2026-07-14_wikidata_candidate_questions.csv,192,wikidata_0191,What is the capital city of Eswatini?,Exact normalized duplicate.,9e75e5c6d01af822bffdb605e097e043
critical,exact_duplicate,high,wikidata_candidates,supabase/2026-07-14_wikidata_candidate_questions.csv,416,wikidata_0415,What is the area of Sudan?,Exact normalized duplicate.,5621921af10c70d9fd65b7826f3b8b0d
critical,exact_duplicate,high,wikidata_candidates,supabase/2026-07-14_wikidata_candidate_questions.csv,498,wikidata_0497,What is the area of Latvia?,Exact normalized duplicate.,e5ef90627a0a74c127b56789c964726e
critical,exact_duplicate,high,wikidata_candidates,supabase/2026-07-14_wikidata_candidate_questions.csv,515,wikidata_0514,What is the area of Mexico?,Exact normalized duplicate.,1ca785fe486e8a217b09260146672a3e
critical,exact_duplicate,high,wikidata_candidates,supabase/2026-07-14_wikidata_candidate_questions.csv,572,wikidata_0571,What is an official or national language associated with Mali?,Exact normalized duplicate.,8aeb318cee29c7eff273bf99a355b5cf
critical,exact_duplicate,high,wikidata_candidates,supabase/2026-07-14_wikidata_candidate_questions.csv,574,wikidata_0573,What is an official or national language associated with Bolivia?,Exact normalized duplicate.,c9005891069243821109b4d19607dca7
critical,exact_duplicate,high,wikidata_candidates,supabase/2026-07-14_wikidata_candidate_questions.csv,577,wikidata_0576,What is an official or national language associated with Afghanistan?,Exact normalized duplicate.,f6a042f93cb7028405e0498f64a502f1
critical,exact_duplicate,high,wikidata_candidates,supabase/2026-07-14_wikidata_candidate_questions.csv,578,wikidata_0577,What is an official or national language associated with Afghanistan?,Exact normalized duplicate.,f6a042f93cb7028405e0498f64a502f1
critical,exact_duplicate,high,wikidata_candidates,supabase/2026-07-14_wikidata_candidate_questions.csv,580,wikidata_0579,What is an official or national language associated with Afghanistan?,Exact normalized duplicate.,f6a042f93cb7028405e0498f64a502f1
critical,exact_duplicate,high,wikidata_candidates,supabase/2026-07-14_wikidata_candidate_questions.csv,582,wikidata_0581,What is an official or national language associated with Bolivia?,Exact normalized duplicate.,c9005891069243821109b4d19607dca7
critical,exact_duplicate,high,wikidata_candidates,supabase/2026-07-14_wikidata_candidate_questions.csv,583,wikidata_0582,What is an official or national language associated with Bolivia?,Exact normalized duplicate.,c9005891069243821109b4d19607dca7
critical,exact_duplicate,high,wikidata_candidates,supabase/2026-07-14_wikidata_candidate_questions.csv,585,wikidata_0584,What is an official or national language associated with Afghanistan?,Exact normalized duplicate.,f6a042f93cb7028405e0498f64a502f1
critical,exact_duplicate,high,wikidata_candidates,supabase/2026-07-14_wikidata_candidate_questions.csv,589,wikidata_0588,What is an official or national language associated with Mali?,Exact normalized duplicate.,8aeb318cee29c7eff273bf99a355b5cf
critical,exact_duplicate,high,wikidata_candidates,supabase/2026-07-14_wikidata_candidate_questions.csv,590,wikidata_0589,What is an official or national language associated with Mali?,Exact normalized duplicate.,8aeb318cee29c7eff273bf99a355b5cf
critical,exact_duplicate,high,wikidata_candidates,supabase/2026-07-14_wikidata_candidate_questions.csv,591,wikidata_0590,What is an official or national language associated with Central African Republic?,Exact normalized duplicate.,afa11e79d42663ade8762c6efc55e889
critical,exact_duplicate,high,wikidata_candidates,supabase/2026-07-14_wikidata_candidate_questions.csv,594,wikidata_0593,What is an official or national language associated with Afghanistan?,Exact normalized duplicate.,f6a042f93cb7028405e0498f64a502f1
critical,exact_duplicate,high,wikidata_candidates,supabase/2026-07-14_wikidata_candidate_questions.csv,596,wikidata_0595,What is an official or national language associated with Philippines?,Exact normalized duplicate.,be1375dbab1377fd40290a4a1842d01c
critical,exact_duplicate,high,wikidata_candidates,supabase/2026-07-14_wikidata_candidate_questions.csv,598,wikidata_0597,What is an official or national language associated with Philippines?,Exact normalized duplicate.,be1375dbab1377fd40290a4a1842d01c
critical,exact_duplicate,high,wikidata_candidates,supabase/2026-07-14_wikidata_candidate_questions.csv,604,wikidata_0603,What is an official or national language associated with Tanzania?,Exact normalized duplicate.,d9108caebc5668e048f4dfe3ef6b325c
critical,exact_duplicate,high,wikidata_candidates,supabase/2026-07-14_wikidata_candidate_questions.csv,609,wikidata_0608,What is an official or national language associated with Mali?,Exact normalized duplicate.,8aeb318cee29c7eff273bf99a355b5cf
critical,exact_duplicate,high,wikidata_candidates,supabase/2026-07-14_wikidata_candidate_questions.csv,610,wikidata_0609,What is an official or national language associated with Mali?,Exact normalized duplicate.,8aeb318cee29c7eff273bf99a355b5cf
critical,exact_duplicate,high,wikidata_candidates,supabase/2026-07-14_wikidata_candidate_questions.csv,611,wikidata_0610,What is an official or national language associated with Mali?,Exact normalized duplicate.,8aeb318cee29c7eff273bf99a355b5cf
critical,exact_duplicate,high,wikidata_candidates,supabase/2026-07-14_wikidata_candidate_questions.csv,614,wikidata_0613,What is an official or national language associated with Sri Lanka?,Exact normalized duplicate.,6b4eed64613595b57f5ebf250540439e
critical,exact_duplicate,high,wikidata_candidates,supabase/2026-07-14_wikidata_candidate_questions.csv,616,wikidata_0615,What is an official or national language associated with Mali?,Exact normalized duplicate.,8aeb318cee29c7eff273bf99a355b5cf
critical,exact_duplicate,high,wikidata_candidates,supabase/2026-07-14_wikidata_candidate_questions.csv,620,wikidata_0619,What is an official or national language associated with Afghanistan?,Exact normalized duplicate.,f6a042f93cb7028405e0498f64a502f1
critical,exact_duplicate,high,wikidata_candidates,supabase/2026-07-14_wikidata_candidate_questions.csv,621,wikidata_0620,What is an official or national language associated with Mali?,Exact normalized duplicate.,8aeb318cee29c7eff273bf99a355b5cf
critical,exact_duplicate,high,wikidata_candidates,supabase/2026-07-14_wikidata_candidate_questions.csv,622,wikidata_0621,What is an official or national language associated with Afghanistan?,Exact normalized duplicate.,f6a042f93cb7028405e0498f64a502f1
critical,exact_duplicate,high,wikidata_candidates,supabase/2026-07-14_wikidata_candidate_questions.csv,623,wikidata_0622,What is an official or national language associated with Mali?,Exact normalized duplicate.,8aeb318cee29c7eff273bf99a355b5cf
critical,exact_duplicate,high,wikidata_candidates,supabase/2026-07-14_wikidata_candidate_questions.csv,624,wikidata_0623,What is an official or national language associated with Mali?,Exact normalized duplicate.,8aeb318cee29c7eff273bf99a355b5cf
critical,exact_duplicate,high,wikidata_candidates,supabase/2026-07-14_wikidata_candidate_questions.csv,625,wikidata_0624,What is an official or national language associated with Iraq?,Exact normalized duplicate.,44adecab92897e0755b17abd2fb416e7
critical,exact_duplicate,high,wikidata_candidates,supabase/2026-07-14_wikidata_candidate_questions.csv,628,wikidata_0627,What is an official or national language associated with Grenada?,Exact normalized duplicate.,85a34d09b38d1278908939ac2c0f9605
critical,exact_duplicate,high,wikidata_candidates,supabase/2026-07-14_wikidata_candidate_questions.csv,644,wikidata_0643,What is an official or national language associated with Zimbabwe?,Exact normalized duplicate.,376fb517306afa87017c7c58c103da33
critical,exact_duplicate,high,wikidata_candidates,supabase/2026-07-14_wikidata_candidate_questions.csv,647,wikidata_0646,What is an official or national language associated with Brunei?,Exact normalized duplicate.,2b88fc54c504e98fde51fdfc77361a95
critical,exact_duplicate,high,wikidata_candidates,supabase/2026-07-14_wikidata_candidate_questions.csv,649,wikidata_0648,What is an official or national language associated with Zimbabwe?,Exact normalized duplicate.,376fb517306afa87017c7c58c103da33
critical,exact_duplicate,high,wikidata_candidates,supabase/2026-07-14_wikidata_candidate_questions.csv,650,wikidata_0649,What is an official or national language associated with South Korea?,Exact normalized duplicate.,8f24d0041da4c3a10b4181c29771e298
critical,exact_duplicate,high,wikidata_candidates,supabase/2026-07-14_wikidata_candidate_questions.csv,651,wikidata_0650,What is an official or national language associated with Zimbabwe?,Exact normalized duplicate.,376fb517306afa87017c7c58c103da33
critical,exact_duplicate,high,wikidata_candidates,supabase/2026-07-14_wikidata_candidate_questions.csv,652,wikidata_0651,What is an official or national language associated with Zimbabwe?,Exact normalized duplicate.,376fb517306afa87017c7c58c103da33
critical,exact_duplicate,high,wikidata_candidates,supabase/2026-07-14_wikidata_candidate_questions.csv,653,wikidata_0652,What is an official or national language associated with Zimbabwe?,Exact normalized duplicate.,376fb517306afa87017c7c58c103da33
critical,exact_duplicate,high,wikidata_candidates,supabase/2026-07-14_wikidata_candidate_questions.csv,654,wikidata_0653,What is an official or national language associated with Zimbabwe?,Exact normalized duplicate.,376fb517306afa87017c7c58c103da33
critical,exact_duplicate,high,wikidata_candidates,supabase/2026-07-14_wikidata_candidate_questions.csv,655,wikidata_0654,What is an official or national language associated with Mali?,Exact normalized duplicate.,8aeb318cee29c7eff273bf99a355b5cf
critical,exact_duplicate,high,wikidata_candidates,supabase/2026-07-14_wikidata_candidate_questions.csv,657,wikidata_0656,What is an official or national language associated with Jamaica?,Exact normalized duplicate.,11384998979783d46ada21e04548cac5
critical,exact_duplicate,high,wikidata_candidates,supabase/2026-07-14_wikidata_candidate_questions.csv,660,wikidata_0659,What is an official or national language associated with Pakistan?,Exact normalized duplicate.,eb101313e493f7d5ae0e24bb118246b9
critical,exact_duplicate,high,wikidata_candidates,supabase/2026-07-14_wikidata_candidate_questions.csv,661,wikidata_0660,What is an official or national language associated with Afghanistan?,Exact normalized duplicate.,f6a042f93cb7028405e0498f64a502f1
critical,exact_duplicate,high,wikidata_candidates,supabase/2026-07-14_wikidata_candidate_questions.csv,663,wikidata_0662,What is an official or national language associated with Mali?,Exact normalized duplicate.,8aeb318cee29c7eff273bf99a355b5cf
critical,exact_duplicate,high,wikidata_candidates,supabase/2026-07-14_wikidata_candidate_questions.csv,664,wikidata_0663,What is an official or national language associated with Zimbabwe?,Exact normalized duplicate.,376fb517306afa87017c7c58c103da33
critical,exact_duplicate,high,wikidata_candidates,supabase/2026-07-14_wikidata_candidate_questions.csv,667,wikidata_0666,What is an official or national language associated with Zimbabwe?,Exact normalized duplicate.,376fb517306afa87017c7c58c103da33
critical,exact_duplicate,high,wikidata_candidates,supabase/2026-07-14_wikidata_candidate_questions.csv,668,wikidata_0667,What is an official or national language associated with Zimbabwe?,Exact normalized duplicate.,376fb517306afa87017c7c58c103da33
critical,exact_duplicate,high,wikidata_candidates,supabase/2026-07-14_wikidata_candidate_questions.csv,670,wikidata_0669,What is an official or national language associated with Haiti?,Exact normalized duplicate.,49de14f1f60b567faa0e5020e92229a0
critical,exact_duplicate,high,wikidata_candidates,supabase/2026-07-14_wikidata_candidate_questions.csv,675,wikidata_0674,What is an official or national language associated with Belarus?,Exact normalized duplicate.,2b64ea6698194c22a799463ec009101b
critical,exact_duplicate,high,wikidata_candidates,supabase/2026-07-14_wikidata_candidate_questions.csv,679,wikidata_0678,What is an official or national language associated with Canada?,Exact normalized duplicate.,7d026c6ee95bafb0c7e1f1c37528b772
critical,exact_duplicate,high,wikidata_candidates,supabase/2026-07-14_wikidata_candidate_questions.csv,682,wikidata_0681,What is an official or national language associated with Bosnia and Herzegovina?,Exact normalized duplicate.,8f229c7318583af3d6510bf32e4de119
critical,exact_duplicate,high,wikidata_candidates,supabase/2026-07-14_wikidata_candidate_questions.csv,683,wikidata_0682,What is an official or national language associated with Bosnia and Herzegovina?,Exact normalized duplicate.,8f229c7318583af3d6510bf32e4de119
critical,exact_duplicate,high,wikidata_candidates,supabase/2026-07-14_wikidata_candidate_questions.csv,688,wikidata_0687,What is an official or national language associated with Kazakhstan?,Exact normalized duplicate.,df02c80fa1ddfca43f2d702d95c6a846
critical,exact_duplicate,high,wikidata_candidates,supabase/2026-07-14_wikidata_candidate_questions.csv,700,wikidata_0699,What is an official or national language associated with Finland?,Exact normalized duplicate.,651644d313d30a3a08283b2a8f95eeff
critical,exact_duplicate,high,wikidata_candidates,supabase/2026-07-14_wikidata_candidate_questions.csv,701,wikidata_0700,What is an official or national language associated with United States?,Exact normalized duplicate.,243da7634af544ed2127c78f7f3ebd76
critical,exact_duplicate,high,wikidata_candidates,supabase/2026-07-14_wikidata_candidate_questions.csv,708,wikidata_0707,What is an official or national language associated with Ireland?,Exact normalized duplicate.,9ff54d078eb4c665b6dda35f6853fb00
critical,exact_duplicate,high,wikidata_candidates,supabase/2026-07-14_wikidata_candidate_questions.csv,709,wikidata_0708,What is an official or national language associated with Mexico?,Exact normalized duplicate.,69cfb1be00f11e19555574062c3e6ae3
critical,exact_duplicate,high,wikidata_candidates,supabase/2026-07-14_wikidata_candidate_questions.csv,716,wikidata_0715,What is an official or national language associated with South Africa?,Exact normalized duplicate.,de0bc5db3ebe0973ca04d7164038af2b
critical,exact_duplicate,high,wikidata_candidates,supabase/2026-07-14_wikidata_candidate_questions.csv,717,wikidata_0716,What is an official or national language associated with South Africa?,Exact normalized duplicate.,de0bc5db3ebe0973ca04d7164038af2b
critical,exact_duplicate,high,wikidata_candidates,supabase/2026-07-14_wikidata_candidate_questions.csv,718,wikidata_0717,What is an official or national language associated with South Africa?,Exact normalized duplicate.,de0bc5db3ebe0973ca04d7164038af2b
critical,exact_duplicate,high,wikidata_candidates,supabase/2026-07-14_wikidata_candidate_questions.csv,721,wikidata_0720,What is an official or national language associated with South Africa?,Exact normalized duplicate.,de0bc5db3ebe0973ca04d7164038af2b
critical,exact_duplicate,high,wikidata_candidates,supabase/2026-07-14_wikidata_candidate_questions.csv,724,wikidata_0723,What is an official or national language associated with Belgium?,Exact normalized duplicate.,a8522f59bcfca62774f2496f19a94372
critical,exact_duplicate,high,wikidata_candidates,supabase/2026-07-14_wikidata_candidate_questions.csv,725,wikidata_0724,What is an official or national language associated with Belgium?,Exact normalized duplicate.,a8522f59bcfca62774f2496f19a94372
critical,exact_duplicate,high,wikidata_candidates,supabase/2026-07-14_wikidata_candidate_questions.csv,729,wikidata_0728,What is an official or national language associated with Switzerland?,Exact normalized duplicate.,2791aaa0b386c3a79721599ec9ce3632
critical,exact_duplicate,high,wikidata_candidates,supabase/2026-07-14_wikidata_candidate_questions.csv,730,wikidata_0729,What is an official or national language associated with Switzerland?,Exact normalized duplicate.,2791aaa0b386c3a79721599ec9ce3632
critical,exact_duplicate,high,wikidata_candidates,supabase/2026-07-14_wikidata_candidate_questions.csv,731,wikidata_0730,What is an official or national language associated with Switzerland?,Exact normalized duplicate.,2791aaa0b386c3a79721599ec9ce3632
critical,exact_duplicate,high,wikidata_candidates,supabase/2026-07-14_wikidata_candidate_questions.csv,732,wikidata_0731,What is an official or national language associated with Norway?,Exact normalized duplicate.,f7a6b4fb2787940c02cee3039c9b454e
critical,exact_duplicate,high,wikidata_candidates,supabase/2026-07-14_wikidata_candidate_questions.csv,733,wikidata_0732,What is an official or national language associated with Norway?,Exact normalized duplicate.,f7a6b4fb2787940c02cee3039c9b454e
critical,exact_duplicate,high,wikidata_candidates,supabase/2026-07-14_wikidata_candidate_questions.csv,737,wikidata_0736,What is an official or national language associated with South Africa?,Exact normalized duplicate.,de0bc5db3ebe0973ca04d7164038af2b
critical,exact_duplicate,high,wikidata_candidates,supabase/2026-07-14_wikidata_candidate_questions.csv,739,wikidata_0738,What is an official or national language associated with South Africa?,Exact normalized duplicate.,de0bc5db3ebe0973ca04d7164038af2b
critical,exact_duplicate,high,wikidata_candidates,supabase/2026-07-14_wikidata_candidate_questions.csv,740,wikidata_0739,What is an official or national language associated with Austria?,Exact normalized duplicate.,4e84adefca112591a57ec0f63c5c74a4
critical,exact_duplicate,high,wikidata_candidates,supabase/2026-07-14_wikidata_candidate_questions.csv,741,wikidata_0740,What is an official or national language associated with Norway?,Exact normalized duplicate.,f7a6b4fb2787940c02cee3039c9b454e
critical,exact_duplicate,high,wikidata_candidates,supabase/2026-07-14_wikidata_candidate_questions.csv,744,wikidata_0743,What is an official or national language associated with Luxembourg?,Exact normalized duplicate.,bedb979647644392d64322d6bb9b7f08
critical,exact_duplicate,high,wikidata_candidates,supabase/2026-07-14_wikidata_candidate_questions.csv,745,wikidata_0744,What is an official or national language associated with Luxembourg?,Exact normalized duplicate.,bedb979647644392d64322d6bb9b7f08
critical,exact_duplicate,high,wikidata_candidates,supabase/2026-07-14_wikidata_candidate_questions.csv,746,wikidata_0745,What is an official or national language associated with South Africa?,Exact normalized duplicate.,de0bc5db3ebe0973ca04d7164038af2b
critical,exact_duplicate,high,wikidata_candidates,supabase/2026-07-14_wikidata_candidate_questions.csv,747,wikidata_0746,What is an official or national language associated with South Africa?,Exact normalized duplicate.,de0bc5db3ebe0973ca04d7164038af2b
critical,exact_duplicate,high,wikidata_candidates,supabase/2026-07-14_wikidata_candidate_questions.csv,748,wikidata_0747,What is an official or national language associated with South Africa?,Exact normalized duplicate.,de0bc5db3ebe0973ca04d7164038af2b
critical,exact_duplicate,high,wikidata_candidates,supabase/2026-07-14_wikidata_candidate_questions.csv,751,wikidata_0750,What is an official or national language associated with Azerbaijan?,Exact normalized duplicate.,751f4c733d2eb937faa8526f0f01a7c9
critical,exact_duplicate,high,wikidata_candidates,supabase/2026-07-14_wikidata_candidate_questions.csv,752,wikidata_0751,What is an official or national language associated with Cyprus?,Exact normalized duplicate.,46e476c053e92250aee1138afbdc3e3e
critical,exact_duplicate,high,wikidata_candidates,supabase/2026-07-14_wikidata_candidate_questions.csv,754,wikidata_0753,What is an official or national language associated with Mexico?,Exact normalized duplicate.,69cfb1be00f11e19555574062c3e6ae3
critical,exact_duplicate,high,wikidata_candidates,supabase/2026-07-14_wikidata_candidate_questions.csv,757,wikidata_0756,What is an official or national language associated with Barbados?,Exact normalized duplicate.,01f56afaf28aab542ff030bfc66d45b8
critical,exact_duplicate,high,wikidata_candidates,supabase/2026-07-14_wikidata_candidate_questions.csv,762,wikidata_0761,What is an official or national language associated with Kenya?,Exact normalized duplicate.,29834269056a8a1e21a2758f8f16f541
critical,exact_duplicate,high,wikidata_candidates,supabase/2026-07-14_wikidata_candidate_questions.csv,763,wikidata_0762,What is an official or national language associated with North Macedonia?,Exact normalized duplicate.,48b646740a0697d8450ce4a51c4c9fed
critical,exact_duplicate,high,wikidata_candidates,supabase/2026-07-14_wikidata_candidate_questions.csv,764,wikidata_0763,What is an official or national language associated with Malta?,Exact normalized duplicate.,3740d478b0d8fd5bca01995b81b3550c
critical,exact_duplicate,high,wikidata_candidates,supabase/2026-07-14_wikidata_candidate_questions.csv,766,wikidata_0765,What is an official or national language associated with Vatican City?,Exact normalized duplicate.,7bc8feedfe8676adb0e58082ed724455
critical,exact_duplicate,high,wikidata_candidates,supabase/2026-07-14_wikidata_candidate_questions.csv,772,wikidata_0771,What is an official or national language associated with Paraguay?,Exact normalized duplicate.,eaebff1fbfddb8664ba2eca465496cda
critical,exact_duplicate,high,wikidata_candidates,supabase/2026-07-14_wikidata_candidate_questions.csv,774,wikidata_0773,What is an official or national language associated with Ecuador?,Exact normalized duplicate.,23ce515b32506d29a4934b0d2480817c
critical,exact_duplicate,high,wikidata_candidates,supabase/2026-07-14_wikidata_candidate_questions.csv,780,wikidata_0779,What is an official or national language associated with India?,Exact normalized duplicate.,e6ba0b30d357c979e1c409e0d0ef9706
critical,exact_duplicate,high,wikidata_candidates,supabase/2026-07-14_wikidata_candidate_questions.csv,781,wikidata_0780,What is an official or national language associated with Australia?,Exact normalized duplicate.,652cd3759ac31f38d3f98dcc5ed4a0db
critical,exact_duplicate,high,wikidata_candidates,supabase/2026-07-14_wikidata_candidate_questions.csv,784,wikidata_0783,What is an official or national language associated with Palau?,Exact normalized duplicate.,9844f2b3ff6dfd655ba78a5edfbfab82
critical,exact_duplicate,high,wikidata_candidates,supabase/2026-07-14_wikidata_candidate_questions.csv,785,wikidata_0784,What is an official or national language associated with South Africa?,Exact normalized duplicate.,de0bc5db3ebe0973ca04d7164038af2b
critical,exact_duplicate,high,wikidata_candidates,supabase/2026-07-14_wikidata_candidate_questions.csv,786,wikidata_0785,What is an official or national language associated with Singapore?,Exact normalized duplicate.,8fa7db21fd3192d84689b863bc886ccf
critical,exact_duplicate,high,wikidata_candidates,supabase/2026-07-14_wikidata_candidate_questions.csv,787,wikidata_0786,What is an official or national language associated with Palau?,Exact normalized duplicate.,9844f2b3ff6dfd655ba78a5edfbfab82
critical,exact_duplicate,high,wikidata_candidates,supabase/2026-07-14_wikidata_candidate_questions.csv,788,wikidata_0787,What is an official or national language associated with Singapore?,Exact normalized duplicate.,8fa7db21fd3192d84689b863bc886ccf
critical,exact_duplicate,high,wikidata_candidates,supabase/2026-07-14_wikidata_candidate_questions.csv,789,wikidata_0788,What is an official or national language associated with Singapore?,Exact normalized duplicate.,8fa7db21fd3192d84689b863bc886ccf
critical,exact_duplicate,high,wikidata_candidates,supabase/2026-07-14_wikidata_candidate_questions.csv,790,wikidata_0789,What is an official or national language associated with New Zealand?,Exact normalized duplicate.,61a3770ef79f0b2d4b3662d950c60590
critical,exact_duplicate,high,wikidata_candidates,supabase/2026-07-14_wikidata_candidate_questions.csv,791,wikidata_0790,What is an official or national language associated with Timor-Leste?,Exact normalized duplicate.,7972d5662a982da384dbdb8421c6b02a
critical,exact_duplicate,high,wikidata_candidates,supabase/2026-07-14_wikidata_candidate_questions.csv,796,wikidata_0795,What is an official or national language associated with Nauru?,Exact normalized duplicate.,c665c9c738d245bfbda16b39704f20e4
critical,exact_duplicate,high,wikidata_candidates,supabase/2026-07-14_wikidata_candidate_questions.csv,797,wikidata_0796,What is an official or national language associated with Marshall Islands?,Exact normalized duplicate.,98e209d2b540f4ee10663e99d3477eca
critical,exact_duplicate,high,wikidata_candidates,supabase/2026-07-14_wikidata_candidate_questions.csv,799,wikidata_0798,What is an official or national language associated with Ecuador?,Exact normalized duplicate.,23ce515b32506d29a4934b0d2480817c
critical,exact_duplicate,high,wikidata_candidates,supabase/2026-07-14_wikidata_candidate_questions.csv,800,wikidata_0799,What is an official or national language associated with Venezuela?,Exact normalized duplicate.,4aae4c396e9714e5a70379360b9e201a
critical,exact_duplicate,high,wikidata_candidates,supabase/2026-07-14_wikidata_candidate_questions.csv,802,wikidata_0801,What is an official or national language associated with New Zealand?,Exact normalized duplicate.,61a3770ef79f0b2d4b3662d950c60590
critical,exact_duplicate,high,wikidata_candidates,supabase/2026-07-14_wikidata_candidate_questions.csv,805,wikidata_0804,What is an official or national language associated with Chad?,Exact normalized duplicate.,198ef1e0792c92707db17fed2b755750
critical,exact_duplicate,high,wikidata_candidates,supabase/2026-07-14_wikidata_candidate_questions.csv,808,wikidata_0807,What is an official or national language associated with Papua New Guinea?,Exact normalized duplicate.,bd19aff58b4e82a0bd8dea8c3b500d2c
critical,exact_duplicate,high,wikidata_candidates,supabase/2026-07-14_wikidata_candidate_questions.csv,812,wikidata_0811,What is an official or national language associated with Papua New Guinea?,Exact normalized duplicate.,bd19aff58b4e82a0bd8dea8c3b500d2c
critical,exact_duplicate,high,wikidata_candidates,supabase/2026-07-14_wikidata_candidate_questions.csv,822,wikidata_0821,What is the elevation listed for Damavand?,Exact normalized duplicate.,2ff16c97320cd7ff4b6066141ae05ba3
critical,exact_duplicate,high,wikidata_candidates,supabase/2026-07-14_wikidata_candidate_questions.csv,836,wikidata_0835,What is the elevation listed for Mount Agung?,Exact normalized duplicate.,7ed3e648b2dbe292428d8bd677de77bb
critical,exact_duplicate,high,wikidata_candidates,supabase/2026-07-14_wikidata_candidate_questions.csv,855,wikidata_0854,What is the elevation listed for Popocatépetl?,Exact normalized duplicate.,67ea9f0cd184f5ecd6a05ae308e16a9c
critical,exact_duplicate,high,wikidata_candidates,supabase/2026-07-14_wikidata_candidate_questions.csv,896,wikidata_0895,What is the elevation listed for Sarychev Peak?,Exact normalized duplicate.,eebd97876d6ca25ba1504eb71023b2e4
critical,exact_duplicate,high,wikidata_candidates,supabase/2026-07-14_wikidata_candidate_questions.csv,957,wikidata_0956,What is the elevation listed for Acamarachi?,Exact normalized duplicate.,6a43e49999ecbf134ede069a8e150759
critical,exact_duplicate,high,wikidata_candidates,supabase/2026-07-14_wikidata_candidate_questions.csv,977,wikidata_0976,What is the elevation listed for Manuk?,Exact normalized duplicate.,93841854e910990386240b49fdd2f534
critical,exact_duplicate,high,wikidata_candidates,supabase/2026-07-14_wikidata_candidate_questions.csv,992,wikidata_0991,What is the elevation listed for Tacora?,Exact normalized duplicate.,0cd3d9a9ad0fabe9010d46ee693da113
critical,exact_duplicate,high,wikidata_candidates,supabase/2026-07-14_wikidata_candidate_questions.csv,993,wikidata_0992,What is the elevation listed for Tacora?,Exact normalized duplicate.,0cd3d9a9ad0fabe9010d46ee693da113
critical,exact_duplicate,high,wikidata_candidates,supabase/2026-07-14_wikidata_candidate_questions.csv,999,wikidata_0998,What is the elevation listed for Karangetang?,Exact normalized duplicate.,ff059d302f125416f20f437bfc9eb20f
critical,exact_duplicate,high,wikidata_candidates,supabase/2026-07-14_wikidata_candidate_questions.csv,1048,wikidata_1047,What is the elevation listed for Mount Sumbing?,Exact normalized duplicate.,775f34bdc75662db9759e8e3e6e0449c
critical,exact_duplicate,high,wikidata_candidates,supabase/2026-07-14_wikidata_candidate_questions.csv,1053,wikidata_1052,What is the elevation listed for Olca-Paruma?,Exact normalized duplicate.,70ec67b069cbc04191f827deacddf8c8
critical,exact_duplicate,high,wikidata_candidates,supabase/2026-07-14_wikidata_candidate_questions.csv,1059,wikidata_1058,What is the elevation listed for Ollagüe?,Exact normalized duplicate.,ac6cb893dd26dc90e13b44a6d601bd1f
