id,category,difficulty,sorun,prompt,answers,correct,explanation
offline_0005,Ziman,1,answers,"Di wêneya ku têgiha ""av"" nîşan dide de, wateya rast kîjan e?",ateş | ben | su | ev,su,"""av"" ""su"" demektir."
offline_0010,Ziman,2,answers,"Nîşana wêneyê: ""roj"". Wateya wê çi ye?",Yüz | gün/güneş | sözcük | Duygu/his,gün/güneş,"""roj"" ""gün/güneş"" demektir."
offline_0014,Ziman,3,answers,"Wateya Tirkî ya ""mal"" ""okul"" e?",Rast | Şaş,Şaş,"""mal"" ""ev"" demektir; ""dibistan"" ise ""okul"" anlamına gelir."
offline_0020,Ziman,4,answers,"Wêneya ""pirtûk"" tê çi wateyê?",Beyaz | zanîn | kitap | soğuk,kitap,"""pirtûk"" ""kitap"" demektir."
offline_0030,Ziman,1,answers,"Wêneya ""hatin"" tê çi wateyê?",Yoğurt | were! | gelmek | Yukarı,gelmek,"""hatin"" ""gelmek"" demektir."
offline_0035,Ziman,2,answers,"Ev wêne ji bo ""çiya"" e: berambera rast kîjan e?",İyi | Kar | dağ | yol,dağ,"""çiya"" ""dağ"" demektir."
offline_0040,Ziman,3,answers,"Wêneya ""dil"" tê çi wateyê?",kalp/dil | Teşekkür | Nasılsın? | su içmek,kalp/dil,"""dil"" ""kalp/dil"" demektir."
offline_0045,Ziman,4,answers,"Wêneya ""heval"": berambera Tirkî ya rast kîjan e?",şehir | arkadaş | kitap | yol,arkadaş,"""heval"" ""arkadaş"" demektir."
offline_0050,Ziman,5,answers,"Wêneya ""bajar"" tê çi wateyê?",su | ev | kitap | şehir,şehir,"""bajar"" ""şehir"" demektir."
offline_0055,Ziman,1,answers,"Wêne ""nan"" dibêje — wateya rast kîjan e?",su | yol | ekmek | dağ,ekmek,"""nan"" ""ekmek"" demektir."
offline_0060,Ziman,2,answers,"Ev wêne ji bo ""rê"" e: berambera rast kîjan e?",dağ | nan | ben | yol,yol,"""rê"" ""yol"" demektir."
offline_0065,Ziman,3,answers,"Wêneya ""spas"" tê çi wateyê?",teşekkür | Dört | öğrenmek | Yumurta,teşekkür,"""spas"" ""teşekkür"" demektir."
offline_0067,Ziman,4,answers,"Hevwateya ""güzel/iyi"" bi Kurmancî çi ye?",sar | hatin | nan | xweş,xweş,'güzel/iyi' → xweş.
offline_0070,Ziman,4,answers,"Wêne ""xweş"" dibêje — wateya rast kîjan e?",soğuk | güzel/iyi | gelmek | ekmek,güzel/iyi,"""xweş"" ""güzel/iyi"" demektir."
offline_0075,Ziman,5,answers,"Di wêneyê de ""sar"" tê çi wateyê?",sıcak | soğuk | arkadaş | dağ,soğuk,"""sar"" ""soğuk"" demektir."
offline_0076,Ziman,1,answers,"Peyva Kurmancî ""biçûk"" bi Tirkî çi tê gotin?",heval | Aşağı | Siyah | küçük,küçük,"Kurmancî ""biçûk"" ≈ ""küçük""."
offline_0080,Ziman,1,answers,"Wêne ""biçûk"" dibêje — wateya rast kîjan e?",Kitap | were! | küçük | heval,küçük,"""biçûk"" ""küçük"" demektir."
offline_0083,Ziman,2,answers,"Rast e an şaş e: Kurmancî ""kevin"" = ""eski"".",Rast | Şaş,Rast,"""kevin"" için doğru anlam ""eski""tir."
offline_0085,Ziman,2,answers,"Di wêneya ku têgiha ""kevin"" nîşan dide de, wateya rast kîjan e?",Elma | rast | eski | xweş,eski,"""kevin"" ""eski"" demektir."
offline_0090,Ziman,3,answers,"Di wêneya ku têgiha ""îro"" nîşan dide de, wateya rast kîjan e?",biçûk | soğuk | bugün | kitap,bugün,"""îro"" ""bugün"" demektir."
offline_0095,Ziman,4,answers,"Nîşana wêneyê: ""duh"". Wateya wê çi ye?",dağ | İyi | dün | duh,dün,"""duh"" ""dün"" demektir."
offline_0100,Ziman,5,answers,"Wêne ""nav"" dibêje — wateya rast kîjan e?",ergatîf | renkler | ad/isim | Kırmızı,ad/isim,"""nav"" ""ad/isim"" demektir."
offline_0105,Ziman,1,answers,"Wêneya ""zarok"": berambera Tirkî ya rast kîjan e?",zarok | çocuk | soğuk | Büyük,çocuk,"""zarok"" ""çocuk"" demektir."
offline_0110,Ziman,2,answers,"Wêneya ""xwendekar"" tê çi wateyê?",öğrenci | ergatîf | Üç | Bir,öğrenci,"""xwendekar"" ""öğrenci"" demektir."
offline_0111,Ziman,3,answers,"Wateya Tirkî ya peyva ""rast"" kîjan e?",kitap | Siyah | Büyük | doğru,doğru,"Kurmancî ""rast"" ≈ ""doğru""."
offline_0115,Ziman,3,answers,"Ev wêne kîjan têgihê tîne bîra we: ""rast"" — wateya rast hilbijêrin.",doğru | zarok | Siyah | were!,doğru,"""rast"" ""doğru"" demektir."
offline_0120,Ziman,4,answers,"Di wêneya ku têgiha ""pir"" nîşan dide de, wateya rast kîjan e?",duh | dün | min | çok,çok,"""pir"" ""çok"" demektir."
offline_0121,Ziman,5,answers,"Peyva Kurmancî ""destpêk"" bi Tirkî çi tê gotin?",Ben iyiyim | Nasılsın? | Dokuz | başlangıç,başlangıç,"Kurmancî ""destpêk"" ≈ ""başlangıç""."
offline_0125,Ziman,5,answers,"Ev wêne ji bo ""destpêk"" e: berambera rast kîjan e?",başlangıç | güzel/iyi | Duygu/his | Ben iyiyim,başlangıç,"""destpêk"" ""başlangıç"" demektir."
offline_0376,Çand,1,answers,Di çanda Kurdî de Newroz herî zêde bi kîjan qadê re têkildar e?,Halka biçiminde toplu dans | baharın gelişi ve yenilenme | toplumsal bağları güçlendirme | Sırayla kilam/anlatı söylerdi,baharın gelişi ve yenilenme,"Newroz, Kürt kültüründe 21 Adar bağlamında değerlendirilir."
offline_0381,Çand,1,answers,Di çanda Kurdî de govend herî zêde bi kîjan qadê re têkildar e?,Newroz bayramı | Kına (hene) gecesi | toplu halk oyunu | Toplu halk dansı,toplu halk oyunu,"govend, Kürt kültüründe düğün ve kutlama bağlamında değerlendirilir."
offline_0395,Çand,2,answers,Di çanda Kurdî de derbarê kilim motifleri de kîjan rasttir e?,el sanatı ile ilişkilidir | sadece sayı sistemidir | sadece gök cismidir | sadece trafik işaretidir,el sanatı ile ilişkilidir,"kilim motifleri, Kürt kültüründe el sanatı alanıyla bağlantılıdır."
offline_0404,Çand,2,prompt,Di wêneyê de 'yerel kıyafetler' heye — kategoriya rast kîjan e?,Çand | Cografya | Ziman | Muzîk,Çand,yerel kıyafetler Kürt kültürü kategorisinde ele alınır.
offline_0409,Çand,3,prompt,'ağıt' a di vê wêneyê de di çarçoveya Çandê de nêzîkî kîjan e?,Çand | Cografya | Ziman | Muzîk,Çand,ağıt Kürt kültürü kategorisinde ele alınır.
offline_0414,Çand,2,prompt,Nîşana wêneyê 'masal anlatımı': kategoriya rast kîjan e?,Çand | Cografya | Ziman | Muzîk,Çand,masal anlatımı Kürt kültürü kategorisinde ele alınır.
offline_0415,Çand,2,answers,Di çanda kurdî de der barê vegotina çîrokan de kîjan rasttir e?,sözlü kültür ile ilişkilidir | sadece sayı sistemidir | sadece gök cismidir | sadece trafik işaretidir,sözlü kültür ile ilişkilidir,"masal anlatımı, Kürt kültüründe sözlü kültür alanıyla bağlantılıdır."
offline_0424,Çand,2,prompt,Etîketa 'halk mutfağı' ya di wêneyê de aîdî kîjan qadê ye?,Çand | Cografya | Ziman | Muzîk,Çand,halk mutfağı Kürt kültürü kategorisinde ele alınır.
offline_0425,Çand,2,answers,Di çanda kurdî de der barê xwarinên gelêrî de kîjan rasttir e?,sofra kültürü ile ilişkilidir | sadece sayı sistemidir | sadece gök cismidir | sadece trafik işaretidir,sofra kültürü ile ilişkilidir,"halk mutfağı, Kürt kültüründe sofra kültürü alanıyla bağlantılıdır."
offline_0527,Dîrok,1,answers,Çavkaniya seretayî dikare ji bo têgihiştina dîroka Kurd û Kurdistanê were bikaranîn.,Rast | Şaş,Rast,birincil kaynak tarihsel düşünme için yararlı bir kavramdır.
offline_0534,Dîrok,2,answers,Ji bo dîroka Kurd û Kurdistanê ravekirina herî guncav a têgeha dîroka devkî kîjan e?,Fiili özerk yönetim ve sonrasında KRG kurumlaşması | tanıklık ve anlatılarla geçmişi anlama yöntemi | Hakkari/Cizre çevresi (dağlık güneydoğu) | KYB (Kürdistan Yurtseverler Birliği),tanıklık ve anlatılarla geçmişi anlama yöntemi,Doğru açıklama: tanıklık ve anlatılarla geçmişi anlama yöntemi.
offline_0543,Dîrok,5,answers,Di xebata dîroka Kurd û Kurdistanê de Mezopotamya çi îfade dike?,Merkezî yönetime bağlanmış / tasfiye edilmiş yapı | yek ji wargehên herî kevn ên domdar | Dicle ve Fırat çevresindeki tarihsel bölge | KYB (Kürdistan Yurtseverler Birliği),Dicle ve Fırat çevresindeki tarihsel bölge,"Mezopotamya, Kürt ve Kürdistan tarihi araştırmalarında Dicle ve Fırat çevresindeki tarihsel bölge olarak kullanılabilir."
offline_0546,Dîrok,5,answers,Ji bo dîroka Kurd û Kurdistanê ravekirina herî guncav a têgeha Mezopotamyayê kîjan e?,Hakkari/Cizre çevresi (dağlık güneydoğu) | Merkezî yönetime bağlanmış / tasfiye edilmiş yapı | Dicle ve Fırat çevresindeki tarihsel bölge | yek ji wargehên herî kevn ên domdar,Dicle ve Fırat çevresindeki tarihsel bölge,Doğru açıklama: Dicle ve Fırat çevresindeki tarihsel bölge.
offline_0662,Edebiyat,4,answers,'destan' a di vê wêneyê de herî zêde nêzîkî kîjan şêweya vegotinê ye?,epik anlatı | kısa haber | alışveriş listesi | nota dizisi,epik anlatı,"Destan, kahramanlık ve toplumsal hafızayı taşıyan epik anlatıdır."
offline_0668,Edebiyat,1,answers,Wêneyê 'tema' di metnekê de kîjan hêmanê vedibêje?,ana düşünce | dağ sırası | ölçü birimi | enstrüman,ana düşünce,"Tema, bir edebî metnin ana düşüncesi ya da işlediği temel izlektir."
offline_0670,Edebiyat,2,answers,Mecaz têgihek e ku bi edebiyata Kurdî re têkildar e.,Rast | Şaş,Rast,mecaz edebi metinleri anlamada kullanılan bir kavramdır.
offline_0677,Edebiyat,4,prompt,Di wêneyê de 'anlatıcı' heye — kategoriya rast kîjan e?,Edebiyat | Cografya | Muzîk | Kimya,Edebiyat,anlatıcı Kürt edebiyatı kategorisinde değerlendirilir.
offline_0678,Edebiyat,5,answers,Di edebiyata Kurdî de diyalog tê çi wateyê?,karşılıklı konuşma | coğrafi yön | matematik sembolü | maden türü,karşılıklı konuşma,"diyalog, Kürt edebiyatı alanında karşılıklı konuşma anlamında kullanılır."
offline_0745,Cografya,1,answers,"Di çarçoveya erdnîgariya Kurdistanê de, di Kurmancî de ""çiya"" nêzîkî çi ye?",dağ | müzik notası | edebi kişi | alışveriş fişi,dağ,"""çiya"" coğrafya bağlamında ""dağ"" anlamına gelir."
offline_0748,Cografya,1,answers,'çiya' a di vê wêneyê de kîjan şiklê erdê vedibêje?,dağ | göl | orman | ova,dağ,'çiya' Kurmancîde dağ anlamına gelir.
offline_0755,Cografya,3,answers,Av yek ji wan têgehan e ku ji bo têgihiştina erdnîgariya Kurdistanê tê bikaranîn.,Rast | Şaş,Rast,Coğrafya doğal ve beşeri çevreyi inceler.
offline_0756,Cografya,3,answers,'av' a di vê wêneyê de di hawîrdora xwezayî de kîjan hêmanê nîşan dide?,su | taş | rüzgâr | toprak,su,'av' Kurmancîde su anlamına gelir.
offline_0757,Cografya,3,answers,Ji bo gotina 'su' peyva Kurmancî ya herî guncav kîjan e?,av | dağ | Ağrı | Muş,av,Su için doğru kelime 'av'tir.
offline_0760,Cografya,4,answers,'çem' a di vê wêneyê de kîjan hebûna avê vedibêje?,nehir | çöl | tepe | mağara,nehir,'çem' Kurmancîde nehir/ırmak anlamına gelir.
offline_0772,Cografya,2,answers,'newal' a di vê wêneyê de nêzîkî kîjan şiklê erdê ye?,vadi | ada | zirve | kıyı,vadi,'newal' Kurmancîde vadi anlamında kullanılır.
offline_0869,Muzîk,1,answers,Dengbêj bi muzîka kurdî re tê têkildarkirin.,Rast | Şaş,Rast,dengbêj müzik kültüründe kullanılan bir kavramdır.
offline_0873,Muzîk,2,answers,Di muzîka kurdî de rîtm bi çi re têkildar e?,düzenli vuruş | harita çizimi | fiil çekimi | toprak ölçümü,düzenli vuruş,"ritim, Kürt müziği alanında düzenli vuruş ile ilişkilidir."
offline_2009,Ziman,1,answers,"""Erê"" û ""na"" bi Tirkî çi ne?",evet ve hayır | var ve yok | az ve çok | gel ve git,evet ve hayır,"""erê"" evet, ""na"" hayır demektir."
offline_2020,Ziman,1,answers,"""Havîn"" bi Tirkî çi ye?",yaz | kış | ilkbahar | sonbahar,yaz,'Havîn' → yaz.
offline_2035,Ziman,2,answers,"Hejmara ""deh"" bi Tirkî çi ye?",on | iki | beş | yüz,on,'deh' → on.
offline_2036,Ziman,2,answers,"Hejmara ""pênc"" bi Tirkî çi ye?",beş | dört | altı | dokuz,beş,'pênc' → beş.
offline_2042,Ziman,3,answers,"Tîpên ""e"" û ""ê"" di Kurmancî de heman deng in.",Rast | Şaş,Şaş,"""e"" kısa, ""ê"" ise kapalı uzun bir ünlüdür; farklı seslerdir."
offline_2046,Ziman,5,answers,"Paşgira ""-istan"" çi çêdike?","Kadın, yaşam, özgürlük | Arkadaş/yoldaş | Amca kızı (kuzen) | navên cih û welatan",navên cih û welatan,"""-istan"" yer/ülke adı türetir: gulistan (gül bahçesi) gibi."
offline_2049,Ziman,3,answers,"""Mal"" û ""xanî"" herdu jî bi Tirkî dikarin ""ev"" bin.",Rast | Şaş,Rast,"""mal"" yuva/ev, ""xanî"" yapı olarak ev demektir."
offline_2052,Çand,1,answers,Newroz cejna sersala biharê ye.,Rast | Şaş,Rast,"Newroz ""yeni gün"" demektir ve bahar yeni yılını simgeler."
offline_2066,Çand,3,answers,"""Xelat"" tê çi wateyê?",Babaanne/nine | Bayram/şenlik | hediye/ödül | Atalar/ecdat,hediye/ödül,"""xelat"" hediye ya da ödül anlamına gelir."
offline_2079,Çand,1,answers,Li gelek malên Kurdan vexwarina çayê kevneşopiyeke rojane ye.,Rast | Şaş,Rast,Çay ikramı günlük yaşamın ve misafirliğin parçasıdır.
offline_2086,Dîrok,5,answers,Pira Malabadê li ser kîjan avê ye?,Çemê Batmanê | Riha (Urfa) | Safevi/İran | Dîcle û Ferat,Çemê Batmanê,"Malabadi Köprüsü (1147), Batman Çayı üzerindeki tarihi taş köprüdür."
offline_2092,Dîrok,5,answers,Mîrgeha Erdelanê navenda xwe li kîjan bajarî bû?,Tarihî surlarıyla | Sine (Senendec) | avahiyên kevirîn | II. Abdülhamid,Sine (Senendec),Erdelan Beyliği'nin merkezi bugünkü İran'daki Senendec'ti.
offline_2102,Dîrok,4,answers,Urartû navenda xwe li kîjan derê bû?,16. yüzyıl | Tuşpa (Wan) | Cizre-Bohtan | 20. yüzyıl,Tuşpa (Wan),Urartu Krallığı'nın başkenti Van Gölü kıyısındaki Tuşpa'ydı.
offline_2110,Dîrok,4,answers,Xirabreşk (Girê Mirazan / Göbekli Tepe) li nêzîkî kîjan bajarî ye?,16. yüzyıl | Sevr (1920) | Riha (Urfa) | Lozan (1923),Riha (Urfa),"Göbekli Tepe, Şanlıurfa yakınlarındaki neolitik tapınaktır."
offline_2119,Edebiyat,3,answers,"Kovara ""Hawar"" kê derxist?",Celadet Alî Bedirxan | 15-18. yüzyıllar | karşılıklı konuşma | İmkânsız aşk ve özlemi,Celadet Alî Bedirxan,Hawar dergisini Celadet Alî Bedirxan çıkardı.
offline_2122,Edebiyat,3,answers,Alfabeya Kurmancî ya Latînî kê amade kir?,Celadet Alî Bedirxan | karşılıklı konuşma | Kuşlar (teyr = kuş) | teyran (kuşlarla),Celadet Alî Bedirxan,Bugün kullanılan Latin temelli Kurmanci alfabesini Bedirxan düzenledi.
offline_2129,Edebiyat,2,answers,"""Destan"" çi ye?",Tasavvufi şiir (divan) | Medrese öğrencisi/talebe | vegotineke dirêj a lehengiyê | Kürtçe yayıncılığın yaygınlaşması,vegotineke dirêj a lehengiyê,"Destan, kahramanlık konulu uzun halk anlatısıdır."
offline_2132,Edebiyat,3,answers,"""Pêkenok"" çi ne?",fıkralar | ağıtlar | destanlar | ninniler,fıkralar,"""pêkenok"" güldürü amaçlı kısa anlatı, yani fıkradır."
offline_2168,Cografya,3,answers,Çemê Ferat ji axa Tirkiyeyê derdikeve.,Rast | Şaş,Rast,Fırat'ın kaynakları Doğu Anadolu'dadır (Karasu ve Murat).
offline_2178,Muzîk,1,answers,"""Def û zirne"" bi gelemperî li ku tên lêdan?",li dawetan | li dibistanan | li nexweşxaneyan | li bazaran,li dawetan,Davul-zurna düğün ve şenliklerin müziğidir.
offline_2191,Muzîk,1,answers,"""Stranbêj"" kî ye?",şarkıcı | davulcu | dansçı | besteci,şarkıcı,"Şarkı söyleyen kişiye ""stranbêj"" denir."
offline_2205,Muzîk,5,answers,Meryem Xan yek ji dengên jin ên pêşî yên tomarkirî ye.,Rast | Şaş,Rast,"Meryem Xan'ın plak kayıtları, kadın seslerinin ilk örneklerindendir."
offline_2227,Dîrok,2,answers,Di vegotina Newrozê de sembola berxwedana li dijî zalim kî ye?,Şeref Han Bitlisi | Kawa/Kave Demirci | Beylik (mîrlik) | Irak Cumhurbaşkanı,Kawa/Kave Demirci,"Kürt Newroz anlatısında Kawa, Dehak/Zahhak zulmüne karşı başkaldırının sembol figürüdür."
offline_2231,Ziman,2,answers,Kurmancî û Soranî wek du zaravayên girîng ên çi têne zanîn?,Kürtçe | Arapça | Yunanca | Rusça,Kürtçe,"Kurmancî ve Soranî, Kürtçe denildiğinde en yaygın iki ana lehçe/standart olarak öne çıkar."
offline_2232,Ziman,3,answers,Kurmancî bi piranî bi kîjan pergala nivîsandinê tê nivîsandin?,Latin kökenli Hawar alfabesi | Kiril alfabesi dışında hiçbir alfabe | Çivi yazısı | Japon kana sistemi,Latin kökenli Hawar alfabesi,"Kurmancî, özellikle Türkiye ve Suriye bağlamında Latin temelli Hawar alfabesiyle yaygınlaşmıştır."
offline_2233,Ziman,3,answers,Soranî li Iraq û Îranê bi piranî bi kîjan pergala nivîsê tê nivîsandin?,Arap temelli Kürt alfabesi | Latin Hawar alfabesi dışında hiç yazılmaz | Runik yazı | Gürcü alfabesi,Arap temelli Kürt alfabesi,"Soranî, Irak ve İran’da Arap temelli Kürt alfabesiyle yaygın biçimde yazılır."
offline_2237,Ziman,2,answers,Di kurdî de peyva “heval” bi giştî tê çi wateyê?,Arkadaş/yoldaş | teşekkürler | Erkek kardeş | Gelecek zaman,Arkadaş/yoldaş,"Heval, gündelik kullanımda arkadaş; siyasal-kolektif bağlamda yoldaş anlamında kullanılır."
offline_2241,Ziman,4,answers,Di xebatên naskirina axaftina kurdî de projeya Jira di kîjan qadê de wek mînak tê nîşandan?,"Kullanıcı seviyesine göre soru seçmeyi | Temel sözvarlığı ve kültürel kavramları tanıma | Kategori, seçenek, doğru cevap ve açıklama içeren yapı | Merkezî Kürtçe/Soranî için konuşma korpusu ve tanıma sistemi",Merkezî Kürtçe/Soranî için konuşma korpusu ve tanıma sistemi,"Jira, Merkezî Kürtçe için konuşma korpusu ve büyük sözvarlıklı konuşma tanıma çalışması olarak sunulmuştur."
offline_2246,Edebiyat,2,answers,Rojnameya Kurdî ya pêşîn kîjan navî hildigire?,Kürdistan | Hawar | Azadiya Welat | Rojnameya Nû,Kürdistan,"Kürdistan gazetesi, ilk Kürt gazetesi olarak basın tarihinde özel bir yere sahiptir."
offline_2248,Edebiyat,3,answers,Kovara Hawar bi taybetî bi kîjan tevkariyê tê bibîranîn?,Latin temelli Kürt alfabesinin yaygınlaşması | Birçok yazarın yurt dışında üretmesi nedeniyle | Modern dönemde roman/gazete gibi türlerin gelişmesi | Sözlü anlatı ve ezgili hikâye aktarımı,Latin temelli Kürt alfabesinin yaygınlaşması,"Hawar çevresi, Latin temelli Kürt alfabesinin standartlaşması ve modern Kurmancî yazısı açısından önemlidir."
offline_2261,Çand,3,answers,Di çanda Kurdî de zêmar bi giştî xwedî kîjan fonksiyonê ne?,"Misafirperverlik ve ilişki kurma isteğini | Acıyı, kaybı ve toplumsal hafızayı aktarmak | Bahar, yenilenme ve özgürlük/direniş | İranlılar ve birçok halk (Nevruz olarak)","Acıyı, kaybı ve toplumsal hafızayı aktarmak","Ağıtlar, bireysel yasın yanında toplumsal olayların ve kolektif acının hafızasını taşır."
offline_2266,Çand,2,answers,Di pêjgeha Kurdî de dolma/yaprax bi awayekî giştî çi ye?,"İç harçla doldurulan sebze veya yaprak yemeği | Acıyı, kaybı ve toplumsal hafızayı aktarmak | Kültürel aidiyet ve coğrafi hafızayı | Özgün dini-kültürel topluluk ve tarihsel travmalar",İç harçla doldurulan sebze veya yaprak yemeği,"Kürt mutfağında dolma veya yaprax, yaprak ve sebzelerin pirinçli/etli harçla doldurulmasıyla yapılır."
offline_2270,Çand,3,answers,Li ser sifreyên kurdî parvekirina xwarinê bi sêniya mezin an pêşkêşiya hevpar çi xurt dike?,Topluluk ve aile bağlarını | Tam bireysel izolasyonu | Yemek yasağını | Sessiz sınav düzenini,Topluluk ve aile bağlarını,"Ortak sunum ve paylaşım, aile, komşuluk ve misafirlik ilişkilerini güçlendiren kültürel pratiklerdir."
offline_2271,Çand,2,answers,Vexwarina ji cureyê Dew/doogh bi kîjan madeya sereke re têkildar e?,Yoğurt/ayran | Kahve likörü | Sadece limon kabuğu | Mısır unu,Yoğurt/ayran,"Dew/doogh, yoğurt temelli ferahlatıcı bir içecek geleneğiyle ilişkilidir."
offline_2276,Çand,3,answers,Cihêrengiya xwarinên herêmî yên kurdî çima nikare bibe yek rêçeteyeke standard?,"Resmi arşivlerde görünmeyen deneyimleri ve hafızayı kaydedebildiği için | Sosyal örgütlenme, güvenlik, üretim ve siyasal ilişki ağı | Müslüman çoğunluk yanında Ezidi, Alevi, Yarsanî/Ehl-i Hak ve başka inanç toplulukları da vardır | Bölge, lehçe, iklim, tarım ve komşu mutfaklarla etkileşim farklı olduğu için","Bölge, lehçe, iklim, tarım ve komşu mutfaklarla etkileşim farklı olduğu için",Kürt coğrafyası geniş olduğu için malzemeler ve tarif adları bölgeden bölgeye değişebilir.
offline_2292,Paradigma,3,answers,Jineolojî çawa dikare bi awayekî herî kurt were ravekirin?,"Eğitim uygulaması için güvenli, analitik ve demokratik öğrenme amaçlandığı için | Kadın özgürlüğünü toplumsal özgürlüğün temeli görmeyi | Doğayı yalnızca sömürü nesnesi olarak görmemesiyle | Kadın bilgisi/bilimi ve patriyarka eleştirisi etrafında gelişen yaklaşım",Kadın bilgisi/bilimi ve patriyarka eleştirisi etrafında gelişen yaklaşım,"Jineolojî, kadın özgürlüğü, toplumsal cinsiyet, tarih ve bilgi üretimini yeniden düşünmeye odaklanan bir yaklaşımdır."
offline_2304,Çand,3,answers,Êzidî di erdnîgariya çandî ya kurdî de bi taybetî bi kîjan sernavî têne bibîranîn?,"Acıyı, kaybı ve toplumsal hafızayı aktarmak | İranlılar ve birçok halk (Nevruz olarak) | Özgün dini-kültürel topluluk ve tarihsel travmalar | Sosyal örgütlenme, güvenlik, üretim ve siyasal ilişki ağı",Özgün dini-kültürel topluluk ve tarihsel travmalar,"Ezidiler, Kürtçe konuşan/kimliklenen topluluklar arasında özgün inanç yapıları ve yakın dönem travmalarıyla öne çıkar."
offline_2305,Çand,2,answers,Di nasnameya kurdî de ziman çima xwedî girîngiyeke navendî ye?,"Farklı halkların eşitlik ve barış içinde ortak yaşamını | İç harçla doldurulan sebze veya yaprak yemeği | Kültürel hafıza, edebiyat, sözlü anlatı ve aidiyet taşıdığı için | Bölge, lehçe, iklim, tarım ve komşu mutfaklarla etkileşim farklı olduğu için","Kültürel hafıza, edebiyat, sözlü anlatı ve aidiyet taşıdığı için","Dil, dengbêjlikten edebiyata ve günlük yaşama kadar kültürel hafızanın ana taşıyıcılarındandır."
offline_2307,Çand,3,answers,Di civaka kurdî de avahiyên eşîrî di dîrokê de xwedî kîjan fonksiyonê bûne?,"Tavuk ve pirinçle yapılan geleneksel yemek | Dil, kültür, yayıncılık, dayanışma ve kimlik aktarımı | İç harçla doldurulan sebze veya yaprak yemeği | Sosyal örgütlenme, güvenlik, üretim ve siyasal ilişki ağı","Sosyal örgütlenme, güvenlik, üretim ve siyasal ilişki ağı",Aşiret yapıları tarihsel olarak sosyal dayanışma ve siyasal otorite ağlarının bir parçası olmuştur.
offline_2312,Çand,2,answers,Fêrbûna navên cihan ên kurdî di sepanekê de çi xurt dike?,Kültürel aidiyet ve coğrafi hafızayı | Kullanıcıyı tamamen yanıltmayı | Dil görünürlüğünü azaltmayı | Soruları anlamsızlaştırmayı,Kültürel aidiyet ve coğrafi hafızayı,"Yer adları, coğrafyayı yalnızca harita değil, hafıza ve kimlik alanı olarak da öğretir."
offline_2314,Ziman,2,answers,Di sepaneke fêrbûnê ya wek ZanKurd de forma herî kêrhatî ya banka pirsan kîjan e?,"Geçmiş zamanlı geçişli fiillerde | Soranî ders kitaplarından oluşan metin korpusu | Bilginin doğrulanabilirliğini artırır | Kategori, seçenek, doğru cevap ve açıklama içeren yapı","Kategori, seçenek, doğru cevap ve açıklama içeren yapı","Uygulama için kategori, seçenekler, cevap ve açıklama alanları veri tabanı veya CSV aktarımını kolaylaştırır."
offline_2322,Ziman,4,answers,Di bankeke pirsan de qada “etîket” ji bo kîjan karê teknîkî ye?,"Kısa açıklama ve doğru cevabın nedeni | Kategori, seçenek, doğru cevap ve açıklama içeren yapı | Arama, filtreleme ve kişiselleştirilmiş tekrar sistemi kurmaya | Kavram, tarih, kurum ve haklar üzerinden nesnel bağlam vermek","Arama, filtreleme ve kişiselleştirilmiş tekrar sistemi kurmaya","Etiketler, uygulamada kategori içi filtreleme ve zayıf konu tekrarları için kullanılabilir."
offline_2324,Ziman,3,answers,Di banka pirsan de pirsên siyaseta rojane çima divê bi rêkûpêk bêne nûkirin?,"Kullanıcının sadece ezber değil, bağlam öğrenmesini sağladığı için | Kaynak, telif ve temsil doğruluğuna dikkat etmek | Merkezî Kürtçe/Soranî için konuşma korpusu ve tanıma sistemi | Parti adları, süreçler, hukuki statüler ve barış görüşmeleri zamanla değişebildiği için","Parti adları, süreçler, hukuki statüler ve barış görüşmeleri zamanla değişebildiği için",2025-2026 barış ve silahsızlanma tartışmaları gibi konular güncel gelişmelere bağlıdır; düzenli kaynak kontrolü gerekir.
offline_2328,Paradigma,2,answers,"Di slogana ""Jin, jiyan, azadî"" de ""jiyan"" tê çi wateyê?",Yaşam | Kadın | Onur | Özgürlük,Yaşam,"Slogan ""kadın (jin), yaşam (jiyan), özgürlük (azadî)"" anlamına gelir."
offline_2329,Paradigma,3,answers,Sê tewereyên bingehîn ên Demokratik konfederalizmin kîjan in?,"Kadın özgürlüğü, ekoloji ve demokrasi | Piyasa, mülkiyet ve rekabet | Sanayileşme, kalkınma ve refah | Ulus, bayrak ve vatan","Kadın özgürlüğü, ekoloji ve demokrasi","Paradigmanın temel eksenleri kadın özgürlüğü, ekolojik toplum ve taban demokrasisidir."
offline_2336,Siyaset,4,answers,Demokrasiya radîkal bi kîjan aliyê xwe ji demokrasiya temsîlî ya klasîk vediqete?,Kararları teknokratlara bırakır | Temsilcilere tam yetki devreder | Tabandan doğrudan ve sürekli katılımı önceler | Yalnızca referandumla yönetir,Tabandan doğrudan ve sürekli katılımı önceler,"Radikal demokrasi, kararları seçilmişlere devretmek yerine tabandan doğrudan ve sürekli katılımı esas alır."
offline_2349,Muzîk,3,answers,Ji cihê ku dengbêj lê dicivin û distirên re çi tê gotin?,Sûriye | Şarkı | Meydan | Dîwan,Dîwan,Dengbêjlerin toplanıp sırayla icra ettiği ortama dîwan (dîwana dengbêjan) denir.
offline_2354,Cografya,2,answers,Bajarê Kobanê di nav sînorên kîjan welatî de ye?,Türkiye | İran | Suriye | Irak,Suriye,"Kobanê, Suriye'nin kuzeyinde, Türkiye sınırına yakın bir şehirdir."
offline_2362,Çand,2,answers,Êzidîtî bi kevneşopî yek ji baweriyên kîjan civakê ye?,Araplar | Süryaniler | Kürtler | Türkmenler,Kürtler,"Êzidîlik, Kürtçe konuşan Êzidî topluluğunun geleneksel inancıdır."
offline_2376,Cografya,3,answers,"""Hewlêr"" navê Kurdî yê kîjan bajarî ye?",Musul | Süleymaniye | Kerkük | Erbil,Erbil,"Hewlêr, Irak Kürdistan Bölgesi'nin merkezi Erbil'in Kürtçe adıdır."
offline_2381,Muzîk,3,answers,"""Erbane"" kîjan cureyê amûrê ye?",Telli | Vurmalı | Yaylı | Üflemeli,Vurmalı,"Erbane (def), çerçeveli/zilli bir vurmalı çalgıdır."
offline_2406,Edebiyat,4,answers,"Kovara ""Hawar"" ya ku beşdarî kurdiya nûjen kiriye li kîjan bajarî derketiye?",Şam | Tahran | İstanbul | Bağdat,Şam,"Hawar dergisi, Celadet Alî Bedirxan tarafından Şam'da (Suriye) yayımlanmıştır."
offline_2417,Ziman,2,answers,"""Agir"" tê çi wateyê?",Eski | Elma | Ekmek | Ateş,Ateş,'Agir' → Ateş.
offline_2436,Cografya,2,answers,"""Dîcle"" navê kîjan çem e?",Fırat | Murat | Aras | Dicle,Dicle,"""Dîcle"", Dicle Nehri'nin Kürtçe/yerel adıdır."
offline_2443,Siyaset,3,answers,Di modela xweseriya demokratîk de biryar bi giranî li ku têne girtin?,Yerel meclis ve komünlerde | Uluslararası mahkemede | Tek bir liderde | Sadece merkezi hükümette,Yerel meclis ve komünlerde,"Demokratik özerklikte kararlar, yerel meclis ve komünler aracılığıyla tabandan alınır."
offline_2451,Çand,3,answers,"""Newroz"" ji kîjan du peyvan pêk tê?","Masal/hikâye anlatan kişi | el sanatı ile ilişkilidir | ""Nû"" (yeni) + ""roj"" (gün) | Manevi akrabalık (sünnet)","""Nû"" (yeni) + ""roj"" (gün)","Newroz, ""nû"" (yeni) ve ""roj"" (gün) sözcüklerinden oluşur: yeni gün."
offline_2452,Çand,3,answers,Di çanda herêmê de heyîna efsaneyî ya bi motîfa mar a berbelav kîjan e?,Şahmaran | Kanatlı at efsanesi | Deniz kızı efsanesi | Dev kuş efsanesi,Şahmaran,"Şahmaran, yarı insan yarı yılan biçiminde tasvir edilen, bölgede yaygın efsanevi bir varlıktır."
offline_2455,Çand,3,answers,"""Cejna Newrozê"" tê çi wateyê?",Yas günü | Hasat günü | Kurban bayramı | Newroz bayramı,Newroz bayramı,"""Cejna Newrozê"" Newroz bayramı demektir (cejn = bayram)."
offline_2458,Dîrok,5,answers,Merwaniyan di kîjan serdemê de li derdora Amedê hukum kiriye?,Silêmanî / Süleymaniye | Orta Çağ (10-11. yüzyıl) | Azerbaycan/Tebriz çevresi | kalıcı yerleşim düzeni,Orta Çağ (10-11. yüzyıl),"Mervanîler, 10-11. yüzyıllarda Diyarbakır (Amed) ve çevresinde hüküm süren bir Kürt hanedanıdır."
offline_2459,Dîrok,3,answers,"""Şerefname"" di bingehê de çi vedibêje?",Haçlı seferlerine karşı mücadele | Kürt hanedan ve beyliklerinin tarihini | Aşiretlerden oluşturulan süvari birlikleri | Med İmparatorluğu (Pers öncesi),Kürt hanedan ve beyliklerinin tarihini,"Şerefname, Kürt hanedanlarının ve beyliklerinin tarihini anlatan ilk kapsamlı eserdir."
offline_2464,Cografya,4,answers,"""Semsûr"" navê Kurdî yê kîjan bajarî ye?",Adıyaman | Antep | Maraş | Malatya,Adıyaman,"""Semsûr"", Adıyaman şehrinin Kürtçe adıdır."
offline_2467,Cografya,5,answers,Herêma Hewramî (Hawraman) di kêleka sînorê kîjan du welatan de ye?,İran-Türkiye | Irak-Suriye | Türkiye-Suriye | İran-Irak,İran-Irak,"Hawraman (Hewramî) bölgesi, İran ile Irak sınır kuşağında, dağlık bir Kürt yöresidir."
offline_2468,Muzîk,2,answers,"""Govend"" di bingehê de çalakiyeke çawa ye?",Şiir okuma | Bireysel şarkı | Tiyatro gösterisi | Toplu halk dansı,Toplu halk dansı,"Govend, el ele tutuşularak oynanan toplu bir halk dansıdır."
offline_2481,Çand,4,answers,Sê rengên bingehîn ên li ser ala Kurdî kîjan in?,"Siyah, kırmızı ve sarı | Mavi, beyaz ve kırmızı | Yeşil, sarı ve mor | Kırmızı, beyaz ve yeşil","Kırmızı, beyaz ve yeşil","Kürt bayrağında kırmızı, beyaz ve yeşil renkler ile ortada bir güneş bulunur."
offline_2497,Cografya,3,answers,"Bajarên wek Amed, Riha ve Mêrdîn li kîjan herêma dîrokî cih digirin?",Erbil (Hewlêr) | Maraş (Kahramanmaraş) | Nuh'un gemisi (tufan) | Yukarı Mezopotamya,Yukarı Mezopotamya,"Bu şehirler, Dicle-Fırat arasındaki Yukarı Mezopotamya bölgesinde yer alır."
offline_2499,Muzîk,3,answers,"Amûrên bi şêwaza ""Mey"" dikevin kîjan komê?",Telli | Üflemeli | Yaylı | Vurmalı,Üflemeli,"Mey, kamıştan yapılan üflemeli bir çalgıdır."
offline_2502,Siyaset,3,answers,"Di têgihiştina ""Demokratik ulus"" de gelên cuda çawa bi hev re dijîn?",Eşit ve gönüllü birliktelikle | Tam bir ayrışmayla | Katı bir hiyerarşiyle | Birinin diğerine asimilasyonuyla,Eşit ve gönüllü birliktelikle,"Demokratik ulus, farklı halk ve inançların eşit, gönüllü ve çoğulcu birlikteliğini esas alır."
offline_2503,Paradigma,4,answers,"Ramana ""Toplumsal ekoloji"" kîjan têkiliyê dike navend?","Tahakküm ile doğa tahribatı arasındaki ilişkiyi | Sadece sembolik değil, örgütsel ve kurumsal düzeyde | Doğayı yalnızca sömürü nesnesi olarak görmemesiyle | Kimliklerin devlet zoru olmadan birlikteliğini",Tahakküm ile doğa tahribatı arasındaki ilişkiyi,"Toplumsal ekoloji, toplumdaki tahakküm ilişkileri ile doğanın tahribi arasındaki bağı merkeze alır."
offline_2507,Ziman,2,answers,"Di Kurmancî de ""heft"" kîjan hejmar e?",Yedi | Dokuz | On | Beş,Yedi,'heft' → Yedi.
offline_2508,Ziman,2,answers,"Di Kurmancî de ""deh"" kîjan hejmar e?",On | Yedi | Yirmi | Beş,On,'deh' → On.
offline_2538,Ziman,3,answers,"""Çiya"" tê çi wateyê?",Ova | Nehir | Göl | Dağ,Dağ,"""Çiya"" dağ demektir (ör. Çiyayê Agirî = Ağrı Dağı)."
offline_2542,Çand,3,answers,Kevneşopiya dengbêjiyê berê bi giranî li kîjan cihan zindî dihat girtin?,"yerel yaşam ve paylaşım | Kırmızı, yeşil ve sarı | Köy odaları ve dîwanlar | gelenek ile ilişkilidir",Köy odaları ve dîwanlar,"Dengbêjler, geleneksel olarak köy odaları ve dîwanlarda toplanıp icra yaparlardı."
offline_2556,Cografya,5,answers,"Herêma ""Behdînan"" bi piranî di kîjan welatî de ye?",Güney (Irak Kürdistanı) | İran’daki Kürt bölgesi | Antep (Gaziantep) | Irak (Duhok çevresi),Irak (Duhok çevresi),"Behdînan, ağırlıkla Irak'ın Duhok çevresini kapsayan bir Kürt bölgesidir."
offline_2565,Çand,3,answers,"Di çanda Kurdî de ""mîr"" tê çi wateyê?",Yoğurt/ayran | Şîn (ağıt) | Bey/yönetici | Özgür eş yaşam,Bey/yönetici,"""Mîr"", bey ya da yönetici anlamına gelir; beyliklerin başındaki kişiyi belirtir."
offline_2578,Dîrok,4,answers,Kîjan wek yek ji gelên antîk ên bav û kalên Kurdan tê bibîranîn?,Mayalar | Medler | Vikingler | Romalılar,Medler,"Medler, Kürtlerin tarihsel atalarından biri olarak sıkça anılır."
offline_2584,Edebiyat,4,answers,Romanên Kurdî yên pêşîn bi piranî di kîjan serdemê de derketine?,15. yüzyıl | 12. yüzyıl | 17. yüzyıl | 20. yüzyıl,20. yüzyıl,"Kürtçe roman, ağırlıkla 20. yüzyılda gelişen modern bir türdür."
offline_2593,Paradigma,4,answers,"""Demokratik modernite"" kîjan nirxan esas digire?","Demokrasi, kadın özgürlüğü ve ekoloji | Ekoloji, kadın ve demokrasi krizlerini | Farklılıklara saygı ve eşitlik | Toplumun genel özgürlük düzeyinin","Demokrasi, kadın özgürlüğü ve ekoloji","Demokratik modernite; demokrasi, kadın özgürlüğü ve ekoloji değerlerini esas alır."
offline_2594,Paradigma,3,answers,"""Toplumsal sözleşme"" yerine paradigma neyi önerir?","Kadın özgürlüğü, ekoloji ve demokrasi | Tabandan tavana, katılımcı biçimde | Toplumun doğrudan ve örgütlü katılımını | Demokrasi, kadın özgürlüğü ve ekoloji",Toplumun doğrudan ve örgütlü katılımını,"Paradigma, toplumun doğrudan ve örgütlü (komün-meclis) katılımını esas alır."
offline_2596,Ziman,2,answers,"Di Kurmancî de ""goşt"" tê çi wateyê?",Et | ateş | Su | At,Et,'goşt' → Et.
offline_2599,Ziman,2,answers,"Di Kurmancî de ""mast"" tê çi wateyê?",Bal | Peynir | Yoğurt | Tereyağı,Yoğurt,'mast' → Yoğurt.
offline_2606,Çand,4,answers,"Biwêja ""Bav û kal"" çi îfade dike?",Komşular | Misafirler | Atalar/ecdat | Çocuklar,Atalar/ecdat,"""Bav û kal"" (baba ve dede) deyimi ataları/ecdadı ifade eder."
offline_2610,Dîrok,2,answers,Newroz bi kîjan demsal û mehê re têkildar e?,Kış / Aralık | Yaz / Temmuz | İlkbahar / Mart | Sonbahar / Eylül,İlkbahar / Mart,"Newroz, ilkbaharın başlangıcı olarak 21 Mart ile özdeşleşir."
offline_2625,Ziman,3,answers,"Di Kurmancî de lêkera ""çûn"" tê çi wateyê?",Gitmek | Yemek | Görmek | Gelmek,Gitmek,'çûn' → Gitmek.
offline_2628,Ziman,3,answers,"Di Kurmancî de ""dîtin"" tê çi wateyê?",Gitmek | Vermek | Görmek | Duymak,Görmek,'dîtin' → Görmek.
offline_2629,Ziman,3,answers,"Di Kurmancî de lêkera ""kirin"" tê çi wateyê?",Hafıza/akıl | Yapmak/etmek | evet ve hayır | Gelecek zaman,Yapmak/etmek,"""Kirin"" yapmak/etmek demektir."
offline_2638,Dîrok,5,answers,"""Hesenwayhîler"" li kîjan herêmê hukim kiriye, xanedaneke Kurd e?",Kafkasya (Gence-Ani çevresi) | Batı İran / Zagros çevresi | Şeref Han (Bitlis beyi) | Irak Kürt ulusal hareketi,Batı İran / Zagros çevresi,"Hesenwayhîler, Orta Çağ'da Batı İran-Zagros çevresinde hüküm sürmüş bir Kürt hanedanıdır."
offline_2639,Dîrok,3,answers,Di efsaneya Newrozê de Dehak wek kesekî çawa tê vegotin?,Kahraman bir asker | Bilge bir hâkim | Zalim bir kral/tiran | Cömert bir tüccar,Zalim bir kral/tiran,"Newroz anlatısında Dehak, halka zulmeden zalim bir kral/tiran olarak betimlenir."
offline_2644,Cografya,5,answers,"""Erzirom"" bilêvkirina Kurdî-herêmî ya kîjan bajarî ye?",Kars | Erzurum | Erzincan | Ağrı,Erzurum,"""Erzirom"", Erzurum şehrinin Kürtçe-yerel söylenişidir."
offline_2651,Siyaset,4,answers,Demokratik konfederalizm li hemberî dewletê kîjan helwestê dipejirîne?,"Devlet-dışı, tabandan örgütlenen öz yönetimi | Devleti aşan, ona alternatif bir öz yönetim | Hem reel sosyalizmi hem kapitalizmi olduğu gibi | Farklı kimlik ve inançların bir arada yaşamasını","Devleti aşan, ona alternatif bir öz yönetim","Demokratik konfederalizm, devleti ele geçirmeyi değil; onu aşan, alternatif bir toplumsal öz yönetim kurmayı hedefler."
offline_2653,Siyaset,3,prompt+answers,"""Çoğulculuk"" di neteweya demokratîk de çi misoger dike?","Türkiye’de yasal pro-Kürt/sol-demokratik parti siyaseti | Kapitalist modernite ve merkezi ulus-devlet eleştirisi | Yerel yönetim, eğitim ve ekonomi gibi alanlarda | Farklı kimlik ve inançların bir arada yaşamasını",Farklı kimlik ve inançların bir arada yaşamasını,"Çoğulculuk, demokratik ulusta farklı kimlik ve inançların eşit biçimde bir arada yaşamasını güvence altına alır."
offline_2658,Ziman,3,answers,"Di Kurmancî de ""bîst"" kîjan hejmar e?",Yirmi | Vatan/ülke | güzel/iyi | Sabah/yarın,Yirmi,"""Bîst"" yirmi demektir."
offline_2668,Dîrok,5,answers,Selahaddînê Eyûbî li kîjan bajarî ji dayik bûye?,Bağdat | Kahire | Tikrit | İstanbul,Tikrit,"Selahaddin Eyyubi, bugünkü Irak'ta yer alan Tikrit'te doğmuştur."
offline_2682,Paradigma,4,answers,"""Ekolojik toplum"" ji civaka pîşesaziyê bi kîjan aliyê ve cuda dibe?",Doğayı yalnızca sömürü nesnesi olarak görmemesiyle | Toplumsal bilinç ve özgür düşünceyi geliştirmeyi | Dünya çapında kadın özgürlüğü sembolü olmuştur | Toplumun kendini koruma ve örgütleme hakkını,Doğayı yalnızca sömürü nesnesi olarak görmemesiyle,"Ekolojik toplum, doğayı sınırsız sömürülecek bir nesne olarak görmemesiyle sanayi toplumundan ayrılır."
offline_2692,Çand,5,answers,Serokatiya olî ya civaka Êzidî bi kevneşopî ji aliyê kê ve tê meşandin?,Kına (hene) gecesi | Mîr ve Baba Şeyh | çîrokan vedibêje | Baharatlı pirinç,Mîr ve Baba Şeyh,Êzidî toplumunda dinî-toplumsal önderlik geleneksel olarak Mîr ve Baba Şeyh tarafından yürütülür.
offline_2696,Dîrok,5,answers,Peymana ku şûna Sevrê girt û statuya Kurdan tê de tune kîjan e?,Lozan (1923) | Dîcle û Ferat | Sünni İslam | 19. yüzyıl,Lozan (1923),"1923 Lozan Antlaşması, Sevr'in yerine geçmiş ve Kürtlere dair bir statü içermemiştir."
offline_2699,Edebiyat,4,answers,Mehmed Uzun berhemên xwe bi piranî bi kîjan zimanî nivîsandiye?,Doğa ve kuşlar | Kürtçe (Kurmancî) | Yazar ve aydın | 15-18. yüzyıllar,Kürtçe (Kurmancî),"Mehmed Uzun, İsveç'te yaşamasına rağmen eserlerini ağırlıkla Kürtçe (Kurmancî) yazmıştır."
offline_2705,Cografya,5,answers,"""Çiyayê Sîpan"" nêzîkî kîjan golê ye?",Van Gölü | Eğirdir Gölü | Tuz Gölü | Beyşehir Gölü,Van Gölü,"Çiyayê Sîpan (Süphan Dağı), Van Gölü'nün kuzeyinde yer alır."
offline_2710,Siyaset,3,answers,"Di paradîgmayê de mafê ""Anadil"" herî zêde bi çi re tê têkildarkirin?",Yerel/bölgesel düzeyde | Kültürel varoluş ve kimlik | Yerel komünlerden üst meclislere | Kadın dayanışması ve özgürlüğü,Kültürel varoluş ve kimlik,"Anadil hakkı, kültürel varoluş ve kimliğin sürdürülmesiyle ilişkilendirilir."
offline_2722,Ziman,3,answers,"Di Kurmancî de ""zer"" kîjan reng e?",Sarı | Kırmızı | Yeşil | Siyah,Sarı,'zer' → Sarı.
offline_2724,Çand,3,answers,Di çanda gelêrî ya Kurdî de girîngiya ku ji çiyayan re tê dayîn herî zêde bi çi tê ravekirin?,İranlılar ve birçok halk (Nevruz olarak) | Tarih boyunca dağlık coğrafyada yaşamayla | Zulme karşı direniş ve yeniden doğuş | Halay çekilir ve ateşin üstünden atlanır,Tarih boyunca dağlık coğrafyada yaşamayla,"Kürtlerin dağlara verdiği önem, tarih boyunca dağlık bir coğrafyada yaşamalarıyla ilişkilidir."
offline_2727,Dîrok,5,answers,Selahaddînê Eyûbî piştî kîjan şerî Qudsê vegerand?,Hıttin Savaşı (1187) | Ankara Savaşı | Çanakkale Savaşı | Malazgirt Savaşı,Hıttin Savaşı (1187),"Selahaddin Eyyubi, 1187 Hıttin Savaşı'nın ardından Kudüs'ü geri almıştır."
offline_2741,Siyaset,3,prompt+answers,"""Barış ve demokratik siyaset"" kîjan rêbazê red dike?",Kadın kotası | Yerel meclis ve komünlerde | Şiddet ve dayatmayı | Kadın dayanışması ve özgürlüğü,Şiddet ve dayatmayı,"Barış ve demokratik siyaset, çözüm yöntemi olarak şiddet ve dayatmayı reddeder."
offline_2780,Ziman,3,answers,"Di Kurmancî de ""aştî"" tê çi wateyê?",Öfke | Barış | Savaş | Korku,Barış,'aştî' → Barış.
offline_2782,Çand,4,answers,Di Êzidîtiyê de kevneşopiya duakirina ber bi rojê ve çi nîşan dide?,Işığa/güneşe verilen kutsallığı | Melek Tavus ve ışık/güneş motifi | gündelik kültür ile ilişkilidir | toplumsal bağları güçlendirme,Işığa/güneşe verilen kutsallığı,"Êzidî geleneğinde güneşe/ışığa verilen kutsallık, ibadet biçimlerine de yansır."
offline_2787,Edebiyat,3,answers,Hilgirên herî girîng ên wêjeya devkî ya kurdî kî ne?,Askerler | Denizciler | Tüccarlar | Dengbêjler,Dengbêjler,Kürt sözlü edebiyatının en önemli taşıyıcıları dengbêjlerdir.
offline_2790,Cografya,3,answers,"""Euphrates"" navê din ê kîjan çem e?",Aras | Ren | Dicle | Fırat,Fırat,"""Euphrates"", Fırat Nehri'nin (uluslararası) adıdır."
offline_2801,Muzîk,3,answers,"Govend, dengbêjlik ve kilam birlikte neyi oluşturur?",Kürt müzik-kültür mirasını | Klasik Batı müziğini | Modern pop endüstrisini | Caz geleneğini,Kürt müzik-kültür mirasını,"Govend, dengbêjlik ve kilam birlikte zengin bir Kürt müzik-kültür mirasını oluşturur."
offline_2803,Ziman,3,answers,"Di Kurmancî de ""bîr"" tê çi wateyê?",teşekkürler | Ben iyiyim | iyi günler | Hafıza/akıl,Hafıza/akıl,"""Bîr"" hafıza/akıl anlamına gelir (ör. bîr anîn = hatırlamak)."
offline_2804,Ziman,2,answers,"Di Kurmancî de ""kar"" tê çi wateyê?",Oyun | Tatil | Uyku | İş,İş,'kar' → İş.
offline_2811,Dîrok,4,answers,"Di dîroka kurdî de piştî ""beylikler dönemi"" kîjan pêvajo hatiye jiyîn?",Med İmparatorluğu (Pers öncesi) | Merkezîleşme ve doğrudan yönetim | KYB (Kürdistan Yurtseverler Birliği) | maddi kalıntılarla geçmişi araştırma,Merkezîleşme ve doğrudan yönetim,Beylikler döneminin ardından merkezîleşme politikalarıyla doğrudan yönetim süreci yaşanmıştır.
offline_2818,Cografya,4,answers,"Navên ""Cizîr ve Botan"" bi kîjan herêma dîrokî ve tên bibîranîn?",Botan/Cizre bölgesi (güneydoğu) | Herêma Kurdistanê ya Iraqê | Kürt coğrafyasındaki dağlar | Bereketli Hilal/Mezopotamya,Botan/Cizre bölgesi (güneydoğu),"Cizîr ve Botan, güneydoğudaki tarihî Botan-Cizre bölgesiyle anılır."
offline_2820,Paradigma,4,answers,"""Demokratik modernite"" derbaskirina kîjan sê krîzan armanc dike?","Borsa, döviz ve faiz sorunlarını | Trafik, enflasyon ve işsizlik krizlerini | Spor, sanat ve turizm sorunlarını | Ekoloji, kadın ve demokrasi krizlerini","Ekoloji, kadın ve demokrasi krizlerini","Demokratik modernite; ekolojik, kadın ve demokrasi krizlerini aşmayı hedefler."
offline_2823,Siyaset,3,answers,"""Demokratik çözüm"" kîjan nirxan pêşanî dike?","Sınır, ordu ve bayrağı | Eşitlik, özgürlük ve barışı | Hiyerarşi, zenginlik ve gücü | Rekabet, kâr ve mülkiyeti","Eşitlik, özgürlük ve barışı","Demokratik çözüm; eşitlik, özgürlük ve barış değerlerini önceler."
offline_2825,Muzîk,3,answers,"""Kilam, stran ve lawik"" bi hevpariyê wek kî tê naskirin?",ji bo pitikan | Kürt ezgi türleri | Sözlü kültürel miras | bê amûr (a capella),Kürt ezgi türleri,"Kilam, stran ve lawik, Kürt sözlü-müzikal geleneğinin ezgi türleridir."
offline_2826,Dîrok,3,answers,"""Şerefname"" ji aliyê kê ve hatiye nivîsandin?",serokê Komara Mehabadê | Şeref Han (Bitlis beyi) | kanıtlardan anlam çıkarma | kalıcı yerleşim düzeni,Şeref Han (Bitlis beyi),"Şerefname, Bitlis beyi Şeref Han tarafından 1597'de yazılmıştır."
offline_5000,Ziman,3,answers,"Rast e an şaş e: Kurmancî ""nanxane"" = ""yemekhane"".",Rast | Şaş,Rast,"""nanxane"" ""yemekhane"" demektir."
offline_5012,Ziman,4,answers,"Peyva Kurmancî ""dê"" bi Tirkî çi tê gotin?",anne | hava | kanî | xweş,anne,"Doğru anlam: ""dê"" → ""anne""."
offline_5019,Ziman,5,answers,"""derî"" (Kurmancî) bi Tirkî kîjan wateyê digire?",kaya | kapı | Rast | ateş,kapı,'derî' → kapı.
offline_5030,Ziman,3,prompt,"Kîjan ji van peyva Kurmancî ye ku wateya wê ""yaşlı/ihtiyar"" ye?",pîr | Ben | îro | poz,pîr,'yaşlı/ihtiyar' → pîr.
offline_5031,Ziman,1,answers,"Peyva Kurmancî ""av"" bi Tirkî çi tê gotin?",Ay | su | iş | av,su,"""av"" kelimesi ""su"" demektir."
offline_5035,Ziman,2,prompt+answers,"Wateya Tirkî ya ""stêrk"" ""yıldız"" e?",Rast | Şaş,Rast,"""stêrk"" ""yıldız"" demektir."
offline_5039,Ziman,5,answers,"Wateya Tirkî ya ""wêne"" ""ses"" e?",Rast | Şaş,Şaş,"""wêne"" = ""resim/fotoğraf""."
offline_5063,Ziman,3,answers,"Hevwateya ""ateş"" bi Kurmancî çi ye?",ateş | eski | Renk | agir,agir,"""ateş"" kelimesinin karşılığı ""agir""dir."
offline_5067,Ziman,2,answers,"Rast e an şaş e: Kurmancî ""hesp"" = ""at"".",Rast | Şaş,Rast,"""hesp"" ""at"" demektir."
offline_5090,Ziman,4,answers,"Kîjan ji van peyva Kurmancî ye ku wateya wê ""kalp/dil"" ye?",dar | ben | dil | gül,dil,'kalp/dil' → dil.
offline_5099,Ziman,1,answers,"Di Kurmancî de dema ""mase"" tê gotin, ""sandalye"" tê xwestin?",Rast | Şaş,Şaş,"""mase"" kelimesi ""sandalye"" anlamına gelmez."
offline_5106,Ziman,1,answers,"Peyva Kurmancî ""heval"" bi Tirkî çi tê gotin?",nanxane | Yumurta | pencere | arkadaş,arkadaş,"Doğru anlam: ""heval"" → ""arkadaş""."
offline_5114,Ziman,2,answers,"Hevwateya ""yemekhane"" bi Kurmancî çi ye?",fırıncı | nanxane | öğrenci | işitmek,nanxane,"Doğru eşleştirme: ""yemekhane"" → ""nanxane""."
offline_5138,Ziman,4,answers,"Ji bo gotina ""gitmek"" di Kurmancî de kîjan peyv tê bikaranîn?",di- | çûn | gül | dar,çûn,"Doğru eşleştirme: ""gitmek"" → ""çûn""."
offline_5143,Ziman,2,answers,"""welat"" (Kurmancî) bi Tirkî kîjan wateyê digire?",ülke/vatan | nivîsandin | ez nizanim | kız kardeş,ülke/vatan,"""welat"" kelimesi ""ülke/vatan"" demektir."
offline_5158,Ziman,5,answers,"Wateya Tirkî ya ""berf"" ""ateş"" e?",Rast | Şaş,Şaş,"""berf"" kelimesi ""ateş"" anlamına gelmez."
offline_5168,Ziman,3,answers,"Wateya Tirkî ya ""kûçik"" ""kedi"" e?",Rast | Şaş,Şaş,"""kûçik"" kelimesi ""kedi"" anlamına gelmez."
offline_5174,Ziman,5,prompt+answers,"Wateya Tirkî ya ""ba"" ""yağmur"" e?",Rast | Şaş,Şaş,"""ba"" kelimesi ""yağmur"" anlamına gelmez."
offline_5188,Ziman,5,answers,"Wateya Tirkî ya peyva ""kaxiz"" kîjan e?",kağıt | doğru | ciwan | here!,kağıt,"Kurmancî ""kaxiz"" ≈ ""kağıt""."
offline_5202,Ziman,5,answers,"Wateya Tirkî ya peyva ""xanî"" kîjan e?",pencere | bina/ev | destpêk | öğrenci,bina/ev,"Doğru anlam: ""xanî"" → ""bina/ev""."
offline_5204,Ziman,4,answers,"Wateya Tirkî ya ""pirtûk"" ""bilmek"" e?",Rast | Şaş,Şaş,"""pirtûk"" kelimesi ""bilmek"" anlamına gelmez."
offline_5208,Ziman,3,prompt+answers,"Rast e an şaş e: Kurmancî ""zarok"" = ""öğrenci"".",Rast | Şaş,Şaş,"""zarok"" kelimesi ""öğrenci"" anlamına gelmez."
offline_5225,Ziman,3,answers,"Ji bo gotina ""göz"" di Kurmancî de kîjan peyv tê bikaranîn?",di- | kar | diş | çav,çav,"Doğru eşleştirme: ""göz"" → ""çav""."
offline_5255,Ziman,4,answers,"Peyva Kurmancî ""xwendekar"" bi Tirkî çi tê gotin?",işitmek | ad/isim | öğrenci | fırıncı,öğrenci,"Doğru anlam: ""xwendekar"" → ""öğrenci""."
offline_5264,Ziman,4,prompt+answers,"Kîjan ji van peyva Kurmancî ye ku wateya wê ""kapı"" ye?",bira | Renk | derî | ağız,derî,'kapı' → derî.
offline_5268,Ziman,3,answers,"Rast e an şaş e: Kurmancî ""pisîk"" = ""kedi"".",Rast | Şaş,Rast,"""pisîk"" kelimesinin karşılığı ""kedi""dir."
offline_5270,Ziman,4,answers,"Hevwateya ""sevmek"" bi Kurmancî çi ye?",bihîstin | Altı | sandalye | hezkirin,hezkirin,'sevmek' → hezkirin.
offline_5284,Ziman,5,answers,"""zanîn"" (Kurmancî) bi Tirkî kîjan wateyê digire?",malbat | Yoğurt | Görmek | bilmek,bilmek,"Kurmancî ""zanîn"" ≈ ""bilmek""."
offline_5298,Ziman,5,answers,"Ji bo gotina ""okul"" di Kurmancî de kîjan peyv tê bikaranîn?",Adın ne? | dibistan | Teşekkür | su içmek,dibistan,'okul' → dibistan.
offline_5301,Ziman,2,answers,"Rast e an şaş e: Kurmancî ""şêr"" = ""aslan"".",Rast | Şaş,Rast,"Doğru eşleştirme: ""şêr"" → ""aslan""."
offline_5307,Ziman,4,answers,"Di Kurmancî de dema ""av"" tê gotin, ""gün/güneş"" tê xwestin?",Rast | Şaş,Şaş,"""av"" kelimesi ""gün/güneş"" anlamına gelmez."
offline_5314,Ziman,5,answers,"Wateya Tirkî ya ""ba"" ""rüzgar"" e?",Rast | Şaş,Rast,"Doğru eşleştirme: ""ba"" → ""rüzgar""."
offline_5325,Ziman,4,answers,"Kîjan ji van peyva Kurmancî ye ku wateya wê ""işitmek"" ye?",öğretmen | bihîstin | sandalye | dibistan,bihîstin,'işitmek' → bihîstin.
offline_5342,Ziman,2,answers,"""kar"" (Kurmancî) bi Tirkî kîjan wateyê digire?",ay | rû | iş | ev,iş,'kar' → iş.
offline_5364,Ziman,5,answers,"Di Kurmancî de dema ""derî"" tê gotin, ""pencere"" tê xwestin?",Rast | Şaş,Şaş,"""derî"" kelimesi ""pencere"" anlamına gelmez."
offline_5381,Ziman,2,answers,"Rast e an şaş e: Kurmancî ""zanîn"" = ""bilmek"".",Rast | Şaş,Rast,"""zanîn"" ""bilmek"" demektir."
offline_5386,Ziman,4,answers,"Peyva Kurmancî ""rûniştin"" bi Tirkî çi tê gotin?",öğrenci | pencere | oturmak | Kırmızı,oturmak,"""rûniştin"" kelimesi ""oturmak"" demektir."
offline_5391,Ziman,4,prompt+answers,"Ji bo gotina ""doğru"" di Kurmancî de kîjan peyv tê bikaranîn?",kaya | Ağız | okul | rast,rast,"""doğru"" kelimesinin karşılığı ""rast""dir."
offline_5394,Ziman,1,answers,"Rast e an şaş e: Kurmancî ""deng"" = ""ses"".",Rast | Şaş,Rast,"""deng"" kelimesinin karşılığı ""ses""dir."
offline_5427,Ziman,1,answers,"Di Kurmancî de dema ""nan"" tê gotin, ""ekmek"" tê xwestin?",Rast | Şaş,Rast,"Doğru eşleştirme: ""nan"" → ""ekmek""."
offline_5433,Ziman,1,prompt+answers,"Wateya Tirkî ya ""destpêk"" ""ağaç"" e?",Rast | Şaş,Şaş,"""destpêk"" kelimesi ""ağaç"" anlamına gelmez."
offline_5440,Ziman,1,answers,"""mamoste"" (Kurmancî) bi Tirkî kîjan wateyê digire?",öğretmen | dibistan | Altı | baş/kafa,öğretmen,"Doğru anlam: ""mamoste"" → ""öğretmen""."
offline_5448,Ziman,5,answers,"Wateya Tirkî ya peyva ""wêne"" kîjan e?",Arkadaş/yoldaş | yaşlı/ihtiyar | resim/fotoğraf | Latin (Hawar),resim/fotoğraf,"Kurmancî ""wêne"" ≈ ""resim/fotoğraf""."
offline_5459,Ziman,1,prompt+answers,"Hevwateya ""ağız"" bi Kurmancî çi ye?",dev | şêr | poz | diş,dev,"""ağız"" kelimesinin karşılığı ""dev""dir."
offline_5465,Ziman,2,answers,"Rast e an şaş e: Kurmancî ""agir"" = ""ateş"".",Rast | Şaş,Rast,"""agir"" ""ateş"" demektir."
offline_5475,Ziman,3,answers,"Wateya Tirkî ya ""deşt"" ""kaya"" e?",Rast | Şaş,Şaş,"""deşt"" kelimesi ""kaya"" anlamına gelmez."
offline_5499,Ziman,4,prompt+answers,"Di Kurmancî de dema ""nanpêj"" tê gotin, ""fırıncı"" tê xwestin?",Rast | Şaş,Rast,"Doğru eşleştirme: ""nanpêj"" → ""fırıncı""."
offline_5514,Ziman,1,answers,"Peyva Kurmancî ""jin"" bi Tirkî çi tê gotin?",doğru | Küçük | ciwan | kadın,kadın,"""jin"" kelimesi ""kadın"" demektir."
offline_5524,Ziman,4,answers,"Ji bo gotina ""Kürt"" di Kurmancî de kîjan peyv tê bikaranîn?",ateş | Ağız | xweş | kurd,kurd,"""Kürt"" kelimesinin karşılığı ""kurd""dir."
offline_5531,Ziman,1,answers,"""dil"" (Kurmancî) bi Tirkî kîjan wateyê digire?",kalp/dil | konuşmak | rûniştin | Altı,kalp/dil,"Kurmancî ""dil"" ≈ ""kalp/dil""."
offline_5542,Ziman,2,answers,"Kîjan ji van peyva Kurmancî ye ku wateya wê ""arkadaş"" ye?",Küçük | nivîn | doğru | heval,heval,"""arkadaş"" kelimesinin karşılığı ""heval""dir."
offline_5557,Ziman,1,prompt+answers,"Peyva ""kaxiz"" tê wateya ""resim/fotoğraf"".",Rast | Şaş,Şaş,"""kaxiz"" kelimesi ""resim/fotoğraf"" anlamına gelmez."
offline_5565,Ziman,2,prompt+answers,"Wateya Tirkî ya ""jin"" ""kadın"" e?",Rast | Şaş,Rast,"""jin"" kelimesinin karşılığı ""kadın""dir."
offline_5591,Ziman,4,prompt+answers,"Rast e an şaş e: Kurmancî ""xwendekar"" = ""doğru"".",Rast | Şaş,Şaş,"""xwendekar"" kelimesi ""doğru"" anlamına gelmez."
offline_5593,Ziman,4,answers,"Rast e an şaş e: Kurmancî ""çav"" = ""burun"".",Rast | Şaş,Şaş,"""çav"" kelimesi ""burun"" anlamına gelmez."
offline_5604,Ziman,1,answers,"Di Kurmancî de peyva ""bav"" bi Tirkî çi ye?",eski | baba | dede | ağız,baba,"""bav"" kelimesi ""baba"" demektir."
offline_5606,Ziman,5,answers,Ji bo ronahî û hewayê li dîwarê tê vekirin; bi Tirkî kîjan e?,ad/isim | Beş | xwendin | pencere,pencere,Bu tanım evlerdeki pencereyi anlatır.
offline_5622,Ziman,2,answers,"Hevwateya ""baba"" bi Kurmancî çi ye?",diş | bav | îro | ben,bav,'baba' → bav.
offline_5631,Ziman,3,answers,"Di Kurmancî de dema ""şev"" tê gotin, ""deniz"" tê xwestin?",Rast | Şaş,Şaş,"""şev"" kelimesi ""deniz"" anlamına gelmez."
offline_5632,Ziman,4,answers,"Wateya Tirkî ya ""şêr"" ""köpek"" e?",Rast | Şaş,Şaş,"""şêr"" kelimesi ""köpek"" anlamına gelmez."
offline_5644,Ziman,5,answers,"Kîjan ji van peyva Kurmancî ye ku wateya wê ""el"" ye?",bira | ateş | dest | kaya,dest,"Doğru eşleştirme: ""el"" → ""dest""."
offline_5675,Ziman,2,answers,"Rast e an şaş e: Kurmancî ""pê"" = ""baş/kafa"".",Rast | Şaş,Şaş,"""pê"" kelimesi ""baş/kafa"" anlamına gelmez."
offline_5676,Ziman,4,answers,"Di Kurmancî de dema ""diran"" tê gotin, ""saç"" tê xwestin?",Rast | Şaş,Şaş,"""diran"" kelimesi ""saç"" anlamına gelmez."
offline_5699,Ziman,5,answers,"Ji bo gotina ""yazmak"" di Kurmancî de kîjan peyv tê bikaranîn?",xwendegeh | İyi günler | gün/güneş | nivîsandin,nivîsandin,"""yazmak"" kelimesinin karşılığı ""nivîsandin""dir."
offline_5707,Ziman,2,answers,"Rast e an şaş e: Kurmancî ""hewa"" = ""hava"".",Rast | Şaş,Rast,"Doğru eşleştirme: ""hewa"" → ""hava""."
offline_5713,Ziman,2,answers,"Ji bo gotina ""dede"" di Kurmancî de kîjan peyv tê bikaranîn?",îro | şêr | diş | kal,kal,"Doğru eşleştirme: ""dede"" → ""kal""."
offline_5719,Ziman,1,answers,"Peyva ""ax"" tê wateya ""toprak"".",Rast | Şaş,Rast,"""ax"" kelimesinin karşılığı ""toprak""dir."
offline_5722,Ziman,2,answers,"Di Kurmancî de dema ""ziman"" tê gotin, ""okul"" tê xwestin?",Rast | Şaş,Şaş,"""ziman"" kelimesi ""okul"" anlamına gelmez."
offline_5733,Ziman,4,answers,"Di Kurmancî de dema ""cîhan"" tê gotin, ""dünya"" tê xwestin?",Rast | Şaş,Rast,"""cîhan"" kelimesinin karşılığı ""dünya""dir."
offline_5748,Ziman,5,answers,"""rabûn"" (Kurmancî) bi Tirkî kîjan wateyê digire?",kalkmak | pencere | Beş | öğrenci,kalkmak,"Doğru anlam: ""rabûn"" → ""kalkmak""."
offline_5774,Ziman,1,answers,"Wateya Tirkî ya peyva ""hesp"" kîjan e?",at | Su | ateş | Eşek,at,"Doğru anlam: ""hesp"" → ""at""."
offline_5796,Ziman,2,answers,"Ji bo gotina ""gece"" di Kurmancî de kîjan peyv tê bikaranîn?",şev | İyi | ben | Sabah,şev,"Doğru eşleştirme: ""gece"" → ""şev""."
offline_5805,Ziman,5,answers,"Kîjan ji van peyva Kurmancî ye ku wateya wê ""aile"" ye?",malbat | Görmek | yazmak | toprak,malbat,"""aile"" kelimesinin karşılığı ""malbat""dir."
offline_5813,Ziman,5,answers,"Di Kurmancî de peyva ""baran"" bi Tirkî çi ye?",yağmur | Yoğurt | gelmek | okumak,yağmur,"""baran"" kelimesi ""yağmur"" demektir."
offline_5832,Ziman,1,answers,"Wateya Tirkî ya peyva ""kurd"" kîjan e?",eski | Kürt | reng | xweş,Kürt,'kurd' → Kürt.
offline_5834,Ziman,4,prompt+answers,"Di Kurmancî de dema ""pir"" tê gotin, ""başlangıç"" tê xwestin?",Rast | Şaş,Şaş,"""pir"" kelimesi ""başlangıç"" anlamına gelmez."
offline_5848,Ziman,1,answers,"Di Kurmancî de dema ""welat"" tê gotin, ""dünya"" tê xwestin?",Rast | Şaş,Şaş,"""welat"" kelimesi ""dünya"" anlamına gelmez."
offline_5852,Ziman,1,answers,"Wateya Tirkî ya peyva ""dîtin"" kîjan e?",görmek | okumak | Üç | yağmur,görmek,"""dîtin"" kelimesi ""görmek"" demektir."
offline_5876,Ziman,2,answers,"Di Kurmancî de dema ""bajar"" tê gotin, ""şehir"" tê xwestin?",Rast | Şaş,Rast,"Doğru eşleştirme: ""bajar"" → ""şehir""."
offline_5886,Ziman,1,answers,"Kîjan ji van peyva Kurmancî ye ku wateya wê ""ülke/vatan"" ye?",nivîn | Beyaz | Küçük | welat,welat,"""ülke/vatan"" kelimesinin karşılığı ""welat""dir."
offline_5894,Ziman,5,answers,"""nivîn"" (Kurmancî) bi Tirkî kîjan wateyê digire?",burun | doğru | biçûk | yatak,yatak,"""nivîn"" kelimesi ""yatak"" demektir."
offline_5897,Ziman,3,answers,"Kîjan ji van peyva Kurmancî ye ku wateya wê ""yatak"" ye?",kadın | nivîn | doğru | Beyaz,nivîn,'yatak' → nivîn.
offline_5900,Ziman,2,answers,"Hevwateya ""bina/ev"" bi Kurmancî çi ye?",reng | xanî | rast | ateş,xanî,"""bina/ev"" kelimesinin karşılığı ""xanî""dir."
offline_5903,Ziman,3,answers,"Kîjan ji van peyva Kurmancî ye ku wateya wê ""bugün"" ye?",dar | gül | çok | îro,îro,"""bugün"" kelimesinin karşılığı ""îro""dir."
offline_5912,Ziman,5,answers,"Peyva Kurmancî ""nivîsandin"" bi Tirkî çi tê gotin?",bilmek | rüzgar | Üç | yazmak,yazmak,"""nivîsandin"" kelimesi ""yazmak"" demektir."
offline_5920,Ziman,2,answers,"Rast e an şaş e: Kurmancî ""çûn"" = ""gitmek"".",Rast | Şaş,Rast,"""çûn"" kelimesinin karşılığı ""gitmek""dir."
offline_5926,Ziman,2,answers,"Hevwateya ""renk"" bi Kurmancî çi ye?",ağız | reng | eski | baba,reng,'renk' → reng.
offline_5930,Ziman,1,answers,"""kanî"" (Kurmancî) bi Tirkî kîjan wateyê digire?",çeşme/pınar | Kız (çocuğu) | Hint-Avrupa | Yirmi,çeşme/pınar,"Doğru anlam: ""kanî"" → ""çeşme/pınar""."
offline_5933,Ziman,1,answers,"Hevwateya ""masa"" bi Kurmancî çi ye?",eski | ağız | mase | reng,mase,"Doğru eşleştirme: ""masa"" → ""mase""."
offline_5934,Ziman,1,answers,"Di Kurmancî de peyva ""teşt"" bi Tirkî çi ye?",biçûk | diçim | leğen | doğru,leğen,"Kurmancî ""teşt"" ≈ ""leğen""."
offline_5941,Ziman,3,prompt+answers,"Di Kurmancî de dema ""derya"" tê gotin, ""yıldız"" tê xwestin?",Rast | Şaş,Şaş,"""derya"" kelimesi ""yıldız"" anlamına gelmez."
offline_5957,Çand,4,answers,'Kew' di qada çandê de têgeheke çêkirî ye.,Rast | Şaş,Şaş,'Kew' için sorudaki iddia doğru değildir; doğru cevap 'Şaş'tır.
offline_5968,Çand,4,answers,Derbarê 'destmal' de ravekirina rast kîjan e?,"geleneksel kadın oyunları veya dansları | Renkli, katmanlı uzun elbiseler (kras) | Halkın direnişini ve özgürlük umudunu | halay başının elinde salladığı mendil",halay başının elinde salladığı mendil,'destmal' → halay başının elinde salladığı mendil.
offline_5969,Çand,2,answers,Kîjan vebijêrk tê wateya 'şahmaran'?,göçer yaşam tarzı ve dans ritmi | doğu kültüründe mitolojik figür | üç ayaklı geleneksel halk dansı | Sözlü/ezbere aktarılan anlatıya,doğu kültüründe mitolojik figür,'şahmaran' → doğu kültüründe mitolojik figür.
offline_5970,Çand,1,answers,'Govendên herêmî' di qada çandê de têgeheke çêkirî ye.,Rast | Şaş,Şaş,'Govendên herêmî' için sorudaki iddia doğru değildir; doğru cevap 'Şaş'tır.
offline_5973,Çand,1,answers,"Dema 'şax' tê gotin, çi tê xwestin?",yiyecek taşımak için dokunan torba | Zulme karşı direniş ve yeniden doğuş | yabani gül ve bitkisel çay geleneği | şırnak yöresine ait geleneksel dans,şırnak yöresine ait geleneksel dans,'şax' → şırnak yöresine ait geleneksel dans.
offline_5983,Çand,5,prompt+answers,'yerel kıyafetler' sernavek rast e ku beşek ji zanîna çandê ye.,Rast | Şaş,Rast,'yerel kıyafetler' Çand alanında geçerli bir kavramdır.
offline_5988,Çand,3,answers,Biwêja 'Kilim motifleri' di çarçoveya Çandê de watedar e.,Rast | Şaş,Rast,'Kilim motifleri' Çand alanında geçerli bir kavramdır.
offline_6020,Çand,4,answers,Ji aliyê Çandê ve ji bo 'govendên herêmî' îfadeya rast kîjan e?,"Sosyal örgütlenme, güvenlik, üretim ve siyasal ilişki ağı | yöresel halk dansları | Halay çekilir ve ateşin üstünden atlanır | Misafirperverlik ve ilişki kurma isteğini",yöresel halk dansları,'govendên herêmî' → yöresel halk dansları.
offline_6042,Çand,5,answers,"Dema 'pêncşem' tê gotin, çi tê xwestin?",geleneksel ziyaret ve anma günü | kültürel sembol ve renk hafızası | Dinî ilahi/sözlü kutsal metinler | Işığa/güneşe verilen kutsallığı,geleneksel ziyaret ve anma günü,'pêncşem' → geleneksel ziyaret ve anma günü.
offline_6053,Çand,3,answers,Derbarê 'şal û şapik' de ravekirina rast kîjan e?,geleneksel kaval benzeri çalgı | geleneksel erkek giyim takımı | ayran ve su ikram etme kültürü | Doğanın canlanışı ve bereket,geleneksel erkek giyim takımı,'şal û şapik' → geleneksel erkek giyim takımı.
offline_6059,Çand,5,answers,Ji bo 'hewran' pênaseya derbasdar kîjan e?,"""Nû"" (yeni) + ""roj"" (gün) | geleneksel kıl çadır yapımı | Topluluk ve aile bağlarını | baharın gelişi ve yenilenme",geleneksel kıl çadır yapımı,'hewran' → geleneksel kıl çadır yapımı.
offline_6067,Çand,4,answers,Derbarê 'çilkez' de ya rast a zanîn çi ye?,Dinî ilahi/sözlü kutsal metinler | kültürel sembol ve renk hafızası | yiyecek taşımak için dokunan torba | geleneksel Kürt saç örgüsü modeli,geleneksel Kürt saç örgüsü modeli,'çilkez' → geleneksel Kürt saç örgüsü modeli.
offline_6080,Çand,4,prompt+answers,Bi 'yerel kıyafetler' çi tê xwestin? ya rast çi ye?,kimlik ve bölgesel çeşitlilik | sofra kültürü ile ilişkilidir | sözlü gelenek ile ilişkilidir | geleneksel yedi tahıllı çorba,kimlik ve bölgesel çeşitlilik,'yerel kıyafetler' → kimlik ve bölgesel çeşitlilik.
offline_6083,Çand,2,answers,Di çarçoveya Çandê de 'destmal' tê çi wateyê?,Kürt halk müziğinde ağıt benzeri ezgi | Zulme karşı direniş ve yeniden doğuş | el yapımı geleneksel Kürt ayakkabısı | halay başının elinde salladığı mendil,halay başının elinde salladığı mendil,'destmal' → halay başının elinde salladığı mendil.
offline_6093,Çand,5,answers,Ji bo 'tûrik' pênaseya derbasdar kîjan e?,geleneksel çobanlık ve doğa bilgisi | koç katımı ve hayvancılık şenliği | yiyecek taşımak için dokunan torba | Çîrok (masal) ve kilam/stran (ezgi),yiyecek taşımak için dokunan torba,'tûrik' → yiyecek taşımak için dokunan torba.
offline_6117,Çand,2,answers,Derbarê 'nanê tenûrê' de kîjan rast e?,tandırda pişirilen geleneksel ekmek | Ekşili/etli sebze yemeği veya yahni | Zulme karşı direniş ve yeniden doğuş | yaşanmış ilginç olayların anlatımı,tandırda pişirilen geleneksel ekmek,'nanê tenûrê' → tandırda pişirilen geleneksel ekmek.
offline_6123,Çand,5,answers,Biwêja 'Bayramlaşma' di çarçoveya Çandê de watedar e.,Rast | Şaş,Rast,'Bayramlaşma' Çand alanında geçerli bir kavramdır.
offline_6130,Çand,3,answers,Biwêja 'Govend' di çarçoveya Çandê de watedar e.,Rast | Şaş,Rast,'Govend' Çand alanında geçerli bir kavramdır.
offline_6136,Çand,5,answers,Kîjan têgiha 'koçerî' rast şirove dike?,hesinkarê ku li dijî zilmê rabû | Dinî ilahi/sözlü kutsal metinler | göçer yaşam tarzı ve dans ritmi | kuşaktan kuşağa aktarılan anlatı,göçer yaşam tarzı ve dans ritmi,'koçerî' → göçer yaşam tarzı ve dans ritmi.
offline_6143,Çand,2,answers,Derbarê 'helase' de ya rast a zanîn çi ye?,Kültürel aidiyet ve coğrafi hafızayı | yaşanmış ilginç olayların anlatımı | geleneksel çobanlık ve doğa bilgisi | geleneksel hasat ve bereket şenliği,geleneksel hasat ve bereket şenliği,'helase' → geleneksel hasat ve bereket şenliği.
offline_6172,Çand,1,prompt+answers,Di çarçoveya çandê de mijareke bi navê 'Kıl çadır' tune ye.,Rast | Şaş,Şaş,'Kıl çadır' için sorudaki iddia doğru değildir; doğru cevap 'Şaş'tır.
offline_6176,Çand,4,answers,Di xebatên çandê de 'Tûrik' qet nayê bikaranîn.,Rast | Şaş,Şaş,'Tûrik' için sorudaki iddia doğru değildir; doğru cevap 'Şaş'tır.
offline_6182,Çand,4,answers,Di qada Çandê de 'memê alan' çi îfade dike?,"Tavuk ve pirinçle yapılan geleneksel yemek | Dil, kültür, yayıncılık, dayanışma ve kimlik aktarımı | Kültürel hafıza, edebiyat, sözlü anlatı ve aidiyet taşıdığı için | destansı Kürt halk anlatısı",destansı Kürt halk anlatısı,'memê alan' → destansı Kürt halk anlatısı.
offline_6189,Çand,5,answers,Îfadeya ku têgiha 'cîranî' rast vedibêje kîjan e?,komşuluk ve toplumsal yardımlaşma | Melek Tavus ve ışık/güneş motifi | koç katımı ve hayvancılık şenliği | yiyecek taşımak için dokunan torba,komşuluk ve toplumsal yardımlaşma,'cîranî' → komşuluk ve toplumsal yardımlaşma.
offline_6206,Çand,2,answers,'dengbêj' çawa tê pênasekirin?,toplumsal bağları güçlendirme | geleneksel kaval benzeri çalgı | sözlü anlatım ve ezgili hikaye | Sözlü/ezbere aktarılan anlatıya,sözlü anlatım ve ezgili hikaye,'dengbêj' → sözlü anlatım ve ezgili hikaye.
offline_6223,Çand,5,prompt+answers,Çand çerçevesinde 'masal anlatımı' bilinen bir konudur.,Rast | Şaş,Rast,'masal anlatımı' Çand alanında geçerli bir kavramdır.
offline_6230,Çand,1,answers,Derbarê 'heftegiyan' de vebijêrka rast kîjan e?,"geleneksel erkek giyim takımı | geleneksel yedi tahıllı çorba | Sığınak, özgürlük ve direnişi | geleneksel kaval benzeri çalgı",geleneksel yedi tahıllı çorba,'heftegiyan' → geleneksel yedi tahıllı çorba.
offline_6260,Çand,1,answers,Kîjan pênase bi 'Newroz' re li hev tê?,"""Nû"" (yeni) + ""roj"" (gün) | keça û kurê apê (kuzenler) | Melek Tavus (Tawûsî Melek) | baharın gelişi ve yenilenme",baharın gelişi ve yenilenme,'Newroz' → baharın gelişi ve yenilenme.
offline_6263,Çand,2,answers,Biwêja 'kelaş' di çarçoveya Çandê de watedar e.,Rast | Şaş,Rast,'kelaş' Çand alanında geçerli bir kavramdır.
offline_6266,Çand,1,answers,'pêncşem' ji aliyê Çandê ve biwêjek bêwate ye.,Rast | Şaş,Şaş,'pêncşem' için sorudaki iddia doğru değildir; doğru cevap 'Şaş'tır.
offline_6309,Çand,2,answers,'sêpê' di mijara çandê de çi vedibêje?,Dinî ilahi/sözlü kutsal metinler | Mêvanperwerî (misafirperverlik) | hesinkarê ku li dijî zilmê rabû | üç ayaklı geleneksel halk dansı,üç ayaklı geleneksel halk dansı,'sêpê' → üç ayaklı geleneksel halk dansı.
offline_6325,Çand,4,answers,Derbarê 'bilûr' de ya rast a zanîn çi ye?,Kürt halk takviminde yılbaşı kutlaması | kaval benzeri geleneksel üflemeli çalgı | Halay çekilir ve ateşin üstünden atlanır | koyun sağan kadınların kültürel rolü,kaval benzeri geleneksel üflemeli çalgı,'bilûr' → kaval benzeri geleneksel üflemeli çalgı.
offline_6343,Çand,5,answers,Li jêr ji bo 'tûtik' kîjan rast e?,ayran ve su ikram etme kültürü | Müzik ve ritüel/ezgi geleneği | geleneksel kaval benzeri çalgı | toplumsal bağları güçlendirme,geleneksel kaval benzeri çalgı,'tûtik' → geleneksel kaval benzeri çalgı.
offline_6365,Çand,2,answers,Derbarê 'zembîlfiroş' de kîjan rast e?,lehengên destaneke evînê | Toplu/kolektif bir kutlama | duygu ve toplumsal hafıza | meşhur Kürt halk hikayesi,meşhur Kürt halk hikayesi,'zembîlfiroş' → meşhur Kürt halk hikayesi.
offline_6380,Çand,4,answers,Derbarê 'bêrîvan' de agahiya herî rast kîjan e?,hunermendê ku kilaman ji ber dibêje | Halkın direnişini ve özgürlük umudunu | koyun sağan kadınların kültürel rolü | tandırda pişirilen geleneksel ekmek,koyun sağan kadınların kültürel rolü,'bêrîvan' → koyun sağan kadınların kültürel rolü.
offline_6406,Çand,1,answers,Berambera rast a biwêja 'govend' kîjan e?,toplu halk oyunu | yöresel kıyafet | kültürel ritüel | Baharatlı pirinç,toplu halk oyunu,'govend' → toplu halk oyunu.
offline_6445,Çand,1,answers,'bayramlaşma' di mijara çandê de çi vedibêje?,sözlü gelenek ile ilişkilidir | geleneksel yedi tahıllı çorba | toplumsal bağları güçlendirme | sözlü kültür ile ilişkilidir,toplumsal bağları güçlendirme,'bayramlaşma' → toplumsal bağları güçlendirme.
offline_6457,Çand,4,answers,'şabaş' çawa tê pênasekirin?,Dinî ilahi/sözlü kutsal metinler | göçebe Kürt aşiretlerinin barınağı | düğünlerde geline takılan altınlar | müzisyenlere bahşiş atma geleneği,müzisyenlere bahşiş atma geleneği,'şabaş' → müzisyenlere bahşiş atma geleneği.
offline_6465,Çand,4,answers,Ji bo Çandê derbarê 'sersal' de vebijêrka rast kîjan e?,Kürt halk takviminde yılbaşı kutlaması | kaval benzeri geleneksel üflemeli çalgı | kınalı keklik ve doğa sevgisi sembolü | koyun sağan kadınların kültürel rolü,Kürt halk takviminde yılbaşı kutlaması,'sersal' → Kürt halk takviminde yılbaşı kutlaması.
offline_6481,Çand,2,answers,Di qada Çandê de 'şevbêrk' wek têgihek derbasdar cih digire.,Rast | Şaş,Rast,'şevbêrk' Çand alanında geçerli bir kavramdır.
offline_6492,Çand,4,answers,Di qada çandê de 'Memê alan' nayê zanîn û nayê bikaranîn.,Rast | Şaş,Şaş,'Memê alan' için sorudaki iddia doğru değildir; doğru cevap 'Şaş'tır.
offline_6509,Çand,2,answers,Li jêr ji bo 'koçerî' kîjan rast e?,Dinî ilahi/sözlü kutsal metinler | doğu kültüründe mitolojik figür | Mêvanperwerî (misafirperverlik) | göçer yaşam tarzı ve dans ritmi,göçer yaşam tarzı ve dans ritmi,'koçerî' → göçer yaşam tarzı ve dans ritmi.
offline_6523,Çand,2,answers,Di çarçoveya Çandê de 'şîlan' çawa divê bê fêmkirin?,tandırda pişirilen geleneksel ekmek | Zulme karşı direniş ve yeniden doğuş | yabani gül ve bitkisel çay geleneği | Çîrok (masal) ve kilam/stran (ezgi),yabani gül ve bitkisel çay geleneği,'şîlan' → yabani gül ve bitkisel çay geleneği.
offline_6530,Çand,5,answers,"Dema 'kelaş' tê gotin, çi tê xwestin?",Halkın direnişini ve özgürlük umudunu | hunermendê ku kilaman ji ber dibêje | el yapımı geleneksel Kürt ayakkabısı | geleneksel hasat ve bereket şenliği,el yapımı geleneksel Kürt ayakkabısı,'kelaş' → el yapımı geleneksel Kürt ayakkabısı.
offline_6533,Çand,3,prompt+answers,Kîjan têgiha 'masal anlatımı' rast şirove dike?,kuşaktan kuşağa aktarılan anlatı | geleneksel Kürt saç örgüsü modeli | siyah keçi kılından yapılan çadır | üç ayaklı geleneksel halk dansı,kuşaktan kuşağa aktarılan anlatı,'masal anlatımı' → kuşaktan kuşağa aktarılan anlatı.
offline_6538,Çand,2,answers,Bi 'şevbêrk' çi tê xwestin? ya rast çi ye?,"Tarih boyunca dağlık coğrafyada yaşamayla | kış gecelerinde yapılan sohbet toplantıları | geleneksel kadın oyunları veya dansları | Renkli, katmanlı uzun elbiseler (kras)",kış gecelerinde yapılan sohbet toplantıları,'şevbêrk' → kış gecelerinde yapılan sohbet toplantıları.
offline_6541,Çand,3,answers,Derbarê 'qazîn' de vebijêrka rast kîjan e?,geleneksel kadın oyunları veya dansları | Kültürel aidiyet ve coğrafi hafızayı | halay başının elinde salladığı mendil | kaval benzeri geleneksel üflemeli çalgı,geleneksel kadın oyunları veya dansları,'qazîn' → geleneksel kadın oyunları veya dansları.
offline_6542,Çand,1,answers,Derbarê 'şevbêrk' de agahiya herî rast kîjan e?,"Renkli, katmanlı uzun elbiseler (kras) | İranlılar ve birçok halk (Nevruz olarak) | Misafirperverlik ve ilişki kurma isteğini | kış gecelerinde yapılan sohbet toplantıları",kış gecelerinde yapılan sohbet toplantıları,'şevbêrk' → kış gecelerinde yapılan sohbet toplantıları.
offline_6555,Çand,2,answers,Kîjan têgiha 'serzêr' rast şirove dike?,hunermendê ku kilaman ji ber dibêje | tandırda pişirilen geleneksel ekmek | siyah keçi kılından yapılan çadır | düğünlerde geline takılan altınlar,düğünlerde geline takılan altınlar,'serzêr' → düğünlerde geline takılan altınlar.
offline_6560,Çand,4,answers,Derbarê 'çilkez' de agahiya herî rast kîjan e?,"Bölge, lehçe, iklim, tarım ve komşu mutfaklarla etkileşim farklı olduğu için | Dağlık iklimde mevsimsel dayanıklılık ve gıda güvenliği sağladığı için | Gündelik yaşam, motif ve yerel estetik bilgisini taşıdığı için | geleneksel Kürt saç örgüsü modeli",geleneksel Kürt saç örgüsü modeli,'çilkez' → geleneksel Kürt saç örgüsü modeli.
offline_6575,Çand,3,answers,Kîjan têgiha 'şabaş' rast şirove dike?,yiyecek taşımak için dokunan torba | Melek Tavus ve ışık/güneş motifi | geleneksel ziyaret ve anma günü | müzisyenlere bahşiş atma geleneği,müzisyenlere bahşiş atma geleneği,'şabaş' → müzisyenlere bahşiş atma geleneği.
offline_6581,Çand,5,answers,Derbarê 'nanê sêlê' de ravekirina rast kîjan e?,sözlü gelenek ile ilişkilidir | geleneksel yedi tahıllı çorba | Müzik ve ritüel/ezgi geleneği | sac üzerinde pişirilen ekmek,sac üzerinde pişirilen ekmek,'nanê sêlê' → sac üzerinde pişirilen ekmek.
offline_6610,Çand,3,answers,'lûr' çawa tê pênasekirin?,Kürt halk müziğinde ağıt benzeri ezgi | el yapımı geleneksel Kürt ayakkabısı | kınalı keklik ve doğa sevgisi sembolü | Halkın direnişini ve özgürlük umudunu,Kürt halk müziğinde ağıt benzeri ezgi,'lûr' → Kürt halk müziğinde ağıt benzeri ezgi.
offline_6626,Çand,5,prompt+answers,Derbarê 'ağıt' de agahiya herî rast kîjan e?,meşhur Kürt halk hikayesi | Dinî-toplumsal sınıfları | duygu ve toplumsal hafıza | destaneke gelêrî ya klasîk,duygu ve toplumsal hafıza,'ağıt' → duygu ve toplumsal hafıza.
offline_6629,Çand,3,answers,"'Sersal', Çand ile ilgili gerçek bir terimdir.",Rast | Şaş,Rast,'Sersal' Çand alanında geçerli bir kavramdır.
offline_6638,Çand,5,answers,'hewran' di qada çandê de têgeheke çêkirî ye.,Rast | Şaş,Şaş,'hewran' için sorudaki iddia doğru değildir; doğru cevap 'Şaş'tır.
offline_6642,Çand,2,answers,"Dema 'misafirperverlik' tê gotin, çi tê xwestin?",toplumsal dayanışma | Yaşlıları/ihtiyarları | mevsimlik ritüel | Sözlü/müzikal gelenek,toplumsal dayanışma,'misafirperverlik' → toplumsal dayanışma.
offline_6652,Çand,3,answers,'Kew' tenê aîdî qadên derveyî Çandê ye.,Rast | Şaş,Şaş,'Kew' için sorudaki iddia doğru değildir; doğru cevap 'Şaş'tır.
offline_6658,Çand,2,answers,Çand çerçevesinde 'Shivaniyeti' bilinen bir konudur.,Rast | Şaş,Rast,'Shivaniyeti' Çand alanında geçerli bir kavramdır.
offline_6680,Çand,2,answers,'cîranî' sernavek rast e ku beşek ji zanîna çandê ye.,Rast | Şaş,Rast,'cîranî' Çand alanında geçerli bir kavramdır.
offline_6684,Çand,5,answers,'heftegiyan' tê çi wateyê?,toplumsal bağları güçlendirme | sözlü anlatım ve ezgili hikaye | geleneksel yedi tahıllı çorba | Müzik ve ritüel/ezgi geleneği,geleneksel yedi tahıllı çorba,'heftegiyan' → geleneksel yedi tahıllı çorba.
offline_6696,Çand,5,answers,Di qada Çandê de 'serzêr' wek têgihek derbasdar cih digire.,Rast | Şaş,Rast,'serzêr' Çand alanında geçerli bir kavramdır.
offline_6707,Çand,3,answers,'Qazîn' ji aliyê Çandê ve biwêjek bêwate ye.,Rast | Şaş,Şaş,'Qazîn' için sorudaki iddia doğru değildir; doğru cevap 'Şaş'tır.
offline_6708,Çand,1,answers,Kîjan di Çandê de têgiha 'sînan' rast bi cih dike?,"geleneksel taş işçiliği | Köy odaları ve dîwanlar | Kırmızı, beyaz ve yeşil | Dil ve kültürel haklar",geleneksel taş işçiliği,'sînan' → geleneksel taş işçiliği.
offline_6716,Çand,4,answers,Berambera rast a biwêja 'bêrîvan' kîjan e?,Höyük üzerinde gelişmiş eski tahkimli yerleşim | Farklı halkların eşitlik ve barış içinde ortak yaşamını | koyun sağan kadınların kültürel rolü | Dağlık iklimde mevsimsel dayanıklılık ve gıda güvenliği sağladığı için,koyun sağan kadınların kültürel rolü,'bêrîvan' → koyun sağan kadınların kültürel rolü.
offline_6722,Çand,1,answers,'fistan' çi îfade dike?,el sanatı ile ilişkilidir | lehengên destaneke evînê | Köy odaları ve dîwanlar | geleneksel kadın giysisi,geleneksel kadın giysisi,'fistan' → geleneksel kadın giysisi.
offline_6730,Çand,4,answers,Derbarê 'serpêhatî' de vebijêrka rast kîjan e?,düğünlerde geline takılan altınlar | geleneksel hasat ve bereket şenliği | Geleneksel toplumsal-dinî rolleri | yaşanmış ilginç olayların anlatımı,yaşanmış ilginç olayların anlatımı,'serpêhatî' → yaşanmış ilginç olayların anlatımı.
offline_6758,Çand,5,answers,Di qada çandê de 'fistan' nayê zanîn û nayê bikaranîn.,Rast | Şaş,Şaş,'fistan' için sorudaki iddia doğru değildir; doğru cevap 'Şaş'tır.
offline_6769,Çand,4,answers,'şahmaran' tenê aîdî qadên derveyî Çandê ye.,Rast | Şaş,Şaş,'şahmaran' için sorudaki iddia doğru değildir; doğru cevap 'Şaş'tır.
offline_6773,Çand,3,answers,Berambera rast a biwêja 'şîlan' kîjan e?,yabani gül ve bitkisel çay geleneği | Çîrok (masal) ve kilam/stran (ezgi) | geleneksel Kürt yeleği veya giysisi | hunermendê ku kilaman ji ber dibêje,yabani gül ve bitkisel çay geleneği,'şîlan' → yabani gül ve bitkisel çay geleneği.
offline_6778,Çand,3,answers,Çand çerçevesinde 'Nanê tenûrê' bilinen bir konudur.,Rast | Şaş,Rast,'Nanê tenûrê' Çand alanında geçerli bir kavramdır.
offline_6794,Çand,2,answers,'nanê sêlê' di çarçoveya çandê de têgeheke derbasdar e.,Rast | Şaş,Rast,'nanê sêlê' Çand alanında geçerli bir kavramdır.
offline_6803,Çand,1,answers,Kîjan têgiha 'lûr' rast şirove dike?,kınalı keklik ve doğa sevgisi sembolü | Kürt halk müziğinde ağıt benzeri ezgi | geleneksel Kürt yeleği veya giysisi | şırnak yöresine ait geleneksel dans,Kürt halk müziğinde ağıt benzeri ezgi,'lûr' → Kürt halk müziğinde ağıt benzeri ezgi.
offline_6809,Çand,4,answers,Li jêr ji bo 'sînan' kîjan rast e?,geleneksel taş işçiliği | 21 Adar ile ilişkilidir | Etnik ve dilsel topluluk | Dinî önder/yol gösterici,geleneksel taş işçiliği,'sînan' → geleneksel taş işçiliği.
offline_6823,Çand,2,answers,Kîjan têgiha 'kilim motifleri' rast şirove dike?,masallardaki altın saray motifi | düğün ve kutlama ile ilişkilidir | Dinî ilahi/sözlü kutsal metinler | kültürel sembol ve renk hafızası,kültürel sembol ve renk hafızası,'kilim motifleri' → kültürel sembol ve renk hafızası.
offline_6835,Çand,1,answers,Derbarê 'qutik' de ravekirina rast kîjan e?,geleneksel Kürt yeleği veya giysisi | Zulme karşı direniş ve yeniden doğuş | düğünlerde geline takılan altınlar | göçebe Kürt aşiretlerinin barınağı,geleneksel Kürt yeleği veya giysisi,'qutik' → geleneksel Kürt yeleği veya giysisi.
offline_6838,Çand,1,answers,Bi 'şax' çi tê xwestin? ya rast çi ye?,şırnak yöresine ait geleneksel dans | göçebe Kürt aşiretlerinin barınağı | Kültürel aidiyet ve coğrafi hafızayı | geleneksel çobanlık ve doğa bilgisi,şırnak yöresine ait geleneksel dans,'şax' → şırnak yöresine ait geleneksel dans.
offline_6841,Çand,4,answers,Di çarçoveya Çandê de 'reşmal' çawa divê bê fêmkirin?,"Resmi arşivlerde görünmeyen deneyimleri ve hafızayı kaydedebildiği için | Dil, kültür, yayıncılık, dayanışma ve kimlik aktarımı | Dağlık iklimde mevsimsel dayanıklılık ve gıda güvenliği sağladığı için | siyah keçi kılından yapılan çadır",siyah keçi kılından yapılan çadır,'reşmal' → siyah keçi kılından yapılan çadır.
offline_6882,Çand,2,prompt+answers,Li jêr ji bo 'halk mutfağı' kîjan rast e?,"Kırmızı, yeşil ve sarı | Dil ve kültürel haklar | yerel yaşam ve paylaşım | Yoldaşlık ve dayanışma",yerel yaşam ve paylaşım,'halk mutfağı' → yerel yaşam ve paylaşım.
offline_6903,Çand,1,answers,Di çarçoveya çandê de mijareke bi navê 'şal û şapik' tune ye.,Rast | Şaş,Şaş,'şal û şapik' için sorudaki iddia doğru değildir; doğru cevap 'Şaş'tır.
offline_6911,Çand,2,prompt+answers,'kıl çadır' sernavek rast e ku beşek ji zanîna çandê ye.,Rast | Şaş,Rast,'kıl çadır' Çand alanında geçerli bir kavramdır.
offline_6937,Çand,3,answers,'bilûr' bi awayekî rast çawa tê ravekirin?,Halay çekilir ve ateşin üstünden atlanır | kaval benzeri geleneksel üflemeli çalgı | Kürt halk takviminde yılbaşı kutlaması | Zulme karşı direniş ve yeniden doğuş,kaval benzeri geleneksel üflemeli çalgı,'bilûr' → kaval benzeri geleneksel üflemeli çalgı.
offline_6958,Çand,1,prompt+answers,'Halk mutfağı' ji aliyê Çandê ve biwêjek bêwate ye.,Rast | Şaş,Şaş,'Halk mutfağı' için sorudaki iddia doğru değildir; doğru cevap 'Şaş'tır.
offline_6971,Çand,4,answers,Ji bo 'sêpê' pênaseya derbasdar kîjan e?,gündelik kültür ile ilişkilidir | kültürel sembol ve renk hafızası | üç ayaklı geleneksel halk dansı | doğu kültüründe mitolojik figür,üç ayaklı geleneksel halk dansı,'sêpê' → üç ayaklı geleneksel halk dansı.
offline_6974,Çand,5,answers,Biwêja 'Qutik' di çarçoveya Çandê de watedar e.,Rast | Şaş,Rast,'Qutik' Çand alanında geçerli bir kavramdır.
offline_6986,Çand,4,answers,Li jêr ji bo 'zembîlfiroş' kîjan rast e?,Masal/hikâye anlatan kişi | Toplu/kolektif bir kutlama | meşhur Kürt halk hikayesi | lehengên destaneke evînê,meşhur Kürt halk hikayesi,'zembîlfiroş' → meşhur Kürt halk hikayesi.
offline_6987,Çand,1,prompt+answers,Çand literatüründe 'Ağıt' yer almaz.,Rast | Şaş,Şaş,'Ağıt' için sorudaki iddia doğru değildir; doğru cevap 'Şaş'tır.
offline_7011,Dîrok,2,answers,Di çarçoveya Dîrokê de 'Jiyan gazetesi' tê çi wateyê?,Osmanlı döneminde özerk kalmış Kürt hükümdarlığı | Süleymaniye'de basılan erken dönem Kürtçe gazete | Selahaddin Eyyubi tarafından kurulan büyük devlet | 1925 yılında Kürt hakları için isyan eden lider,Süleymaniye'de basılan erken dönem Kürtçe gazete,'Jiyan gazetesi' → Süleymaniye'de basılan erken dönem Kürtçe gazete.
offline_7015,Dîrok,1,answers,Di zanîna dîrokê de der barê 'Kürdistan Eyaleti' de ya rast kîjan e?,Irak rejimi tarafından idam edilen Kürt kadın aktivist | 19. yüzyılda özerklik mücadelesi veren Kürt emiri | Osmanlı'da 1847'de kurulan kısa süreli idari eyalet | Osmanlı döneminde özerk kalmış Kürt hükümdarlığı,Osmanlı'da 1847'de kurulan kısa süreli idari eyalet,'Kürdistan Eyaleti': Osmanlı'da 1847'de kurulan kısa süreli idari eyalet.
offline_7053,Dîrok,4,answers,Di çarçoveya Dîrokê de 'Barzani Hareketi' tê çi wateyê?,Irak rejimi tarafından idam edilen Kürt kadın aktivist | 19. yüzyılda özerklik mücadelesi veren Kürt emiri | Selahaddin Eyyubi tarafından kurulan büyük devlet | Güney Kürdistan'da uzun yıllar süren ulusal hareket,Güney Kürdistan'da uzun yıllar süren ulusal hareket,'Barzani Hareketi' → Güney Kürdistan'da uzun yıllar süren ulusal hareket.
offline_7058,Dîrok,2,answers,Li jêr kîjan têgiha 'Mezopotamya' rave dike?,Latin alfabesiyle basılan ilk Kürtçe dergi | 1946'da kurulan ilk kısa ömürlü Kürt devleti | Soran emirliğinin kör lakaplı güçlü lideri | Dicle ve Fırat çevresindeki tarihsel bölge,Dicle ve Fırat çevresindeki tarihsel bölge,'Mezopotamya' → Dicle ve Fırat çevresindeki tarihsel bölge.
offline_7066,Dîrok,4,answers,'Dersim 1937' bi kîjan aliyê xwe ve tê nasîn?,Irak'ta kendini Kürdistan kralı ilan eden lider | Kürdistan gazetesini çıkaran ilk Kürt gazeteci | Dersim bölgesinde yaşanan askeri harekat ve kriz | 1988'de Kürtlere karşı yapılan kimyasal saldırı,Dersim bölgesinde yaşanan askeri harekat ve kriz,'Dersim 1937': Dersim bölgesinde yaşanan askeri harekat ve kriz.
offline_7091,Dîrok,5,answers,'Mikdat Mithat Bedirxan' di qada dîrokê de têgeheke rast û naskirî ye.,Rast | Şaş,Rast,'Mikdat Mithat Bedirxan' Dîrok alanında geçerli bir kavramdır.
offline_7097,Dîrok,4,answers,'Mîrê Kor' ji aliyê Dîrokê ve biwêjek bêwate ye.,Rast | Şaş,Şaş,'Mîrê Kor' için sorudaki iddia doğru değildir; doğru cevap 'Şaş'tır.
offline_7118,Dîrok,3,answers,'Yerleşik yaşam' sernavek rast e ku beşek ji zanîna dîrokê ye.,Rast | Şaş,Rast,'Yerleşik yaşam' Dîrok alanında geçerli bir kavramdır.
offline_7135,Dîrok,1,answers,Ji bo 'Cizre' pênaseya derbasdar kîjan e?,Irak rejimi tarafından idam edilen Kürt kadın aktivist | Diyarbakır'ın antik çağdaki tarihi ismi ve kalesi | Botan emirliğinin ve tarihsel kültürün beşiği olan şehir | 1927-1930 yılları arasında Ağrı dağı çevresindeki direniş,Botan emirliğinin ve tarihsel kültürün beşiği olan şehir,'Cizre' → Botan emirliğinin ve tarihsel kültürün beşiği olan şehir.
offline_7145,Dîrok,3,answers,'Şeyh Said' di mijara dîrokê de çi vedibêje?,Ravanduz merkezli askeri güç biriktiren beylik | Irak rejimi tarafından Kürtlere yönelik soykırım | 1925 yılında Kürt hakları için isyan eden lider | Kürt coğrafyasını dört devlete bölen antlaşma,1925 yılında Kürt hakları için isyan eden lider,'Şeyh Said': 1925 yılında Kürt hakları için isyan eden lider.
offline_7151,Dîrok,3,prompt+answers,'Baban Emirliği' bi awayekî rast çawa tê ravekirin?,1946'da kurulan ilk kısa ömürlü Kürt devleti | Döneminden kalan belge veya nesne (birincil kaynak) | Dicle ve Fırat çevresindeki tarihsel bölge | Süleymaniye merkezli güçlü Kürt prensliği,Süleymaniye merkezli güçlü Kürt prensliği,'Baban Emirliği' → Süleymaniye merkezli güçlü Kürt prensliği.
offline_7163,Dîrok,2,answers,Di zanîna Dîrokê de derbarê 'Şeyh Said' de ya rast kîjan e?,Osmanlı döneminde özerk kalmış Kürt hükümdarlığı | 1925 yılında Kürt hakları için isyan eden lider | Osmanlı ve Safevi sınırını belirleyen antlaşma | Merkezî yönetime bağlanmış / tasfiye edilmiş yapı,1925 yılında Kürt hakları için isyan eden lider,'Şeyh Said': 1925 yılında Kürt hakları için isyan eden lider.
offline_7196,Dîrok,4,answers,Di xebatên dîrokê de 'Barzani hareketi' yek ji mijaran e.,Rast | Şaş,Rast,'Barzani hareketi' Dîrok alanında geçerli bir kavramdır.
offline_7201,Dîrok,5,answers,'Celadet Bedirxan' wek kî tê naskirin?,Süleymaniye merkezli güçlü Kürt prensliği | Soran emirliğinin kör lakaplı güçlü lideri | Kürt örf adetlerini derleyen ilk araştırmacı | Kürt alfabesini geliştiren yayıncı ve aydın,Kürt alfabesini geliştiren yayıncı ve aydın,'Celadet Bedirxan': Kürt alfabesini geliştiren yayıncı ve aydın.
offline_7210,Dîrok,3,answers,Kîjan kesê/a 'Mîrê Kor' rast dide nasîn?,Soran emirliğinin kör lakaplı güçlü lideri | Döneminden kalan belge veya nesne (birincil kaynak) | Van gölü güneyinde hüküm sürmüş Kürt beyliği | Kürt alfabesini geliştiren yayıncı ve aydın,Soran emirliğinin kör lakaplı güçlü lideri,'Mîrê Kor': Soran emirliğinin kör lakaplı güçlü lideri.
offline_7222,Dîrok,4,answers,Di xebatên dîrokê de 'Jiyan gazetesi' yek ji mijaran e.,Rast | Şaş,Rast,'Jiyan gazetesi' Dîrok alanında geçerli bir kavramdır.
offline_7223,Dîrok,3,prompt+answers,Ji bo 'Kasr-ı Şirin Antlaşması' ravekirina herî dirust kîjan e?,Osmanlı ve Safevi sınırını belirleyen antlaşma | Irak'ta kendini Kürdistan kralı ilan eden lider | Kürt coğrafyasını dört devlete bölen antlaşma | Merkezî yönetime bağlanmış / tasfiye edilmiş yapı,Osmanlı ve Safevi sınırını belirleyen antlaşma,'Kasr-ı Şirin Antlaşması' → Osmanlı ve Safevi sınırını belirleyen antlaşma.
offline_7227,Dîrok,4,prompt+answers,Ji bo 'Halepçe katliamı' pênaseya derbasdar kîjan e?,19. yüzyılda özerklik mücadelesi veren Kürt emiri | 1927-1930 yılları arasında Ağrı dağı çevresindeki direniş | 1988'de Kürtlere karşı yapılan kimyasal saldırı | Fiili özerk yönetim ve sonrasında KRG kurumlaşması,1988'de Kürtlere karşı yapılan kimyasal saldırı,'Halepçe katliamı' → 1988'de Kürtlere karşı yapılan kimyasal saldırı.
offline_7228,Dîrok,5,answers,Biwêja 'Amida' di çarçoveya Dîrokê de watedar e.,Rast | Şaş,Rast,'Amida' Dîrok alanında geçerli bir kavramdır.
offline_7230,Dîrok,4,prompt+answers,Di qada dîrokê de 'Soran emirliği' nayê zanîn û nayê bikaranîn.,Rast | Şaş,Şaş,'Soran emirliği' için sorudaki iddia doğru değildir; doğru cevap 'Şaş'tır.
offline_7242,Dîrok,2,prompt+answers,Li jêr kîjan têgiha 'Lozan Antlaşması' rave dike?,Van gölü güneyinde hüküm sürmüş Kürt beyliği | Şeref Han tarafından yazılan Kürt tarihi eseri | Kürt coğrafyasını dört devlete bölen antlaşma | Merkezî yönetime bağlanmış / tasfiye edilmiş yapı,Kürt coğrafyasını dört devlete bölen antlaşma,'Lozan Antlaşması' → Kürt coğrafyasını dört devlete bölen antlaşma.
offline_7247,Dîrok,2,answers,Li jêr ji bo 'Şengal' kîjan rast e?,Êzidî Kürtlerin tarihsel yerleşim bölgesi ve kalesi | Selahaddin Eyyubi tarafından kurulan büyük devlet | Fiili özerk yönetim ve sonrasında KRG kurumlaşması | Süleymaniye'de basılan erken dönem Kürtçe gazete,Êzidî Kürtlerin tarihsel yerleşim bölgesi ve kalesi,'Şengal' → Êzidî Kürtlerin tarihsel yerleşim bölgesi ve kalesi.
offline_7249,Dîrok,3,answers,Di dîrokê de 'Şeyh Mahmud Berzenci' kî ye?,Irak'ta kendini Kürdistan kralı ilan eden lider | 1988'de Kürtlere karşı yapılan kimyasal saldırı | Irak rejimi tarafından Kürtlere yönelik soykırım | Kürdistan gazetesini çıkaran ilk Kürt gazeteci,Irak'ta kendini Kürdistan kralı ilan eden lider,'Şeyh Mahmud Berzenci': Irak'ta kendini Kürdistan kralı ilan eden lider.
offline_7257,Dîrok,3,answers,Di qada Dîrokê de 'Qazi Muhammed' çi îfade dike?,Süleymaniye merkezli güçlü Kürt prensliği | Mahabad Kürt Cumhuriyeti'nin cumhurbaşkanı | Kürt alfabesini geliştiren yayıncı ve aydın | Van gölü güneyinde hüküm sürmüş Kürt beyliği,Mahabad Kürt Cumhuriyeti'nin cumhurbaşkanı,'Qazi Muhammed': Mahabad Kürt Cumhuriyeti'nin cumhurbaşkanı.
offline_7260,Dîrok,2,prompt+answers,Îfadeya ku têgiha 'Lozan Antlaşması' rast vedibêje kîjan e?,Osmanlı ve Safevi sınırını belirleyen antlaşma | Diyarbakır merkezli ortaçağ Kürt hanedanlığı | 1988'de Kürtlere karşı yapılan kimyasal saldırı | Kürt coğrafyasını dört devlete bölen antlaşma,Kürt coğrafyasını dört devlete bölen antlaşma,'Lozan Antlaşması' → Kürt coğrafyasını dört devlete bölen antlaşma.
offline_7293,Dîrok,2,prompt+answers,'Ağrı İsyanları' bi kîjan aliyê xwe ve tê nasîn?,Diyarbakır'ın antik çağdaki tarihi ismi ve kalesi | 1927-1930 yılları arasında Ağrı dağı çevresindeki direniş | Botan emirliğinin ve tarihsel kültürün beşiği olan şehir | Irak rejimi tarafından idam edilen Kürt kadın aktivist,1927-1930 yılları arasında Ağrı dağı çevresindeki direniş,'Ağrı İsyanları': 1927-1930 yılları arasında Ağrı dağı çevresindeki direniş.
offline_7300,Dîrok,3,answers,Li jêr ji bo 'Mela Mahmude Bayazidi' kîjan rast e?,Döneminden kalan belge veya nesne (birincil kaynak) | Merkezî yönetime bağlanmış / tasfiye edilmiş yapı | Kürt örf adetlerini derleyen ilk araştırmacı | Osmanlı ve Safevi sınırını belirleyen antlaşma,Kürt örf adetlerini derleyen ilk araştırmacı,'Mela Mahmude Bayazidi': Kürt örf adetlerini derleyen ilk araştırmacı.
offline_7312,Dîrok,1,answers,Derbarê 'Şeyh Mahmud Berzenci' de agahiya rast kîjan e?,Irak'ta kendini Kürdistan kralı ilan eden lider | Diyarbakır'ın antik çağdaki tarihi ismi ve kalesi | Osmanlı döneminde özerk kalmış Kürt hükümdarlığı | Merkezî yönetime bağlanmış / tasfiye edilmiş yapı,Irak'ta kendini Kürdistan kralı ilan eden lider,'Şeyh Mahmud Berzenci': Irak'ta kendini Kürdistan kralı ilan eden lider.
offline_7316,Dîrok,4,answers,'Mezopotamya' bi tevahî li derveyî zanîna dîrokê ye.,Rast | Şaş,Şaş,'Mezopotamya' için sorudaki iddia doğru değildir; doğru cevap 'Şaş'tır.
offline_7326,Dîrok,1,answers,'Mahabad Cumhuriyeti' bi tevahî li derveyî zanîna dîrokê ye.,Rast | Şaş,Şaş,'Mahabad Cumhuriyeti' için sorudaki iddia doğru değildir; doğru cevap 'Şaş'tır.
offline_7333,Dîrok,4,answers,Di xebatên dîrokê de 'Dersim 1937' qet nayê bikaranîn.,Rast | Şaş,Şaş,'Dersim 1937' için sorudaki iddia doğru değildir; doğru cevap 'Şaş'tır.
offline_7334,Dîrok,1,answers,Têgiha 'Barzani Hareketi' çi pêk tîne?,Hoybun cemiyeti adına askeri liderlik yapan subay | Irak rejimi tarafından Kürtlere yönelik soykırım | Osmanlı'da 1847'de kurulan kısa süreli idari eyalet | Güney Kürdistan'da uzun yıllar süren ulusal hareket,Güney Kürdistan'da uzun yıllar süren ulusal hareket,'Barzani Hareketi' → Güney Kürdistan'da uzun yıllar süren ulusal hareket.
offline_7335,Dîrok,2,answers,Derbarê 'Ehmedê Xanî' de agahiya rast kîjan e?,Kürdistan gazetesini çıkaran ilk Kürt gazeteci | 17. yüzyılda Kürt aydınlanma fikrini yazan şair | Dersim bölgesinde yaşanan askeri harekat ve kriz | Kürt coğrafyasını dört devlete bölen antlaşma,17. yüzyılda Kürt aydınlanma fikrini yazan şair,'Ehmedê Xanî': 17. yüzyılda Kürt aydınlanma fikrini yazan şair.
offline_7351,Dîrok,1,answers,Kîjan kesê/a 'Şeyh Said' rast dide nasîn?,Irak rejimi tarafından Kürtlere yönelik soykırım | tanıklık ve anlatılarla geçmişi anlama yöntemi | 1925 yılında Kürt hakları için isyan eden lider | Osmanlı ve Safevi sınırını belirleyen antlaşma,1925 yılında Kürt hakları için isyan eden lider,'Şeyh Said': 1925 yılında Kürt hakları için isyan eden lider.
offline_7360,Dîrok,1,prompt+answers,Ji bo 'Soran Emirliği' ravekirina herî dirust kîjan e?,Merkezî yönetime bağlanmış / tasfiye edilmiş yapı | Ravanduz merkezli askeri güç biriktiren beylik | Diyarbakır merkezli ortaçağ Kürt hanedanlığı | Irak'ta kendini Kürdistan kralı ilan eden lider,Ravanduz merkezli askeri güç biriktiren beylik,'Soran Emirliği' → Ravanduz merkezli askeri güç biriktiren beylik.
offline_7372,Dîrok,3,answers,Ji aliyê Dîrokê ve ji bo 'Mervaniler' îfadeya rast kîjan e?,Osmanlı ve Safevi sınırını belirleyen antlaşma | Kürt alfabesini geliştiren yayıncı ve aydın | Osmanlı ve Kaçar merkezileşme politikaları | Diyarbakır merkezli ortaçağ Kürt hanedanlığı,Diyarbakır merkezli ortaçağ Kürt hanedanlığı,'Mervaniler' → Diyarbakır merkezli ortaçağ Kürt hanedanlığı.
offline_7383,Dîrok,1,answers,Kîjan li gorî pênaseya 'Mahabad Cumhuriyeti' ye?,Kürt örf adetlerini derleyen ilk araştırmacı | 1946'da kurulan ilk kısa ömürlü Kürt devleti | Osmanlı ve Safevi sınırını belirleyen antlaşma | Döneminden kalan belge veya nesne (birincil kaynak),1946'da kurulan ilk kısa ömürlü Kürt devleti,'Mahabad Cumhuriyeti' → 1946'da kurulan ilk kısa ömürlü Kürt devleti.
offline_7386,Dîrok,3,answers,Di xebatên dîrokê de 'Sözlü tarih' yek ji mijaran e.,Rast | Şaş,Rast,'Sözlü tarih' Dîrok alanında geçerli bir kavramdır.
offline_7388,Dîrok,4,answers,'Şerefname' di qada dîrokê de têgeheke rast û naskirî ye.,Rast | Şaş,Rast,'Şerefname' Dîrok alanında geçerli bir kavramdır.
offline_7394,Dîrok,3,prompt+answers,Kîjan pênase bi 'Koçgiri İsyanı' re li hev tê?,Van gölü güneyinde hüküm sürmüş Kürt beyliği | Kürt alfabesini geliştiren yayıncı ve aydın | 1921'de Sivas yöresinde gelişen Kürt hareketi | 1925 yılında Kürt hakları için isyan eden lider,1921'de Sivas yöresinde gelişen Kürt hareketi,'Koçgiri İsyanı' → 1921'de Sivas yöresinde gelişen Kürt hareketi.
offline_7400,Dîrok,2,prompt+answers,Di qada dîrokê de 'Med i̇mparatorluğu' wek têgeheke derbasdar cih digire.,Rast | Şaş,Rast,'Med i̇mparatorluğu' Dîrok alanında geçerli bir kavramdır.
offline_7417,Dîrok,1,answers,'tarihsel yorum' çi îfade dike?,"Mısır, Suriye ve çevresi | Batı İran / Zagros çevresi | kanıtlardan anlam çıkarma | Azerbaycan/Tebriz çevresi",kanıtlardan anlam çıkarma,'tarihsel yorum' → kanıtlardan anlam çıkarma.
offline_7428,Dîrok,4,answers,Di çarçoveya dîrokê de mijareke bi navê 'İhsan Nuri Paşa' tune ye.,Rast | Şaş,Şaş,'İhsan Nuri Paşa' için sorudaki iddia doğru değildir; doğru cevap 'Şaş'tır.
offline_7443,Dîrok,3,answers,'Eyyubiler' çawa tê pênasekirin?,17. yüzyılda Kürt aydınlanma fikrini yazan şair | Süleymaniye'de basılan erken dönem Kürtçe gazete | Fiili özerk yönetim ve sonrasında KRG kurumlaşması | Selahaddin Eyyubi tarafından kurulan büyük devlet,Selahaddin Eyyubi tarafından kurulan büyük devlet,'Eyyubiler' → Selahaddin Eyyubi tarafından kurulan büyük devlet.
offline_7451,Dîrok,4,prompt+answers,Di çarçoveya Dîrokê de 'Ağrı İsyanları' çawa divê bê fêmkirin?,19. yüzyılda özerklik mücadelesi veren Kürt emiri | 1927-1930 yılları arasında Ağrı dağı çevresindeki direniş | Irak rejimi tarafından Kürtlere yönelik soykırım | Irak rejimi tarafından idam edilen Kürt kadın aktivist,1927-1930 yılları arasında Ağrı dağı çevresindeki direniş,'Ağrı İsyanları': 1927-1930 yılları arasında Ağrı dağı çevresindeki direniş.
offline_7465,Dîrok,1,prompt+answers,'Ağrı İsyanları' di qada dîrokê de têgeheke çêkirî ye.,Rast | Şaş,Şaş,'Ağrı İsyanları' için sorudaki iddia doğru değildir; doğru cevap 'Şaş'tır.
offline_7474,Dîrok,1,answers,Berambera rast a biwêja 'sözlü tarih' kîjan e?,tanıklık ve anlatılarla geçmişi anlama yöntemi | Merkezî yönetime bağlanmış / tasfiye edilmiş yapı | Diyarbakır merkezli ortaçağ Kürt hanedanlığı | Şeref Han tarafından yazılan Kürt tarihi eseri,tanıklık ve anlatılarla geçmişi anlama yöntemi,'sözlü tarih' → tanıklık ve anlatılarla geçmişi anlama yöntemi.
offline_7480,Dîrok,1,answers,Kîjan vebijêrk tê wateya 'Cizre'?,Selahaddin Eyyubi tarafından kurulan büyük devlet | Botan emirliğinin ve tarihsel kültürün beşiği olan şehir | Irak rejimi tarafından Kürtlere yönelik soykırım | Irak rejimi tarafından idam edilen Kürt kadın aktivist,Botan emirliğinin ve tarihsel kültürün beşiği olan şehir,'Cizre' → Botan emirliğinin ve tarihsel kültürün beşiği olan şehir.
offline_7483,Dîrok,1,answers,'Qazi Muhammed' kimdir?,Döneminden kalan belge veya nesne (birincil kaynak) | Diyarbakır merkezli ortaçağ Kürt hanedanlığı | Mahabad Kürt Cumhuriyeti'nin cumhurbaşkanı | Soran emirliğinin kör lakaplı güçlü lideri,Mahabad Kürt Cumhuriyeti'nin cumhurbaşkanı,'Qazi Muhammed': Mahabad Kürt Cumhuriyeti'nin cumhurbaşkanı.
offline_7497,Dîrok,2,answers,'Mustafa Barzani' bi kîjan aliyê xwe ve tê nasîn?,Osmanlı'da 1847'de kurulan kısa süreli idari eyalet | Osmanlı döneminde özerk kalmış Kürt hükümdarlığı | Süleymaniye'de basılan erken dönem Kürtçe gazete | Kürt hareketinin efsanevi askeri ve siyasi lideri,Kürt hareketinin efsanevi askeri ve siyasi lideri,'Mustafa Barzani': Kürt hareketinin efsanevi askeri ve siyasi lideri.
offline_7507,Dîrok,3,answers,'göç' çawa tê pênasekirin?,Zulme karşı özgürlük ve direnişi | bölgeler arası alışveriş güzergahı | Cizre merkezli önemli Kürt beyliği | toplulukların yer değiştirmesi,toplulukların yer değiştirmesi,'göç' → toplulukların yer değiştirmesi.
offline_7524,Dîrok,2,prompt+answers,'Lozan Antlaşması' sernavek rast e ku beşek ji zanîna dîrokê ye.,Rast | Şaş,Rast,'Lozan Antlaşması' Dîrok alanında geçerli bir kavramdır.
offline_7527,Dîrok,1,answers,'Amida' di mijara dîrokê de çi vedibêje?,Diyarbakır'ın antik çağdaki tarihi ismi ve kalesi | Irak rejimi tarafından Kürtlere yönelik soykırım | Kürt hareketinin efsanevi askeri ve siyasi lideri | Osmanlı'da 1847'de kurulan kısa süreli idari eyalet,Diyarbakır'ın antik çağdaki tarihi ismi ve kalesi,'Amida' → Diyarbakır'ın antik çağdaki tarihi ismi ve kalesi.
offline_7528,Dîrok,2,answers,Kîjan kesê/a 'Kürdistan Eyaleti' rast dide nasîn?,Osmanlı'da 1847'de kurulan kısa süreli idari eyalet | Hoybun cemiyeti adına askeri liderlik yapan subay | Süleymaniye'de basılan erken dönem Kürtçe gazete | 19. yüzyılda özerklik mücadelesi veren Kürt emiri,Osmanlı'da 1847'de kurulan kısa süreli idari eyalet,'Kürdistan Eyaleti': Osmanlı'da 1847'de kurulan kısa süreli idari eyalet.
offline_7560,Dîrok,2,answers,Biwêja 'ticaret yolu' di çarçoveya Dîrokê de watedar e.,Rast | Şaş,Rast,'ticaret yolu' Dîrok alanında geçerli bir kavramdır.
offline_7569,Dîrok,1,answers,Derbarê 'kronoloji' de ya rast a zanîn çi ye?,olayları zaman sırasına koyma | Kafkasya (Gence-Ani çevresi) | toplumların birbirini etkilemesi | Osmanlı döneminde (16. yüzyıl),olayları zaman sırasına koyma,'kronoloji' → olayları zaman sırasına koyma.
offline_7598,Dîrok,1,answers,"Dema 'Kürdistan gazetesi' tê gotin, çi tê xwestin?",Mahabad Kürt Cumhuriyeti'nin cumhurbaşkanı | Kahire'de 1898'de basılan ilk Kürt gazetesi | Soran emirliğinin kör lakaplı güçlü lideri | Diyarbakır merkezli ortaçağ Kürt hanedanlığı,Kahire'de 1898'de basılan ilk Kürt gazetesi,'Kürdistan gazetesi' → Kahire'de 1898'de basılan ilk Kürt gazetesi.
offline_7600,Dîrok,5,prompt+answers,Dîrok çerçevesinde 'Kasr-ı Şirin Antlaşması' bilinen bir konudur.,Rast | Şaş,Rast,'Kasr-ı Şirin Antlaşması' Dîrok alanında geçerli bir kavramdır.
offline_7604,Dîrok,2,answers,Biwêja 'Eyyubiler' di çarçoveya Dîrokê de watedar e.,Rast | Şaş,Rast,'Eyyubiler' Dîrok alanında geçerli bir kavramdır.
offline_7605,Dîrok,3,answers,Kîjan têgeha 'birincil kaynak' di nav dîrokê de rast bi cih dike?,Mahabad Kürt Cumhuriyeti'nin cumhurbaşkanı | Kürt coğrafyasını dört devlete bölen antlaşma | Kahire'de 1898'de basılan ilk Kürt gazetesi | Döneminden kalan belge veya nesne (birincil kaynak),Döneminden kalan belge veya nesne (birincil kaynak),'birincil kaynak' → Döneminden kalan belge veya nesne (birincil kaynak).
offline_7608,Dîrok,1,answers,'Celadet Bedirxan' bi tevahî li derveyî zanîna dîrokê ye.,Rast | Şaş,Şaş,'Celadet Bedirxan' için sorudaki iddia doğru değildir; doğru cevap 'Şaş'tır.
offline_7633,Dîrok,5,answers,Kîjan kesê/a 'Leyla Qasim' rast dide nasîn?,Diyarbakır'ın antik çağdaki tarihi ismi ve kalesi | Selahaddin Eyyubi tarafından kurulan büyük devlet | Botan emirliğinin ve tarihsel kültürün beşiği olan şehir | Irak rejimi tarafından idam edilen Kürt kadın aktivist,Irak rejimi tarafından idam edilen Kürt kadın aktivist,'Leyla Qasim': Irak rejimi tarafından idam edilen Kürt kadın aktivist.
offline_7643,Dîrok,5,answers,Di çarçoveya Dîrokê de 'Mikdat Mithat Bedirxan' çawa divê bê fêmkirin?,Kürt coğrafyasını dört devlete bölen antlaşma | Irak'ta kendini Kürdistan kralı ilan eden lider | Kürdistan gazetesini çıkaran ilk Kürt gazeteci | Irak rejimi tarafından Kürtlere yönelik soykırım,Kürdistan gazetesini çıkaran ilk Kürt gazeteci,'Mikdat Mithat Bedirxan': Kürdistan gazetesini çıkaran ilk Kürt gazeteci.
offline_7644,Dîrok,2,answers,Ji bo 'Amida' ravekirina herî dirust kîjan e?,Güney Kürdistan'da uzun yıllar süren ulusal hareket | Selahaddin Eyyubi tarafından kurulan büyük devlet | Kürt hareketinin efsanevi askeri ve siyasi lideri | Diyarbakır'ın antik çağdaki tarihi ismi ve kalesi,Diyarbakır'ın antik çağdaki tarihi ismi ve kalesi,'Amida' → Diyarbakır'ın antik çağdaki tarihi ismi ve kalesi.
offline_7657,Dîrok,2,prompt+answers,Kîjan kesê/a 'Bitlis Prensliği' rast dide nasîn?,Irak'ta kendini Kürdistan kralı ilan eden lider | Irak rejimi tarafından Kürtlere yönelik soykırım | Osmanlı döneminde özerk kalmış Kürt hükümdarlığı | Dersim bölgesinde yaşanan askeri harekat ve kriz,Osmanlı döneminde özerk kalmış Kürt hükümdarlığı,'Bitlis Prensliği': Osmanlı döneminde özerk kalmış Kürt hükümdarlığı.
offline_7666,Dîrok,4,prompt+answers,Di çarçoveya Dîrokê de 'Bitlis Prensliği' tê çi wateyê?,Irak'ta kendini Kürdistan kralı ilan eden lider | Selahaddin Eyyubi tarafından kurulan büyük devlet | Kürt hareketinin efsanevi askeri ve siyasi lideri | Osmanlı döneminde özerk kalmış Kürt hükümdarlığı,Osmanlı döneminde özerk kalmış Kürt hükümdarlığı,'Bitlis Prensliği': Osmanlı döneminde özerk kalmış Kürt hükümdarlığı.
offline_7668,Dîrok,1,prompt+answers,"Dema 'Halepçe katliamı' tê gotin, çi tê xwestin?",Diyarbakır'ın antik çağdaki tarihi ismi ve kalesi | Irak'ta kendini Kürdistan kralı ilan eden lider | 1988'de Kürtlere karşı yapılan kimyasal saldırı | Dersim bölgesinde yaşanan askeri harekat ve kriz,1988'de Kürtlere karşı yapılan kimyasal saldırı,'Halepçe katliamı' → 1988'de Kürtlere karşı yapılan kimyasal saldırı.
offline_7669,Dîrok,2,answers,Di çarçoveya Dîrokê de 'Şeyh Mahmud Berzenci' tê çi wateyê?,1988'de Kürtlere karşı yapılan kimyasal saldırı | Irak'ta kendini Kürdistan kralı ilan eden lider | Şeref Han tarafından yazılan Kürt tarihi eseri | Merkezî yönetime bağlanmış / tasfiye edilmiş yapı,Irak'ta kendini Kürdistan kralı ilan eden lider,'Şeyh Mahmud Berzenci': Irak'ta kendini Kürdistan kralı ilan eden lider.
offline_7680,Dîrok,2,answers,Ji aliyê Dîrokê ve ji bo 'Jiyan gazetesi' îfadeya rast kîjan e?,Süleymaniye'de basılan erken dönem Kürtçe gazete | 17. yüzyılda Kürt aydınlanma fikrini yazan şair | 1988'de Kürtlere karşı yapılan kimyasal saldırı | Irak rejimi tarafından Kürtlere yönelik soykırım,Süleymaniye'de basılan erken dönem Kürtçe gazete,'Jiyan gazetesi' → Süleymaniye'de basılan erken dönem Kürtçe gazete.
offline_7716,Dîrok,4,answers,Di xebatên dîrokê de 'Mela mahmude bayazidi' qet nayê bikaranîn.,Rast | Şaş,Şaş,'Mela mahmude bayazidi' için sorudaki iddia doğru değildir; doğru cevap 'Şaş'tır.
offline_7717,Dîrok,3,answers,Kîjan vebijêrk tê wateya 'Kürt Teali Cemiyeti'?,Dicle ve Fırat çevresindeki tarihsel bölge | Aşiretlerden oluşturulan süvari birlikleri | 20. yüzyıl başında kurulan Kürt örgütü | Osmanlı ve Kaçar merkezileşme politikaları,20. yüzyıl başında kurulan Kürt örgütü,'Kürt Teali Cemiyeti' → 20. yüzyıl başında kurulan Kürt örgütü.
offline_7720,Dîrok,3,answers,'Hawar dergisi' di qada dîrokê de têgeheke çêkirî ye.,Rast | Şaş,Şaş,'Hawar dergisi' için sorudaki iddia doğru değildir; doğru cevap 'Şaş'tır.
offline_7753,Dîrok,3,answers,Derbarê 'Şengal' de vebijêrka rast kîjan e?,Osmanlı döneminde özerk kalmış Kürt hükümdarlığı | Irak rejimi tarafından idam edilen Kürt kadın aktivist | Êzidî Kürtlerin tarihsel yerleşim bölgesi ve kalesi | 19. yüzyılda özerklik mücadelesi veren Kürt emiri,Êzidî Kürtlerin tarihsel yerleşim bölgesi ve kalesi,'Şengal' → Êzidî Kürtlerin tarihsel yerleşim bölgesi ve kalesi.
offline_7761,Dîrok,4,answers,Di qada dîrokê de 'Kürt teali cemiyeti' nayê zanîn û nayê bikaranîn.,Rast | Şaş,Şaş,'Kürt teali cemiyeti' için sorudaki iddia doğru değildir; doğru cevap 'Şaş'tır.
offline_7763,Dîrok,3,prompt+answers,Derbarê 'Bohtan Emirliği' de vebijêrka rast kîjan e?,Osmanlı döneminde (16. yüzyıl) | Cizre merkezli önemli Kürt beyliği | Kürt hanedan ve beyliklerinin tarihini | Osmanlı-Safevi dönemi (16-19. yüzyıl),Cizre merkezli önemli Kürt beyliği,'Bohtan Emirliği' → Cizre merkezli önemli Kürt beyliği.
offline_7777,Dîrok,1,answers,Derbarê 'Hawar dergisi' de vebijêrka rast kîjan e?,Kürt coğrafyasını dört devlete bölen antlaşma | Latin alfabesiyle basılan ilk Kürtçe dergi | Hakkari/Cizre çevresi (dağlık güneydoğu) | Kahire'de 1898'de basılan ilk Kürt gazetesi,Latin alfabesiyle basılan ilk Kürtçe dergi,'Hawar dergisi' → Latin alfabesiyle basılan ilk Kürtçe dergi.
offline_7778,Dîrok,4,answers,'Mervaniler' çi îfade dike?,Diyarbakır merkezli ortaçağ Kürt hanedanlığı | Dicle ve Fırat çevresindeki tarihsel bölge | Döneminden kalan belge veya nesne (birincil kaynak) | Aşiretlerden oluşturulan süvari birlikleri,Diyarbakır merkezli ortaçağ Kürt hanedanlığı,'Mervaniler' → Diyarbakır merkezli ortaçağ Kürt hanedanlığı.
offline_7798,Dîrok,1,answers,Li jêr ji bo 'İhsan Nuri Paşa' kîjan rast e?,Hoybun cemiyeti adına askeri liderlik yapan subay | Selahaddin Eyyubi tarafından kurulan büyük devlet | Fiili özerk yönetim ve sonrasında KRG kurumlaşması | Osmanlı'da 1847'de kurulan kısa süreli idari eyalet,Hoybun cemiyeti adına askeri liderlik yapan subay,'İhsan Nuri Paşa': Hoybun cemiyeti adına askeri liderlik yapan subay.
offline_7803,Dîrok,4,answers,Kîjan kesê/a 'Mustafa Barzani' rast dide nasîn?,Dersim bölgesinde yaşanan askeri harekat ve kriz | 1988'de Kürtlere karşı yapılan kimyasal saldırı | 19. yüzyılda özerklik mücadelesi veren Kürt emiri | Kürt hareketinin efsanevi askeri ve siyasi lideri,Kürt hareketinin efsanevi askeri ve siyasi lideri,'Mustafa Barzani': Kürt hareketinin efsanevi askeri ve siyasi lideri.
offline_7812,Dîrok,5,prompt+answers,'Koçgiri i̇syanı' di çarçoveya dîrokê de têgeheke derbasdar e.,Rast | Şaş,Rast,'Koçgiri i̇syanı' Dîrok alanında geçerli bir kavramdır.
offline_7818,Dîrok,2,prompt+answers,Biwêja 'Baban emirliği' di çarçoveya Dîrokê de watedar e.,Rast | Şaş,Rast,'Baban emirliği' Dîrok alanında geçerli bir kavramdır.
offline_7832,Dîrok,5,answers,Derbarê 'Mîrê Kor' de agahiya rast kîjan e?,1946'da kurulan ilk kısa ömürlü Kürt devleti | Kahire'de 1898'de basılan ilk Kürt gazetesi | Kürt coğrafyasını dört devlete bölen antlaşma | Soran emirliğinin kör lakaplı güçlü lideri,Soran emirliğinin kör lakaplı güçlü lideri,'Mîrê Kor': Soran emirliğinin kör lakaplı güçlü lideri.
offline_7845,Dîrok,3,answers,Di dîrokê de 'Mustafa Barzani' kî ye?,1925 yılında Kürt hakları için isyan eden lider | Diyarbakır'ın antik çağdaki tarihi ismi ve kalesi | Osmanlı döneminde özerk kalmış Kürt hükümdarlığı | Kürt hareketinin efsanevi askeri ve siyasi lideri,Kürt hareketinin efsanevi askeri ve siyasi lideri,'Mustafa Barzani': Kürt hareketinin efsanevi askeri ve siyasi lideri.
offline_7848,Dîrok,1,answers,Derbarê 'Mahabad Cumhuriyeti' de agahiya herî rast kîjan e?,1946'da kurulan ilk kısa ömürlü Kürt devleti | Soran emirliğinin kör lakaplı güçlü lideri | Aşiretlerden oluşturulan süvari birlikleri | Osmanlı ve Safevi sınırını belirleyen antlaşma,1946'da kurulan ilk kısa ömürlü Kürt devleti,'Mahabad Cumhuriyeti' → 1946'da kurulan ilk kısa ömürlü Kürt devleti.
offline_7849,Dîrok,1,answers,Ji bo 'Kürdistan gazetesi' pênaseya derbasdar kîjan e?,Kürt alfabesini geliştiren yayıncı ve aydın | Kürt örf adetlerini derleyen ilk araştırmacı | Latin alfabesiyle basılan ilk Kürtçe dergi | Kahire'de 1898'de basılan ilk Kürt gazetesi,Kahire'de 1898'de basılan ilk Kürt gazetesi,'Kürdistan gazetesi' → Kahire'de 1898'de basılan ilk Kürt gazetesi.
offline_7851,Dîrok,1,answers,'Bedirhan bey' bi tevahî li derveyî zanîna dîrokê ye.,Rast | Şaş,Şaş,'Bedirhan bey' için sorudaki iddia doğru değildir; doğru cevap 'Şaş'tır.
offline_7852,Dîrok,2,answers,'Hawar dergisi' çawa tê pênasekirin?,Latin alfabesiyle basılan ilk Kürtçe dergi | Kürt örf adetlerini derleyen ilk araştırmacı | Kahire'de 1898'de basılan ilk Kürt gazetesi | Van gölü güneyinde hüküm sürmüş Kürt beyliği,Latin alfabesiyle basılan ilk Kürtçe dergi,'Hawar dergisi' → Latin alfabesiyle basılan ilk Kürtçe dergi.
offline_7866,Dîrok,2,answers,Derbarê 'arkeoloji' de agahiya herî rast kîjan e?,Osmanlı-Safevi dönemi (16-19. yüzyıl) | yek ji wargehên herî kevn ên domdar | maddi kalıntılarla geçmişi araştırma | toplumların birbirini etkilemesi,maddi kalıntılarla geçmişi araştırma,'arkeoloji' → maddi kalıntılarla geçmişi araştırma.
offline_7874,Dîrok,1,prompt+answers,'Med İmparatorluğu' bi kîjan aliyê xwe ve tê nasîn?,Cizre merkezli önemli Kürt beyliği | Merkezîleşme ve doğrudan yönetim | maddi kalıntılarla geçmişi araştırma | antik çağda Zagros merkezli büyük güç,antik çağda Zagros merkezli büyük güç,'Med İmparatorluğu': antik çağda Zagros merkezli büyük güç.
offline_7878,Dîrok,1,answers,'Bedirhan Bey' tenê aîdî qadên derveyî Dîrokê ye.,Rast | Şaş,Şaş,'Bedirhan Bey' için sorudaki iddia doğru değildir; doğru cevap 'Şaş'tır.
offline_7881,Dîrok,1,answers,Ji aliyê dîrokê ve ji bo 'kültürel etkileşim' gotina rast kîjan e?,Demirci Kawa ile zalim Dehak | maddi kalıntılarla geçmişi araştırma | toplumların birbirini etkilemesi | Med İmparatorluğu (Pers öncesi),toplumların birbirini etkilemesi,'kültürel etkileşim' → toplumların birbirini etkilemesi.
offline_7898,Dîrok,5,prompt+answers,'Soran Emirliği' tê çi wateyê?,Ravanduz merkezli askeri güç biriktiren beylik | 1988'de Kürtlere karşı yapılan kimyasal saldırı | Irak rejimi tarafından Kürtlere yönelik soykırım | Şeref Han tarafından yazılan Kürt tarihi eseri,Ravanduz merkezli askeri güç biriktiren beylik,'Soran Emirliği' → Ravanduz merkezli askeri güç biriktiren beylik.
offline_7905,Dîrok,1,answers,Di zanîna dîrokê de der barê 'Anfal operasyonu' de ya rast kîjan e?,17. yüzyılda Kürt aydınlanma fikrini yazan şair | Irak rejimi tarafından Kürtlere yönelik soykırım | Diyarbakır'ın antik çağdaki tarihi ismi ve kalesi | Hoybun cemiyeti adına askeri liderlik yapan subay,Irak rejimi tarafından Kürtlere yönelik soykırım,'Anfal operasyonu': Irak rejimi tarafından Kürtlere yönelik soykırım.
offline_7922,Dîrok,1,answers,Di çarçoveya Dîrokê de 'Mervaniler' çawa divê bê fêmkirin?,Diyarbakır merkezli ortaçağ Kürt hanedanlığı | Döneminden kalan belge veya nesne (birincil kaynak) | Kürt alfabesini geliştiren yayıncı ve aydın | Kürt coğrafyasını dört devlete bölen antlaşma,Diyarbakır merkezli ortaçağ Kürt hanedanlığı,'Mervaniler' → Diyarbakır merkezli ortaçağ Kürt hanedanlığı.
offline_7950,Dîrok,1,answers,'Qazi Muhammed' di qada dîrokê de têgeheke çêkirî ye.,Rast | Şaş,Şaş,'Qazi Muhammed' için sorudaki iddia doğru değildir; doğru cevap 'Şaş'tır.
offline_7958,Dîrok,3,answers,Dîrok çerçevesinde 'Şengal' bilinen bir konudur.,Rast | Şaş,Rast,'Şengal' Dîrok alanında geçerli bir kavramdır.
offline_7969,Dîrok,5,answers,Derbarê 'Celadet Bedirxan' de ya rast kîjan e?,Kahire'de 1898'de basılan ilk Kürt gazetesi | Kürt alfabesini geliştiren yayıncı ve aydın | Latin alfabesiyle basılan ilk Kürtçe dergi | Soran emirliğinin kör lakaplı güçlü lideri,Kürt alfabesini geliştiren yayıncı ve aydın,'Celadet Bedirxan': Kürt alfabesini geliştiren yayıncı ve aydın.
offline_7980,Dîrok,1,answers,'Kürdistan gazetesi' ji aliyê Dîrokê ve biwêjek bêwate ye.,Rast | Şaş,Şaş,'Kürdistan gazetesi' için sorudaki iddia doğru değildir; doğru cevap 'Şaş'tır.
offline_7983,Dîrok,1,answers,Berambera rast a biwêja 'yerleşik yaşam' kîjan e?,Osmanlı ve Safevi (İran) | Orta Çağ (10-11. yüzyıl) | Şeref Han (Bitlis beyi) | kalıcı yerleşim düzeni,kalıcı yerleşim düzeni,'yerleşik yaşam' → kalıcı yerleşim düzeni.
offline_7990,Dîrok,3,prompt+answers,'Bitlis prensliği' bi tevahî li derveyî zanîna dîrokê ye.,Rast | Şaş,Şaş,'Bitlis prensliği' için sorudaki iddia doğru değildir; doğru cevap 'Şaş'tır.
offline_8003,Dîrok,3,answers,Di qada Dîrokê de 'Göç' wek têgihek derbasdar cih digire.,Rast | Şaş,Rast,'Göç' Dîrok alanında geçerli bir kavramdır.
offline_8023,Dîrok,3,answers,Kîjan di Dîrokê de têgiha 'Hasankeyf' rast bi cih dike?,Irak rejimi tarafından idam edilen Kürt kadın aktivist | Dicle nehri üzerinde yer alan binlerce yıllık tarihi kent | Êzidî Kürtlerin tarihsel yerleşim bölgesi ve kalesi | 1927-1930 yılları arasında Ağrı dağı çevresindeki direniş,Dicle nehri üzerinde yer alan binlerce yıllık tarihi kent,'Hasankeyf': Dicle nehri üzerinde yer alan binlerce yıllık tarihi kent.
offline_8037,Dîrok,1,answers,Di dîrokê de 'Ehmedê Xanî' kî ye?,17. yüzyılda Kürt aydınlanma fikrini yazan şair | 1988'de Kürtlere karşı yapılan kimyasal saldırı | Kürdistan gazetesini çıkaran ilk Kürt gazeteci | Süleymaniye'de basılan erken dönem Kürtçe gazete,17. yüzyılda Kürt aydınlanma fikrini yazan şair,'Ehmedê Xanî': 17. yüzyılda Kürt aydınlanma fikrini yazan şair.
offline_8038,Dîrok,4,answers,Di qada dîrokê de 'Cizre' nayê zanîn û nayê bikaranîn.,Rast | Şaş,Şaş,'Cizre' için sorudaki iddia doğru değildir; doğru cevap 'Şaş'tır.
offline_8045,Dîrok,2,prompt+answers,Biwêja 'Halepçe katliamı' di çarçoveya Dîrokê de watedar e.,Rast | Şaş,Rast,'Halepçe katliamı' Dîrok alanında geçerli bir kavramdır.
offline_8054,Dîrok,5,answers,Dîrok çerçevesinde 'Kürdistan eyaleti' bilinen bir konudur.,Rast | Şaş,Rast,'Kürdistan eyaleti' Dîrok alanında geçerli bir kavramdır.
offline_8066,Dîrok,3,answers,Kîjan kesê/a 'Anfal operasyonu' rast dide nasîn?,Hoybun cemiyeti adına askeri liderlik yapan subay | Irak'ta kendini Kürdistan kralı ilan eden lider | Irak rejimi tarafından Kürtlere yönelik soykırım | Diyarbakır'ın antik çağdaki tarihi ismi ve kalesi,Irak rejimi tarafından Kürtlere yönelik soykırım,'Anfal operasyonu': Irak rejimi tarafından Kürtlere yönelik soykırım.
offline_8091,Dîrok,4,answers,Îfadeya ku têgiha 'Eyyubiler' rast vedibêje kîjan e?,Selahaddin Eyyubi tarafından kurulan büyük devlet | 19. yüzyılda özerklik mücadelesi veren Kürt emiri | 17. yüzyılda Kürt aydınlanma fikrini yazan şair | Kürt hareketinin efsanevi askeri ve siyasi lideri,Selahaddin Eyyubi tarafından kurulan büyük devlet,'Eyyubiler' → Selahaddin Eyyubi tarafından kurulan büyük devlet.
offline_8099,Cografya,2,prompt+answers,'Cudi dağı' di çarçoveya erdnîgariyê de têgeheke derbasdar e.,Rast | Şaş,Rast,'Cudi dağı' Cografya alanında geçerli bir kavramdır.
offline_8108,Cografya,2,answers,'Behdînan bölgesi' di erdnîgariyê de çi îfade dike?,Nuh'un gemisinin indiğine inanılan tarihi dağ | Karacadağ lavlarının oluşturduğu taşlık plato | Dersim coğrafyasının en engebeli sıradağları | Zaho ve Duhok civarındaki dağlık coğrafi alan,Zaho ve Duhok civarındaki dağlık coğrafi alan,'Behdînan bölgesi' → Zaho ve Duhok civarındaki dağlık coğrafi alan.
offline_8131,Cografya,5,answers,Di xebatên erdnîgariyê de 'Botan vadisi' qet nayê bikaranîn.,Rast | Şaş,Şaş,'Botan vadisi' için sorudaki iddia doğru değildir; doğru cevap 'Şaş'tır.
offline_8141,Cografya,3,answers,Li jêr ji bo 'Derbendihan gölü' kîjan rast e?,Botan çayının oluşturduğu derin kanyon vadi | Güney Kürdistan'ın en verimli tarım ovası | Diyala nehri üzerinde kurulmuş baraj gölü | Mezopotamya'ya hayat veren büyük nehir,Diyala nehri üzerinde kurulmuş baraj gölü,'Derbendihan gölü' → Diyala nehri üzerinde kurulmuş baraj gölü.
offline_8149,Cografya,5,answers,Di çarçoveya Cografyaê de 'Munzur vadisi' çawa divê bê fêmkirin?,Fırat'ın kollarının suladığı büyük tarım ovası | Karacadağ lavlarının oluşturduğu taşlık plato | Tunceli'de yer alan milli park statüsündeki vadi | dünyanın en büyük ikinci krater gölüne sahip dağ,Tunceli'de yer alan milli park statüsündeki vadi,'Munzur vadisi' → Tunceli'de yer alan milli park statüsündeki vadi.
offline_8155,Cografya,5,prompt+answers,Di qada Cografyaê de 'Süphan dağı' çi îfade dike?,Tunceli'de yer alan milli park statüsündeki vadi | Van gölü kuzeyinde yer alan sönmüş volkanik dağ | birçok nehrin kaynağını aldığı yüksek yaylaklar | Cizre ve Silopi düzlüklerini kapsayan verimli ova,Van gölü kuzeyinde yer alan sönmüş volkanik dağ,'Süphan dağı' → Van gölü kuzeyinde yer alan sönmüş volkanik dağ.
offline_8178,Cografya,5,answers,'Zap vadisi' ji aliyê Cografyaê ve biwêjek bêwate ye.,Rast | Şaş,Şaş,'Zap vadisi' için sorudaki iddia doğru değildir; doğru cevap 'Şaş'tır.
offline_8181,Cografya,1,answers,'daristan' di mijara erdnîgariyê de çi vedibêje?,Siirt | Fırat | Iraq | orman,orman,'daristan' → orman.
offline_8200,Cografya,2,prompt+answers,'Siverek ovası' di mijara erdnîgariyê de çi vedibêje?,Fırat'ın kollarının suladığı büyük tarım ovası | Musul ovasının ortasında yükselen stratejik dağ | Karacadağ lavlarının oluşturduğu taşlık plato | Siirt yöresinden geçip Dicle'ye dökülen nehir,Karacadağ lavlarının oluşturduğu taşlık plato,'Siverek ovası' → Karacadağ lavlarının oluşturduğu taşlık plato.
offline_8212,Cografya,3,prompt+answers,'Munzur dağları' neresidir?,Güney Kürdistan'ın en verimli tarım ovası | Dersim coğrafyasının en engebeli sıradağları | Zaho ve Duhok civarındaki dağlık coğrafi alan | Diyarbakır ve Şırnak'ı kapsayan nehir havzası,Dersim coğrafyasının en engebeli sıradağları,'Munzur dağları' → Dersim coğrafyasının en engebeli sıradağları.
offline_8213,Cografya,5,answers,Di qada Cografyaê de 'Zap vadisi' çi îfade dike?,Kürdistan coğrafyasının kuzeybatı yüksek kesimi | dik kayalıklar arasından Zap suyunun aktığı derin vadi | Musul ovasının ortasında yükselen stratejik dağ | Cizre ve Silopi düzlüklerini kapsayan verimli ova,dik kayalıklar arasından Zap suyunun aktığı derin vadi,'Zap vadisi' → dik kayalıklar arasından Zap suyunun aktığı derin vadi.
offline_8220,Cografya,1,answers,'Zap vadisi' kîjan hêmana erdnîgariyê ye?,Süleymaniye yakınlarında yer alan yapay baraj gölü | Musul ovasının ortasında yükselen stratejik dağ | dik kayalıklar arasından Zap suyunun aktığı derin vadi | Kürdistan coğrafyasını baştan başa bölen dağlar,dik kayalıklar arasından Zap suyunun aktığı derin vadi,'Zap vadisi' → dik kayalıklar arasından Zap suyunun aktığı derin vadi.
offline_8230,Cografya,2,prompt+answers,'Şehrizor ovası' kîjan hêmana erdnîgariyê ye?,Süleymaniye güneyindeki tarihi verimli düzlük | Hakkari dağlarını yararak akan hırçın akarsu | Doğu Kürdistan'da yer alan tuzlu göl havzası | Diyarbakır ve Şırnak'ı kapsayan nehir havzası,Süleymaniye güneyindeki tarihi verimli düzlük,'Şehrizor ovası' → Süleymaniye güneyindeki tarihi verimli düzlük.
offline_8242,Cografya,1,prompt+answers,'Yukarı Fırat bölümü' neresidir?,Fırat'ın kollarının suladığı büyük tarım ovası | Nuh'un gemisinin indiğine inanılan tarihi dağ | Kürdistan coğrafyasının kuzeybatı yüksek kesimi | birçok nehrin kaynağını aldığı yüksek yaylaklar,Kürdistan coğrafyasının kuzeybatı yüksek kesimi,'Yukarı Fırat bölümü' → Kürdistan coğrafyasının kuzeybatı yüksek kesimi.
offline_8247,Cografya,3,prompt+answers,Li jêr ji bo 'Süphan dağı' kîjan rast e?,Karacadağ lavlarının oluşturduğu taşlık plato | Tunceli'de yer alan milli park statüsündeki vadi | Cizre ve Silopi düzlüklerini kapsayan verimli ova | Van gölü kuzeyinde yer alan sönmüş volkanik dağ,Van gölü kuzeyinde yer alan sönmüş volkanik dağ,'Süphan dağı' → Van gölü kuzeyinde yer alan sönmüş volkanik dağ.
offline_8252,Cografya,4,answers,Di xebatên erdnîgariyê de 'Newal' yek ji mijaran e.,Rast | Şaş,Rast,'Newal' Cografya alanında geçerli bir kavramdır.
offline_8255,Cografya,5,prompt+answers,Li jêr ji bo 'Zagros sıradağları' kîjan rast e?,Siirt yöresinden geçip Dicle'ye dökülen nehir | dünyanın en büyük ikinci krater gölüne sahip dağ | Kürdistan coğrafyasını baştan başa bölen dağlar | Musul ovasının ortasında yükselen stratejik dağ,Kürdistan coğrafyasını baştan başa bölen dağlar,'Zagros sıradağları': Kürdistan coğrafyasını baştan başa bölen dağlar.
offline_8261,Cografya,5,prompt+answers,Di qada erdnîgariyê de 'Garzan çayı' wek têgeheke derbasdar cih digire.,Rast | Şaş,Rast,'Garzan çayı' Cografya alanında geçerli bir kavramdır.
offline_8263,Cografya,1,prompt+answers,Li jêr ji bo 'Botan çayı' kîjan rast e?,Dersim coğrafyasının en engebeli sıradağları | Fırat'ın kollarının suladığı büyük tarım ovası | Doğu Kürdistan'da yer alan tuzlu göl havzası | Siirt yöresinden geçip Dicle'ye dökülen nehir,Siirt yöresinden geçip Dicle'ye dökülen nehir,'Botan çayı' → Siirt yöresinden geçip Dicle'ye dökülen nehir.
offline_8284,Cografya,3,prompt+answers,Derbarê 'Kandil dağları' de ya rast kîjan e?,Garzan çayı yakınlarındaki dağlık kütle | karasal ve dağlık alanlarda soğuk kışlar | Diyarbakır surlarının altından geçen nehir | Mezopotamya'ya hayat veren büyük nehir,Garzan çayı yakınlarındaki dağlık kütle,'Kandil dağları' → Garzan çayı yakınlarındaki dağlık kütle.
offline_8313,Cografya,1,answers,'av' di qada erdnîgariyê de têgeheke çêkirî ye.,Rast | Şaş,Şaş,'av' için sorudaki iddia doğru değildir; doğru cevap 'Şaş'tır.
offline_8316,Cografya,5,prompt+answers,Di qada Cografyaê de 'meşe ormanları' çi îfade dike?,Cizre ve Silopi düzlüklerini kapsayan verimli ova | dünyanın en büyük ikinci krater gölüne sahip dağ | Kürdistan dağlarının tipik bitki örtüsü ve ağacı | Akdeniz'e yakın Kürt bölgelerinde görülen iklim,Kürdistan dağlarının tipik bitki örtüsü ve ağacı,'meşe ormanları' → Kürdistan dağlarının tipik bitki örtüsü ve ağacı.
offline_8319,Cografya,2,answers,'Nemrut krateri' li ku / wek çi tê zanîn?,Süleymaniye yakınlarında yer alan yapay baraj gölü | Kürdistan coğrafyasını baştan başa bölen dağlar | Van gölü kuzeyinde yer alan sönmüş volkanik dağ | dünyanın en büyük ikinci krater gölüne sahip dağ,dünyanın en büyük ikinci krater gölüne sahip dağ,'Nemrut krateri' → dünyanın en büyük ikinci krater gölüne sahip dağ.
offline_8331,Cografya,5,answers,Ji bo Cografyaê derbarê 'Urmiye gölü' de vebijêrka rast kîjan e?,Doğu Kürdistan'da yer alan tuzlu göl havzası | Hakkari dağlarını yararak akan hırçın akarsu | Diyarbakır ve Şırnak'ı kapsayan nehir havzası | Nuh'un gemisinin indiğine inanılan tarihi dağ,Doğu Kürdistan'da yer alan tuzlu göl havzası,'Urmiye gölü' → Doğu Kürdistan'da yer alan tuzlu göl havzası.
offline_8336,Cografya,5,prompt+answers,'Şengal dağı' di erdnîgariyê de çi îfade dike?,Van gölü kuzeyinde yer alan sönmüş volkanik dağ | Hakkari'de yer alan yüksek rakımlı tektonik ova | Fırat'ın kollarının suladığı büyük tarım ovası | Musul ovasının ortasında yükselen stratejik dağ,Musul ovasının ortasında yükselen stratejik dağ,'Şengal dağı' → Musul ovasının ortasında yükselen stratejik dağ.
offline_8356,Cografya,2,prompt+answers,Di çarçoveya Cografyaê de 'Halgurd dağı' çawa divê bê fêmkirin?,Irak Kürdistanı sınırlarında yer alan en yüksek zirve | dik kayalıklar arasından Zap suyunun aktığı derin vadi | Süleymaniye yakınlarında yer alan yapay baraj gölü | Kürdistan dağlarının tipik bitki örtüsü ve ağacı,Irak Kürdistanı sınırlarında yer alan en yüksek zirve,'Halgurd dağı' → Irak Kürdistanı sınırlarında yer alan en yüksek zirve.
offline_8357,Cografya,3,answers,Di xebatên erdnîgariyê de 'Kürdistan iklimi' qet nayê bikaranîn.,Rast | Şaş,Şaş,'Kürdistan iklimi' için sorudaki iddia doğru değildir; doğru cevap 'Şaş'tır.
offline_8361,Cografya,2,prompt+answers,Li jêr ji bo 'Bingöl dağları' kîjan rast e?,Tunceli'de yer alan milli park statüsündeki vadi | Van gölü kuzeyinde yer alan sönmüş volkanik dağ | Akdeniz'e yakın Kürt bölgelerinde görülen iklim | birçok nehrin kaynağını aldığı yüksek yaylaklar,birçok nehrin kaynağını aldığı yüksek yaylaklar,'Bingöl dağları' → birçok nehrin kaynağını aldığı yüksek yaylaklar.
offline_8367,Cografya,5,answers,Ji aliyê Cografyaê ve ji bo 'gol' îfadeya rast kîjan e?,çiya | göl | erd | Van,göl,'gol' → göl.
offline_8376,Cografya,1,prompt+answers,Li jêr ji bo 'Muş ovası' kîjan rast e?,Süleymaniye güneyindeki tarihi verimli düzlük | Diyarbakır ve Şırnak'ı kapsayan nehir havzası | Kürdistan coğrafyasının kuzeybatı yüksek kesimi | Fırat'ın kollarının suladığı büyük tarım ovası,Fırat'ın kollarının suladığı büyük tarım ovası,'Muş ovası' → Fırat'ın kollarının suladığı büyük tarım ovası.
offline_8380,Cografya,5,answers,Di xebatên erdnîgariyê de 'Yüksekova' yek ji mijaran e.,Rast | Şaş,Rast,'Yüksekova' Cografya alanında geçerli bir kavramdır.
offline_8384,Cografya,4,prompt+answers,Di zanîna erdnîgariyê de der barê 'Hewler ovası' de ya rast kîjan e?,Karacadağ lavlarının oluşturduğu taşlık plato | Elazığ sınırlarında yer alan tektonik göl | Diyala nehri üzerinde kurulmuş baraj gölü | Güney Kürdistan'ın en verimli tarım ovası,Güney Kürdistan'ın en verimli tarım ovası,'Hewler ovası' → Güney Kürdistan'ın en verimli tarım ovası.
offline_8406,Cografya,1,answers,Kîjan li gorî pênaseya 'erd' ye?,daristan | Viranşehir | yer/toprak | Nusaybin,yer/toprak,'erd' → yer/toprak.
offline_8436,Cografya,4,answers,Di qada erdnîgariyê de 'erd' nayê zanîn û nayê bikaranîn.,Rast | Şaş,Şaş,'erd' için sorudaki iddia doğru değildir; doğru cevap 'Şaş'tır.
offline_8460,Cografya,4,answers,'Serhat bölgesi' di qada erdnîgariyê de têgeheke rast û naskirî ye.,Rast | Şaş,Rast,'Serhat bölgesi' Cografya alanında geçerli bir kavramdır.
offline_8468,Cografya,2,answers,Di xebatên erdnîgariyê de 'Çiya' yek ji mijaran e.,Rast | Şaş,Rast,'Çiya' Cografya alanında geçerli bir kavramdır.
offline_8473,Cografya,2,answers,Derbarê 'Van gölü' de ya rast kîjan e?,Garzan çayı yakınlarındaki dağlık kütle | dünyanın en büyük sodalı gölü olan havza | Elazığ sınırlarında yer alan tektonik göl | Türkiye ve Irak sınırını çizen Dicle kolu,dünyanın en büyük sodalı gölü olan havza,'Van gölü' → dünyanın en büyük sodalı gölü olan havza.
offline_8479,Cografya,5,answers,Ji bo 'Yüksekova' ravekirina herî dirust kîjan e?,Hakkari'de yer alan yüksek rakımlı tektonik ova | Tunceli'de yer alan milli park statüsündeki vadi | Cizre ve Silopi düzlüklerini kapsayan verimli ova | Batman'dan geçip Dicle'ye dökülen önemli akarsu,Hakkari'de yer alan yüksek rakımlı tektonik ova,'Yüksekova' → Hakkari'de yer alan yüksek rakımlı tektonik ova.
offline_8480,Cografya,1,prompt+answers,Derbarê 'Karacadağ' de vebijêrka rast kîjan e?,Diyarbakır ovasında yer alan yayvan bazaltik volkan | Tunceli'de yer alan milli park statüsündeki vadi | Kürdistan coğrafyasının kuzeybatı yüksek kesimi | Akdeniz'e yakın Kürt bölgelerinde görülen iklim,Diyarbakır ovasında yer alan yayvan bazaltik volkan,'Karacadağ' → Diyarbakır ovasında yer alan yayvan bazaltik volkan.
offline_8506,Cografya,1,prompt+answers,'Kandil dağları' neresidir?,Kürdistan coğrafyasının en yüksek zirvesi | Garzan çayı yakınlarındaki dağlık kütle | Mezopotamya'ya hayat veren büyük nehir | krater gölüne sahip aktif volkanik dağ,Garzan çayı yakınlarındaki dağlık kütle,'Kandil dağları' → Garzan çayı yakınlarındaki dağlık kütle.
offline_8512,Cografya,5,prompt+answers,Ji bo Cografyaê derbarê 'Halgurd dağı' de vebijêrka rast kîjan e?,Cizre ve Silopi düzlüklerini kapsayan verimli ova | Irak Kürdistanı sınırlarında yer alan en yüksek zirve | Kars ve Iğdır sınırlarından geçip Hazar'a dökülen su | Kürdistan dağlarının tipik bitki örtüsü ve ağacı,Irak Kürdistanı sınırlarında yer alan en yüksek zirve,'Halgurd dağı' → Irak Kürdistanı sınırlarında yer alan en yüksek zirve.
offline_8523,Cografya,3,answers,Di zanîna erdnîgariyê de der barê 'Dicle nehri' de ya rast kîjan e?,Diyala nehri üzerinde kurulmuş baraj gölü | Elazığ sınırlarında yer alan tektonik göl | Diyarbakır surlarının altından geçen nehir | Dersim coğrafyasının en engebeli sıradağları,Diyarbakır surlarının altından geçen nehir,'Dicle nehri' → Diyarbakır surlarının altından geçen nehir.
offline_8532,Cografya,3,answers,'Dokan gölü' neresidir?,Kürdistan coğrafyasını baştan başa bölen dağlar | Musul ovasının ortasında yükselen stratejik dağ | Batman'dan geçip Dicle'ye dökülen önemli akarsu | Süleymaniye yakınlarında yer alan yapay baraj gölü,Süleymaniye yakınlarında yer alan yapay baraj gölü,'Dokan gölü' → Süleymaniye yakınlarında yer alan yapay baraj gölü.
offline_8539,Cografya,1,answers,Di çarçoveya Cografyaê de 'Kürdistan iklimi' çawa divê bê fêmkirin?,Basra Körfezi (Şattülarap üzerinden) | dünyanın en büyük sodalı gölü olan havza | Botan çayının oluşturduğu derin kanyon vadi | karasal ve dağlık alanlarda soğuk kışlar,karasal ve dağlık alanlarda soğuk kışlar,'Kürdistan iklimi': karasal ve dağlık alanlarda soğuk kışlar.
offline_8545,Cografya,2,prompt+answers,Di çarçoveya Cografyaê de 'Bingöl dağları' çawa divê bê fêmkirin?,birçok nehrin kaynağını aldığı yüksek yaylaklar | Van gölü kuzeyinde yer alan sönmüş volkanik dağ | Kürdistan coğrafyasını baştan başa bölen dağlar | Fırat'ın kollarının suladığı büyük tarım ovası,birçok nehrin kaynağını aldığı yüksek yaylaklar,'Bingöl dağları' → birçok nehrin kaynağını aldığı yüksek yaylaklar.
offline_8561,Cografya,1,answers,Ji bo 'akdeniz iklimi' ravekirina herî dirust kîjan e?,Musul ovasının ortasında yükselen stratejik dağ | Akdeniz'e yakın Kürt bölgelerinde görülen iklim | Hakkari'de yer alan yüksek rakımlı tektonik ova | Kürdistan coğrafyasını baştan başa bölen dağlar,Akdeniz'e yakın Kürt bölgelerinde görülen iklim,'akdeniz iklimi' → Akdeniz'e yakın Kürt bölgelerinde görülen iklim.
offline_8574,Cografya,2,prompt+answers,Ji aliyê Cografyaê ve ji bo 'Siverek ovası' îfadeya rast kîjan e?,Dersim coğrafyasının en engebeli sıradağları | Karacadağ lavlarının oluşturduğu taşlık plato | Nuh'un gemisinin indiğine inanılan tarihi dağ | Kürdistan coğrafyasının kuzeybatı yüksek kesimi,Karacadağ lavlarının oluşturduğu taşlık plato,'Siverek ovası' → Karacadağ lavlarının oluşturduğu taşlık plato.
offline_8585,Cografya,5,prompt+answers,Kîjan têgeha 'Şehrizor ovası' di nav erdnîgariyê de rast bi cih dike?,Botan çayının oluşturduğu derin kanyon vadi | Kürdistan coğrafyasının kuzeybatı yüksek kesimi | Süleymaniye güneyindeki tarihi verimli düzlük | Zaho ve Duhok civarındaki dağlık coğrafi alan,Süleymaniye güneyindeki tarihi verimli düzlük,'Şehrizor ovası' → Süleymaniye güneyindeki tarihi verimli düzlük.
offline_8590,Cografya,3,answers,'Akdeniz iklimi' sernavek rast e ku beşek ji zanîna erdnîgariyê ye.,Rast | Şaş,Rast,'Akdeniz iklimi' Cografya alanında geçerli bir kavramdır.
offline_8603,Cografya,4,answers,'Hazar gölü' neresidir?,Dersim coğrafyasının en engebeli sıradağları | Diyarbakır surlarının altından geçen nehir | Diyala nehri üzerinde kurulmuş baraj gölü | Elazığ sınırlarında yer alan tektonik göl,Elazığ sınırlarında yer alan tektonik göl,'Hazar gölü' → Elazığ sınırlarında yer alan tektonik göl.
offline_8635,Cografya,5,prompt+answers,Di qada erdnîgariyê de 'Bingöl dağları' wek têgeheke derbasdar cih digire.,Rast | Şaş,Rast,'Bingöl dağları' Cografya alanında geçerli bir kavramdır.
offline_8652,Cografya,4,prompt+answers,Di qada erdnîgariyê de 'Habur çayı' nayê zanîn û nayê bikaranîn.,Rast | Şaş,Şaş,'Habur çayı' için sorudaki iddia doğru değildir; doğru cevap 'Şaş'tır.
offline_8657,Cografya,2,answers,Di xebatên erdnîgariyê de 'Deşt' yek ji mijaran e.,Rast | Şaş,Rast,'Deşt' Cografya alanında geçerli bir kavramdır.
offline_8669,Cografya,3,prompt+answers,'Dicle ovası' di çarçoveya erdnîgariyê de têgeheke derbasdar e.,Rast | Şaş,Rast,'Dicle ovası' Cografya alanında geçerli bir kavramdır.
offline_8672,Cografya,4,answers,Ji bo Cografyaê derbarê 'Dicle bölümü' de vebijêrka rast kîjan e?,Dünyanın en eski sürekli yerleşimlerinden biri olmasıyla | Diyarbakır ve Şırnak'ı kapsayan nehir havzası | Irak’ın 19. vilayeti/gubernatorluğu olarak ayrı statü kazandı | Süleymaniye yakınlarında yer alan yapay baraj gölü,Diyarbakır ve Şırnak'ı kapsayan nehir havzası,'Dicle bölümü' → Diyarbakır ve Şırnak'ı kapsayan nehir havzası.
offline_8678,Cografya,1,answers,'sînor' bi awayekî rast çawa tê ravekirin?,Kuzey | sînor | Erbil | sınır,sınır,'sînor' → sınır.
offline_8686,Cografya,5,prompt+answers,Derbarê 'Munzur dağları' de ya rast kîjan e?,Musul ovasının ortasında yükselen stratejik dağ | Dersim coğrafyasının en engebeli sıradağları | Botan çayının oluşturduğu derin kanyon vadi | Fırat'ın kollarının suladığı büyük tarım ovası,Dersim coğrafyasının en engebeli sıradağları,'Munzur dağları' → Dersim coğrafyasının en engebeli sıradağları.
offline_8700,Cografya,5,prompt+answers,'Munzur dağları' sernavek rast e ku beşek ji zanîna erdnîgariyê ye.,Rast | Şaş,Rast,'Munzur dağları' Cografya alanında geçerli bir kavramdır.
offline_8701,Cografya,4,answers,'Zap suyu' bi tevahî li derveyî zanîna erdnîgariyê ye.,Rast | Şaş,Şaş,'Zap suyu' için sorudaki iddia doğru değildir; doğru cevap 'Şaş'tır.
offline_8710,Cografya,4,answers,Di xebatên erdnîgariyê de 'Dokan gölü' qet nayê bikaranîn.,Rast | Şaş,Şaş,'Dokan gölü' için sorudaki iddia doğru değildir; doğru cevap 'Şaş'tır.
offline_8715,Cografya,1,answers,Derbarê 'hewa' de ravekirina rast kîjan e?,vadi | deşt | hava | hewa,hava,'hewa' → hava.
offline_8726,Cografya,1,prompt+answers,'Yukarı Fırat bölümü' ji aliyê erdnîgarî ve çi vedibêje?,Cizre ve Silopi düzlüklerini kapsayan verimli ova | dünyanın en büyük ikinci krater gölüne sahip dağ | Batman'dan geçip Dicle'ye dökülen önemli akarsu | Kürdistan coğrafyasının kuzeybatı yüksek kesimi,Kürdistan coğrafyasının kuzeybatı yüksek kesimi,'Yukarı Fırat bölümü' → Kürdistan coğrafyasının kuzeybatı yüksek kesimi.
offline_8739,Cografya,1,prompt+answers,Di çarçoveya Cografyaê de 'Muş ovası' çawa divê bê fêmkirin?,Kürdistan coğrafyasının kuzeybatı yüksek kesimi | Fırat'ın kollarının suladığı büyük tarım ovası | Siirt yöresinden geçip Dicle'ye dökülen nehir | Hakkari'de yer alan yüksek rakımlı tektonik ova,Fırat'ın kollarının suladığı büyük tarım ovası,'Muş ovası' → Fırat'ın kollarının suladığı büyük tarım ovası.
offline_8754,Cografya,2,answers,Cografya çerçevesinde 'Munzur vadisi' bilinen bir konudur.,Rast | Şaş,Rast,'Munzur vadisi' Cografya alanında geçerli bir kavramdır.
offline_8757,Cografya,2,prompt+answers,'Yukarı Fırat bölümü' di erdnîgariyê de çi îfade dike?,Karacadağ lavlarının oluşturduğu taşlık plato | Tunceli'de yer alan milli park statüsündeki vadi | birçok nehrin kaynağını aldığı yüksek yaylaklar | Kürdistan coğrafyasının kuzeybatı yüksek kesimi,Kürdistan coğrafyasının kuzeybatı yüksek kesimi,'Yukarı Fırat bölümü' → Kürdistan coğrafyasının kuzeybatı yüksek kesimi.
offline_8762,Cografya,3,prompt+answers,Di xebatên erdnîgariyê de 'Hewler ovası' yek ji mijaran e.,Rast | Şaş,Rast,'Hewler ovası' Cografya alanında geçerli bir kavramdır.
offline_8769,Cografya,2,prompt+answers,'Botan çayı' di qada erdnîgariyê de têgeheke rast û naskirî ye.,Rast | Şaş,Rast,'Botan çayı' Cografya alanında geçerli bir kavramdır.
offline_8772,Cografya,5,answers,Di çarçoveya erdnîgariyê de mijareke bi navê 'Derbendihan gölü' tune ye.,Rast | Şaş,Şaş,'Derbendihan gölü' için sorudaki iddia doğru değildir; doğru cevap 'Şaş'tır.
offline_8778,Cografya,2,prompt+answers,Di qada erdnîgariyê de 'Siverek ovası' wek têgeheke derbasdar cih digire.,Rast | Şaş,Rast,'Siverek ovası' Cografya alanında geçerli bir kavramdır.
offline_8783,Cografya,2,answers,Di qada Cografyaê de 'av' çi îfade dike?,Ağrı | av | deşt | su,su,'av' → su.
offline_8803,Cografya,2,answers,Di çarçoveya Cografyaê de 'Hazar gölü' çawa divê bê fêmkirin?,Hakkari dağlarını yararak akan hırçın akarsu | krater gölüne sahip aktif volkanik dağ | Mezopotamya'ya hayat veren büyük nehir | Elazığ sınırlarında yer alan tektonik göl,Elazığ sınırlarında yer alan tektonik göl,'Hazar gölü' → Elazığ sınırlarında yer alan tektonik göl.
offline_8823,Cografya,2,answers,'Urmiye gölü' neresidir?,Doğu Kürdistan'da yer alan tuzlu göl havzası | Diyarbakır surlarının altından geçen nehir | Siirt yöresinden geçip Dicle'ye dökülen nehir | Türkiye ve Irak sınırını çizen Dicle kolu,Doğu Kürdistan'da yer alan tuzlu göl havzası,'Urmiye gölü' → Doğu Kürdistan'da yer alan tuzlu göl havzası.
offline_8828,Cografya,2,prompt+answers,Di çarçoveya Cografyaê de 'Garzan çayı' tê çi wateyê?,Batman'dan geçip Dicle'ye dökülen önemli akarsu | Kürdistan coğrafyasının kuzeybatı yüksek kesimi | Kürdistan dağlarının tipik bitki örtüsü ve ağacı | Tunceli'de yer alan milli park statüsündeki vadi,Batman'dan geçip Dicle'ye dökülen önemli akarsu,'Garzan çayı' → Batman'dan geçip Dicle'ye dökülen önemli akarsu.
offline_8830,Cografya,3,answers,Li jêr ji bo 'Behdînan bölgesi' kîjan rast e?,Botan çayının oluşturduğu derin kanyon vadi | Kürdistan coğrafyasının kuzeybatı yüksek kesimi | birçok nehrin kaynağını aldığı yüksek yaylaklar | Zaho ve Duhok civarındaki dağlık coğrafi alan,Zaho ve Duhok civarındaki dağlık coğrafi alan,'Behdînan bölgesi' → Zaho ve Duhok civarındaki dağlık coğrafi alan.
offline_8833,Cografya,2,prompt+answers,'Ağrı dağı' di mijara erdnîgariyê de çi vedibêje?,Doğu Kürdistan'da yer alan tuzlu göl havzası | Elazığ sınırlarında yer alan tektonik göl | Güney Kürdistan'ın en verimli tarım ovası | Kürdistan coğrafyasının en yüksek zirvesi,Kürdistan coğrafyasının en yüksek zirvesi,'Ağrı dağı' → Kürdistan coğrafyasının en yüksek zirvesi.
offline_8839,Cografya,5,prompt+answers,Kîjan têgeha 'Süphan dağı' di nav erdnîgariyê de rast bi cih dike?,Musul ovasının ortasında yükselen stratejik dağ | Kürdistan coğrafyasının kuzeybatı yüksek kesimi | Van gölü kuzeyinde yer alan sönmüş volkanik dağ | Fırat'ın kollarının suladığı büyük tarım ovası,Van gölü kuzeyinde yer alan sönmüş volkanik dağ,'Süphan dağı' → Van gölü kuzeyinde yer alan sönmüş volkanik dağ.
offline_8852,Cografya,1,answers,Kîjan cihê 'Urmiye gölü' rast tarîf dike?,Fırat'ın kollarının suladığı büyük tarım ovası | Dersim coğrafyasının en engebeli sıradağları | Diyarbakır surlarının altından geçen nehir | Doğu Kürdistan'da yer alan tuzlu göl havzası,Doğu Kürdistan'da yer alan tuzlu göl havzası,'Urmiye gölü' → Doğu Kürdistan'da yer alan tuzlu göl havzası.
offline_8861,Cografya,1,prompt+answers,Derbarê 'Karacadağ' de agahiya herî rast kîjan e?,Batman'dan geçip Dicle'ye dökülen önemli akarsu | Cizre ve Silopi düzlüklerini kapsayan verimli ova | Kürdistan dağlarının tipik bitki örtüsü ve ağacı | Diyarbakır ovasında yer alan yayvan bazaltik volkan,Diyarbakır ovasında yer alan yayvan bazaltik volkan,'Karacadağ' → Diyarbakır ovasında yer alan yayvan bazaltik volkan.
offline_8883,Cografya,1,prompt+answers,Di çarçoveya erdnîgariyê de mijareke bi navê 'Zagros sıradağları' tune ye.,Rast | Şaş,Şaş,'Zagros sıradağları' için sorudaki iddia doğru değildir; doğru cevap 'Şaş'tır.
offline_8888,Cografya,1,prompt+answers,'Fırat nehri' bi tevahî li derveyî zanîna erdnîgariyê ye.,Rast | Şaş,Şaş,'Fırat nehri' için sorudaki iddia doğru değildir; doğru cevap 'Şaş'tır.
offline_8889,Cografya,3,answers,'Nemrut krateri' di mijara erdnîgariyê de çi vedibêje?,Süleymaniye yakınlarında yer alan yapay baraj gölü | Van gölü kuzeyinde yer alan sönmüş volkanik dağ | dünyanın en büyük ikinci krater gölüne sahip dağ | Karacadağ lavlarının oluşturduğu taşlık plato,dünyanın en büyük ikinci krater gölüne sahip dağ,'Nemrut krateri' → dünyanın en büyük ikinci krater gölüne sahip dağ.
offline_8894,Cografya,2,answers,Kîjan têgeha 'akdeniz iklimi' di nav erdnîgariyê de rast bi cih dike?,Batman'dan geçip Dicle'ye dökülen önemli akarsu | Akdeniz'e yakın Kürt bölgelerinde görülen iklim | Karacadağ lavlarının oluşturduğu taşlık plato | Cizre ve Silopi düzlüklerini kapsayan verimli ova,Akdeniz'e yakın Kürt bölgelerinde görülen iklim,'akdeniz iklimi' → Akdeniz'e yakın Kürt bölgelerinde görülen iklim.
offline_8899,Cografya,3,answers,'Daristan' di çarçoveya erdnîgariyê de têgeheke derbasdar e.,Rast | Şaş,Rast,'Daristan' Cografya alanında geçerli bir kavramdır.
offline_8903,Cografya,1,prompt+answers,Di zanîna erdnîgariyê de der barê 'Fırat nehri' de ya rast kîjan e?,dünyanın en büyük sodalı gölü olan havza | UNESCO mirası tarihî höyük yerleşimi | Mezopotamya'ya hayat veren büyük nehir | krater gölüne sahip aktif volkanik dağ,Mezopotamya'ya hayat veren büyük nehir,'Fırat nehri' → Mezopotamya'ya hayat veren büyük nehir.
offline_8916,Cografya,3,answers,Derbarê 'Aras nehri' de ya rast kîjan e?,Kürdistan coğrafyasını baştan başa bölen dağlar | Kürdistan coğrafyasının kuzeybatı yüksek kesimi | Tunceli'de yer alan milli park statüsündeki vadi | Kars ve Iğdır sınırlarından geçip Hazar'a dökülen su,Kars ve Iğdır sınırlarından geçip Hazar'a dökülen su,'Aras nehri' → Kars ve Iğdır sınırlarından geçip Hazar'a dökülen su.
offline_8921,Cografya,4,answers,Derbarê 'Nemrut krateri' de ya rast kîjan e?,Hakkari'de yer alan yüksek rakımlı tektonik ova | Musul ovasının ortasında yükselen stratejik dağ | Süleymaniye yakınlarında yer alan yapay baraj gölü | dünyanın en büyük ikinci krater gölüne sahip dağ,dünyanın en büyük ikinci krater gölüne sahip dağ,'Nemrut krateri' → dünyanın en büyük ikinci krater gölüne sahip dağ.
offline_8925,Cografya,5,answers,'Sînor' sernavek rast e ku beşek ji zanîna erdnîgariyê ye.,Rast | Şaş,Rast,'Sînor' Cografya alanında geçerli bir kavramdır.
offline_8936,Cografya,4,prompt+answers,'Halgurd dağı' di çarçoveya erdnîgariyê de têgeheke derbasdar e.,Rast | Şaş,Rast,'Halgurd dağı' Cografya alanında geçerli bir kavramdır.
offline_8941,Cografya,5,prompt+answers,'Botan çayı' di erdnîgariyê de çi îfade dike?,Siirt yöresinden geçip Dicle'ye dökülen nehir | Dersim coğrafyasının en engebeli sıradağları | Hakkari dağlarını yararak akan hırçın akarsu | Karacadağ lavlarının oluşturduğu taşlık plato,Siirt yöresinden geçip Dicle'ye dökülen nehir,'Botan çayı' → Siirt yöresinden geçip Dicle'ye dökülen nehir.
offline_8947,Cografya,2,prompt+answers,Di çarçoveya Cografyaê de 'Zagros sıradağları' tê çi wateyê?,Kürdistan dağlarının tipik bitki örtüsü ve ağacı | Kürdistan coğrafyasını baştan başa bölen dağlar | Hakkari'de yer alan yüksek rakımlı tektonik ova | Van gölü kuzeyinde yer alan sönmüş volkanik dağ,Kürdistan coğrafyasını baştan başa bölen dağlar,'Zagros sıradağları': Kürdistan coğrafyasını baştan başa bölen dağlar.
offline_8950,Cografya,5,answers,'Dokan gölü' ji aliyê erdnîgarî ve çi vedibêje?,Cizre ve Silopi düzlüklerini kapsayan verimli ova | Kürdistan coğrafyasını baştan başa bölen dağlar | Batman'dan geçip Dicle'ye dökülen önemli akarsu | Süleymaniye yakınlarında yer alan yapay baraj gölü,Süleymaniye yakınlarında yer alan yapay baraj gölü,'Dokan gölü' → Süleymaniye yakınlarında yer alan yapay baraj gölü.
offline_8965,Cografya,4,answers,Li jêr kîjan têgiha 'Yüksekova' rave dike?,Hakkari'de yer alan yüksek rakımlı tektonik ova | Kars ve Iğdır sınırlarından geçip Hazar'a dökülen su | Irak Kürdistanı sınırlarında yer alan en yüksek zirve | Dünyanın en eski sürekli yerleşimlerinden biri olmasıyla,Hakkari'de yer alan yüksek rakımlı tektonik ova,'Yüksekova' → Hakkari'de yer alan yüksek rakımlı tektonik ova.
offline_8977,Cografya,1,answers,'Dicle nehri' tenê aîdî qadên derveyî Cografyaê ye.,Rast | Şaş,Şaş,'Dicle nehri' için sorudaki iddia doğru değildir; doğru cevap 'Şaş'tır.
offline_8986,Cografya,3,prompt+answers,'Şengal dağı' kîjan hêmana erdnîgariyê ye?,Kürdistan coğrafyasını baştan başa bölen dağlar | Akdeniz'e yakın Kürt bölgelerinde görülen iklim | Musul ovasının ortasında yükselen stratejik dağ | Van gölü kuzeyinde yer alan sönmüş volkanik dağ,Musul ovasının ortasında yükselen stratejik dağ,'Şengal dağı' → Musul ovasının ortasında yükselen stratejik dağ.
offline_8992,Cografya,5,prompt+answers,Biwêja 'Karacadağ' di çarçoveya Cografyaê de watedar e.,Rast | Şaş,Rast,'Karacadağ' Cografya alanında geçerli bir kavramdır.
offline_9008,Cografya,2,prompt+answers,'Muş ovası' ji aliyê erdnîgarî ve çi vedibêje?,Fırat'ın kollarının suladığı büyük tarım ovası | Van gölü kuzeyinde yer alan sönmüş volkanik dağ | Nuh'un gemisinin indiğine inanılan tarihi dağ | Kürdistan coğrafyasının kuzeybatı yüksek kesimi,Fırat'ın kollarının suladığı büyük tarım ovası,'Muş ovası' → Fırat'ın kollarının suladığı büyük tarım ovası.
offline_9029,Cografya,3,answers,Li jêr ji bo 'Van gölü' kîjan rast e?,Garzan çayı yakınlarındaki dağlık kütle | dünyanın en büyük sodalı gölü olan havza | Elazığ sınırlarında yer alan tektonik göl | Mezopotamya'ya hayat veren büyük nehir,dünyanın en büyük sodalı gölü olan havza,'Van gölü' → dünyanın en büyük sodalı gölü olan havza.
offline_9032,Cografya,1,prompt+answers,'meşe ormanları' bi awayekî rast çawa tê ravekirin?,Süleymaniye yakınlarında yer alan yapay baraj gölü | Diyarbakır ovasında yer alan yayvan bazaltik volkan | Akdeniz'e yakın Kürt bölgelerinde görülen iklim | Kürdistan dağlarının tipik bitki örtüsü ve ağacı,Kürdistan dağlarının tipik bitki örtüsü ve ağacı,'meşe ormanları' → Kürdistan dağlarının tipik bitki örtüsü ve ağacı.
offline_9036,Cografya,2,prompt+answers,Kîjan cihê 'Tendürek dağı' rast tarîf dike?,Taş mimarisi ve Mezopotamya manzarası | Diyala nehri üzerinde kurulmuş baraj gölü | krater gölüne sahip aktif volkanik dağ | Türkiye ve Irak sınırını çizen Dicle kolu,krater gölüne sahip aktif volkanik dağ,'Tendürek dağı' → krater gölüne sahip aktif volkanik dağ.
offline_9066,Cografya,5,answers,Cografya literatüründe 'gol' yer almaz.,Rast | Şaş,Şaş,'gol' için sorudaki iddia doğru değildir; doğru cevap 'Şaş'tır.
offline_9072,Cografya,1,answers,Kîjan cihê 'Munzur vadisi' rast tarîf dike?,Tunceli'de yer alan milli park statüsündeki vadi | Batman'dan geçip Dicle'ye dökülen önemli akarsu | Van gölü kuzeyinde yer alan sönmüş volkanik dağ | Fırat'ın kollarının suladığı büyük tarım ovası,Tunceli'de yer alan milli park statüsündeki vadi,'Munzur vadisi' → Tunceli'de yer alan milli park statüsündeki vadi.
offline_9086,Cografya,2,answers,"'Aras nehri', Cografya ile ilgili gerçek bir terimdir.",Rast | Şaş,Rast,'Aras nehri' Cografya alanında geçerli bir kavramdır.
offline_9087,Cografya,2,answers,Di çarçoveya Cografyaê de 'deşt' tê çi wateyê?,gol | ova | Muş | Amed,ova,'deşt' → ova.
offline_9096,Cografya,3,prompt+answers,Ji aliyê Cografyaê ve ji bo 'Garzan çayı' îfadeya rast kîjan e?,birçok nehrin kaynağını aldığı yüksek yaylaklar | Nuh'un gemisinin indiğine inanılan tarihi dağ | Batman'dan geçip Dicle'ye dökülen önemli akarsu | Kürdistan coğrafyasını baştan başa bölen dağlar,Batman'dan geçip Dicle'ye dökülen önemli akarsu,'Garzan çayı' → Batman'dan geçip Dicle'ye dökülen önemli akarsu.
offline_9098,Cografya,1,prompt+answers,'Tendürek dağı' di qada erdnîgariyê de têgeheke çêkirî ye.,Rast | Şaş,Şaş,'Tendürek dağı' için sorudaki iddia doğru değildir; doğru cevap 'Şaş'tır.
offline_9106,Cografya,3,answers,Di qada erdnîgariyê de 'Zap suyu' nayê zanîn û nayê bikaranîn.,Rast | Şaş,Şaş,'Zap suyu' için sorudaki iddia doğru değildir; doğru cevap 'Şaş'tır.
offline_9132,Cografya,1,prompt+answers,'Habur çayı' ji aliyê erdnîgarî ve çi vedibêje?,Hakkari dağlarını yararak akan hırçın akarsu | krater gölüne sahip aktif volkanik dağ | Doğu Kürdistan'da yer alan tuzlu göl havzası | Türkiye ve Irak sınırını çizen Dicle kolu,Türkiye ve Irak sınırını çizen Dicle kolu,'Habur çayı' → Türkiye ve Irak sınırını çizen Dicle kolu.
offline_9146,Cografya,5,prompt+answers,'Cudi dağı' di qada erdnîgariyê de têgeheke rast û naskirî ye.,Rast | Şaş,Rast,'Cudi dağı' Cografya alanında geçerli bir kavramdır.
offline_9157,Cografya,1,answers,Di çarçoveya Cografyaê de 'Dicle nehri' tê çi wateyê?,Dersim coğrafyasının en engebeli sıradağları | Diyarbakır surlarının altından geçen nehir | Diyala nehri üzerinde kurulmuş baraj gölü | Doğu Kürdistan'da yer alan tuzlu göl havzası,Diyarbakır surlarının altından geçen nehir,'Dicle nehri' → Diyarbakır surlarının altından geçen nehir.
offline_9161,Cografya,1,answers,'Hewa' ji aliyê Cografyaê ve biwêjek bêwate ye.,Rast | Şaş,Şaş,'Hewa' için sorudaki iddia doğru değildir; doğru cevap 'Şaş'tır.
offline_9170,Cografya,3,answers,'Behdînan bölgesi' di qada erdnîgariyê de têgeheke rast û naskirî ye.,Rast | Şaş,Rast,'Behdînan bölgesi' Cografya alanında geçerli bir kavramdır.
offline_9198,Edebiyat,1,answers,Di qada wêjeyê de 'Ehmedê xanî' nayê zanîn û nayê bikaranîn.,Rast | Şaş,Şaş,'Ehmedê xanî' için sorudaki iddia doğru değildir; doğru cevap 'Şaş'tır.
offline_9207,Edebiyat,1,answers,Têgiha 'Ronahî dergisi' çi pêk tîne?,Şam'da Latin alfabesiyle çıkarılan edebi dergi | Klasik Kürt şiirinin önemli isimleri olmaları | klasik Kürt edebiyatında önemli yeri olan şair | Birçok yazarın yurt dışında üretmesi nedeniyle,Şam'da Latin alfabesiyle çıkarılan edebi dergi,'Ronahî dergisi' → Şam'da Latin alfabesiyle çıkarılan edebi dergi.
offline_9210,Edebiyat,1,answers,'Kafiye' ji aliyê Edebiyatê ve biwêjek bêwate ye.,Rast | Şaş,Şaş,'Kafiye' için sorudaki iddia doğru değildir; doğru cevap 'Şaş'tır.
offline_9227,Edebiyat,1,answers,Di qada Edebiyatê de 'Cegerxwîn' çi îfade dike?,Mevlid-i Şerif'i Kürtçe yazan klasik şair | modern Kürt şiirinin öncü toplumcu şairi | Latin temelli Kürt alfabesinin yaygınlaşması | Şivanê Kurd adlı ilk Kürtçe romanın yazarı,modern Kürt şiirinin öncü toplumcu şairi,'Cegerxwîn': modern Kürt şiirinin öncü toplumcu şairi.
offline_9266,Edebiyat,1,answers,"Dema 'diyalog' tê gotin, çi tê xwestin?",Celadet Alî Bedirxan | kahramanlık anlatısı | karşılıklı konuşma | Mela Ehmedê Xasî,karşılıklı konuşma,'diyalog' → karşılıklı konuşma.
offline_9280,Edebiyat,2,answers,Li jêr ji bo 'roman' ya rast kîjan e?,Ehmedê Xanî | 17. yüzyıl | uzun anlatı | 20. yüzyıl,uzun anlatı,'roman' → uzun anlatı.
offline_9284,Edebiyat,1,answers,'roman' tenê aîdî qadên derveyî Edebiyatê ye.,Rast | Şaş,Şaş,'roman' için sorudaki iddia doğru değildir; doğru cevap 'Şaş'tır.
offline_9287,Edebiyat,1,answers,'karakter' di mijara wêjeyê de çi vedibêje?,Siyabend û Xecê | Doğa ve kuşlar | anlatı kişisi | Melayê Cizîrî,anlatı kişisi,'karakter' → anlatı kişisi.
offline_9311,Edebiyat,3,answers,'Yaşar kemal' bi tevahî li derveyî zanîna wêjeyê ye.,Rast | Şaş,Şaş,'Yaşar kemal' için sorudaki iddia doğru değildir; doğru cevap 'Şaş'tır.
offline_9318,Edebiyat,3,answers,'Tema' tenê aîdî qadên derveyî Edebiyatê ye.,Rast | Şaş,Şaş,'Tema' için sorudaki iddia doğru değildir; doğru cevap 'Şaş'tır.
offline_9343,Edebiyat,3,answers,Der barê 'Hêmin Mukriyanî' de ji bo wêjeyê bijardeya rast kîjan e?,Ehmedê Xanî tarafından yazılan ilk Kürtçe sözlük | Hawar dergisini çıkaran edebi ekolün kurucusu | Doğu Kürdistan'ın meşhur modern şair ve yazarı | Kürt şiirine serbest tarzı getiren büyük şair,Doğu Kürdistan'ın meşhur modern şair ve yazarı,'Hêmin Mukriyanî': Doğu Kürdistan'ın meşhur modern şair ve yazarı.
offline_9344,Edebiyat,3,answers,Kîjan têgeha 'Hejar Mukriyanî' di nav wêjeyê de rast bi cih dike?,Şerefname ve Mem û Zîn'i Soraniceye çeviren yazar | modern Kürt hikayeciliğinin kurucu isimlerinden | Soranice klasik şiir okulunun en büyük divan şairi | Ehmedê Xanî tarafından yazılan ilk Kürtçe sözlük,Şerefname ve Mem û Zîn'i Soraniceye çeviren yazar,'Hejar Mukriyanî': Şerefname ve Mem û Zîn'i Soraniceye çeviren yazar.
offline_9378,Edebiyat,5,answers,Derbarê 'Feqiyê Teyran' de ya rast kîjan e?,"destana gelêrî ya ku bingeha Mem û Zînê ye | Mevlid-i Şerif'i Kürtçe yazan klasik şair | kuşların diliyle yazan meşhur Kürt şair | Masallar, destanlar ve dengbêj anlatıları",kuşların diliyle yazan meşhur Kürt şair,'Feqiyê Teyran': kuşların diliyle yazan meşhur Kürt şair.
offline_9383,Edebiyat,5,answers,Edebiyat çerçevesinde 'Hêmin mukriyanî' bilinen bir konudur.,Rast | Şaş,Rast,'Hêmin mukriyanî' Edebiyat alanında geçerli bir kavramdır.
offline_9387,Edebiyat,4,answers,Îfadeya ku têgiha 'Ronahî dergisi' rast vedibêje kîjan e?,"Şam'da Latin alfabesiyle çıkarılan edebi dergi | Kürt edebiyatının bilinen en eski klasik şairlerinden | Kürtçenin yazı, yayın, eğitim ve dijital üretimde görünürlüğünü artırmayı | Modern dönemde roman/gazete gibi türlerin gelişmesi",Şam'da Latin alfabesiyle çıkarılan edebi dergi,'Ronahî dergisi' → Şam'da Latin alfabesiyle çıkarılan edebi dergi.
offline_9400,Edebiyat,4,answers,"'Dîwana melayê cizîrî', Edebiyat ile ilgili gerçek bir terimdir.",Rast | Şaş,Rast,'Dîwana melayê cizîrî' Edebiyat alanında geçerli bir kavramdır.
offline_9405,Edebiyat,1,answers,Ji aliyê Edebiyatê ve ji bo 'Mem û Zîn' îfadeya rast kîjan e?,Klasik Kürt şiirinin önemli isimleri olmaları | Doğu Kürdistan'ın meşhur modern şair ve yazarı | Kürt edebiyatının en eski klasik rubai şairi | Kürt klasik edebiyatının en büyük aşk destanı,Kürt klasik edebiyatının en büyük aşk destanı,'Mem û Zîn' → Kürt klasik edebiyatının en büyük aşk destanı.
offline_9408,Edebiyat,3,answers,Di çarçoveya Edebiyatê de 'Mestûre Kurdistanî' tê çi wateyê?,Erdelan beyliğinde yaşamış ünlü kadın şair | Şivanê Kurd adlı ilk Kürtçe romanın yazarı | Kürt tasavvuf şiirinin klasik divan şairi | Kürt tiyatrosunun kurucu oyun yazarlarından,Erdelan beyliğinde yaşamış ünlü kadın şair,'Mestûre Kurdistanî': Erdelan beyliğinde yaşamış ünlü kadın şair.
offline_9409,Edebiyat,3,answers,Ji bo Edebiyatê derbarê 'Ehmedê Xasî' de vebijêrka rast kîjan e?,"1935 yılında basılan ilk modern Kürtçe roman | Masallar, destanlar ve dengbêj anlatıları | Zazaca ilk mevlidi yazan şair ve din alimi | Kürt edebiyatının en eski klasik rubai şairi",Zazaca ilk mevlidi yazan şair ve din alimi,'Ehmedê Xasî': Zazaca ilk mevlidi yazan şair ve din alimi.
offline_9410,Edebiyat,4,prompt+answers,Derbarê 'Memê Alan destanı' de ya rast a zanîn çi ye?,Ehmedê Xanî'nin Mem û Zîn'e ilham aldığı halk destanı | İlk Kürt gazetesi Kürdistan’ın yayımlanmasıyla ilişkilidir | Kürt sözlü edebiyatının en hüzünlü destanlarından biri | Modern dönemde roman/gazete gibi türlerin gelişmesi,Ehmedê Xanî'nin Mem û Zîn'e ilham aldığı halk destanı,'Memê Alan destanı' → Ehmedê Xanî'nin Mem û Zîn'e ilham aldığı halk destanı.
offline_9411,Edebiyat,1,answers,Ji bo Edebiyatê derbarê 'Arabê Şamo' de vebijêrka rast kîjan e?,Şivanê Kurd adlı ilk Kürtçe romanın yazarı | Erivan'da uzun yıllar basılan Kürtçe gazete | Kürt tasavvuf şiirinin klasik divan şairi | Sözlü anlatı ve ezgili hikâye aktarımı,Şivanê Kurd adlı ilk Kürtçe romanın yazarı,'Arabê Şamo': Şivanê Kurd adlı ilk Kürtçe romanın yazarı.
offline_9414,Edebiyat,2,answers,'Celadet Bedirxan' di çarçoveya wêjeyê de têgeheke derbasdar e.,Rast | Şaş,Rast,'Celadet Bedirxan' Edebiyat alanında geçerli bir kavramdır.
offline_9419,Edebiyat,5,answers,Der barê 'Dîwana Melayê Cizîrî' de ji bo wêjeyê bijardeya rast kîjan e?,mistik aşk ve felsefe içeren meşhur şiir divanı | Ehmedê Xanî tarafından yazılan ilk Kürtçe sözlük | Klasik Kürt şiirinin önemli isimleri olmaları | klasik Kürt edebiyatında önemli yeri olan şair,mistik aşk ve felsefe içeren meşhur şiir divanı,'Dîwana Melayê Cizîrî': mistik aşk ve felsefe içeren meşhur şiir divanı.
offline_9434,Edebiyat,4,answers,'Riya Taza gazetesi' çawa tê pênasekirin?,Erivan'da uzun yıllar basılan Kürtçe gazete | Şivanê Kurd adlı ilk Kürtçe romanın yazarı | Hawar dergisini çıkaran edebi ekolün kurucusu | 1935 yılında basılan ilk modern Kürtçe roman,Erivan'da uzun yıllar basılan Kürtçe gazete,'Riya Taza gazetesi' → Erivan'da uzun yıllar basılan Kürtçe gazete.
offline_9443,Edebiyat,1,answers,'Cegerxwîn' tenê aîdî qadên derveyî Edebiyatê ye.,Rast | Şaş,Şaş,'Cegerxwîn' için sorudaki iddia doğru değildir; doğru cevap 'Şaş'tır.
offline_9455,Edebiyat,5,prompt+answers,'Dewrêşê Evdî destanı' ji aliyê wêjeyê ve gotineke bêwate ye.,Rast | Şaş,Şaş,'Dewrêşê Evdî destanı' için sorudaki iddia doğru değildir; doğru cevap 'Şaş'tır.
offline_9456,Edebiyat,1,answers,Ji bo 'Xanî Mektebi' ravekirina herî dirust kîjan e?,Kürt dili ve edebiyatı üzerine çalışan akademisyen | Modern dönemde roman/gazete gibi türlerin gelişmesi | Kürtçe gramer kitapları yazan dilbilimci ve yazar | Ehmedê Xanî'nin başlattığı edebi ve düşünsel ekol,Ehmedê Xanî'nin başlattığı edebi ve düşünsel ekol,'Xanî Mektebi' → Ehmedê Xanî'nin başlattığı edebi ve düşünsel ekol.
offline_9459,Edebiyat,3,prompt+answers,Têgiha 'anlatıcı' çi pêk tîne?,hikayeyi aktaran ses | Kürtçe (Kurmancî) | Dîwana xwe ya klasîk | teyran (kuşlarla),hikayeyi aktaran ses,'anlatıcı' → hikayeyi aktaran ses.
offline_9462,Edebiyat,4,answers,'Karakter' di çarçoveya wêjeyê de têgeheke derbasdar e.,Rast | Şaş,Rast,'Karakter' Edebiyat alanında geçerli bir kavramdır.
offline_9473,Edebiyat,4,answers,'Arabê Şamo' di mijara wêjeyê de çi vedibêje?,klasik dönemde Kürtçe eserler yazmış şair | Mem û Zîn eserinin ünlü yazarı ve düşünür | Kürt edebiyatının en eski klasik rubai şairi | Şivanê Kurd adlı ilk Kürtçe romanın yazarı,Şivanê Kurd adlı ilk Kürtçe romanın yazarı,'Arabê Şamo': Şivanê Kurd adlı ilk Kürtçe romanın yazarı.
offline_9474,Edebiyat,3,answers,Der barê 'Abdulla Goran' de ji bo wêjeyê bijardeya rast kîjan e?,Kürt tiyatrosunun kurucu oyun yazarlarından | Erivan'da uzun yıllar basılan Kürtçe gazete | Latin temelli Kürt alfabesinin yaygınlaşması | Sorani Kürtçe şiirinde modernleşmenin öncüsü,Sorani Kürtçe şiirinde modernleşmenin öncüsü,'Abdulla Goran': Sorani Kürtçe şiirinde modernleşmenin öncüsü.
offline_9484,Edebiyat,3,answers,'Mem û zîn' sernavek rast e ku beşek ji zanîna wêjeyê ye.,Rast | Şaş,Rast,'Mem û zîn' Edebiyat alanında geçerli bir kavramdır.
offline_9507,Edebiyat,5,answers,"Dema 'Riya Taza gazetesi' tê gotin, çi tê xwestin?",Erivan'da uzun yıllar basılan Kürtçe gazete | Hawar dergisini çıkaran edebi ekolün kurucusu | Latin temelli Kürt alfabesinin yaygınlaşması | Sorani Kürtçe şiirinde modernleşmenin öncüsü,Erivan'da uzun yıllar basılan Kürtçe gazete,'Riya Taza gazetesi' → Erivan'da uzun yıllar basılan Kürtçe gazete.
offline_9521,Edebiyat,3,answers,Di qada wêjeyê de 'Baba tahirê hemedanî' nayê zanîn û nayê bikaranîn.,Rast | Şaş,Şaş,'Baba tahirê hemedanî' için sorudaki iddia doğru değildir; doğru cevap 'Şaş'tır.
offline_9529,Edebiyat,4,answers,Kîjan têgeha 'Şivanê Kurd' di nav wêjeyê de rast bi cih dike?,1935 yılında basılan ilk modern Kürtçe roman | Erivan'da uzun yıllar basılan Kürtçe gazete | Latin temelli Kürt alfabesinin yaygınlaşması | klasik Kürt edebiyatında önemli yeri olan şair,1935 yılında basılan ilk modern Kürtçe roman,'Şivanê Kurd': 1935 yılında basılan ilk modern Kürtçe roman.
offline_9547,Edebiyat,1,answers,'Helbest' bi tevahî li derveyî zanîna wêjeyê ye.,Rast | Şaş,Şaş,'Helbest' için sorudaki iddia doğru değildir; doğru cevap 'Şaş'tır.
offline_9552,Edebiyat,5,answers,Di zanîna wêjeyê de der barê 'Masture Erdelan' de ya rast kîjan e?,mistik aşk ve felsefe içeren meşhur şiir divanı | Soranice klasik şiir okulunun en büyük divan şairi | tarihte divan yazmış ilk Kürt kadın tarihçi ve şair | Kürtçe gramer kitapları yazan dilbilimci ve yazar,tarihte divan yazmış ilk Kürt kadın tarihçi ve şair,'Masture Erdelan': tarihte divan yazmış ilk Kürt kadın tarihçi ve şair.
offline_9565,Edebiyat,3,answers,"'Hejar mukriyanî', Edebiyat ile ilgili gerçek bir terimdir.",Rast | Şaş,Rast,'Hejar mukriyanî' Edebiyat alanında geçerli bir kavramdır.
offline_9573,Edebiyat,3,answers,'Ferhad û şîrîn' di qada wêjeyê de têgeheke rast û naskirî ye.,Rast | Şaş,Rast,'Ferhad û şîrîn' Edebiyat alanında geçerli bir kavramdır.
offline_9579,Edebiyat,5,answers,'Ferhad û Şîrîn' di mijara wêjeyê de çi vedibêje?,Ehmedê Xanî'nin başlattığı edebi ve düşünsel ekol | Kürt sözlü geleneğinde de anlatılan klasik aşk hikayesi | Şerefname ve Mem û Zîn'i Soraniceye çeviren yazar | Kürt edebiyatının bilinen en eski klasik şairlerinden,Kürt sözlü geleneğinde de anlatılan klasik aşk hikayesi,'Ferhad û Şîrîn': Kürt sözlü geleneğinde de anlatılan klasik aşk hikayesi.
offline_9582,Edebiyat,4,answers,'Abdulla Goran' wek kî tê naskirin?,"modern Kürt şiirinde ve nesrinde iz bırakmış yazar | Kürtçenin yazı, yayın, eğitim ve dijital üretimde görünürlüğünü artırmayı | Sorani Kürtçe şiirinde modernleşmenin öncüsü | Kürt aydınlanmasını ve Latin alfabesini yayan edebi akım",Sorani Kürtçe şiirinde modernleşmenin öncüsü,'Abdulla Goran': Sorani Kürtçe şiirinde modernleşmenin öncüsü.
offline_9594,Edebiyat,4,answers,Kîjan têgiha 'Nûbihara Biçukan' rast şirove dike?,"Ehmedê Xanî'nin başlattığı edebi ve düşünsel ekol | Ehmedê Xanî tarafından yazılan ilk Kürtçe sözlük | İlk Kürt gazetesi Kürdistan’ın yayımlanmasıyla ilişkilidir | Kürtçenin yazı, yayın, eğitim ve dijital üretimde görünürlüğünü artırmayı",Ehmedê Xanî tarafından yazılan ilk Kürtçe sözlük,'Nûbihara Biçukan' → Ehmedê Xanî tarafından yazılan ilk Kürtçe sözlük.
offline_9612,Edebiyat,1,answers,Têgiha 'kafiye' çi pêk tîne?,Mem ve Zîn | Dengbêjler | Kürdistan | ses uyumu,ses uyumu,'kafiye' → ses uyumu.
offline_9614,Edebiyat,2,answers,Di qada wêjeyê de 'Osman sabri' wek têgeheke derbasdar cih digire.,Rast | Şaş,Rast,'Osman sabri' Edebiyat alanında geçerli bir kavramdır.
offline_9623,Edebiyat,2,answers,Derbarê 'tema' de vebijêrka rast kîjan e?,ana düşünce | bilmeceler | Mem ve Zîn | uzun anlatı,ana düşünce,'tema' → ana düşünce.
offline_9625,Edebiyat,1,answers,'Osman Sabri' wek kî tê naskirin?,Doğu Kürdistan'ın meşhur modern şair ve yazarı | Kürt dilinin ve birliğinin değerini göstermek | mistik aşk ve felsefe içeren meşhur şiir divanı | modern Kürt hikayeciliğinin kurucu isimlerinden,modern Kürt hikayeciliğinin kurucu isimlerinden,'Osman Sabri': modern Kürt hikayeciliğinin kurucu isimlerinden.
offline_9626,Edebiyat,2,answers,"'Nalî', Edebiyat ile ilgili gerçek bir terimdir.",Rast | Şaş,Rast,'Nalî' Edebiyat alanında geçerli bir kavramdır.
offline_9636,Edebiyat,1,answers,Li jêr ji bo 'Ferhad û Şîrîn' kîjan rast e?,Kürt sözlü edebiyatının en hüzünlü destanlarından biri | Kürt sözlü geleneğinde de anlatılan klasik aşk hikayesi | Dil ve alfabe çalışmalarını yaygınlaştırdığı için | Kürt edebiyatının bilinen en eski klasik şairlerinden,Kürt sözlü geleneğinde de anlatılan klasik aşk hikayesi,'Ferhad û Şîrîn': Kürt sözlü geleneğinde de anlatılan klasik aşk hikayesi.
offline_9668,Edebiyat,2,prompt+answers,Kîjan li gorî pênaseya 'Dewrêşê Evdî destanı' ye?,erken dönem Kürtçe edebi ve siyasi yayınlardan biri | Kürt sözlü geleneğinde de anlatılan klasik aşk hikayesi | Kürt sözlü edebiyatının en hüzünlü destanlarından biri | Şerefname ve Mem û Zîn'i Soraniceye çeviren yazar,Kürt sözlü edebiyatının en hüzünlü destanlarından biri,'Dewrêşê Evdî destanı' → Kürt sözlü edebiyatının en hüzünlü destanlarından biri.
offline_9706,Edebiyat,3,answers,Li jêr ji bo 'Masture Erdelan' kîjan rast e?,Kürt dili ve edebiyatı üzerine çalışan akademisyen | Kürt edebiyatının bilinen en eski klasik şairlerinden | tarihte divan yazmış ilk Kürt kadın tarihçi ve şair | Şerefname ve Mem û Zîn'i Soraniceye çeviren yazar,tarihte divan yazmış ilk Kürt kadın tarihçi ve şair,'Masture Erdelan': tarihte divan yazmış ilk Kürt kadın tarihçi ve şair.
offline_9716,Edebiyat,5,answers,Derbarê 'Hêmin Mukriyanî' de ya rast kîjan e?,Hawar dergisini çıkaran edebi ekolün kurucusu | klasik Kürt edebiyatında önemli yeri olan şair | modern Kürt romanının kurucusu ve öncü romancı | Doğu Kürdistan'ın meşhur modern şair ve yazarı,Doğu Kürdistan'ın meşhur modern şair ve yazarı,'Hêmin Mukriyanî': Doğu Kürdistan'ın meşhur modern şair ve yazarı.
offline_9724,Edebiyat,1,answers,Ji bo 'Hawar Ekolü' ravekirina herî dirust kîjan e?,Kürt aydınlanmasını ve Latin alfabesini yayan edebi akım | Kürt sözlü geleneğinde de anlatılan klasik aşk hikayesi | Soranice klasik şiir okulunun en büyük divan şairi | tarihte divan yazmış ilk Kürt kadın tarihçi ve şair,Kürt aydınlanmasını ve Latin alfabesini yayan edebi akım,'Hawar Ekolü' → Kürt aydınlanmasını ve Latin alfabesini yayan edebi akım.
offline_9728,Edebiyat,3,answers,'Jîna nû dergisi' di qada wêjeyê de têgeheke çêkirî ye.,Rast | Şaş,Şaş,'Jîna nû dergisi' için sorudaki iddia doğru değildir; doğru cevap 'Şaş'tır.
offline_9730,Edebiyat,2,answers,Di zanîna wêjeyê de der barê 'Şêrko Bêkes' de ya rast kîjan e?,Sorani Kürtçe şiirinde modernleşmenin öncüsü | Erivan'da uzun yıllar basılan Kürtçe gazete | Kürt şiirine serbest tarzı getiren büyük şair | Şam'da Latin alfabesiyle çıkarılan edebi dergi,Kürt şiirine serbest tarzı getiren büyük şair,'Şêrko Bêkes': Kürt şiirine serbest tarzı getiren büyük şair.
offline_9749,Edebiyat,2,answers,Ji bo Edebiyatê derbarê 'Qanadê Kurdo' de vebijêrka rast kîjan e?,modern Kürt hikayeciliğinin kurucu isimlerinden | Dil ve alfabe çalışmalarını yaygınlaştırdığı için | Şerefname ve Mem û Zîn'i Soraniceye çeviren yazar | Kürt dili ve edebiyatı üzerine çalışan akademisyen,Kürt dili ve edebiyatı üzerine çalışan akademisyen,'Qanadê Kurdo': Kürt dili ve edebiyatı üzerine çalışan akademisyen.
offline_9754,Edebiyat,2,answers,'Şivanê Kurd' kimdir?,Şam'da Latin alfabesiyle çıkarılan edebi dergi | Hawar dergisini çıkaran edebi ekolün kurucusu | 1935 yılında basılan ilk modern Kürtçe roman | Kürt şiirine serbest tarzı getiren büyük şair,1935 yılında basılan ilk modern Kürtçe roman,'Şivanê Kurd': 1935 yılında basılan ilk modern Kürtçe roman.
offline_9777,Edebiyat,4,prompt+answers,Li jêr kîjan têgiha 'Memê Alan destanı' rave dike?,modern Kürt şiirinde ve nesrinde iz bırakmış yazar | Ehmedê Xanî'nin Mem û Zîn'e ilham aldığı halk destanı | Modern dönemde roman/gazete gibi türlerin gelişmesi | erken dönem Kürtçe edebi ve siyasi yayınlardan biri,Ehmedê Xanî'nin Mem û Zîn'e ilham aldığı halk destanı,'Memê Alan destanı' → Ehmedê Xanî'nin Mem û Zîn'e ilham aldığı halk destanı.
offline_9778,Edebiyat,2,answers,Di zanîna Edebiyatê de derbarê 'Nalî' de ya rast kîjan e?,Kürt dili ve edebiyatı üzerine çalışan akademisyen | Dil ve alfabe çalışmalarını yaygınlaştırdığı için | Soranice klasik şiir okulunun en büyük divan şairi | erken dönem Kürtçe edebi ve siyasi yayınlardan biri,Soranice klasik şiir okulunun en büyük divan şairi,'Nalî': Soranice klasik şiir okulunun en büyük divan şairi.
offline_9789,Edebiyat,4,answers,Kîjan kesê/a 'Kamuran Bedirxan' rast dide nasîn?,Kürtçe gramer kitapları yazan dilbilimci ve yazar | Ehmedê Xanî tarafından yazılan ilk Kürtçe sözlük | Ehmedê Xanî'nin başlattığı edebi ve düşünsel ekol | Kürt dili ve edebiyatı üzerine çalışan akademisyen,Kürtçe gramer kitapları yazan dilbilimci ve yazar,'Kamuran Bedirxan': Kürtçe gramer kitapları yazan dilbilimci ve yazar.
offline_9810,Edebiyat,5,answers,Derbarê 'Xanî Mektebi' de agahiya herî rast kîjan e?,Ehmedê Xanî tarafından yazılan ilk Kürtçe sözlük | modern Kürt şiirinde ve nesrinde iz bırakmış yazar | Dil ve alfabe çalışmalarını yaygınlaştırdığı için | Ehmedê Xanî'nin başlattığı edebi ve düşünsel ekol,Ehmedê Xanî'nin başlattığı edebi ve düşünsel ekol,'Xanî Mektebi' → Ehmedê Xanî'nin başlattığı edebi ve düşünsel ekol.
offline_9812,Edebiyat,2,answers,Di qada Edebiyatê de 'Masture Erdelan' çi îfade dike?,"Kürt sözlü edebiyatının en hüzünlü destanlarından biri | tarihte divan yazmış ilk Kürt kadın tarihçi ve şair | Dil ve alfabe çalışmalarını yaygınlaştırdığı için | Kürt kökenli, dünya çapında tanınan usta romancı",tarihte divan yazmış ilk Kürt kadın tarihçi ve şair,'Masture Erdelan': tarihte divan yazmış ilk Kürt kadın tarihçi ve şair.
offline_9820,Edebiyat,4,answers,Derbarê 'Nalî' de ya rast kîjan e?,Ehmedê Xanî tarafından yazılan ilk Kürtçe sözlük | tarihte divan yazmış ilk Kürt kadın tarihçi ve şair | Ehmedê Xanî'nin başlattığı edebi ve düşünsel ekol | Soranice klasik şiir okulunun en büyük divan şairi,Soranice klasik şiir okulunun en büyük divan şairi,'Nalî': Soranice klasik şiir okulunun en büyük divan şairi.
offline_9838,Edebiyat,5,answers,Ji aliyê wêjeyê ve ji bo 'Riya Taza gazetesi' gotina rast kîjan e?,Kürt şiirine serbest tarzı getiren büyük şair | Zazaca ilk mevlidi yazan şair ve din alimi | Erdelan beyliğinde yaşamış ünlü kadın şair | Erivan'da uzun yıllar basılan Kürtçe gazete,Erivan'da uzun yıllar basılan Kürtçe gazete,'Riya Taza gazetesi' → Erivan'da uzun yıllar basılan Kürtçe gazete.
offline_9867,Edebiyat,1,answers,Di dîrokê de 'Hejar Mukriyanî' kî ye?,Hakkari emirliğinde yetişmiş klasik divan şairi | modern Kürt hikayeciliğinin kurucu isimlerinden | Şerefname ve Mem û Zîn'i Soraniceye çeviren yazar | Kürt dili ve edebiyatı üzerine çalışan akademisyen,Şerefname ve Mem û Zîn'i Soraniceye çeviren yazar,'Hejar Mukriyanî': Şerefname ve Mem û Zîn'i Soraniceye çeviren yazar.
offline_9878,Edebiyat,4,answers,Di çarçoveya wêjeyê de mijareke bi navê 'Şivanê kurd' tune ye.,Rast | Şaş,Şaş,'Şivanê kurd' için sorudaki iddia doğru değildir; doğru cevap 'Şaş'tır.
offline_9880,Edebiyat,3,answers,'Ehmedê Xasî' bi kîjan aliyê xwe ve tê nasîn?,modern Kürt şiirinin öncü toplumcu şairi | Erivan'da uzun yıllar basılan Kürtçe gazete | Kürt tasavvuf şiirinin klasik divan şairi | Zazaca ilk mevlidi yazan şair ve din alimi,Zazaca ilk mevlidi yazan şair ve din alimi,'Ehmedê Xasî': Zazaca ilk mevlidi yazan şair ve din alimi.
offline_9892,Edebiyat,4,answers,Ji bo 'Nûbihara Biçukan' ravekirina herî dirust kîjan e?,Ehmedê Xanî tarafından yazılan ilk Kürtçe sözlük | mistik aşk ve felsefe içeren meşhur şiir divanı | klasik Kürt edebiyatında önemli yeri olan şair | Şerefname ve Mem û Zîn'i Soraniceye çeviren yazar,Ehmedê Xanî tarafından yazılan ilk Kürtçe sözlük,'Nûbihara Biçukan' → Ehmedê Xanî tarafından yazılan ilk Kürtçe sözlük.
offline_9893,Edebiyat,3,answers,Di qada wêjeyê de 'Haris bitlisî' nayê zanîn û nayê bikaranîn.,Rast | Şaş,Şaş,'Haris bitlisî' için sorudaki iddia doğru değildir; doğru cevap 'Şaş'tır.
offline_9916,Edebiyat,1,answers,'Qanadê Kurdo' ji aliyê Edebiyatê ve biwêjek bêwate ye.,Rast | Şaş,Şaş,'Qanadê Kurdo' için sorudaki iddia doğru değildir; doğru cevap 'Şaş'tır.
offline_9918,Edebiyat,1,answers,Kîjan têgeha 'Evdirehîm Rehmî Hekarî' di nav wêjeyê de rast bi cih dike?,Kürt tiyatrosunun kurucu oyun yazarlarından | Kürt dilinin ve birliğinin değerini göstermek | Hawar dergisini çıkaran edebi ekolün kurucusu | Erdelan beyliğinde yaşamış ünlü kadın şair,Kürt tiyatrosunun kurucu oyun yazarlarından,'Evdirehîm Rehmî Hekarî': Kürt tiyatrosunun kurucu oyun yazarlarından.
offline_9923,Edebiyat,5,answers,Di qada Edebiyatê de 'Destan' wek têgihek derbasdar cih digire.,Rast | Şaş,Rast,'Destan' Edebiyat alanında geçerli bir kavramdır.
offline_9936,Edebiyat,1,answers,Ji bo Edebiyatê derbarê 'Qedrîcan' de vebijêrka rast kîjan e?,Kürt edebiyatının bilinen en eski klasik şairlerinden | Dil ve alfabe çalışmalarını yaygınlaştırdığı için | modern Kürt şiirinde ve nesrinde iz bırakmış yazar | Ehmedê Xanî'nin başlattığı edebi ve düşünsel ekol,modern Kürt şiirinde ve nesrinde iz bırakmış yazar,'Qedrîcan' → modern Kürt şiirinde ve nesrinde iz bırakmış yazar.
offline_9942,Edebiyat,3,answers,'Pertew Begê Hkarî' bi kîjan aliyê xwe ve tê nasîn?,Şerefname ve Mem û Zîn'i Soraniceye çeviren yazar | Hakkari emirliğinde yetişmiş klasik divan şairi | mistik aşk ve felsefe içeren meşhur şiir divanı | Birçok yazarın yurt dışında üretmesi nedeniyle,Hakkari emirliğinde yetişmiş klasik divan şairi,'Pertew Begê Hkarî': Hakkari emirliğinde yetişmiş klasik divan şairi.
offline_9950,Edebiyat,4,answers,Di dîrokê de 'Melayê Bateyî' kî ye?,Şivanê Kurd adlı ilk Kürtçe romanın yazarı | Mevlid-i Şerif'i Kürtçe yazan klasik şair | Zazaca ilk mevlidi yazan şair ve din alimi | Latin temelli Kürt alfabesinin yaygınlaşması,Mevlid-i Şerif'i Kürtçe yazan klasik şair,'Melayê Bateyî': Mevlid-i Şerif'i Kürtçe yazan klasik şair.
offline_9953,Edebiyat,1,answers,'Haris Bitlisî' kimdir?,"klasik dönemde Kürtçe eserler yazmış şair | Masallar, destanlar ve dengbêj anlatıları | Mem û Zîn eserinin ünlü yazarı ve düşünür | Kürt tiyatrosunun kurucu oyun yazarlarından",klasik dönemde Kürtçe eserler yazmış şair,'Haris Bitlisî': klasik dönemde Kürtçe eserler yazmış şair.
offline_9972,Edebiyat,1,answers,Ji bo 'Qedrîcan' ravekirina herî dirust kîjan e?,Kürt edebiyatının bilinen en eski klasik şairlerinden | erken dönem Kürtçe edebi ve siyasi yayınlardan biri | Ehmedê Xanî'nin başlattığı edebi ve düşünsel ekol | modern Kürt şiirinde ve nesrinde iz bırakmış yazar,modern Kürt şiirinde ve nesrinde iz bırakmış yazar,'Qedrîcan' → modern Kürt şiirinde ve nesrinde iz bırakmış yazar.
offline_9977,Edebiyat,4,answers,Edebiyat literatüründe 'Pertew begê hkarî' yer almaz.,Rast | Şaş,Şaş,'Pertew begê hkarî' için sorudaki iddia doğru değildir; doğru cevap 'Şaş'tır.
offline_9996,Edebiyat,4,answers,Kîjan kesê/a 'Qanadê Kurdo' rast dide nasîn?,modern Kürt şiirinde ve nesrinde iz bırakmış yazar | Kürt dili ve edebiyatı üzerine çalışan akademisyen | Şerefname ve Mem û Zîn'i Soraniceye çeviren yazar | Modern dönemde roman/gazete gibi türlerin gelişmesi,Kürt dili ve edebiyatı üzerine çalışan akademisyen,'Qanadê Kurdo': Kürt dili ve edebiyatı üzerine çalışan akademisyen.
offline_9997,Edebiyat,5,answers,Têgiha 'Xanî Mektebi' çi pêk tîne?,Şerefname ve Mem û Zîn'i Soraniceye çeviren yazar | Dil ve alfabe çalışmalarını yaygınlaştırdığı için | modern Kürt hikayeciliğinin kurucu isimlerinden | Ehmedê Xanî'nin başlattığı edebi ve düşünsel ekol,Ehmedê Xanî'nin başlattığı edebi ve düşünsel ekol,'Xanî Mektebi' → Ehmedê Xanî'nin başlattığı edebi ve düşünsel ekol.
offline_10002,Edebiyat,1,answers,Di çarçoveya Edebiyatê de 'Kamuran Bedirxan' tê çi wateyê?,Kürtçe gramer kitapları yazan dilbilimci ve yazar | Soranice klasik şiir okulunun en büyük divan şairi | Kürt dili ve edebiyatı üzerine çalışan akademisyen | klasik Kürt edebiyatında önemli yeri olan şair,Kürtçe gramer kitapları yazan dilbilimci ve yazar,'Kamuran Bedirxan': Kürtçe gramer kitapları yazan dilbilimci ve yazar.
offline_10024,Edebiyat,5,answers,Ji aliyê Edebiyatê ve ji bo 'Melayê Bateyî' îfadeya rast kîjan e?,Kürt tiyatrosunun kurucu oyun yazarlarından | klasik dönemde Kürtçe eserler yazmış şair | Mem û Zîn eserinin ünlü yazarı ve düşünür | Mevlid-i Şerif'i Kürtçe yazan klasik şair,Mevlid-i Şerif'i Kürtçe yazan klasik şair,'Melayê Bateyî': Mevlid-i Şerif'i Kürtçe yazan klasik şair.
offline_10045,Edebiyat,2,answers,Der barê 'Melayê Cizîrî' de ji bo wêjeyê bijardeya rast kîjan e?,Sözlü anlatı ve ezgili hikâye aktarımı | Latin temelli Kürt alfabesinin yaygınlaşması | Kürt tasavvuf şiirinin klasik divan şairi | Mem û Zîn eserinin ünlü yazarı ve düşünür,Kürt tasavvuf şiirinin klasik divan şairi,'Melayê Cizîrî': Kürt tasavvuf şiirinin klasik divan şairi.
offline_10069,Edebiyat,4,answers,Di çarçoveya Edebiyatê de 'Hawar Ekolü' çawa divê bê fêmkirin?,Kürt aydınlanmasını ve Latin alfabesini yayan edebi akım | Kürt edebiyatının bilinen en eski klasik şairlerinden | Soranice klasik şiir okulunun en büyük divan şairi | Kürt sözlü edebiyatının en hüzünlü destanlarından biri,Kürt aydınlanmasını ve Latin alfabesini yayan edebi akım,'Hawar Ekolü' → Kürt aydınlanmasını ve Latin alfabesini yayan edebi akım.
offline_10071,Edebiyat,1,answers,Ji aliyê Edebiyatê ve ji bo 'Elî Herîrî' îfadeya rast kîjan e?,Kürt edebiyatının bilinen en eski klasik şairlerinden | Ehmedê Xanî'nin başlattığı edebi ve düşünsel ekol | Şerefname ve Mem û Zîn'i Soraniceye çeviren yazar | Soranice klasik şiir okulunun en büyük divan şairi,Kürt edebiyatının bilinen en eski klasik şairlerinden,'Elî Herîrî': Kürt edebiyatının bilinen en eski klasik şairlerinden.
offline_10074,Edebiyat,1,answers,Ji aliyê wêjeyê ve ji bo 'Dîwana Melayê Cizîrî' gotina rast kîjan e?,Hakkari emirliğinde yetişmiş klasik divan şairi | Doğu Kürdistan'ın meşhur modern şair ve yazarı | mistik aşk ve felsefe içeren meşhur şiir divanı | Şam'da Latin alfabesiyle çıkarılan edebi dergi,mistik aşk ve felsefe içeren meşhur şiir divanı,'Dîwana Melayê Cizîrî': mistik aşk ve felsefe içeren meşhur şiir divanı.
offline_10089,Edebiyat,5,answers,Ji bo Edebiyatê derbarê 'Yaşar Kemal' de vebijêrka rast kîjan e?,"Kürt kökenli, dünya çapında tanınan usta romancı | Kürtçe gramer kitapları yazan dilbilimci ve yazar | Birçok yazarın yurt dışında üretmesi nedeniyle | Şerefname ve Mem û Zîn'i Soraniceye çeviren yazar","Kürt kökenli, dünya çapında tanınan usta romancı","'Yaşar Kemal': Kürt kökenli, dünya çapında tanınan usta romancı."
offline_10104,Edebiyat,5,answers,Di qada Edebiyatê de 'Yaşar Kemal' çi îfade dike?,"Hakkari emirliğinde yetişmiş klasik divan şairi | Kürt kökenli, dünya çapında tanınan usta romancı | Birçok yazarın yurt dışında üretmesi nedeniyle | modern Kürt romanının kurucusu ve öncü romancı","Kürt kökenli, dünya çapında tanınan usta romancı","'Yaşar Kemal': Kürt kökenli, dünya çapında tanınan usta romancı."
offline_10120,Edebiyat,3,answers,'Arabê şamo' di çarçoveya wêjeyê de têgeheke derbasdar e.,Rast | Şaş,Rast,'Arabê şamo' Edebiyat alanında geçerli bir kavramdır.
offline_10123,Edebiyat,1,answers,'Baba Tahirê Hemedanî' di qada wêjeyê de têgeheke çêkirî ye.,Rast | Şaş,Şaş,'Baba Tahirê Hemedanî' için sorudaki iddia doğru değildir; doğru cevap 'Şaş'tır.
offline_10143,Edebiyat,2,answers,Biwêja 'Feqiyê Teyran' di çarçoveya Edebiyatê de watedar e.,Rast | Şaş,Rast,'Feqiyê Teyran' Edebiyat alanında geçerli bir kavramdır.
offline_10145,Edebiyat,1,prompt+answers,'Memê Alan destanı' tê çi wateyê?,Şerefname ve Mem û Zîn'i Soraniceye çeviren yazar | Kürt aydınlanmasını ve Latin alfabesini yayan edebi akım | Dil ve alfabe çalışmalarını yaygınlaştırdığı için | Ehmedê Xanî'nin Mem û Zîn'e ilham aldığı halk destanı,Ehmedê Xanî'nin Mem û Zîn'e ilham aldığı halk destanı,'Memê Alan destanı' → Ehmedê Xanî'nin Mem û Zîn'e ilham aldığı halk destanı.
offline_10157,Edebiyat,5,answers,Derbarê 'Hawar Ekolü' de vebijêrka rast kîjan e?,Kürt aydınlanmasını ve Latin alfabesini yayan edebi akım | Kürt dili ve edebiyatı üzerine çalışan akademisyen | Şerefname ve Mem û Zîn'i Soraniceye çeviren yazar | modern Kürt şiirinde ve nesrinde iz bırakmış yazar,Kürt aydınlanmasını ve Latin alfabesini yayan edebi akım,'Hawar Ekolü' → Kürt aydınlanmasını ve Latin alfabesini yayan edebi akım.
offline_10166,Edebiyat,4,answers,'Evdirehîm Rehmî Hekarî' bi tevahî li derveyî zanîna wêjeyê ye.,Rast | Şaş,Şaş,'Evdirehîm Rehmî Hekarî' için sorudaki iddia doğru değildir; doğru cevap 'Şaş'tır.
offline_10176,Edebiyat,2,answers,Edebiyat çerçevesinde 'Mecaz' bilinen bir konudur.,Rast | Şaş,Rast,'Mecaz' Edebiyat alanında geçerli bir kavramdır.
offline_10184,Edebiyat,4,answers,Di qada wêjeyê de 'Elî herîrî' wek têgeheke derbasdar cih digire.,Rast | Şaş,Rast,'Elî herîrî' Edebiyat alanında geçerli bir kavramdır.
offline_10188,Edebiyat,3,answers,Ji bo Edebiyatê derbarê 'Şêrko Bêkes' de vebijêrka rast kîjan e?,Doğu Kürdistan'ın meşhur modern şair ve yazarı | Kürt şiirine serbest tarzı getiren büyük şair | Hawar dergisini çıkaran edebi ekolün kurucusu | Şam'da Latin alfabesiyle çıkarılan edebi dergi,Kürt şiirine serbest tarzı getiren büyük şair,'Şêrko Bêkes': Kürt şiirine serbest tarzı getiren büyük şair.
offline_10202,Edebiyat,1,answers,'Melayê Cizîrî' tenê aîdî qadên derveyî Edebiyatê ye.,Rast | Şaş,Şaş,'Melayê Cizîrî' için sorudaki iddia doğru değildir; doğru cevap 'Şaş'tır.
offline_10203,Edebiyat,5,answers,'Ronahî dergisi' di qada wêjeyê de têgeheke çêkirî ye.,Rast | Şaş,Şaş,'Ronahî dergisi' için sorudaki iddia doğru değildir; doğru cevap 'Şaş'tır.
offline_10228,Edebiyat,5,answers,Di çarçoveya Edebiyatê de 'destan' çawa divê bê fêmkirin?,kahramanlık anlatısı | Medrese öğrencisi/talebe | Klasik Kürt şiiri | Tasavvufi şiir (divan),kahramanlık anlatısı,'destan' → kahramanlık anlatısı.
offline_10230,Edebiyat,2,answers,'Nûbihara Biçukan' tê çi wateyê?,"Ehmedê Xanî tarafından yazılan ilk Kürtçe sözlük | mistik aşk ve felsefe içeren meşhur şiir divanı | Kürt kökenli, dünya çapında tanınan usta romancı | Dil ve alfabe çalışmalarını yaygınlaştırdığı için",Ehmedê Xanî tarafından yazılan ilk Kürtçe sözlük,'Nûbihara Biçukan' → Ehmedê Xanî tarafından yazılan ilk Kürtçe sözlük.
offline_10237,Edebiyat,5,answers,Li jêr kîjan têgiha 'helbest' rave dike?,1932 | helbest | roman | şiir,şiir,'helbest' → şiir.
offline_10260,Edebiyat,1,answers,Derbarê 'Elî Herîrî' de agahiya rast kîjan e?,Kürt edebiyatının bilinen en eski klasik şairlerinden | Soranice klasik şiir okulunun en büyük divan şairi | Kürt dili ve edebiyatı üzerine çalışan akademisyen | tarihte divan yazmış ilk Kürt kadın tarihçi ve şair,Kürt edebiyatının bilinen en eski klasik şairlerinden,'Elî Herîrî': Kürt edebiyatının bilinen en eski klasik şairlerinden.
offline_10271,Edebiyat,3,prompt+answers,Derbarê 'Dewrêşê Evdî destanı' de ravekirina rast kîjan e?,Ehmedê Xanî'nin Mem û Zîn'e ilham aldığı halk destanı | Ehmedê Xanî'nin başlattığı edebi ve düşünsel ekol | modern Kürt şiirinde ve nesrinde iz bırakmış yazar | Kürt sözlü edebiyatının en hüzünlü destanlarından biri,Kürt sözlü edebiyatının en hüzünlü destanlarından biri,'Dewrêşê Evdî destanı' → Kürt sözlü edebiyatının en hüzünlü destanlarından biri.
offline_10284,Edebiyat,4,answers,Der barê 'Mestûre Kurdistanî' de ji bo wêjeyê bijardeya rast kîjan e?,Kürt tasavvuf şiirinin klasik divan şairi | modern Kürt şiirinin öncü toplumcu şairi | Erdelan beyliğinde yaşamış ünlü kadın şair | Sözlü anlatı ve ezgili hikâye aktarımı,Erdelan beyliğinde yaşamış ünlü kadın şair,'Mestûre Kurdistanî': Erdelan beyliğinde yaşamış ünlü kadın şair.
offline_10304,Muzîk,4,answers,Berambera rast a biwêja 'Eyşeqan' kîjan e?,müziği kağıda dökmek için kullanılan evrensel işaretler | antik Mezopotamya ve Kürt müziğinde kullanılan arp benzeri çalgı | Kürt tasavvuf ve halk müziğinde kullanılan vurmalı çalgı | Kürt kadın dengbêj geleneğinin en bilinen temsilcilerinden,Kürt kadın dengbêj geleneğinin en bilinen temsilcilerinden,'Eyşeqan' → Kürt kadın dengbêj geleneğinin en bilinen temsilcilerinden.
offline_10310,Muzîk,2,answers,Muzîk çerçevesinde 'Lawik' bilinen bir konudur.,Rast | Şaş,Rast,'Lawik' Muzîk alanında geçerli bir kavramdır.
offline_10314,Muzîk,5,answers,Bi 'serhad ezgileri' çi tê xwestin? ya rast çi ye?,"Şırnak ve Cizre yöresinin ritmik ve makamsal müziği | erbane veya defi ustalıkla çalan ritim sanatçısı | Kürt sözlü müziğini derleyen Ermeni asıllı dengbêj | Kars, Ağrı ve Van yöresine özgü lirik müzik tarzı","Kars, Ağrı ve Van yöresine özgü lirik müzik tarzı","'serhad ezgileri' → Kars, Ağrı ve Van yöresine özgü lirik müzik tarzı."
offline_10320,Muzîk,3,answers,Li jêr ji bo 'dengbêjlik okulu' kîjan rast e?,"kış gecesi sohbetlerinde icra edilen sözlü müzik | usta-çırak ilişkisiyle yürüyen müzikal aktarım | halk müziğinde yaygın olarak çalınan zilli tef | Kars, Ağrı ve Van yöresine özgü lirik müzik tarzı",usta-çırak ilişkisiyle yürüyen müzikal aktarım,'dengbêjlik okulu' → usta-çırak ilişkisiyle yürüyen müzikal aktarım.
offline_10328,Muzîk,3,answers,Di çarçoveya muzîkê de mijareke bi navê 'Hasan cizrawî' tune ye.,Rast | Şaş,Şaş,'Hasan cizrawî' için sorudaki iddia doğru değildir; doğru cevap 'Şaş'tır.
offline_10333,Muzîk,1,answers,Kîjan vebijêrk tê wateya 'zurna'?,"Kars, Ağrı ve Van yöresine özgü lirik müzik tarzı | tek bir sanatçının şarkı söylemesi veya çalması | erbane veya defi ustalıkla çalan ritim sanatçısı | yüksek sesli, açık havada çalınan nefesli çalgı","yüksek sesli, açık havada çalınan nefesli çalgı","'zurna' → yüksek sesli, açık havada çalınan nefesli çalgı."
offline_10344,Muzîk,1,answers,'Kardeş Türküler' kimdir?,Bahdinan bölgesinin popüler klasik halk sanatçısı | Kürt halkının ulusal duygularını seslendiren ozan | modern dönemde Kürt halk müziğini icra eden sanatçı | Kürt müziğini çok kültürlü ortamda icra eden grup,Kürt müziğini çok kültürlü ortamda icra eden grup,'Kardeş Türküler': Kürt müziğini çok kültürlü ortamda icra eden grup.
offline_10352,Muzîk,4,answers,Di çarçoveya Muzîkê de 'dengbêjlik okulu' çawa divê bê fêmkirin?,usta-çırak ilişkisiyle yürüyen müzikal aktarım | Kürt halk müziğinde en kutsal sayılan telli saz | erken dönem Kürt müziği kayıtlarını yapan dengbêj | Kürtlerin 'şahê dengbêjan' dediği güçlü ses,usta-çırak ilişkisiyle yürüyen müzikal aktarım,'dengbêjlik okulu' → usta-çırak ilişkisiyle yürüyen müzikal aktarım.
offline_10372,Muzîk,2,answers,Derbarê 'melodî' de vebijêrka rast kîjan e?,topluluk halinde şarkı söyleme biçimi | Kürt coğrafyasında da çalınan yaylı çalgı | Kürtlerin 'şahê dengbêjan' dediği güçlü ses | seslerin ardışık dizilmesiyle oluşan ezgi,seslerin ardışık dizilmesiyle oluşan ezgi,'melodî' → seslerin ardışık dizilmesiyle oluşan ezgi.
offline_10378,Muzîk,3,answers,'Ritim' di qada muzîkê de têgeheke rast û naskirî ye.,Rast | Şaş,Rast,'Ritim' Muzîk alanında geçerli bir kavramdır.
offline_10379,Muzîk,5,answers,Bi 'makam' çi tê xwestin? ya rast çi ye?,Türk ve Kürt müziğinde ezgisel yapıyı belirleyen sistem | Kürt müziğine rock ve caz esintileri getiren sanatçı | halaylarda çalınan hareketli ve ritmik halk şarkıları | Kürt tasavvuf ve halk müziğinde kullanılan vurmalı çalgı,Türk ve Kürt müziğinde ezgisel yapıyı belirleyen sistem,'makam' → Türk ve Kürt müziğinde ezgisel yapıyı belirleyen sistem.
offline_10410,Muzîk,4,answers,Di zanîna Muzîkê de derbarê 'nota' de ya rast kîjan e?,Van ve Diyarbakır'da dengbêjlerin dinlendiği kültürel mekan | Şakiro'nun seslendirdiği uzun soluklu destansı kilamlar | Kürt kadın dengbêj geleneğinin en bilinen temsilcilerinden | müziği kağıda dökmek için kullanılan evrensel işaretler,müziği kağıda dökmek için kullanılan evrensel işaretler,'nota' → müziği kağıda dökmek için kullanılan evrensel işaretler.
offline_10411,Muzîk,3,answers,Di qada Muzîkê de 'Defbaz' wek têgihek derbasdar cih digire.,Rast | Şaş,Rast,'Defbaz' Muzîk alanında geçerli bir kavramdır.
offline_10423,Muzîk,2,answers,Derbarê 'tembûr' de vebijêrka rast kîjan e?,"Kars, Ağrı ve Van yöresine özgü lirik müzik tarzı | Kürt halk müziğinde en kutsal sayılan telli saz | erbane veya defi ustalıkla çalan ritim sanatçısı | yüksek sesli, açık havada çalınan nefesli çalgı",Kürt halk müziğinde en kutsal sayılan telli saz,'tembûr' → Kürt halk müziğinde en kutsal sayılan telli saz.
offline_10426,Muzîk,1,answers,'Kardeş türküler' tenê aîdî qadên derveyî Muzîkê ye.,Rast | Şaş,Şaş,'Kardeş türküler' için sorudaki iddia doğru değildir; doğru cevap 'Şaş'tır.
offline_10427,Muzîk,2,answers,Bi 'hîran' çi tê xwestin? ya rast çi ye?,Kürt coğrafyasında da çalınan yaylı çalgı | müziğin temelini oluşturan düzenli vuruşlar | Kürt halk müziğinde bir başka ezgi tarzı | Kürtlerin 'şahê dengbêjan' dediği güçlü ses,Kürt halk müziğinde bir başka ezgi tarzı,'hîran' → Kürt halk müziğinde bir başka ezgi tarzı.
offline_10433,Muzîk,1,answers,Li jêr ji bo 'Aram Tigran' kîjan rast e?,Kürt müziğini dünyaya tanıtan en meşhur ses sanatçısı | çobanların da çaldığı üflemeli geleneksel enstrüman | Kürtçe şarkılarıyla tanınan Ermeni asıllı usta müzisyen | daha çok aşk ve yiğitlik üzerine söylenen müzik türü,Kürtçe şarkılarıyla tanınan Ermeni asıllı usta müzisyen,'Aram Tigran': Kürtçe şarkılarıyla tanınan Ermeni asıllı usta müzisyen.
offline_10435,Muzîk,4,answers,'def' ji aliyê Muzîkê ve biwêjek bêwate ye.,Rast | Şaş,Şaş,'def' için sorudaki iddia doğru değildir; doğru cevap 'Şaş'tır.
offline_10448,Muzîk,4,answers,Di qada muzîkê de 'Behedînî ezgileri' nayê zanîn û nayê bikaranîn.,Rast | Şaş,Şaş,'Behedînî ezgileri' için sorudaki iddia doğru değildir; doğru cevap 'Şaş'tır.
offline_10463,Muzîk,1,answers,Kîjan vebijêrk tê wateya 'lawik'?,Kürt müziğine rock ve caz esintileri getiren sanatçı | Serhat bölgesinde yaygın olan bir Kürt halk ezgisi türü | Kürt müziğini dünyaya tanıtan en meşhur ses sanatçısı | daha çok aşk ve yiğitlik üzerine söylenen müzik türü,daha çok aşk ve yiğitlik üzerine söylenen müzik türü,'lawik' → daha çok aşk ve yiğitlik üzerine söylenen müzik türü.
offline_10480,Muzîk,1,answers,"Dema 'botan ezgileri' tê gotin, çi tê xwestin?",Şırnak ve Cizre yöresinin ritmik ve makamsal müziği | erken dönem Kürt müziği kayıtlarını yapan dengbêj | daha çok aşk ve yiğitlik üzerine söylenen müzik türü | Kürt müziğine rock ve caz esintileri getiren sanatçı,Şırnak ve Cizre yöresinin ritmik ve makamsal müziği,'botan ezgileri' → Şırnak ve Cizre yöresinin ritmik ve makamsal müziği.
offline_10492,Muzîk,4,answers,'Zurna' bi tevahî li derveyî zanîna muzîkê ye.,Rast | Şaş,Şaş,'Zurna' için sorudaki iddia doğru değildir; doğru cevap 'Şaş'tır.
offline_10498,Muzîk,1,answers,Kîjan di Muzîkê de têgiha 'Koma Amed' rast bi cih dike?,Kürtçe şarkılarıyla tanınan Ermeni asıllı usta müzisyen | 90'larda Kürt müziğinde devrim yapan alternatif müzik grubu | Van ve Diyarbakır'da dengbêjlerin dinlendiği kültürel mekan | daha çok aşk ve yiğitlik üzerine söylenen müzik türü,90'larda Kürt müziğinde devrim yapan alternatif müzik grubu,'Koma Amed': 90'larda Kürt müziğinde devrim yapan alternatif müzik grubu.
offline_10537,Muzîk,2,prompt+answers,Kîjan kesê/a 'Aynur Doğan' rast dide nasîn?,Kürt müziğine rock ve caz esintileri getiren sanatçı | Kürt müziğini dünyaya tanıtan en meşhur ses sanatçısı | modern dönemde Kürt halk müziğini icra eden sanatçı | çobanların da çaldığı üflemeli geleneksel enstrüman,modern dönemde Kürt halk müziğini icra eden sanatçı,'Aynur Doğan': modern dönemde Kürt halk müziğini icra eden sanatçı.
offline_10547,Muzîk,4,answers,Derbarê 'Erdewan Zaxoyî' de ya rast kîjan e?,Kürtlerin 'şahê dengbêjan' dediği güçlü ses | Bahdinan bölgesinin sevilen devrimci müzisyeni | usta-çırak ilişkisiyle yürüyen müzikal aktarım | Kürt halk müziğinde en kutsal sayılan telli saz,Bahdinan bölgesinin sevilen devrimci müzisyeni,'Erdewan Zaxoyî': Bahdinan bölgesinin sevilen devrimci müzisyeni.
offline_10554,Muzîk,5,answers,Derbarê 'botan ezgileri' de kîjan rast e?,Dersim ve Bingöl yöresinde icra edilen Kürtçe müzik | Kürt müziğini dünyaya tanıtan en meşhur ses sanatçısı | Şırnak ve Cizre yöresinin ritmik ve makamsal müziği | Kürt müziğine rock ve caz esintileri getiren sanatçı,Şırnak ve Cizre yöresinin ritmik ve makamsal müziği,'botan ezgileri' → Şırnak ve Cizre yöresinin ritmik ve makamsal müziği.
offline_10562,Muzîk,3,answers,Di xebatên muzîkê de 'Dengbêj evi' yek ji mijaran e.,Rast | Şaş,Rast,'Dengbêj evi' Muzîk alanında geçerli bir kavramdır.
offline_10566,Muzîk,3,answers,Derbarê 'nota' de agahiya herî rast kîjan e?,müziği kağıda dökmek için kullanılan evrensel işaretler | halaylarda çalınan hareketli ve ritmik halk şarkıları | dengbêjlerin söylediği destansı veya aşk temalı şarkı | Kürt müziğinde plak dolduran ilk Kürt kadın sanatçı,müziği kağıda dökmek için kullanılan evrensel işaretler,'nota' → müziği kağıda dökmek için kullanılan evrensel işaretler.
offline_10572,Muzîk,2,answers,Li jêr ji bo 'Hasan Cizrawî' kîjan rast e?,Kürt halkının ulusal duygularını seslendiren ozan | tek bir sanatçının şarkı söylemesi veya çalması | Kürt sözlü müziğini derleyen Ermeni asıllı dengbêj | erken dönem Kürt müziği kayıtlarını yapan dengbêj,erken dönem Kürt müziği kayıtlarını yapan dengbêj,'Hasan Cizrawî': erken dönem Kürt müziği kayıtlarını yapan dengbêj.
offline_10595,Muzîk,3,answers,Kîjan di Muzîkê de têgiha 'çeng' rast bi cih dike?,Kürt tasavvuf ve halk müziğinde kullanılan vurmalı çalgı | Kürt müziğine rock ve caz esintileri getiren sanatçı | Van ve Diyarbakır'da dengbêjlerin dinlendiği kültürel mekan | antik Mezopotamya ve Kürt müziğinde kullanılan arp benzeri çalgı,antik Mezopotamya ve Kürt müziğinde kullanılan arp benzeri çalgı,'çeng' → antik Mezopotamya ve Kürt müziğinde kullanılan arp benzeri çalgı.
offline_10606,Muzîk,3,prompt+answers,Berambera rast a biwêja 'şevbêrk müziği' kîjan e?,"kış gecesi sohbetlerinde icra edilen sözlü müzik | Kars, Ağrı ve Van yöresine özgü lirik müzik tarzı | Kürt sözlü müziğini derleyen Ermeni asıllı dengbêj | usta-çırak ilişkisiyle yürüyen müzikal aktarım",kış gecesi sohbetlerinde icra edilen sözlü müzik,'şevbêrk müziği' → kış gecesi sohbetlerinde icra edilen sözlü müzik.
offline_10613,Muzîk,1,answers,Derbarê 'çeng' de vebijêrka rast kîjan e?,antik Mezopotamya ve Kürt müziğinde kullanılan arp benzeri çalgı | Kürtçe şarkılarıyla tanınan Ermeni asıllı usta müzisyen | Kürt kadın dengbêj geleneğinin en bilinen temsilcilerinden | daha çok aşk ve yiğitlik üzerine söylenen müzik türü,antik Mezopotamya ve Kürt müziğinde kullanılan arp benzeri çalgı,'çeng' → antik Mezopotamya ve Kürt müziğinde kullanılan arp benzeri çalgı.
offline_10615,Muzîk,1,answers,Derbarê 'Meryem Xan' de ya rast kîjan e?,Kürt müziğinde plak dolduran ilk Kürt kadın sanatçı | çobanların da çaldığı üflemeli geleneksel enstrüman | dengbêjlerin söylediği destansı veya aşk temalı şarkı | Dersim ve Bingöl yöresinde icra edilen Kürtçe müzik,Kürt müziğinde plak dolduran ilk Kürt kadın sanatçı,'Meryem Xan': Kürt müziğinde plak dolduran ilk Kürt kadın sanatçı.
offline_10643,Muzîk,5,answers,Di dîrokê de 'Erdewan Zaxoyî' kî ye?,tek bir sanatçının şarkı söylemesi veya çalması | Bahdinan bölgesinin sevilen devrimci müzisyeni | müziğin temelini oluşturan düzenli vuruşlar | kilamların okunduğu serbest ritimli vokal tarzı,Bahdinan bölgesinin sevilen devrimci müzisyeni,'Erdewan Zaxoyî': Bahdinan bölgesinin sevilen devrimci müzisyeni.
offline_10653,Muzîk,2,answers,'Eyşeqan' çi îfade dike?,90'larda Kürt müziğinde devrim yapan alternatif müzik grubu | dengbêjlerin söylediği destansı veya aşk temalı şarkı | Serhat bölgesinde yaygın olan bir Kürt halk ezgisi türü | Kürt kadın dengbêj geleneğinin en bilinen temsilcilerinden,Kürt kadın dengbêj geleneğinin en bilinen temsilcilerinden,'Eyşeqan' → Kürt kadın dengbêj geleneğinin en bilinen temsilcilerinden.
offline_10654,Muzîk,3,answers,Di dîrokê de 'Meryem Xan' kî ye?,"Bahdinan bölgesinin popüler klasik halk sanatçısı | Kürt müziğinde plak dolduran ilk Kürt kadın sanatçı | Kars, Ağrı ve Van yöresine özgü lirik müzik tarzı | Kürt müziğini dünyaya tanıtan en meşhur ses sanatçısı",Kürt müziğinde plak dolduran ilk Kürt kadın sanatçı,'Meryem Xan': Kürt müziğinde plak dolduran ilk Kürt kadın sanatçı.
offline_10656,Muzîk,2,answers,'Aram Tigran' kimdir?,Kürtçe şarkılarıyla tanınan Ermeni asıllı usta müzisyen | daha çok aşk ve yiğitlik üzerine söylenen müzik türü | Van ve Diyarbakır'da dengbêjlerin dinlendiği kültürel mekan | Kürt kadın dengbêj geleneğinin en bilinen temsilcilerinden,Kürtçe şarkılarıyla tanınan Ermeni asıllı usta müzisyen,'Aram Tigran': Kürtçe şarkılarıyla tanınan Ermeni asıllı usta müzisyen.
offline_10658,Muzîk,4,answers,'Stranbêj' tenê aîdî qadên derveyî Muzîkê ye.,Rast | Şaş,Şaş,'Stranbêj' için sorudaki iddia doğru değildir; doğru cevap 'Şaş'tır.
offline_10715,Muzîk,1,answers,'Mihemed Taha Akreyî' bi kîjan aliyê xwe ve tê nasîn?,"kilamların okunduğu serbest ritimli vokal tarzı | Bahdinan bölgesinin popüler klasik halk sanatçısı | Kars, Ağrı ve Van yöresine özgü lirik müzik tarzı | Kürt müziğinde plak dolduran ilk Kürt kadın sanatçı",Bahdinan bölgesinin popüler klasik halk sanatçısı,'Mihemed Taha Akreyî': Bahdinan bölgesinin popüler klasik halk sanatçısı.
offline_10744,Muzîk,4,answers,'heyran' bi tevahî li derveyî zanîna muzîkê ye.,Rast | Şaş,Şaş,'heyran' için sorudaki iddia doğru değildir; doğru cevap 'Şaş'tır.
offline_10762,Muzîk,4,prompt+answers,'şakiro stranları' ji aliyê Muzîkê ve biwêjek bêwate ye.,Rast | Şaş,Şaş,'şakiro stranları' için sorudaki iddia doğru değildir; doğru cevap 'Şaş'tır.
offline_10803,Muzîk,4,answers,'Aram tigran' ji aliyê Muzîkê ve biwêjek bêwate ye.,Rast | Şaş,Şaş,'Aram tigran' için sorudaki iddia doğru değildir; doğru cevap 'Şaş'tır.
offline_10813,Muzîk,2,prompt+answers,'şabaş geleneği' tê çi wateyê?,müzisyenlere para atarak taltif etme adeti | usta-çırak ilişkisiyle yürüyen müzikal aktarım | Kürtlerin 'şahê dengbêjan' dediği güçlü ses | efsaneyi anlatan meşhur geleneksel kilam,müzisyenlere para atarak taltif etme adeti,'şabaş geleneği' → müzisyenlere para atarak taltif etme adeti.
offline_10827,Muzîk,3,answers,'Karapetê Xaço' wek kî tê naskirin?,Kürt sözlü müziğini derleyen Ermeni asıllı dengbêj | dengbêjlerin söylediği destansı veya aşk temalı şarkı | daha çok aşk ve yiğitlik üzerine söylenen müzik türü | Kürt müziğini çok kültürlü ortamda icra eden grup,Kürt sözlü müziğini derleyen Ermeni asıllı dengbêj,'Karapetê Xaço': Kürt sözlü müziğini derleyen Ermeni asıllı dengbêj.
offline_10853,Muzîk,2,answers,Ji aliyê Muzîkê ve ji bo 'makam' îfadeya rast kîjan e?,Şırnak ve Cizre yöresinin ritmik ve makamsal müziği | Türk ve Kürt müziğinde ezgisel yapıyı belirleyen sistem | halaylarda çalınan hareketli ve ritmik halk şarkıları | Kürt müziğinde plak dolduran ilk Kürt kadın sanatçı,Türk ve Kürt müziğinde ezgisel yapıyı belirleyen sistem,'makam' → Türk ve Kürt müziğinde ezgisel yapıyı belirleyen sistem.
offline_10861,Muzîk,4,prompt+answers,Der barê 'şakiro stranları' de ji bo muzîkê bijardeya rast kîjan e?,Kürt müziğine rock ve caz esintileri getiren sanatçı | Serhat bölgesinde yaygın olan bir Kürt halk ezgisi türü | çobanların da çaldığı üflemeli geleneksel enstrüman | Şakiro'nun seslendirdiği uzun soluklu destansı kilamlar,Şakiro'nun seslendirdiği uzun soluklu destansı kilamlar,'şakiro stranları' → Şakiro'nun seslendirdiği uzun soluklu destansı kilamlar.
offline_10862,Muzîk,2,answers,Muzîk çerçevesinde 'çeng' bilinen bir konudur.,Rast | Şaş,Rast,'çeng' Muzîk alanında geçerli bir kavramdır.
offline_10863,Muzîk,5,answers,'dahol' tenê aîdî qadên derveyî Muzîkê ye.,Rast | Şaş,Şaş,'dahol' için sorudaki iddia doğru değildir; doğru cevap 'Şaş'tır.
offline_10871,Muzîk,5,answers,Ji bo 'serhad ezgileri' ravekirina herî dirust kîjan e?,"erken dönem Kürt müziği kayıtlarını yapan dengbêj | Kars, Ağrı ve Van yöresine özgü lirik müzik tarzı | Dersim ve Bingöl yöresinde icra edilen Kürtçe müzik | yüksek sesli, açık havada çalınan nefesli çalgı","Kars, Ağrı ve Van yöresine özgü lirik müzik tarzı","'serhad ezgileri' → Kars, Ağrı ve Van yöresine özgü lirik müzik tarzı."
offline_10874,Muzîk,2,answers,Li jêr ji bo 'serhad ezgileri' kîjan rast e?,"Kars, Ağrı ve Van yöresine özgü lirik müzik tarzı | kilamların okunduğu serbest ritimli vokal tarzı | erken dönem Kürt müziği kayıtlarını yapan dengbêj | erbane veya defi ustalıkla çalan ritim sanatçısı","Kars, Ağrı ve Van yöresine özgü lirik müzik tarzı","'serhad ezgileri' → Kars, Ağrı ve Van yöresine özgü lirik müzik tarzı."
offline_10875,Muzîk,2,prompt+answers,Li jêr ji bo 'govend müziği' ya rast kîjan e?,halaylarda çalınan hareketli ve ritmik halk şarkıları | Türk ve Kürt müziğinde ezgisel yapıyı belirleyen sistem | Kürt müziğini dünyaya tanıtan en meşhur ses sanatçısı | çobanların da çaldığı üflemeli geleneksel enstrüman,halaylarda çalınan hareketli ve ritmik halk şarkıları,'govend müziği' → halaylarda çalınan hareketli ve ritmik halk şarkıları.
offline_10878,Muzîk,1,answers,Di çarçoveya Muzîkê de 'Kardeş Türküler' tê çi wateyê?,kış gecesi sohbetlerinde icra edilen sözlü müzik | Kürt müziğini çok kültürlü ortamda icra eden grup | Şırnak ve Cizre yöresinin ritmik ve makamsal müziği | tek bir sanatçının şarkı söylemesi veya çalması,Kürt müziğini çok kültürlü ortamda icra eden grup,'Kardeş Türküler': Kürt müziğini çok kültürlü ortamda icra eden grup.
offline_10882,Muzîk,4,prompt+answers,Di qada Muzîkê de 'zembîlfiroş stranı' çi îfade dike?,Serhat bölgesinde yaygın olan bir Kürt halk ezgisi türü | Kürt müziğine rock ve caz esintileri getiren sanatçı | efsaneyi anlatan meşhur geleneksel kilam | Türk ve Kürt müziğinde ezgisel yapıyı belirleyen sistem,efsaneyi anlatan meşhur geleneksel kilam,'zembîlfiroş stranı' → efsaneyi anlatan meşhur geleneksel kilam.
offline_10903,Muzîk,1,prompt+answers,Derbarê 'şevbêrk müziği' de vebijêrka rast kîjan e?,usta-çırak ilişkisiyle yürüyen müzikal aktarım | kış gecesi sohbetlerinde icra edilen sözlü müzik | Bahdinan bölgesinin sevilen devrimci müzisyeni | erbane veya defi ustalıkla çalan ritim sanatçısı,kış gecesi sohbetlerinde icra edilen sözlü müzik,'şevbêrk müziği' → kış gecesi sohbetlerinde icra edilen sözlü müzik.
offline_10921,Muzîk,5,answers,"'Koma wetan', Muzîk ile ilgili gerçek bir terimdir.",Rast | Şaş,Rast,'Koma wetan' Muzîk alanında geçerli bir kavramdır.
offline_10926,Muzîk,1,answers,Ji aliyê Muzîkê ve ji bo 'Mihemed Şêxo' îfadeya rast kîjan e?,"erken dönem Kürt müziği kayıtlarını yapan dengbêj | Kürt halkının ulusal duygularını seslendiren ozan | Kürt müziğini çok kültürlü ortamda icra eden grup | yüksek sesli, açık havada çalınan nefesli çalgı",Kürt halkının ulusal duygularını seslendiren ozan,'Mihemed Şêxo': Kürt halkının ulusal duygularını seslendiren ozan.
offline_10927,Muzîk,4,prompt+answers,Di qada Muzîkê de 'şabaş geleneği' çi îfade dike?,Kürt coğrafyasında da çalınan yaylı çalgı | müzisyenlere para atarak taltif etme adeti | tarihteki ilk Kürtçe rock grubunun adı | seslerin ardışık dizilmesiyle oluşan ezgi,müzisyenlere para atarak taltif etme adeti,'şabaş geleneği' → müzisyenlere para atarak taltif etme adeti.
offline_10930,Muzîk,2,answers,Têgiha 'dengbêj evi' çi pêk tîne?,Van ve Diyarbakır'da dengbêjlerin dinlendiği kültürel mekan | Kürt kadın dengbêj geleneğinin en bilinen temsilcilerinden | dengbêjlerin söylediği destansı veya aşk temalı şarkı | halaylarda çalınan hareketli ve ritmik halk şarkıları,Van ve Diyarbakır'da dengbêjlerin dinlendiği kültürel mekan,'dengbêj evi' → Van ve Diyarbakır'da dengbêjlerin dinlendiği kültürel mekan.
offline_10939,Muzîk,1,answers,Kîjan li gorî pênaseya 'koro' ye?,tarihteki ilk Kürtçe rock grubunun adı | Kürt coğrafyasında da çalınan yaylı çalgı | Kürt müziğinin tanınmış sanatçısı | topluluk halinde şarkı söyleme biçimi,topluluk halinde şarkı söyleme biçimi,'koro' → topluluk halinde şarkı söyleme biçimi.
offline_10940,Muzîk,4,answers,Ji aliyê Muzîkê ve ji bo 'Şivan Perwer' îfadeya rast kîjan e?,Kürt müziğini dünyaya tanıtan en meşhur ses sanatçısı | Kürt müziğinde plak dolduran ilk Kürt kadın sanatçı | çobanların da çaldığı üflemeli geleneksel enstrüman | Şırnak ve Cizre yöresinin ritmik ve makamsal müziği,Kürt müziğini dünyaya tanıtan en meşhur ses sanatçısı,'Şivan Perwer': Kürt müziğini dünyaya tanıtan en meşhur ses sanatçısı.
offline_10962,Muzîk,3,prompt+answers,'şakiro stranları' tê çi wateyê?,halaylarda çalınan hareketli ve ritmik halk şarkıları | Kürt müziğinde plak dolduran ilk Kürt kadın sanatçı | Kürt kadın dengbêj geleneğinin en bilinen temsilcilerinden | Şakiro'nun seslendirdiği uzun soluklu destansı kilamlar,Şakiro'nun seslendirdiği uzun soluklu destansı kilamlar,'şakiro stranları' → Şakiro'nun seslendirdiği uzun soluklu destansı kilamlar.
offline_10963,Muzîk,3,answers,Di çarçoveya Muzîkê de 'Ciwan Haco' çawa divê bê fêmkirin?,Şırnak ve Cizre yöresinin ritmik ve makamsal müziği | Kürt sözlü müziğini derleyen Ermeni asıllı dengbêj | Kürt müziğine rock ve caz esintileri getiren sanatçı | daha çok aşk ve yiğitlik üzerine söylenen müzik türü,Kürt müziğine rock ve caz esintileri getiren sanatçı,'Ciwan Haco': Kürt müziğine rock ve caz esintileri getiren sanatçı.
offline_10976,Muzîk,3,prompt+answers,Di qada muzîkê de 'Zembîlfiroş stranı' wek têgeheke derbasdar cih digire.,Rast | Şaş,Rast,'Zembîlfiroş stranı' Muzîk alanında geçerli bir kavramdır.
offline_10990,Muzîk,5,prompt+answers,'govend müziği' di qada muzîkê de têgeheke çêkirî ye.,Rast | Şaş,Şaş,'govend müziği' için sorudaki iddia doğru değildir; doğru cevap 'Şaş'tır.
offline_11008,Muzîk,1,prompt+answers,Derbarê 'Aynur Doğan' de ya rast kîjan e?,"çobanların da çaldığı üflemeli geleneksel enstrüman | modern dönemde Kürt halk müziğini icra eden sanatçı | halaylarda çalınan hareketli ve ritmik halk şarkıları | Kars, Ağrı ve Van yöresine özgü lirik müzik tarzı",modern dönemde Kürt halk müziğini icra eden sanatçı,'Aynur Doğan': modern dönemde Kürt halk müziğini icra eden sanatçı.
offline_11009,Muzîk,3,prompt+answers,Muzîk çerçevesinde 'Dengbêj makamı' bilinen bir konudur.,Rast | Şaş,Rast,'Dengbêj makamı' Muzîk alanında geçerli bir kavramdır.
offline_11013,Muzîk,2,answers,Bi 'stran' çi tê xwestin? ya rast çi ye?,fîqa şivanan (kaval) | Kürtçe şarkı veya melodi | defa bi zengil (tef) | cureyên kilamên gelêrî,Kürtçe şarkı veya melodi,'stran' → Kürtçe şarkı veya melodi.
offline_11037,Muzîk,4,answers,Di qada muzîkê de 'Meryem xan' nayê zanîn û nayê bikaranîn.,Rast | Şaş,Şaş,'Meryem xan' için sorudaki iddia doğru değildir; doğru cevap 'Şaş'tır.
offline_11050,Muzîk,1,answers,Di çarçoveya muzîkê de mijareke bi navê 'Kilam' tune ye.,Rast | Şaş,Şaş,'Kilam' için sorudaki iddia doğru değildir; doğru cevap 'Şaş'tır.
offline_11056,Muzîk,1,answers,Kîjan têgiha 'dengbêj evi' rast şirove dike?,Van ve Diyarbakır'da dengbêjlerin dinlendiği kültürel mekan | daha çok aşk ve yiğitlik üzerine söylenen müzik türü | Kürt müziğini dünyaya tanıtan en meşhur ses sanatçısı | Türk ve Kürt müziğinde ezgisel yapıyı belirleyen sistem,Van ve Diyarbakır'da dengbêjlerin dinlendiği kültürel mekan,'dengbêj evi' → Van ve Diyarbakır'da dengbêjlerin dinlendiği kültürel mekan.
offline_11068,Muzîk,4,answers,Li jêr ji bo 'behedînî ezgileri' ya rast kîjan e?,Kürt müziğini dünyaya tanıtan en meşhur ses sanatçısı | Duhok ve Zaho yöresine has müzikal tarz | Türk ve Kürt müziğinde ezgisel yapıyı belirleyen sistem | Kürt müziğine rock ve caz esintileri getiren sanatçı,Duhok ve Zaho yöresine has müzikal tarz,'behedînî ezgileri' → Duhok ve Zaho yöresine has müzikal tarz.
offline_11077,Muzîk,1,answers,Derbarê 'botan ezgileri' de agahiya herî rast kîjan e?,Şırnak ve Cizre yöresinin ritmik ve makamsal müziği | Kürt müziğinde plak dolduran ilk Kürt kadın sanatçı | Kürt halkının ulusal duygularını seslendiren ozan | erken dönem Kürt müziği kayıtlarını yapan dengbêj,Şırnak ve Cizre yöresinin ritmik ve makamsal müziği,'botan ezgileri' → Şırnak ve Cizre yöresinin ritmik ve makamsal müziği.
offline_11087,Muzîk,5,answers,Ji bo 'zurna' ravekirina herî dirust kîjan e?,"tek bir sanatçının şarkı söylemesi veya çalması | Kürt halkının ulusal duygularını seslendiren ozan | Kars, Ağrı ve Van yöresine özgü lirik müzik tarzı | yüksek sesli, açık havada çalınan nefesli çalgı","yüksek sesli, açık havada çalınan nefesli çalgı","'zurna' → yüksek sesli, açık havada çalınan nefesli çalgı."
offline_11093,Muzîk,3,prompt+answers,Bi 'şabaş geleneği' çi tê xwestin? ya rast çi ye?,müzisyenlere para atarak taltif etme adeti | Kürt halk müziğinde bir başka ezgi tarzı | usta-çırak ilişkisiyle yürüyen müzikal aktarım | klasik Bahdinan müziğinin efsanevi sesi,müzisyenlere para atarak taltif etme adeti,'şabaş geleneği' → müzisyenlere para atarak taltif etme adeti.
offline_11103,Muzîk,2,answers,Kîjan kesê/a 'Koma Amed' rast dide nasîn?,müziği kağıda dökmek için kullanılan evrensel işaretler | Kürtçe şarkılarıyla tanınan Ermeni asıllı usta müzisyen | 90'larda Kürt müziğinde devrim yapan alternatif müzik grubu | Kürt kadın dengbêj geleneğinin en bilinen temsilcilerinden,90'larda Kürt müziğinde devrim yapan alternatif müzik grubu,'Koma Amed': 90'larda Kürt müziğinde devrim yapan alternatif müzik grubu.
offline_11107,Muzîk,4,answers,Di zanîna Muzîkê de derbarê 'kemençe' de ya rast kîjan e?,"müziğin temelini oluşturan düzenli vuruşlar | klasik Bahdinan müziğinin efsanevi sesi | Kürt coğrafyasında da çalınan yaylı çalgı | genel olarak şarkı okuyan, seslendiren kişi",Kürt coğrafyasında da çalınan yaylı çalgı,'kemençe' → Kürt coğrafyasında da çalınan yaylı çalgı.
offline_11123,Muzîk,4,answers,Derbarê 'Şakiro' de ravekirina rast kîjan e?,Kürt halk müziğinde bir başka ezgi tarzı | Kürtlerin 'şahê dengbêjan' dediği güçlü ses | tek bir sanatçının şarkı söylemesi veya çalması | seslerin ardışık dizilmesiyle oluşan ezgi,Kürtlerin 'şahê dengbêjan' dediği güçlü ses,'Şakiro' → Kürtlerin 'şahê dengbêjan' dediği güçlü ses.
offline_11125,Muzîk,4,answers,Di dîrokê de 'Şivan Perwer' kî ye?,Kürt müziğinde plak dolduran ilk Kürt kadın sanatçı | Şakiro'nun seslendirdiği uzun soluklu destansı kilamlar | Kürtçe şarkılarıyla tanınan Ermeni asıllı usta müzisyen | Kürt müziğini dünyaya tanıtan en meşhur ses sanatçısı,Kürt müziğini dünyaya tanıtan en meşhur ses sanatçısı,'Şivan Perwer': Kürt müziğini dünyaya tanıtan en meşhur ses sanatçısı.
offline_11127,Muzîk,1,answers,Ji bo Muzîkê derbarê 'Koma Wetan' de vebijêrka rast kîjan e?,Kürt coğrafyasında da çalınan yaylı çalgı | tarihteki ilk Kürtçe rock grubunun adı | Duhok ve Zaho yöresine has müzikal tarz | zurna ile birlikte çalınan ritim sazı,tarihteki ilk Kürtçe rock grubunun adı,'Koma Wetan': tarihteki ilk Kürtçe rock grubunun adı.
offline_11133,Muzîk,1,answers,Kîjan têgeha 'Mihemed Şêxo' di nav muzîkê de rast bi cih dike?,"Kürt halkının ulusal duygularını seslendiren ozan | yüksek sesli, açık havada çalınan nefesli çalgı | kilamların okunduğu serbest ritimli vokal tarzı | Kürt sözlü müziğini derleyen Ermeni asıllı dengbêj",Kürt halkının ulusal duygularını seslendiren ozan,'Mihemed Şêxo': Kürt halkının ulusal duygularını seslendiren ozan.
offline_11134,Muzîk,5,prompt+answers,Kîjan têgeha 'şevbêrk müziği' di nav muzîkê de rast bi cih dike?,kış gecesi sohbetlerinde icra edilen sözlü müzik | tek bir sanatçının şarkı söylemesi veya çalması | Bahdinan bölgesinin sevilen devrimci müzisyeni | erbane veya defi ustalıkla çalan ritim sanatçısı,kış gecesi sohbetlerinde icra edilen sözlü müzik,'şevbêrk müziği' → kış gecesi sohbetlerinde icra edilen sözlü müzik.
offline_11136,Muzîk,2,answers,Derbarê 'ritim' de vebijêrka rast kîjan e?,"seslerin ardışık dizilmesiyle oluşan ezgi | yüksek sesli, açık havada çalınan nefesli çalgı | müziğin temelini oluşturan düzenli vuruşlar | kilamların okunduğu serbest ritimli vokal tarzı",müziğin temelini oluşturan düzenli vuruşlar,'ritim' → müziğin temelini oluşturan düzenli vuruşlar.
offline_11143,Muzîk,3,answers,Berambera rast a biwêja 'stranbêj' kîjan e?,"Kürtlerin 'şahê dengbêjan' dediği güçlü ses | seslerin ardışık dizilmesiyle oluşan ezgi | efsaneyi anlatan meşhur geleneksel kilam | genel olarak şarkı okuyan, seslendiren kişi","genel olarak şarkı okuyan, seslendiren kişi","'stranbêj' → genel olarak şarkı okuyan, seslendiren kişi."
offline_11152,Muzîk,1,answers,Têgiha 'Eyşeqan' çi pêk tîne?,Kürt kadın dengbêj geleneğinin en bilinen temsilcilerinden | dengbêjlerin söylediği destansı veya aşk temalı şarkı | halaylarda çalınan hareketli ve ritmik halk şarkıları | antik Mezopotamya ve Kürt müziğinde kullanılan arp benzeri çalgı,Kürt kadın dengbêj geleneğinin en bilinen temsilcilerinden,'Eyşeqan' → Kürt kadın dengbêj geleneğinin en bilinen temsilcilerinden.
offline_11154,Muzîk,5,answers,Derbarê 'kilam' de vebijêrka rast kîjan e?,dengbêjlerin söylediği destansı veya aşk temalı şarkı | Kürt müziğine rock ve caz esintileri getiren sanatçı | modern dönemde Kürt halk müziğini icra eden sanatçı | Kürt müziğinde plak dolduran ilk Kürt kadın sanatçı,dengbêjlerin söylediği destansı veya aşk temalı şarkı,'kilam' → dengbêjlerin söylediği destansı veya aşk temalı şarkı.
offline_11160,Muzîk,2,answers,Li jêr kîjan têgiha 'hîran' rave dike?,Duhok ve Zaho yöresine has müzikal tarz | Kürt coğrafyasında da çalınan yaylı çalgı | klasik Bahdinan müziğinin efsanevi sesi | Kürt halk müziğinde bir başka ezgi tarzı,Kürt halk müziğinde bir başka ezgi tarzı,'hîran' → Kürt halk müziğinde bir başka ezgi tarzı.
offline_11162,Muzîk,5,answers,'Ciwan Haco' ji aliyê Muzîkê ve biwêjek bêwate ye.,Rast | Şaş,Şaş,'Ciwan Haco' için sorudaki iddia doğru değildir; doğru cevap 'Şaş'tır.
offline_11171,Muzîk,1,answers,'Mihemed taha akreyî' tenê aîdî qadên derveyî Muzîkê ye.,Rast | Şaş,Şaş,'Mihemed taha akreyî' için sorudaki iddia doğru değildir; doğru cevap 'Şaş'tır.
offline_11172,Muzîk,1,answers,Li jêr kîjan têgiha 'kilam' rave dike?,çobanların da çaldığı üflemeli geleneksel enstrüman | dengbêjlerin söylediği destansı veya aşk temalı şarkı | daha çok aşk ve yiğitlik üzerine söylenen müzik türü | müziği kağıda dökmek için kullanılan evrensel işaretler,dengbêjlerin söylediği destansı veya aşk temalı şarkı,'kilam' → dengbêjlerin söylediği destansı veya aşk temalı şarkı.
offline_11180,Muzîk,4,prompt+answers,Têgiha 'dengbêj makamı' çi pêk tîne?,"Bahdinan bölgesinin sevilen devrimci müzisyeni | kilamların okunduğu serbest ritimli vokal tarzı | Kars, Ağrı ve Van yöresine özgü lirik müzik tarzı | tek bir sanatçının şarkı söylemesi veya çalması",kilamların okunduğu serbest ritimli vokal tarzı,'dengbêj makamı' → kilamların okunduğu serbest ritimli vokal tarzı.
offline_11189,Muzîk,4,answers,Kîjan di Muzîkê de têgiha 'Ciwan Haco' rast bi cih dike?,Kürt müziğine rock ve caz esintileri getiren sanatçı | dengbêjlerin söylediği destansı veya aşk temalı şarkı | 90'larda Kürt müziğinde devrim yapan alternatif müzik grubu | Serhat bölgesinde yaygın olan bir Kürt halk ezgisi türü,Kürt müziğine rock ve caz esintileri getiren sanatçı,'Ciwan Haco': Kürt müziğine rock ve caz esintileri getiren sanatçı.
offline_11194,Muzîk,5,answers,'makam' bi tevahî li derveyî zanîna muzîkê ye.,Rast | Şaş,Şaş,'makam' için sorudaki iddia doğru değildir; doğru cevap 'Şaş'tır.
offline_11198,Muzîk,3,answers,Muzîk literatüründe 'Erdewan zaxoyî' yer almaz.,Rast | Şaş,Şaş,'Erdewan zaxoyî' için sorudaki iddia doğru değildir; doğru cevap 'Şaş'tır.
offline_11200,Muzîk,2,answers,Derbarê 'dahol' de ravekirina rast kîjan e?,zurna ile birlikte çalınan ritim sazı | Enstrümansız ve doğaçlama ezgili | seslerin ardışık dizilmesiyle oluşan ezgi | klasik Bahdinan müziğinin efsanevi sesi,zurna ile birlikte çalınan ritim sazı,'dahol' → zurna ile birlikte çalınan ritim sazı.
offline_11218,Muzîk,3,answers,'Stran' di qada muzîkê de têgeheke rast û naskirî ye.,Rast | Şaş,Rast,'Stran' Muzîk alanında geçerli bir kavramdır.
offline_11227,Muzîk,5,answers,Bi 'defbaz' çi tê xwestin? ya rast çi ye?,"Kars, Ağrı ve Van yöresine özgü lirik müzik tarzı | Kürt halkının ulusal duygularını seslendiren ozan | Kürt sözlü müziğini derleyen Ermeni asıllı dengbêj | erbane veya defi ustalıkla çalan ritim sanatçısı",erbane veya defi ustalıkla çalan ritim sanatçısı,'defbaz' → erbane veya defi ustalıkla çalan ritim sanatçısı.
offline_11238,Muzîk,4,answers,Di qada Muzîkê de 'Kemençe' wek têgihek derbasdar cih digire.,Rast | Şaş,Rast,'Kemençe' Muzîk alanında geçerli bir kavramdır.
offline_11294,Muzîk,1,answers,Ji aliyê Muzîkê ve ji bo 'erbane' îfadeya rast kîjan e?,halk müziğinde yaygın olarak çalınan zilli tef | kış gecesi sohbetlerinde icra edilen sözlü müzik | usta-çırak ilişkisiyle yürüyen müzikal aktarım | Bahdinan bölgesinin popüler klasik halk sanatçısı,halk müziğinde yaygın olarak çalınan zilli tef,'erbane' → halk müziğinde yaygın olarak çalınan zilli tef.
offline_11295,Muzîk,2,answers,Ji bo Muzîkê derbarê 'tembûr' de vebijêrka rast kîjan e?,Kürt halk müziğinde en kutsal sayılan telli saz | müziğin temelini oluşturan düzenli vuruşlar | erbane veya defi ustalıkla çalan ritim sanatçısı | kış gecesi sohbetlerinde icra edilen sözlü müzik,Kürt halk müziğinde en kutsal sayılan telli saz,'tembûr' → Kürt halk müziğinde en kutsal sayılan telli saz.
offline_11326,Muzîk,2,prompt+answers,Kîjan pênase bi 'zaza müziği' re li hev tê?,Kürt sözlü müziğini derleyen Ermeni asıllı dengbêj | Dersim ve Bingöl yöresinde icra edilen Kürtçe müzik | modern dönemde Kürt halk müziğini icra eden sanatçı | Bahdinan bölgesinin popüler klasik halk sanatçısı,Dersim ve Bingöl yöresinde icra edilen Kürtçe müzik,'zaza müziği' → Dersim ve Bingöl yöresinde icra edilen Kürtçe müzik.
offline_11329,Muzîk,4,answers,Di çarçoveya muzîkê de mijareke bi navê 'dengbêjlik okulu' tune ye.,Rast | Şaş,Şaş,'dengbêjlik okulu' için sorudaki iddia doğru değildir; doğru cevap 'Şaş'tır.
offline_11341,Muzîk,4,answers,Di çarçoveya Muzîkê de 'Mihemed Taha Akreyî' çawa divê bê fêmkirin?,"erken dönem Kürt müziği kayıtlarını yapan dengbêj | kış gecesi sohbetlerinde icra edilen sözlü müzik | Bahdinan bölgesinin popüler klasik halk sanatçısı | yüksek sesli, açık havada çalınan nefesli çalgı",Bahdinan bölgesinin popüler klasik halk sanatçısı,'Mihemed Taha Akreyî': Bahdinan bölgesinin popüler klasik halk sanatçısı.
offline_11356,Muzîk,2,answers,Kîjan kesê/a 'Karapetê Xaço' rast dide nasîn?,Kürt müziğini çok kültürlü ortamda icra eden grup | dengbêjlerin söylediği destansı veya aşk temalı şarkı | Kürt sözlü müziğini derleyen Ermeni asıllı dengbêj | Kürt müziğinde plak dolduran ilk Kürt kadın sanatçı,Kürt sözlü müziğini derleyen Ermeni asıllı dengbêj,'Karapetê Xaço': Kürt sözlü müziğini derleyen Ermeni asıllı dengbêj.
offline_11366,Muzîk,4,answers,'solo' di mijara muzîkê de çi vedibêje?,daha çok aşk ve yiğitlik üzerine söylenen müzik türü | tek bir sanatçının şarkı söylemesi veya çalması | antik Mezopotamya ve Kürt müziğinde kullanılan arp benzeri çalgı | Kürt tasavvuf ve halk müziğinde kullanılan vurmalı çalgı,tek bir sanatçının şarkı söylemesi veya çalması,'solo' → tek bir sanatçının şarkı söylemesi veya çalması.
offline_11371,Muzîk,2,answers,'Koma Amed' kimdir?,90'larda Kürt müziğinde devrim yapan alternatif müzik grubu | Van ve Diyarbakır'da dengbêjlerin dinlendiği kültürel mekan | Kürt müziğine rock ve caz esintileri getiren sanatçı | Kürt tasavvuf ve halk müziğinde kullanılan vurmalı çalgı,90'larda Kürt müziğinde devrim yapan alternatif müzik grubu,'Koma Amed': 90'larda Kürt müziğinde devrim yapan alternatif müzik grubu.
offline_11383,Muzîk,3,answers,Derbarê 'heyran' de agahiya herî rast kîjan e?,halaylarda çalınan hareketli ve ritmik halk şarkıları | Serhat bölgesinde yaygın olan bir Kürt halk ezgisi türü | Kürt tasavvuf ve halk müziğinde kullanılan vurmalı çalgı | Kürtçe şarkılarıyla tanınan Ermeni asıllı usta müzisyen,Serhat bölgesinde yaygın olan bir Kürt halk ezgisi türü,'heyran' → Serhat bölgesinde yaygın olan bir Kürt halk ezgisi türü.
offline_11401,Muzîk,2,answers,'solo' sernavek rast e ku beşek ji zanîna muzîkê ye.,Rast | Şaş,Rast,'solo' Muzîk alanında geçerli bir kavramdır.
offline_11420,Muzîk,1,prompt+answers,Ji aliyê Muzîkê ve ji bo 'govend müziği' îfadeya rast kîjan e?,halaylarda çalınan hareketli ve ritmik halk şarkıları | Kürtçe şarkılarıyla tanınan Ermeni asıllı usta müzisyen | çobanların da çaldığı üflemeli geleneksel enstrüman | daha çok aşk ve yiğitlik üzerine söylenen müzik türü,halaylarda çalınan hareketli ve ritmik halk şarkıları,'govend müziği' → halaylarda çalınan hareketli ve ritmik halk şarkıları.
offline_11422,Muzîk,1,answers,Di çarçoveya Muzîkê de 'Mihemed Şêxo' tê çi wateyê?,"Kars, Ağrı ve Van yöresine özgü lirik müzik tarzı | tek bir sanatçının şarkı söylemesi veya çalması | çobanların da çaldığı üflemeli geleneksel enstrüman | Kürt halkının ulusal duygularını seslendiren ozan",Kürt halkının ulusal duygularını seslendiren ozan,'Mihemed Şêxo': Kürt halkının ulusal duygularını seslendiren ozan.
offline_11428,Muzîk,4,answers,Di çarçoveya Muzîkê de 'lawik' tê çi wateyê?,daha çok aşk ve yiğitlik üzerine söylenen müzik türü | dengbêjlerin söylediği destansı veya aşk temalı şarkı | çobanların da çaldığı üflemeli geleneksel enstrüman | modern dönemde Kürt halk müziğini icra eden sanatçı,daha çok aşk ve yiğitlik üzerine söylenen müzik türü,'lawik' → daha çok aşk ve yiğitlik üzerine söylenen müzik türü.
offline_11431,Muzîk,4,answers,Kîjan vebijêrk tê wateya 'dengbêj'?,Duhok ve Zaho yöresine has müzikal tarz | zurna ile birlikte çalınan ritim sazı | Enstrümansız ve doğaçlama ezgili | ezgili sözlü anlatım yapan sanatçı,ezgili sözlü anlatım yapan sanatçı,'dengbêj' → ezgili sözlü anlatım yapan sanatçı.
offline_11461,Paradigma,5,answers,'ahlaki-politik toplum' tenê aîdî qadên derveyî paradîgmayê ye.,Rast | Şaş,Şaş,'ahlaki-politik toplum' için sorudaki iddia doğru değildir; doğru cevap 'Şaş'tır.
offline_11471,Paradigma,5,answers,Derbarê 'ekolojik bilinç' de vebijêrka rast kîjan e?,"Doğayı yalnızca sömürü nesnesi olarak görmemesiyle | Toplumsal bilinç ve özgür düşünceyi geliştirmeyi | kendi kararlarını alan, etik değerlere sahip toplum | insanın doğanın bir parçası olduğunu anlama durumu",insanın doğanın bir parçası olduğunu anlama durumu,'ekolojik bilinç' → insanın doğanın bir parçası olduğunu anlama durumu.
offline_11479,Paradigma,1,answers,Di çarçoveya paradîgmayê de mijareke bi navê 'Ahlakilik' tune ye.,Rast | Şaş,Şaş,'Ahlakilik' için sorudaki iddia doğru değildir; doğru cevap 'Şaş'tır.
offline_11493,Paradigma,4,answers,Kîjan vebijêrk tê wateya 'demokratik ittifak'?,"farklı ezilen kesimlerin eşitlikçi birlikteliği | halkın kendi kendini yönetme ve örgütleme biçimi | Yerel toplumun kendi karar süreçlerine katılması | endüstriyalizm, ulus-devlet ve kapitalizm üçlüsü",farklı ezilen kesimlerin eşitlikçi birlikteliği,'demokratik ittifak' → farklı ezilen kesimlerin eşitlikçi birlikteliği.
offline_11508,Paradigma,5,answers,Derbarê 'antikapitalizm' de ya rast a zanîn çi ye?,kapitalist moderniteye alternatif yaşam sistemi | Yerel toplumun kendi karar süreçlerine katılması | kapitalizmin kâr ve sömürü mantığına karşı duruş | Tahakküm ile doğa tahribatı arasındaki ilişkiyi,kapitalizmin kâr ve sömürü mantığına karşı duruş,'antikapitalizm' → kapitalizmin kâr ve sömürü mantığına karşı duruş.
offline_11511,Paradigma,3,answers,'hiyerarşi' bi awayekî rast çawa tê ravekirin?,"ortak vatanda çok kültürlü ve eşitlikçi birliktelik | toplumda alt-üst ilişkisi kuran baskıcı örgütlenme | Sadece sembolik değil, örgütsel ve kurumsal düzeyde | Yerel toplumun kendi karar süreçlerine katılması",toplumda alt-üst ilişkisi kuran baskıcı örgütlenme,'hiyerarşi' → toplumda alt-üst ilişkisi kuran baskıcı örgütlenme.
offline_11517,Paradigma,1,answers,Der barê 'ekolojik endüstri' de ji bo paradîgmayê bijardeya rast kîjan e?,"devlet dışı, toplumsal örgütlenme alanları | Biri çoğul-gönüllü, diğeri tekçi-zorunludur | doğayla uyumlu, geri dönüşümlü üretim tarzı | Kimliklerin devlet zoru olmadan birlikteliğini","doğayla uyumlu, geri dönüşümlü üretim tarzı","'ekolojik endüstri' → doğayla uyumlu, geri dönüşümlü üretim tarzı."
offline_11538,Paradigma,1,answers,"Dema 'özgürlük ölçütü' tê gotin, çi tê xwestin?",komünlerin üstünde yer alan koordinasyon ve karar organı | toplumun genel özgürlüğünün kadının özgürlüğüyle ölçülmesi | toplumun kendi kendini koruma ve yürütme refleksidir | Kurucu ilkeleri ve yönetim esaslarını belirleyen anayasal belge,toplumun genel özgürlüğünün kadının özgürlüğüyle ölçülmesi,'özgürlük ölçütü' → toplumun genel özgürlüğünün kadının özgürlüğüyle ölçülmesi.
offline_11543,Paradigma,1,answers,'özgür eş yaşam' çawa tê pênasekirin?,"kadın bilincini ve jineolojiyi geliştiren okullar | kapitalizmin kâr ve sömürü mantığına karşı duruş | baskı ve sahiplenmeye dayanmayan eşit ortak yaşam | sınıflı, hiyerarşik ve devlet odaklı tarih çizgisi",baskı ve sahiplenmeye dayanmayan eşit ortak yaşam,'özgür eş yaşam' → baskı ve sahiplenmeye dayanmayan eşit ortak yaşam.
offline_11556,Paradigma,3,answers,Di çarçoveya Paradigmaê de 'sosyal sözleşme' tê çi wateyê?,kantonların ve komünlerin ortak kurucu metni | toplumun kendini koruma ve örgütleme hakkı | yerel özerkliğe sahip idari ve toplumsal birim | komün yaşamına ve dayanışmaya dayalı sistem,kantonların ve komünlerin ortak kurucu metni,'sosyal sözleşme' → kantonların ve komünlerin ortak kurucu metni.
offline_11560,Paradigma,5,answers,'toplumsal cinsiyet' bi tevahî li derveyî zanîna paradîgmayê ye.,Rast | Şaş,Şaş,'toplumsal cinsiyet' için sorudaki iddia doğru değildir; doğru cevap 'Şaş'tır.
offline_11583,Paradigma,1,prompt+answers,Derbarê 'eş başkanlık' de vebijêrka rast kîjan e?,yönetim organlarında kadın-erkek eşit temsil sistemi | Doğayı yalnızca sömürü nesnesi olarak görmemesiyle | ortak vatanda çok kültürlü ve eşitlikçi birliktelik | toplumun bir arada yaşama ilkelerini belirleyen belge,yönetim organlarında kadın-erkek eşit temsil sistemi,'eş başkanlık' → yönetim organlarında kadın-erkek eşit temsil sistemi.
offline_11584,Paradigma,5,answers,Têgiha 'komün' çi pêk tîne?,"komünlerin üstünde yer alan koordinasyon ve karar organı | tekelci olmayan, topluma hizmet eden bilim anlayışı | toplumun en küçük ve doğrudan katılımcı yönetim birimi | toplumun kendi kaderi hakkında söz ve karar sahibi olması",toplumun en küçük ve doğrudan katılımcı yönetim birimi,'komün' → toplumun en küçük ve doğrudan katılımcı yönetim birimi.
offline_11587,Paradigma,2,answers,Derbarê 'cinsiyet özgürlükçü' de agahiya herî rast kîjan e?,cinsel baskı ve ayrımcılığa karşı eşitlikçi ilke | Yerel toplumun kendi karar süreçlerine katılması | kâr amaçlı doğayı tahrip eden sanayileşme modeli | kapitalizmin kâr ve sömürü mantığına karşı duruş,cinsel baskı ve ayrımcılığa karşı eşitlikçi ilke,'cinsiyet özgürlükçü' → cinsel baskı ve ayrımcılığa karşı eşitlikçi ilke.
offline_11588,Paradigma,2,answers,Di qada Paradigmaê de 'ahlaki güç' çi îfade dike?,"tekelci olmayan, topluma hizmet eden bilim anlayışı | yasalara gerek kalmadan toplumun kendini yönetebilmesi | yönetim organlarında kadın-erkek eşit temsil sistemi | halkın doğrudan yönetime ve karar süreçlerine katılımı",yasalara gerek kalmadan toplumun kendini yönetebilmesi,'ahlaki güç' → yasalara gerek kalmadan toplumun kendini yönetebilmesi.
offline_11591,Paradigma,2,answers,"Dema 'ataerkillik' tê gotin, çi tê xwestin?","erkeği egemen kılan, kadını ezen toplumsal yapı | halkın temsilciler olmadan doğrudan karar alması | Kimliklerin devlet zoru olmadan birlikteliğini | Yerel toplumun kendi karar süreçlerine katılması","erkeği egemen kılan, kadını ezen toplumsal yapı","'ataerkillik' → erkeği egemen kılan, kadını ezen toplumsal yapı."
offline_11597,Paradigma,5,answers,Bi 'patriyarka eleştirisi' çi tê xwestin? ya rast çi ye?,"erkek egemen sistemin yapısını deşifre etme | devletçi olmayan, tabana dayalı federasyon | toplumun kadın ve erkeğe biçtiği yapay roller | Biri çoğul-gönüllü, diğeri tekçi-zorunludur",erkek egemen sistemin yapısını deşifre etme,'patriyarka eleştirisi' → erkek egemen sistemin yapısını deşifre etme.
offline_11599,Paradigma,5,answers,Têgiha 'komünal ekonomi' çi pêk tîne?,"sınıflı, hiyerarşik ve devlet odaklı tarih çizgisi | kâr yerine ihtiyacı ve paylaşımı esas alan ekonomi | halkın temsilciler olmadan doğrudan karar alması | Sadece sembolik değil, örgütsel ve kurumsal düzeyde",kâr yerine ihtiyacı ve paylaşımı esas alan ekonomi,'komünal ekonomi' → kâr yerine ihtiyacı ve paylaşımı esas alan ekonomi.
offline_11605,Paradigma,4,answers,Der barê 'demokratik konfederalizm' de bijardeya rast kîjan e?,"Doğayı tahrip eden endüstriyalizm ve kâr odaklı büyümeyi | toplumun en küçük ve doğrudan katılımcı yönetim birimi | devlet dışı toplumsal yönetim modeli | Toplum ile doğa arasında uyumlu, sürdürülebilir bir ilişkiyi",devlet dışı toplumsal yönetim modeli,'demokratik konfederalizm' → devlet dışı toplumsal yönetim modeli.
offline_11624,Paradigma,2,prompt+answers,Di qada Paradigmaê de 'kadın özgürlüğü' çi îfade dike?,"toplumsal özgürleşmenin en temel kriteri | Ekoloji, kadın ve demokrasi krizlerini | Kadın özgürlüğü, ekoloji ve demokrasi | alternatif bilim ve yaşam arayışının okulu",toplumsal özgürleşmenin en temel kriteri,'kadın özgürlüğü' → toplumsal özgürleşmenin en temel kriteri.
offline_11649,Paradigma,2,answers,Ji bo 'meclis' pênaseya derbasdar kîjan e?,"komünlerin üstünde yer alan koordinasyon ve karar organı | halkın doğrudan yönetime ve karar süreçlerine katılımı | yasalara gerek kalmadan toplumun kendini yönetebilmesi | tek tipleştirici, sınırları kutsallaştıran devlet yapısı",komünlerin üstünde yer alan koordinasyon ve karar organı,'meclis' → komünlerin üstünde yer alan koordinasyon ve karar organı.
offline_11655,Paradigma,3,answers,Derbarê 'demokratik siyaset' de agahiya herî rast kîjan e?,"komünlerin üstünde yer alan koordinasyon ve karar organı | doğa tahribatının hiyerarşiyle ilişkisini kuran bilim | halkın doğrudan yönetime ve karar süreçlerine katılımı | tekelci olmayan, topluma hizmet eden bilim anlayışı",halkın doğrudan yönetime ve karar süreçlerine katılımı,'demokratik siyaset' → halkın doğrudan yönetime ve karar süreçlerine katılımı.
offline_11695,Paradigma,1,answers,'Yerel meclis' di qada paradîgmayê de têgeheke çêkirî ye.,Rast | Şaş,Şaş,'Yerel meclis' için sorudaki iddia doğru değildir; doğru cevap 'Şaş'tır.
offline_11713,Paradigma,5,answers,'ahlaki-politik toplum' bi awayekî rast çawa tê ravekirin?,"devletçi olmayan, halkların komünal gelişim çizgisi | ortak vatanda çok kültürlü ve eşitlikçi birliktelik | kendi kararlarını alan, etik değerlere sahip toplum | toplumda alt-üst ilişkisi kuran baskıcı örgütlenme","kendi kararlarını alan, etik değerlere sahip toplum","'ahlaki-politik toplum' → kendi kararlarını alan, etik değerlere sahip toplum."
offline_11715,Paradigma,5,answers,Kîjan vebijêrk tê wateya 'pozitivizm'?,"Toplum ile doğa arasında uyumlu, sürdürülebilir bir ilişkiyi | sadece maddi olguları kabul eden, dogmatik bilim anlayışı | Kadın özgürlüğünü toplumsal özgürlüğün temeli görmeyi | toplumun kendi kaderi hakkında söz ve karar sahibi olması","sadece maddi olguları kabul eden, dogmatik bilim anlayışı","'pozitivizm' → sadece maddi olguları kabul eden, dogmatik bilim anlayışı."
offline_11727,Paradigma,1,answers,Derbarê 'demokratik komünalizm' de vebijêrka rast kîjan e?,kantonların ve komünlerin ortak kurucu metni | komün yaşamına ve dayanışmaya dayalı sistem | Toplumun kendini koruma ve örgütleme hakkını | alternatif bilim ve yaşam arayışının okulu,komün yaşamına ve dayanışmaya dayalı sistem,'demokratik komünalizm' → komün yaşamına ve dayanışmaya dayalı sistem.
offline_11728,Paradigma,3,answers,Li jêr ji bo 'ulus devlet' ya rast kîjan e?,"tek tipleştirici, sınırları kutsallaştıran devlet yapısı | toplumun kendi kendini koruma ve yürütme refleksidir | komünlerin üstünde yer alan koordinasyon ve karar organı | halkın doğrudan yönetime ve karar süreçlerine katılımı","tek tipleştirici, sınırları kutsallaştıran devlet yapısı","'ulus devlet' → tek tipleştirici, sınırları kutsallaştıran devlet yapısı."
offline_11738,Paradigma,3,answers,'Demokratik bilim' di qada paradîgmayê de têgeheke rast û naskirî ye.,Rast | Şaş,Rast,'Demokratik bilim' Paradigma alanında geçerli bir kavramdır.
offline_11740,Paradigma,2,answers,Kîjan li gorî pênaseya 'cinsiyet özgürlükçü' ye?,"mahalle ve köylerde halkın kararlar aldığı kurul | cinsel baskı ve ayrımcılığa karşı eşitlikçi ilke | doğayı sömürmeyen, onunla uyumlu yaşayan toplum | erkeği egemen kılan, kadını ezen toplumsal yapı",cinsel baskı ve ayrımcılığa karşı eşitlikçi ilke,'cinsiyet özgürlükçü' → cinsel baskı ve ayrımcılığa karşı eşitlikçi ilke.
offline_11746,Paradigma,1,answers,Derbarê 'demokratik siyaset' de ravekirina rast kîjan e?,"kendi kararlarını alan, etik değerlere sahip toplum | halkın doğrudan yönetime ve karar süreçlerine katılımı | devletçi olmayan, halkların komünal gelişim çizgisi | sadece maddi olguları kabul eden, dogmatik bilim anlayışı",halkın doğrudan yönetime ve karar süreçlerine katılımı,'demokratik siyaset' → halkın doğrudan yönetime ve karar süreçlerine katılımı.
offline_11779,Paradigma,2,answers,Der barê 'kapitalist modernite' de ji bo paradîgmayê bijardeya rast kîjan e?,"endüstriyalizm, ulus-devlet ve kapitalizm üçlüsü | erkeği egemen kılan, kadını ezen toplumsal yapı | doğayı sömürmeyen, onunla uyumlu yaşayan toplum | mahalle ve köylerde halkın kararlar aldığı kurul","endüstriyalizm, ulus-devlet ve kapitalizm üçlüsü","'kapitalist modernite' → endüstriyalizm, ulus-devlet ve kapitalizm üçlüsü."
offline_11782,Paradigma,2,answers,Kîjan têgeha 'tekelcilik' di nav paradîgmayê de rast bi cih dike?,"devletçi olmayan, tabana dayalı federasyon | toplumun kadın ve erkeğe biçtiği yapay roller | economic and political centralization crisis | alternatif bilim ve yaşam arayışının okulu",economic and political centralization crisis,'tekelcilik' → economic and political centralization crisis.
offline_11789,Paradigma,4,answers,Derbarê 'demokratik modernite akademisi' de kîjan rast e?,"toplumun genel özgürlüğünün kadının özgürlüğüyle ölçülmesi | alternatif bilim ve yaşam arayışının okulu | tek tipleştirici, sınırları kutsallaştıran devlet yapısı | halkın doğrudan yönetime ve karar süreçlerine katılımı",alternatif bilim ve yaşam arayışının okulu,'demokratik modernite akademisi' → alternatif bilim ve yaşam arayışının okulu.
offline_11792,Paradigma,1,answers,Derbarê 'demokratik bilim' de kîjan rast e?,"tekelci olmayan, topluma hizmet eden bilim anlayışı | sınıflı, hiyerarşik ve devlet odaklı tarih çizgisi | Doğayı yalnızca sömürü nesnesi olarak görmemesiyle | toplumda alt-üst ilişkisi kuran baskıcı örgütlenme","tekelci olmayan, topluma hizmet eden bilim anlayışı","'demokratik bilim' → tekelci olmayan, topluma hizmet eden bilim anlayışı."
offline_11809,Paradigma,5,answers,Paradigma çerçevesinde 'Toplumsal ekoloji' bilinen bir konudur.,Rast | Şaş,Rast,'Toplumsal ekoloji' Paradigma alanında geçerli bir kavramdır.
offline_11813,Paradigma,4,answers,Ji bo 'demokratik ulus' pênaseya derbasdar kîjan e?,"Doğayı yalnızca sömürü nesnesi olarak görmemesiyle | ortak vatanda çok kültürlü ve eşitlikçi birliktelik | toplumun bir arada yaşama ilkelerini belirleyen belge | tekelci olmayan, topluma hizmet eden bilim anlayışı",ortak vatanda çok kültürlü ve eşitlikçi birliktelik,'demokratik ulus' → ortak vatanda çok kültürlü ve eşitlikçi birliktelik.
offline_11820,Paradigma,3,answers,'sivil toplum' di mijara paradîgmayê de çi vedibêje?,"toprağın ve araçların topluma ait olması | komünal ekonominin temel dayanışma birimi | devlet dışı, toplumsal örgütlenme alanları | doğayla uyumlu, geri dönüşümlü üretim tarzı","devlet dışı, toplumsal örgütlenme alanları","'sivil toplum' → devlet dışı, toplumsal örgütlenme alanları."
offline_11838,Paradigma,4,prompt+answers,Derbarê 'demokratik uygarlık' de ravekirina rast kîjan e?,"toplumun genel özgürlüğünün kadının özgürlüğüyle ölçülmesi | Eğitim uygulaması için güvenli, analitik ve demokratik öğrenme amaçlandığı için | Toplum-doğa ilişkisini iktidar ve ekonomi eleştirisiyle birlikte ele aldığı için | devletçi olmayan, halkların komünal gelişim çizgisi","devletçi olmayan, halkların komünal gelişim çizgisi","'demokratik uygarlık' → devletçi olmayan, halkların komünal gelişim çizgisi."
offline_11841,Paradigma,5,prompt+answers,Di xebatên paradîgmayê de 'demokratik uygarlık' yek ji mijaran e.,Rast | Şaş,Rast,'demokratik uygarlık' Paradigma alanında geçerli bir kavramdır.
offline_11846,Paradigma,1,answers,Têgiha 'demokratik kanton' çi pêk tîne?,"yerel özerkliğe sahip idari ve toplumsal birim | Dünya çapında kadın özgürlüğü sembolü olmuştur | erkeği egemen kılan, kadını ezen toplumsal yapı | kantonların ve komünlerin ortak kurucu metni",yerel özerkliğe sahip idari ve toplumsal birim,'demokratik kanton' → yerel özerkliğe sahip idari ve toplumsal birim.
offline_11849,Paradigma,3,answers,Di qada paradîgmayê de 'Patriyarka eleştirisi' wek têgeheke derbasdar cih digire.,Rast | Şaş,Rast,'Patriyarka eleştirisi' Paradigma alanında geçerli bir kavramdır.
offline_11864,Paradigma,5,answers,Kîjan li gorî pênaseya 'demokratik konfederal' ye?,"Toplumun kendini koruma ve örgütleme hakkını | devletçi olmayan, tabana dayalı federasyon | toplumsal özgürleşmenin en temel kriteri | erkek egemen sistemin yapısını deşifre etme","devletçi olmayan, tabana dayalı federasyon","'demokratik konfederal' → devletçi olmayan, tabana dayalı federasyon."
offline_11870,Paradigma,2,answers,Kîjan têgeha 'toplumsal ekoloji' di nav paradîgmayê de rast bi cih dike?,"tek tipleştirici, sınırları kutsallaştıran devlet yapısı | doğa tahribatının hiyerarşiyle ilişkisini kuran bilim | Sadece sembolik değil, örgütsel ve kurumsal düzeyde | toplumun en küçük ve doğrudan katılımcı yönetim birimi",doğa tahribatının hiyerarşiyle ilişkisini kuran bilim,'toplumsal ekoloji' → doğa tahribatının hiyerarşiyle ilişkisini kuran bilim.
offline_11886,Paradigma,1,answers,Derbarê 'toplumsal sözleşme' de vebijêrka rast kîjan e?,"toplumun bir arada yaşama ilkelerini belirleyen belge | tek tipleştirici, sınırları kutsallaştıran devlet yapısı | Kadın özgürlüğünü toplumsal özgürlüğün temeli görmeyi | yasalara gerek kalmadan toplumun kendini yönetebilmesi",toplumun bir arada yaşama ilkelerini belirleyen belge,'toplumsal sözleşme' → toplumun bir arada yaşama ilkelerini belirleyen belge.
offline_11892,Paradigma,2,answers,Di xebatên paradîgmayê de 'Demokratik siyaset' yek ji mijaran e.,Rast | Şaş,Rast,'Demokratik siyaset' Paradigma alanında geçerli bir kavramdır.
offline_11893,Paradigma,1,answers,Li jêr kîjan têgiha 'ekolojik toplum' rave dike?,"doğayı sömürmeyen, onunla uyumlu yaşayan toplum | Kimliklerin devlet zoru olmadan birlikteliğini | farklı ezilen kesimlerin eşitlikçi birlikteliği | Dünya çapında kadın özgürlüğü sembolü olmuştur","doğayı sömürmeyen, onunla uyumlu yaşayan toplum","'ekolojik toplum' → doğayı sömürmeyen, onunla uyumlu yaşayan toplum."
offline_11909,Paradigma,2,answers,'Demokratik konfederal' di çarçoveya paradîgmayê de têgeheke derbasdar e.,Rast | Şaş,Rast,'Demokratik konfederal' Paradigma alanında geçerli bir kavramdır.
offline_11912,Paradigma,5,prompt+answers,Di xebatên paradîgmayê de 'doğrudan demokrasi' yek ji mijaran e.,Rast | Şaş,Rast,'doğrudan demokrasi' Paradigma alanında geçerli bir kavramdır.
offline_11917,Paradigma,1,prompt+answers,Li jêr kîjan têgiha 'eş başkanlık' rave dike?,ortak vatanda çok kültürlü ve eşitlikçi birliktelik | insanın doğanın bir parçası olduğunu anlama durumu | kâr yerine ihtiyacı ve paylaşımı esas alan ekonomi | yönetim organlarında kadın-erkek eşit temsil sistemi,yönetim organlarında kadın-erkek eşit temsil sistemi,'eş başkanlık' → yönetim organlarında kadın-erkek eşit temsil sistemi.
offline_11948,Paradigma,3,answers,Ji bo 'ulus devlet' ravekirina herî dirust kîjan e?,"toplumun en küçük ve doğrudan katılımcı yönetim birimi | Toplum ile doğa arasında uyumlu, sürdürülebilir bir ilişkiyi | tek tipleştirici, sınırları kutsallaştıran devlet yapısı | toplumun kendi kendini koruma ve yürütme refleksidir","tek tipleştirici, sınırları kutsallaştıran devlet yapısı","'ulus devlet' → tek tipleştirici, sınırları kutsallaştıran devlet yapısı."
offline_11953,Paradigma,2,answers,'pozitivizm' çawa tê pênasekirin?,"komünlerin üstünde yer alan koordinasyon ve karar organı | sadece maddi olguları kabul eden, dogmatik bilim anlayışı | toplumun kendi kendini koruma ve yürütme refleksidir | toplumun en küçük ve doğrudan katılımcı yönetim birimi","sadece maddi olguları kabul eden, dogmatik bilim anlayışı","'pozitivizm' → sadece maddi olguları kabul eden, dogmatik bilim anlayışı."
offline_11954,Paradigma,3,prompt+answers,Kîjan li gorî pênaseya 'demokratik uygarlık' ye?,"doğa tahribatının hiyerarşiyle ilişkisini kuran bilim | toplumda alt-üst ilişkisi kuran baskıcı örgütlenme | devletçi olmayan, halkların komünal gelişim çizgisi | ortak vatanda çok kültürlü ve eşitlikçi birliktelik","devletçi olmayan, halkların komünal gelişim çizgisi","'demokratik uygarlık' → devletçi olmayan, halkların komünal gelişim çizgisi."
offline_11956,Paradigma,4,answers,Ji bo 'hiyerarşi' pênaseya derbasdar kîjan e?,"sınıflı, hiyerarşik ve devlet odaklı tarih çizgisi | toplumda alt-üst ilişkisi kuran baskıcı örgütlenme | toplumun kendi kendini koruma ve yürütme refleksidir | Toplumsal bilinç ve özgür düşünceyi geliştirmeyi",toplumda alt-üst ilişkisi kuran baskıcı örgütlenme,'hiyerarşi' → toplumda alt-üst ilişkisi kuran baskıcı örgütlenme.
offline_11957,Paradigma,5,answers,"Dema 'toplumsal cinsiyet' tê gotin, çi tê xwestin?","economic and political centralization crisis | kapitalist moderniteye alternatif yaşam sistemi | toplumun kadın ve erkeğe biçtiği yapay roller | erkeği egemen kılan, kadını ezen toplumsal yapı",toplumun kadın ve erkeğe biçtiği yapay roller,'toplumsal cinsiyet' → toplumun kadın ve erkeğe biçtiği yapay roller.
offline_11967,Paradigma,4,prompt+answers,Di qada paradîgmayê de 'Eş başkanlık' wek têgeheke derbasdar cih digire.,Rast | Şaş,Rast,'Eş başkanlık' Paradigma alanında geçerli bir kavramdır.
offline_11996,Paradigma,4,answers,'antikapitalizm' çi îfade dike?,Demokratik örgütlenmenin yalnızca merkezi devletle sınırlı olmadığını | kapitalizmin kâr ve sömürü mantığına karşı duruş | Kadın bilgisi/bilimi ve patriyarka eleştirisi etrafında gelişen yaklaşım | halkın doğrudan yönetime ve karar süreçlerine katılımı,kapitalizmin kâr ve sömürü mantığına karşı duruş,'antikapitalizm' → kapitalizmin kâr ve sömürü mantığına karşı duruş.
offline_11999,Paradigma,3,answers,Ji bo 'antikapitalizm' ravekirina herî dirust kîjan e?,kâr amaçlı doğayı tahrip eden sanayileşme modeli | cinsel baskı ve ayrımcılığa karşı eşitlikçi ilke | kapitalizmin kâr ve sömürü mantığına karşı duruş | kapitalist moderniteye alternatif yaşam sistemi,kapitalizmin kâr ve sömürü mantığına karşı duruş,'antikapitalizm' → kapitalizmin kâr ve sömürü mantığına karşı duruş.
offline_12000,Paradigma,1,answers,Li jêr kîjan têgiha 'sivil toplum' rave dike?,"devlet dışı, toplumsal örgütlenme alanları | Endüstriyalizm, kapitalizm ve ulus-devlet | Patriyarka (erkek egemenliği) eleştirisi | economic and political centralization crisis","devlet dışı, toplumsal örgütlenme alanları","'sivil toplum' → devlet dışı, toplumsal örgütlenme alanları."
offline_12006,Paradigma,4,answers,Di qada paradîgmayê de 'demokratik modernite akademisi' çi îfade dike?,"komün yaşamına ve dayanışmaya dayalı sistem | toplumun kendini koruma ve örgütleme hakkı | alternatif bilim ve yaşam arayışının okulu | doğayla uyumlu, geri dönüşümlü üretim tarzı",alternatif bilim ve yaşam arayışının okulu,'demokratik modernite akademisi' → alternatif bilim ve yaşam arayışının okulu.
offline_12026,Paradigma,5,prompt+answers,'Kadın akademileri' di çarçoveya paradîgmayê de têgeheke derbasdar e.,Rast | Şaş,Rast,'Kadın akademileri' Paradigma alanında geçerli bir kavramdır.
offline_12036,Paradigma,3,answers,Ji aliyê paradîgmayê ve ji bo 'endüstriyalizm' gotina rast kîjan e?,kâr amaçlı doğayı tahrip eden sanayileşme modeli | Tahakküm ile doğa tahribatı arasındaki ilişkiyi | kapitalizmin kâr ve sömürü mantığına karşı duruş | cinsel baskı ve ayrımcılığa karşı eşitlikçi ilke,kâr amaçlı doğayı tahrip eden sanayileşme modeli,'endüstriyalizm' → kâr amaçlı doğayı tahrip eden sanayileşme modeli.
offline_12043,Paradigma,4,answers,'Tekelcilik' di qada paradîgmayê de têgeheke çêkirî ye.,Rast | Şaş,Şaş,'Tekelcilik' için sorudaki iddia doğru değildir; doğru cevap 'Şaş'tır.
offline_12055,Paradigma,3,answers,'kapitalist modernite' tê çi wateyê?,"endüstriyalizm, ulus-devlet ve kapitalizm üçlüsü | kâr amaçlı doğayı tahrip eden sanayileşme modeli | kapitalizmin kâr ve sömürü mantığına karşı duruş | mahalle ve köylerde halkın kararlar aldığı kurul","endüstriyalizm, ulus-devlet ve kapitalizm üçlüsü","'kapitalist modernite' → endüstriyalizm, ulus-devlet ve kapitalizm üçlüsü."
offline_12069,Paradigma,5,answers,"Dema 'komünal mülkiyet' tê gotin, çi tê xwestin?","toprağın ve araçların topluma ait olması | toplumsal özgürleşmenin en temel kriteri | Kadın özgürlüğü, ekoloji ve demokrasi | erkek egemen sistemin yapısını deşifre etme",toprağın ve araçların topluma ait olması,'komünal mülkiyet' → toprağın ve araçların topluma ait olması.
offline_12073,Paradigma,4,prompt+answers,Derbarê 'kadın akademileri' de kîjan rast e?,"insanın doğanın bir parçası olduğunu anlama durumu | kadın bilincini ve jineolojiyi geliştiren okullar | kapitalizmin kâr ve sömürü mantığına karşı duruş | sınıflı, hiyerarşik ve devlet odaklı tarih çizgisi",kadın bilincini ve jineolojiyi geliştiren okullar,'kadın akademileri' → kadın bilincini ve jineolojiyi geliştiren okullar.
offline_12082,Paradigma,2,answers,'demokratik konfederalizm' di çarçoveya paradîgmayê de têgeheke derbasdar e.,Rast | Şaş,Rast,'demokratik konfederalizm' Paradigma alanında geçerli bir kavramdır.
offline_12096,Paradigma,5,answers,Têgiha 'sosyal sözleşme' çi pêk tîne?,"kantonların ve komünlerin ortak kurucu metni | Toplumun kendini koruma ve örgütleme hakkını | toplumun kadın ve erkeğe biçtiği yapay roller | devletçi olmayan, tabana dayalı federasyon",kantonların ve komünlerin ortak kurucu metni,'sosyal sözleşme' → kantonların ve komünlerin ortak kurucu metni.
offline_12100,Paradigma,1,answers,Kîjan vebijêrk tê wateya 'kapitalist modernite'?,"baskı ve sahiplenmeye dayanmayan eşit ortak yaşam | endüstriyalizm, ulus-devlet ve kapitalizm üçlüsü | halkın kendi kendini yönetme ve örgütleme biçimi | Tahakküm ile doğa tahribatı arasındaki ilişkiyi","endüstriyalizm, ulus-devlet ve kapitalizm üçlüsü","'kapitalist modernite' → endüstriyalizm, ulus-devlet ve kapitalizm üçlüsü."
offline_12102,Paradigma,2,answers,Kîjan li gorî pênaseya 'ahlaki güç' ye?,"Kadın özgürlüğünü toplumsal özgürlüğün temeli görmeyi | komünlerin üstünde yer alan koordinasyon ve karar organı | devletçi olmayan, halkların komünal gelişim çizgisi | yasalara gerek kalmadan toplumun kendini yönetebilmesi",yasalara gerek kalmadan toplumun kendini yönetebilmesi,'ahlaki güç' → yasalara gerek kalmadan toplumun kendini yönetebilmesi.
offline_12103,Paradigma,1,answers,'demokratik modernite' ji aliyê paradîgmayê ve gotineke bêwate ye.,Rast | Şaş,Şaş,'demokratik modernite' için sorudaki iddia doğru değildir; doğru cevap 'Şaş'tır.
offline_12118,Paradigma,1,answers,Derbarê 'komün' de vebijêrka rast kîjan e?,"toplumun en küçük ve doğrudan katılımcı yönetim birimi | tekelci olmayan, topluma hizmet eden bilim anlayışı | toplumun kendi kaderi hakkında söz ve karar sahibi olması | Kadın özgürlüğünü toplumsal özgürlüğün temeli görmeyi",toplumun en küçük ve doğrudan katılımcı yönetim birimi,'komün' → toplumun en küçük ve doğrudan katılımcı yönetim birimi.
offline_12120,Paradigma,2,answers,'Endüstriyalizm' di qada paradîgmayê de têgeheke rast û naskirî ye.,Rast | Şaş,Rast,'Endüstriyalizm' Paradigma alanında geçerli bir kavramdır.
offline_12122,Paradigma,3,answers,Derbarê 'ataerkillik' de vebijêrka rast kîjan e?,"cinsel baskı ve ayrımcılığa karşı eşitlikçi ilke | tahakküm ve sömürünün olmadığı eşitlikçi düzen | Dünya çapında kadın özgürlüğü sembolü olmuştur | erkeği egemen kılan, kadını ezen toplumsal yapı","erkeği egemen kılan, kadını ezen toplumsal yapı","'ataerkillik' → erkeği egemen kılan, kadını ezen toplumsal yapı."
offline_12126,Paradigma,2,answers,"'Sivil toplum', Paradigma ile ilgili gerçek bir terimdir.",Rast | Şaş,Rast,'Sivil toplum' Paradigma alanında geçerli bir kavramdır.
offline_12131,Paradigma,2,answers,"Dema 'özgür eş yaşam' tê gotin, çi tê xwestin?","endüstriyalizm, ulus-devlet ve kapitalizm üçlüsü | sınıflı, hiyerarşik ve devlet odaklı tarih çizgisi | baskı ve sahiplenmeye dayanmayan eşit ortak yaşam | kapitalizmin kâr ve sömürü mantığına karşı duruş",baskı ve sahiplenmeye dayanmayan eşit ortak yaşam,'özgür eş yaşam' → baskı ve sahiplenmeye dayanmayan eşit ortak yaşam.
offline_12133,Paradigma,2,answers,Di xebatên paradîgmayê de 'politikleşme' yek ji mijaran e.,Rast | Şaş,Rast,'politikleşme' Paradigma alanında geçerli bir kavramdır.
offline_12138,Paradigma,4,answers,'demokratik bilim' bi awayekî rast çawa tê ravekirin?,"toplumun kendi kendini koruma ve yürütme refleksidir | tekelci olmayan, topluma hizmet eden bilim anlayışı | toplumda alt-üst ilişkisi kuran baskıcı örgütlenme | kâr yerine ihtiyacı ve paylaşımı esas alan ekonomi","tekelci olmayan, topluma hizmet eden bilim anlayışı","'demokratik bilim' → tekelci olmayan, topluma hizmet eden bilim anlayışı."
offline_12156,Paradigma,4,answers,"Dema 'ulus devlet' tê gotin, çi tê xwestin?","toplumun kendi kendini koruma ve yürütme refleksidir | tek tipleştirici, sınırları kutsallaştıran devlet yapısı | Toplum ile doğa arasında uyumlu, sürdürülebilir bir ilişkiyi | toplumun bir arada yaşama ilkelerini belirleyen belge","tek tipleştirici, sınırları kutsallaştıran devlet yapısı","'ulus devlet' → tek tipleştirici, sınırları kutsallaştıran devlet yapısı."
offline_12157,Paradigma,1,prompt+answers,'kadın özgürlüğü' bi awayekî rast çawa tê ravekirin?,toplumsal özgürleşmenin en temel kriteri | Toplumun doğrudan ve örgütlü katılımını | komünal ekonominin temel dayanışma birimi | erkek egemen sistemin yapısını deşifre etme,toplumsal özgürleşmenin en temel kriteri,'kadın özgürlüğü' → toplumsal özgürleşmenin en temel kriteri.
offline_12158,Paradigma,5,answers,"Dema 'cinsiyet özgürlükçü' tê gotin, çi tê xwestin?","Tahakküm ile doğa tahribatı arasındaki ilişkiyi | cinsel baskı ve ayrımcılığa karşı eşitlikçi ilke | doğayı sömürmeyen, onunla uyumlu yaşayan toplum | erkeği egemen kılan, kadını ezen toplumsal yapı",cinsel baskı ve ayrımcılığa karşı eşitlikçi ilke,'cinsiyet özgürlükçü' → cinsel baskı ve ayrımcılığa karşı eşitlikçi ilke.
offline_12173,Paradigma,4,answers,'sosyal sözleşme' ji aliyê Paradigmaê ve biwêjek bêwate ye.,Rast | Şaş,Şaş,'sosyal sözleşme' için sorudaki iddia doğru değildir; doğru cevap 'Şaş'tır.
offline_12193,Paradigma,1,answers,Îfadeya ku têgiha 'demokratik ulus' rast vedibêje kîjan e?,doğa tahribatının hiyerarşiyle ilişkisini kuran bilim | insanın doğanın bir parçası olduğunu anlama durumu | ortak vatanda çok kültürlü ve eşitlikçi birliktelik | toplumun kendi kendini koruma ve yürütme refleksidir,ortak vatanda çok kültürlü ve eşitlikçi birliktelik,'demokratik ulus' → ortak vatanda çok kültürlü ve eşitlikçi birliktelik.
offline_12206,Paradigma,1,answers,Kîjan li gorî pênaseya 'demokratik ittifak' ye?,Tahakküm ile doğa tahribatı arasındaki ilişkiyi | tahakküm ve sömürünün olmadığı eşitlikçi düzen | Yerel toplumun kendi karar süreçlerine katılması | farklı ezilen kesimlerin eşitlikçi birlikteliği,farklı ezilen kesimlerin eşitlikçi birlikteliği,'demokratik ittifak' → farklı ezilen kesimlerin eşitlikçi birlikteliği.
offline_12219,Paradigma,1,answers,Derbarê 'ahlaki-politik toplum' de ya rast a zanîn çi ye?,"toplumun bir arada yaşama ilkelerini belirleyen belge | sınıflı, hiyerarşik ve devlet odaklı tarih çizgisi | kendi kararlarını alan, etik değerlere sahip toplum | tekelci olmayan, topluma hizmet eden bilim anlayışı","kendi kararlarını alan, etik değerlere sahip toplum","'ahlaki-politik toplum' → kendi kararlarını alan, etik değerlere sahip toplum."
offline_12233,Paradigma,2,answers,'hiyerarşisiz toplum' di qada paradîgmayê de têgeheke rast û naskirî ye.,Rast | Şaş,Rast,'hiyerarşisiz toplum' Paradigma alanında geçerli bir kavramdır.
offline_12236,Paradigma,5,answers,Têgiha 'endüstriyalizm' çi pêk tîne?,"kâr amaçlı doğayı tahrip eden sanayileşme modeli | mahalle ve köylerde halkın kararlar aldığı kurul | doğayı sömürmeyen, onunla uyumlu yaşayan toplum | halkın kendi kendini yönetme ve örgütleme biçimi",kâr amaçlı doğayı tahrip eden sanayileşme modeli,'endüstriyalizm' → kâr amaçlı doğayı tahrip eden sanayileşme modeli.
offline_12238,Paradigma,5,answers,"Dema 'komünal ekonomi' tê gotin, çi tê xwestin?","Yerel toplumun kendi karar süreçlerine katılması | Toplumsal bilinç ve özgür düşünceyi geliştirmeyi | sınıflı, hiyerarşik ve devlet odaklı tarih çizgisi | kâr yerine ihtiyacı ve paylaşımı esas alan ekonomi",kâr yerine ihtiyacı ve paylaşımı esas alan ekonomi,'komünal ekonomi' → kâr yerine ihtiyacı ve paylaşımı esas alan ekonomi.
offline_12259,Paradigma,4,answers,'özgürlük ölçütü' tenê aîdî qadên derveyî Paradigmaê ye.,Rast | Şaş,Şaş,'özgürlük ölçütü' için sorudaki iddia doğru değildir; doğru cevap 'Şaş'tır.
offline_12261,Paradigma,3,answers,'hiyerarşisiz toplum' tê çi wateyê?,Tahakküm ile doğa tahribatı arasındaki ilişkiyi | halkın temsilciler olmadan doğrudan karar alması | farklı ezilen kesimlerin eşitlikçi birlikteliği | tahakküm ve sömürünün olmadığı eşitlikçi düzen,tahakküm ve sömürünün olmadığı eşitlikçi düzen,'hiyerarşisiz toplum' → tahakküm ve sömürünün olmadığı eşitlikçi düzen.
offline_12269,Paradigma,3,answers,Li jêr ji bo 'toplumsal cinsiyet' ya rast kîjan e?,"doğayı sömürmeyen, onunla uyumlu yaşayan toplum | erkek egemen sistemin yapısını deşifre etme | toplumun kadın ve erkeğe biçtiği yapay roller | farklı ezilen kesimlerin eşitlikçi birlikteliği",toplumun kadın ve erkeğe biçtiği yapay roller,'toplumsal cinsiyet' → toplumun kadın ve erkeğe biçtiği yapay roller.
offline_12291,Paradigma,1,answers,'politikleşme' bi awayekî rast çawa tê ravekirin?,toplumun bir arada yaşama ilkelerini belirleyen belge | komünlerin üstünde yer alan koordinasyon ve karar organı | Doğayı tahrip eden endüstriyalizm ve kâr odaklı büyümeyi | toplumun kendi kaderi hakkında söz ve karar sahibi olması,toplumun kendi kaderi hakkında söz ve karar sahibi olması,'politikleşme' → toplumun kendi kaderi hakkında söz ve karar sahibi olması.
offline_12294,Paradigma,3,answers,Li jêr ji bo 'ekolojik toplum' kîjan rast e?,"doğayı sömürmeyen, onunla uyumlu yaşayan toplum | yerel özerkliğe sahip idari ve toplumsal birim | Kimliklerin devlet zoru olmadan birlikteliğini | Yerel toplumun kendi karar süreçlerine katılması","doğayı sömürmeyen, onunla uyumlu yaşayan toplum","'ekolojik toplum' → doğayı sömürmeyen, onunla uyumlu yaşayan toplum."
offline_12298,Paradigma,1,answers,'demokratik ittifak' di qada paradîgmayê de têgeheke çêkirî ye.,Rast | Şaş,Şaş,'demokratik ittifak' için sorudaki iddia doğru değildir; doğru cevap 'Şaş'tır.
offline_12312,Paradigma,2,answers,Derbarê 'tekelcilik' de ravekirina rast kîjan e?,Toplumun kendini koruma ve örgütleme hakkını | economic and political centralization crisis | toplumun kadın ve erkeğe biçtiği yapay roller | tahakküm ve sömürünün olmadığı eşitlikçi düzen,economic and political centralization crisis,'tekelcilik' → economic and political centralization crisis.
offline_12331,Paradigma,1,prompt+answers,Derbarê 'doğrudan demokrasi' de agahiya herî rast kîjan e?,"halkın temsilciler olmadan doğrudan karar alması | Yerel toplumun kendi karar süreçlerine katılması | endüstriyalizm, ulus-devlet ve kapitalizm üçlüsü | Tahakküm ile doğa tahribatı arasındaki ilişkiyi",halkın temsilciler olmadan doğrudan karar alması,'doğrudan demokrasi' → halkın temsilciler olmadan doğrudan karar alması.
offline_12344,Paradigma,2,answers,Di çarçoveya Paradigmaê de 'kooperatifçilik' çawa divê bê fêmkirin?,"komünal ekonominin temel dayanışma birimi | devletçi olmayan, tabana dayalı federasyon | komün yaşamına ve dayanışmaya dayalı sistem | economic and political centralization crisis",komünal ekonominin temel dayanışma birimi,'kooperatifçilik' → komünal ekonominin temel dayanışma birimi.
offline_12363,Paradigma,1,answers,Kîjan vebijêrk tê wateya 'politikleşme'?,doğa tahribatının hiyerarşiyle ilişkisini kuran bilim | Doğayı tahrip eden endüstriyalizm ve kâr odaklı büyümeyi | toplumun kendi kaderi hakkında söz ve karar sahibi olması | toplumun bir arada yaşama ilkelerini belirleyen belge,toplumun kendi kaderi hakkında söz ve karar sahibi olması,'politikleşme' → toplumun kendi kaderi hakkında söz ve karar sahibi olması.
offline_12366,Paradigma,2,answers,Derbarê 'öz savunma' de ravekirina rast kîjan e?,"komün yaşamına ve dayanışmaya dayalı sistem | doğayla uyumlu, geri dönüşümlü üretim tarzı | toprağın ve araçların topluma ait olması | toplumun kendini koruma ve örgütleme hakkı",toplumun kendini koruma ve örgütleme hakkı,'öz savunma' → toplumun kendini koruma ve örgütleme hakkı.
offline_12367,Paradigma,5,answers,Di qada paradîgmayê de 'Özgür eş yaşam' wek têgeheke derbasdar cih digire.,Rast | Şaş,Rast,'Özgür eş yaşam' Paradigma alanında geçerli bir kavramdır.
offline_12371,Paradigma,3,answers,'Komünal ekonomi' sernavek rast e ku beşek ji zanîna paradîgmayê ye.,Rast | Şaş,Rast,'Komünal ekonomi' Paradigma alanında geçerli bir kavramdır.
offline_12386,Paradigma,5,answers,Li jêr ji bo 'ekolojik bilinç' ya rast kîjan e?,baskı ve sahiplenmeye dayanmayan eşit ortak yaşam | Doğayı yalnızca sömürü nesnesi olarak görmemesiyle | insanın doğanın bir parçası olduğunu anlama durumu | ortak vatanda çok kültürlü ve eşitlikçi birliktelik,insanın doğanın bir parçası olduğunu anlama durumu,'ekolojik bilinç' → insanın doğanın bir parçası olduğunu anlama durumu.
offline_12391,Paradigma,3,prompt+answers,Di çarçoveya Paradigmaê de 'devletçi uygarlık' tê çi wateyê?,"sınıflı, hiyerarşik ve devlet odaklı tarih çizgisi | devletçi olmayan, halkların komünal gelişim çizgisi | Yerel toplumun kendi karar süreçlerine katılması | kâr yerine ihtiyacı ve paylaşımı esas alan ekonomi","sınıflı, hiyerarşik ve devlet odaklı tarih çizgisi","'devletçi uygarlık' → sınıflı, hiyerarşik ve devlet odaklı tarih çizgisi."
offline_12401,Paradigma,2,answers,Li jêr ji bo 'demokratik komünalizm' kîjan rast e?,"komün yaşamına ve dayanışmaya dayalı sistem | economic and political centralization crisis | doğayla uyumlu, geri dönüşümlü üretim tarzı | alternatif bilim ve yaşam arayışının okulu",komün yaşamına ve dayanışmaya dayalı sistem,'demokratik komünalizm' → komün yaşamına ve dayanışmaya dayalı sistem.
offline_12407,Paradigma,1,answers,Bi 'öz savunma' çi tê xwestin? ya rast çi ye?,alternatif bilim ve yaşam arayışının okulu | komün yaşamına ve dayanışmaya dayalı sistem | economic and political centralization crisis | toplumun kendini koruma ve örgütleme hakkı,toplumun kendini koruma ve örgütleme hakkı,'öz savunma' → toplumun kendini koruma ve örgütleme hakkı.
offline_12418,Paradigma,5,answers,"'Toplumsal sözleşme', Paradigma ile ilgili gerçek bir terimdir.",Rast | Şaş,Rast,'Toplumsal sözleşme' Paradigma alanında geçerli bir kavramdır.
offline_12427,Paradigma,5,answers,Derbarê 'kooperatifçilik' de vebijêrka rast kîjan e?,"komünal ekonominin temel dayanışma birimi | devlet dışı, toplumsal örgütlenme alanları | komün yaşamına ve dayanışmaya dayalı sistem | Biri çoğul-gönüllü, diğeri tekçi-zorunludur",komünal ekonominin temel dayanışma birimi,'kooperatifçilik' → komünal ekonominin temel dayanışma birimi.
offline_12430,Paradigma,5,answers,Gotina 'demokratik komünalizm' di çarçoveya paradîgmayê de watedar e.,Rast | Şaş,Rast,'demokratik komünalizm' Paradigma alanında geçerli bir kavramdır.
offline_12452,Paradigma,1,answers,Di qada paradîgmayê de 'ekolojik bilinç' nayê zanîn û nayê bikaranîn.,Rast | Şaş,Şaş,'ekolojik bilinç' için sorudaki iddia doğru değildir; doğru cevap 'Şaş'tır.
offline_12459,Paradigma,4,answers,Di çarçoveya Paradigmaê de 'pozitivizm' çawa divê bê fêmkirin?,"toplumun bir arada yaşama ilkelerini belirleyen belge | toplumun genel özgürlüğünün kadının özgürlüğüyle ölçülmesi | toplumun kendi kaderi hakkında söz ve karar sahibi olması | sadece maddi olguları kabul eden, dogmatik bilim anlayışı","sadece maddi olguları kabul eden, dogmatik bilim anlayışı","'pozitivizm' → sadece maddi olguları kabul eden, dogmatik bilim anlayışı."
offline_12460,Paradigma,4,answers,'Komün' di qada paradîgmayê de têgeheke rast û naskirî ye.,Rast | Şaş,Rast,'Komün' Paradigma alanında geçerli bir kavramdır.
offline_12465,Paradigma,5,prompt+answers,Paradigma çerçevesinde 'devletçi uygarlık' bilinen bir konudur.,Rast | Şaş,Rast,'devletçi uygarlık' Paradigma alanında geçerli bir kavramdır.
offline_12477,Paradigma,2,prompt+answers,'kadın akademileri' çawa tê pênasekirin?,"kadın bilincini ve jineolojiyi geliştiren okullar | endüstriyalizm, ulus-devlet ve kapitalizm üçlüsü | sınıflı, hiyerarşik ve devlet odaklı tarih çizgisi | Doğayı yalnızca sömürü nesnesi olarak görmemesiyle",kadın bilincini ve jineolojiyi geliştiren okullar,'kadın akademileri' → kadın bilincini ve jineolojiyi geliştiren okullar.
offline_12484,Paradigma,3,answers,Derbarê 'patriyarka eleştirisi' de kîjan rast e?,"doğayla uyumlu, geri dönüşümlü üretim tarzı | erkek egemen sistemin yapısını deşifre etme | kantonların ve komünlerin ortak kurucu metni | Toplumun kendini koruma ve örgütleme hakkını",erkek egemen sistemin yapısını deşifre etme,'patriyarka eleştirisi' → erkek egemen sistemin yapısını deşifre etme.
offline_12495,Paradigma,3,answers,Ji aliyê paradîgmayê ve ji bo 'komünal mülkiyet' gotina rast kîjan e?,"toprağın ve araçların topluma ait olması | devlet dışı, toplumsal örgütlenme alanları | Toplumun doğrudan ve örgütlü katılımını | Demokrasi, kadın özgürlüğü ve ekoloji",toprağın ve araçların topluma ait olması,'komünal mülkiyet' → toprağın ve araçların topluma ait olması.
offline_12506,Paradigma,5,answers,Îfadeya ku têgiha 'ekolojik endüstri' rast vedibêje kîjan e?,"toplumun kendini koruma ve örgütleme hakkı | kantonların ve komünlerin ortak kurucu metni | toplumsal özgürleşmenin en temel kriteri | doğayla uyumlu, geri dönüşümlü üretim tarzı","doğayla uyumlu, geri dönüşümlü üretim tarzı","'ekolojik endüstri' → doğayla uyumlu, geri dönüşümlü üretim tarzı."
offline_12520,Paradigma,5,answers,'yerel meclis' bi tevahî li derveyî zanîna paradîgmayê ye.,Rast | Şaş,Şaş,'yerel meclis' için sorudaki iddia doğru değildir; doğru cevap 'Şaş'tır.
offline_12547,Paradigma,3,answers,Bi 'demokratik konfederal' çi tê xwestin? ya rast çi ye?,"devletçi olmayan, tabana dayalı federasyon | kantonların ve komünlerin ortak kurucu metni | devlet dışı, toplumsal örgütlenme alanları | toprağın ve araçların topluma ait olması","devletçi olmayan, tabana dayalı federasyon","'demokratik konfederal' → devletçi olmayan, tabana dayalı federasyon."
offline_12590,Paradigma,3,answers,Paradigma çerçevesinde 'Ekolojik endüstri' bilinen bir konudur.,Rast | Şaş,Rast,'Ekolojik endüstri' Paradigma alanında geçerli bir kavramdır.
offline_12635,Paradigma,5,answers,Bi 'ataerkillik' çi tê xwestin? ya rast çi ye?,"kapitalist moderniteye alternatif yaşam sistemi | erkeği egemen kılan, kadını ezen toplumsal yapı | halkın kendi kendini yönetme ve örgütleme biçimi | Kimliklerin devlet zoru olmadan birlikteliğini","erkeği egemen kılan, kadını ezen toplumsal yapı","'ataerkillik' → erkeği egemen kılan, kadını ezen toplumsal yapı."
offline_12637,Paradigma,2,answers,'meclis' çi îfade dike?,doğa tahribatının hiyerarşiyle ilişkisini kuran bilim | toplumun genel özgürlüğünün kadının özgürlüğüyle ölçülmesi | komünlerin üstünde yer alan koordinasyon ve karar organı | toplumun kendi kaderi hakkında söz ve karar sahibi olması,komünlerin üstünde yer alan koordinasyon ve karar organı,'meclis' → komünlerin üstünde yer alan koordinasyon ve karar organı.
offline_12653,Siyaset,1,answers,'anayasal güvence' tenê aîdî qadên derveyî Siyasetê ye.,Rast | Şaş,Şaş,'anayasal güvence' için sorudaki iddia doğru değildir; doğru cevap 'Şaş'tır.
offline_12660,Siyaset,3,prompt+answers,'toplumsal barış' çawa tê pênasekirin?,Demokratik konfederalizm ve demokratik ulus tartışması | Toplumun bütününün özgürleşmesinin koşulu sayıldığı için | Yasal düzenlemeler ve demokratik entegrasyon adımları | farklı etnik ve inanç gruplarının huzurlu birlikteliği,farklı etnik ve inanç gruplarının huzurlu birlikteliği,'toplumsal barış' → farklı etnik ve inanç gruplarının huzurlu birlikteliği.
offline_12678,Siyaset,5,prompt+answers,Di xebatên siyasetê de 'azınlık hakları' qet nayê bikaranîn.,Rast | Şaş,Şaş,'azınlık hakları' için sorudaki iddia doğru değildir; doğru cevap 'Şaş'tır.
offline_12680,Siyaset,3,prompt+answers,Di qada siyasetê de 'Statü hakkı' wek têgeheke derbasdar cih digire.,Rast | Şaş,Rast,'Statü hakkı' Siyaset alanında geçerli bir kavramdır.
offline_12681,Siyaset,2,answers,Derbarê 'müzakere' de kîjan rast e?,sorunları diyalog yoluyla çözme yöntemi | yerel kararların alındığı halk meclisleri | hakların kanunla koruma altına alınması | halkın siyasi kararlara bizzat dahil olması,sorunları diyalog yoluyla çözme yöntemi,'müzakere' → sorunları diyalog yoluyla çözme yöntemi.
offline_12695,Siyaset,3,answers,Di qada siyasetê de 'Meclis sistemi' nayê zanîn û nayê bikaranîn.,Rast | Şaş,Şaş,'Meclis sistemi' için sorudaki iddia doğru değildir; doğru cevap 'Şaş'tır.
offline_12703,Siyaset,1,answers,'hakikat komisyonu' bi awayekî rast çawa tê ravekirin?,"merkezden atanan kayyum yerine seçilmiş yerel yönetici gücü | Müzakere, demokratik reform ve hakların güvenceye alınması | geçmişteki acıları araştırıp toplumsal barışı kuran kurul | Türkiye’de yasal pro-Kürt/sol-demokratik parti siyaseti",geçmişteki acıları araştırıp toplumsal barışı kuran kurul,'hakikat komisyonu' → geçmişteki acıları araştırıp toplumsal barışı kuran kurul.
offline_12713,Siyaset,3,prompt+answers,Li jêr ji bo 'toplumsal barış' kîjan rast e?,"halkların kendi kimliğiyle tanınma ve yönetilme hakkı | sadece çoğunluğun değil azınlığın da dinlendiği yapı | Kimlik, dil, kültürel haklar, statü ve demokratik temsil | farklı etnik ve inanç gruplarının huzurlu birlikteliği",farklı etnik ve inanç gruplarının huzurlu birlikteliği,'toplumsal barış' → farklı etnik ve inanç gruplarının huzurlu birlikteliği.
offline_12742,Siyaset,5,answers,Kîjan têgiha 'temsili demokrasi' rast şirove dike?,vatandaşların karar alma süreçlerine müdahil olması | halkın sadece seçimlerle yönetime katıldığı sistem | bütçe harcamalarını halkın meclislerle belirlemesi | toplumun dışarıdan baskı olmadan kendini yönetmesi,halkın sadece seçimlerle yönetime katıldığı sistem,'temsili demokrasi' → halkın sadece seçimlerle yönetime katıldığı sistem.
offline_12743,Siyaset,3,answers,Di qada Siyasetê de 'yerel demokrasi' çi îfade dike?,farklı muhalif grupların ortak barış platformu | Tabandan doğrudan ve sürekli katılımı önceler | çoğunluğa karşı farklı olan grupların korunması | kararların halka en yakın birimlerde alınması,kararların halka en yakın birimlerde alınması,'yerel demokrasi' → kararların halka en yakın birimlerde alınması.
offline_12745,Siyaset,5,prompt+answers,Di çarçoveya Siyasetê de 'çoğulcu demokrasi' tê çi wateyê?,farklı kimliklerin ve inançların eşit kabul edilmesi | Farklı halkların eşit ve dayanışmacı birlikteliğini | sadece çoğunluğun değil azınlığın da dinlendiği yapı | kendi yasalarını yapabilen yerel parlamento yetkisi,sadece çoğunluğun değil azınlığın da dinlendiği yapı,'çoğulcu demokrasi' → sadece çoğunluğun değil azınlığın da dinlendiği yapı.
offline_12755,Siyaset,2,answers,'yerel demokrasi' bi awayekî rast çawa tê ravekirin?,"kararların halka en yakın birimlerde alınması | Devleti aşan, ona alternatif bir öz yönetim | partilerde kadının eşit söz sahibi olma sistemi | halkın siyasi kararlara bizzat dahil olması",kararların halka en yakın birimlerde alınması,'yerel demokrasi' → kararların halka en yakın birimlerde alınması.
offline_12758,Siyaset,2,answers,Kîjan pênase bi 'demokratik siyaset' re li hev tê?,baskı ve tasfiye yerine diyalogu seçen siyaset tarzı | belediyeler ve yerel kurulların oluşturduğu yönetim | Farklı halkların eşit ve dayanışmacı birlikteliğini | kendi yasalarını yapabilen yerel parlamento yetkisi,baskı ve tasfiye yerine diyalogu seçen siyaset tarzı,'demokratik siyaset' → baskı ve tasfiye yerine diyalogu seçen siyaset tarzı.
offline_12760,Siyaset,1,answers,Di zanîna siyasetê de der barê 'demokratik özerklik' de ya rast kîjan e?,vatandaşların karar alma süreçlerine müdahil olması | yerelde kendi kendini yönetme ve karar alma statüsü | baskı ve tasfiye yerine diyalogu seçen siyaset tarzı | belediyeler ve yerel kurulların oluşturduğu yönetim,yerelde kendi kendini yönetme ve karar alma statüsü,'demokratik özerklik' → yerelde kendi kendini yönetme ve karar alma statüsü.
offline_12769,Siyaset,5,answers,Kîjan têgeha 'demokratik özerklik' di nav siyasetê de rast bi cih dike?,dernekler ve inisiyatiflerle yönetime müdahil olma | yerelde kendi kendini yönetme ve karar alma statüsü | toplumun dışarıdan baskı olmadan kendini yönetmesi | vatandaşların karar alma süreçlerine müdahil olması,yerelde kendi kendini yönetme ve karar alma statüsü,'demokratik özerklik' → yerelde kendi kendini yönetme ve karar alma statüsü.
offline_12771,Siyaset,2,answers,Têgiha 'demokratik ittifaklar' çi pêk tîne?,gücün tek merkezden yerel birimlere dağıtılması | anayasal güvence ve kültürel hakların tanınması | farklı muhalif grupların ortak barış platformu | bağımsız ve tarafsız mahkemelerde savunma hakkı,farklı muhalif grupların ortak barış platformu,'demokratik ittifaklar' → farklı muhalif grupların ortak barış platformu.
offline_12774,Siyaset,3,prompt+answers,'demokratik uzlaşı' tê çi wateyê?,"hakların kanunla koruma altına alınması | Kimlik, dil, statü ve haklar sorunu olarak | ortak yararda partilerin bir araya gelmesi | yerel bütçe ve hizmetleri kendi yönetme hakkı",ortak yararda partilerin bir araya gelmesi,'demokratik uzlaşı' → ortak yararda partilerin bir araya gelmesi.
offline_12776,Siyaset,3,prompt+answers,Têgiha 'toplumsal uzlaşı' çi pêk tîne?,"resmi ve kamusal alanlarda anadilinin kullanılması | Yerel yönetim, eğitim ve ekonomi gibi alanlarda | adaletsiz yasalara karşı barışçıl protesto biçimi | barışçıl çözüm için toplumun ortak karara varması",barışçıl çözüm için toplumun ortak karara varması,'toplumsal uzlaşı' → barışçıl çözüm için toplumun ortak karara varması.
offline_12779,Siyaset,1,prompt+answers,Bi 'statü hakkı' çi tê xwestin? ya rast çi ye?,Demokratik konfederalizm ve demokratik ulus tartışması | halkların kendi kimliğiyle tanınma ve yönetilme hakkı | farklı kimliklerin ve inançların eşit kabul edilmesi | Türkiye’de yasal pro-Kürt/sol-demokratik parti siyaseti,halkların kendi kimliğiyle tanınma ve yönetilme hakkı,'statü hakkı' → halkların kendi kimliğiyle tanınma ve yönetilme hakkı.
offline_12780,Siyaset,1,answers,Derbarê 'toplumsal muhalefet' de vebijêrka rast kîjan e?,"Yerel demokrasi, kadın özgürlüğü, ekoloji ve çoğulculuk | halkların kendi kimliğiyle tanınma ve yönetilme hakkı | resmi yönetime karşı halkın barışçıl tepki örgütlenmesi | Kapitalist modernite ve merkezi ulus-devlet eleştirisi",resmi yönetime karşı halkın barışçıl tepki örgütlenmesi,'toplumsal muhalefet' → resmi yönetime karşı halkın barışçıl tepki örgütlenmesi.
offline_12818,Siyaset,1,prompt+answers,Derbarê 'doğrudan katılım' de ravekirina rast kîjan e?,Kadın-erkek eşit temsili ve ortak yönetimi | halkın siyasi kararlara bizzat dahil olması | ortak yararda partilerin bir araya gelmesi | yerel kararların alındığı halk meclisleri,halkın siyasi kararlara bizzat dahil olması,'doğrudan katılım' → halkın siyasi kararlara bizzat dahil olması.
offline_12827,Siyaset,3,prompt+answers,Di xebatên siyasetê de 'Adil yargılanma' qet nayê bikaranîn.,Rast | Şaş,Şaş,'Adil yargılanma' için sorudaki iddia doğru değildir; doğru cevap 'Şaş'tır.
offline_12832,Siyaset,4,prompt+answers,'barışçıl çözüm' çawa tê pênasekirin?,"çatışmaları silah yerine diyalogla çözme iradesi | protesto, örgütlenme ve ifade özgürlüğü hakları | kaynakların ve hakların eşit paylaşılması ilkesi | anayasal güvence ve kültürel hakların tanınması",çatışmaları silah yerine diyalogla çözme iradesi,'barışçıl çözüm' → çatışmaları silah yerine diyalogla çözme iradesi.
offline_12834,Siyaset,1,answers,Siyaset literatüründe 'toplumsal muhalefet' yer almaz.,Rast | Şaş,Şaş,'toplumsal muhalefet' için sorudaki iddia doğru değildir; doğru cevap 'Şaş'tır.
offline_12854,Siyaset,4,prompt+answers,Derbarê 'sivil katılım' de ya rast a zanîn çi ye?,adaletsiz yasalara karşı barışçıl protesto biçimi | toplumun dışarıdan baskı olmadan kendini yönetmesi | dernekler ve inisiyatiflerle yönetime müdahil olma | barışçıl çözüm için toplumun ortak karara varması,dernekler ve inisiyatiflerle yönetime müdahil olma,'sivil katılım' → dernekler ve inisiyatiflerle yönetime müdahil olma.
offline_12863,Siyaset,2,answers,"'siyasi ahlak', Siyaset ile ilgili gerçek bir terimdir.",Rast | Şaş,Rast,'siyasi ahlak' Siyaset alanında geçerli bir kavramdır.
offline_12874,Siyaset,4,answers,'demokratik siyaset' bi tevahî li derveyî zanîna siyasetê ye.,Rast | Şaş,Şaş,'demokratik siyaset' için sorudaki iddia doğru değildir; doğru cevap 'Şaş'tır.
offline_12875,Siyaset,4,prompt+answers,Îfadeya ku têgiha 'kuvvetler ayrılığı' rast vedibêje kîjan e?,"Müzakere, demokratik reform ve hakların güvenceye alınması | farklı etnik ve inanç gruplarının huzurlu birlikteliği | yasama, yürütme ve yargının bağımsız olması | resmi yönetime karşı halkın barışçıl tepki örgütlenmesi","yasama, yürütme ve yargının bağımsız olması","'kuvvetler ayrılığı' → yasama, yürütme ve yargının bağımsız olması."
offline_12877,Siyaset,4,answers,Di qada siyasetê de 'Yerel yönetim' wek têgeheke derbasdar cih digire.,Rast | Şaş,Rast,'Yerel yönetim' Siyaset alanında geçerli bir kavramdır.
offline_12882,Siyaset,5,prompt+answers,Derbarê 'barış süreci' de vebijêrka rast kîjan e?,bağımsız ve tarafsız mahkemelerde savunma hakkı | çatışmalı ortamı diyalogla sonlandırma aşaması | gücün tek merkezden yerel birimlere dağıtılması | partilerde kadının eşit söz sahibi olma sistemi,çatışmalı ortamı diyalogla sonlandırma aşaması,'barış süreci' → çatışmalı ortamı diyalogla sonlandırma aşaması.
offline_12891,Siyaset,1,answers,Di zanîna siyasetê de der barê 'statü talebi' de ya rast kîjan e?,anayasal güvence ve kültürel hakların tanınması | çatışmaları silah yerine diyalogla çözme iradesi | çoğunluğa karşı farklı olan grupların korunması | çatışmalı ortamı diyalogla sonlandırma aşaması,anayasal güvence ve kültürel hakların tanınması,'statü talebi' → anayasal güvence ve kültürel hakların tanınması.
offline_12899,Siyaset,3,answers,Ji bo 'ademi merkeziyetçilik' ravekirina herî dirust kîjan e?,"Hem reel sosyalizmi hem kapitalizmi olduğu gibi | gücün tek merkezden yerel birimlere dağıtılması | protesto, örgütlenme ve ifade özgürlüğü hakları | kaynakların ve hakların eşit paylaşılması ilkesi",gücün tek merkezden yerel birimlere dağıtılması,'ademi merkeziyetçilik' → gücün tek merkezden yerel birimlere dağıtılması.
offline_12901,Siyaset,2,prompt+answers,Ji bo 'kuvvetler ayrılığı' ravekirina herî dirust kîjan e?,"Devleti aşan, ona alternatif bir öz yönetim | Devlet-dışı, tabandan örgütlenen öz yönetimi | ortak yararda partilerin bir araya gelmesi | yasama, yürütme ve yargının bağımsız olması","yasama, yürütme ve yargının bağımsız olması","'kuvvetler ayrılığı' → yasama, yürütme ve yargının bağımsız olması."
offline_12934,Siyaset,1,answers,Siyaset literatüründe 'statü talebi' yer almaz.,Rast | Şaş,Şaş,'statü talebi' için sorudaki iddia doğru değildir; doğru cevap 'Şaş'tır.
offline_12946,Siyaset,1,prompt+answers,Derbarê 'adil yargılanma' de vebijêrka rast kîjan e?,Farklı kimlik ve inançların bir arada yaşamasını | farklı muhalif grupların ortak barış platformu | anayasal güvence ve kültürel hakların tanınması | bağımsız ve tarafsız mahkemelerde savunma hakkı,bağımsız ve tarafsız mahkemelerde savunma hakkı,'adil yargılanma' → bağımsız ve tarafsız mahkemelerde savunma hakkı.
offline_12954,Siyaset,2,prompt+answers,Kîjan pênase bi 'siyasi katılım' re li hev tê?,halkın sadece seçimlerle yönetime katıldığı sistem | yerelde kendi kendini yönetme ve karar alma statüsü | vatandaşların karar alma süreçlerine müdahil olması | toplumun savaşsız bir ortamda yaşama evrensel hakkı,vatandaşların karar alma süreçlerine müdahil olması,'siyasi katılım' → vatandaşların karar alma süreçlerine müdahil olması.
offline_12961,Siyaset,1,answers,Der barê 'yerel meclisler' de ji bo siyasetê bijardeya rast kîjan e?,"Kimlik, dil, statü ve haklar sorunu olarak | mecliste ve sokakta hak arama kanalları | halkların kendi diliyle eğitim alma hakkı | yerel kararların alındığı halk meclisleri",yerel kararların alındığı halk meclisleri,'yerel meclisler' → yerel kararların alındığı halk meclisleri.
offline_12965,Siyaset,2,prompt+answers,Derbarê 'yerel özerklik şartı' de ravekirina rast kîjan e?,belediyeler ve yerel kurulların oluşturduğu yönetim | yerel yönetimlerin gücünü artıran uluslararası belge | vatandaşların karar alma süreçlerine müdahil olması | Yasal düzenlemeler ve demokratik entegrasyon adımları,yerel yönetimlerin gücünü artıran uluslararası belge,'yerel özerklik şartı' → yerel yönetimlerin gücünü artıran uluslararası belge.
offline_12981,Siyaset,1,prompt+answers,Derbarê 'anadilinde eğitim' de vebijêrka rast kîjan e?,Eşit yurttaşlık ve hakların tanınmasını | halkların kendi diliyle eğitim alma hakkı | kararların halka en yakın birimlerde alınması | yerel kararların alındığı halk meclisleri,halkların kendi diliyle eğitim alma hakkı,'anadilinde eğitim' → halkların kendi diliyle eğitim alma hakkı.
offline_12985,Siyaset,3,answers,Derbarê 'radikal demokrasi' de vebijêrka rast kîjan e?,Demokratik konfederalizm ve demokratik ulus tartışması | sadece çoğunluğun değil azınlığın da dinlendiği yapı | vatandaşların karar alma süreçlerine müdahil olması | tabandan doğrudan katılımı öncelikli kılan demokrasi,tabandan doğrudan katılımı öncelikli kılan demokrasi,'radikal demokrasi' → tabandan doğrudan katılımı öncelikli kılan demokrasi.
offline_12989,Siyaset,2,answers,Di çarçoveya Siyasetê de 'idari özerklik' çawa divê bê fêmkirin?,Tabandan doğrudan ve sürekli katılımı önceler | Kimliğin ve kültürün kuşaklara aktarımı için | yerel bütçe ve hizmetleri kendi yönetme hakkı | bağımsız ve tarafsız mahkemelerde savunma hakkı,yerel bütçe ve hizmetleri kendi yönetme hakkı,'idari özerklik' → yerel bütçe ve hizmetleri kendi yönetme hakkı.
offline_13010,Siyaset,2,answers,Di çarçoveya Siyasetê de 'toplumsal muhalefet' çawa divê bê fêmkirin?,Kapitalist modernite ve merkezi ulus-devlet eleştirisi | Yasal düzenlemeler ve demokratik entegrasyon adımları | resmi yönetime karşı halkın barışçıl tepki örgütlenmesi | halkların kendi kimliğiyle tanınma ve yönetilme hakkı,resmi yönetime karşı halkın barışçıl tepki örgütlenmesi,'toplumsal muhalefet' → resmi yönetime karşı halkın barışçıl tepki örgütlenmesi.
offline_13025,Siyaset,4,prompt+answers,'Doğrudan katılım' bi tevahî li derveyî zanîna siyasetê ye.,Rast | Şaş,Şaş,'Doğrudan katılım' için sorudaki iddia doğru değildir; doğru cevap 'Şaş'tır.
offline_13030,Siyaset,5,answers,Di çarçoveya Siyasetê de 'yerel irade' çawa divê bê fêmkirin?,Toplulukların yerel olarak kendi işlerini yönetmesini | geçmişteki acıları araştırıp toplumsal barışı kuran kurul | resmi yönetime karşı halkın barışçıl tepki örgütlenmesi | merkezden atanan kayyum yerine seçilmiş yerel yönetici gücü,merkezden atanan kayyum yerine seçilmiş yerel yönetici gücü,'yerel irade' → merkezden atanan kayyum yerine seçilmiş yerel yönetici gücü.
offline_13039,Siyaset,3,answers,"'Siyasi özerklik', Siyaset ile ilgili gerçek bir terimdir.",Rast | Şaş,Rast,'Siyasi özerklik' Siyaset alanında geçerli bir kavramdır.
offline_13040,Siyaset,5,prompt+answers,Ji bo 'azınlık hakları' ravekirina herî dirust kîjan e?,çoğunluğa karşı farklı olan grupların korunması | çatışmaları silah yerine diyalogla çözme iradesi | farklı muhalif grupların ortak barış platformu | gücün tek merkezden yerel birimlere dağıtılması,çoğunluğa karşı farklı olan grupların korunması,'azınlık hakları' → çoğunluğa karşı farklı olan grupların korunması.
offline_13060,Siyaset,1,prompt+answers,Di çarçoveya siyasetê de mijareke bi navê 'cinsiyet kotası' tune ye.,Rast | Şaş,Şaş,'cinsiyet kotası' için sorudaki iddia doğru değildir; doğru cevap 'Şaş'tır.
offline_13067,Siyaset,4,answers,Li jêr ji bo 'ademi merkeziyetçilik' kîjan rast e?,"Kimlik, dil, kültürel haklar, statü ve demokratik temsil | Demokratik konfederalizm ve demokratik ulus tartışması | Yerel demokrasi, kadın özgürlüğü, ekoloji ve çoğulculuk | gücün tek merkezden yerel birimlere dağıtılması",gücün tek merkezden yerel birimlere dağıtılması,'ademi merkeziyetçilik' → gücün tek merkezden yerel birimlere dağıtılması.
offline_13068,Siyaset,2,answers,Kîjan têgeha 'temsili demokrasi' di nav siyasetê de rast bi cih dike?,halkın sadece seçimlerle yönetime katıldığı sistem | toplumun savaşsız bir ortamda yaşama evrensel hakkı | Farklı halkların eşit ve dayanışmacı birlikteliğini | resmi ve kamusal alanlarda anadilinin kullanılması,halkın sadece seçimlerle yönetime katıldığı sistem,'temsili demokrasi' → halkın sadece seçimlerle yönetime katıldığı sistem.
offline_13081,Siyaset,3,prompt+answers,Têgiha 'çoğulcu demokrasi' çi pêk tîne?,siyasette kadın katılımını güvenceye alan yasal oran | kendi yasalarını yapabilen yerel parlamento yetkisi | sadece çoğunluğun değil azınlığın da dinlendiği yapı | yerel yönetimlerin gücünü artıran uluslararası belge,sadece çoğunluğun değil azınlığın da dinlendiği yapı,'çoğulcu demokrasi' → sadece çoğunluğun değil azınlığın da dinlendiği yapı.
offline_13087,Siyaset,2,answers,Di xebatên siyasetê de 'Demokratik özerklik' yek ji mijaran e.,Rast | Şaş,Rast,'Demokratik özerklik' Siyaset alanında geçerli bir kavramdır.
offline_13102,Siyaset,2,prompt+answers,"Dema 'parti eş başkanlığı' tê gotin, çi tê xwestin?","Yerel yönetim, eğitim ve ekonomi gibi alanlarda | partilerde kadının eşit söz sahibi olma sistemi | farklı muhalif grupların ortak barış platformu | kaynakların ve hakların eşit paylaşılması ilkesi",partilerde kadının eşit söz sahibi olma sistemi,'parti eş başkanlığı' → partilerde kadının eşit söz sahibi olma sistemi.
offline_13117,Siyaset,5,answers,Di çarçoveya Siyasetê de 'siyasi ahlak' tê çi wateyê?,"geçmişteki acıları araştırıp toplumsal barışı kuran kurul | Örgütsel yapının feshi ve silahlı mücadelenin sonlandırılması | Müzakere, demokratik reform ve hakların güvenceye alınması | siyasette dürüstlük ve toplumsal yararı önceleme ilkeleri",siyasette dürüstlük ve toplumsal yararı önceleme ilkeleri,'siyasi ahlak' → siyasette dürüstlük ve toplumsal yararı önceleme ilkeleri.
offline_13122,Siyaset,5,prompt+answers,Ji aliyê Siyasetê ve ji bo 'barış hakkı' îfadeya rast kîjan e?,toplumun dışarıdan baskı olmadan kendini yönetmesi | sadece çoğunluğun değil azınlığın da dinlendiği yapı | baskı ve tasfiye yerine diyalogu seçen siyaset tarzı | toplumun savaşsız bir ortamda yaşama evrensel hakkı,toplumun savaşsız bir ortamda yaşama evrensel hakkı,'barış hakkı' → toplumun savaşsız bir ortamda yaşama evrensel hakkı.
offline_13124,Siyaset,4,prompt+answers,Derbarê 'anadili hakkı' de ya rast a zanîn çi ye?,Silah bırakma ve örgütsel yapıyı feshetme çağrısı | toplumun savaşsız bir ortamda yaşama evrensel hakkı | dernekler ve inisiyatiflerle yönetime müdahil olma | resmi ve kamusal alanlarda anadilinin kullanılması,resmi ve kamusal alanlarda anadilinin kullanılması,'anadili hakkı' → resmi ve kamusal alanlarda anadilinin kullanılması.
offline_13125,Siyaset,3,prompt+answers,Li jêr ji bo 'sivil katılım' kîjan rast e?,resmi ve kamusal alanlarda anadilinin kullanılması | bütçe harcamalarını halkın meclislerle belirlemesi | dernekler ve inisiyatiflerle yönetime müdahil olma | Silah bırakma ve örgütsel yapıyı feshetme çağrısı,dernekler ve inisiyatiflerle yönetime müdahil olma,'sivil katılım' → dernekler ve inisiyatiflerle yönetime müdahil olma.
offline_13129,Siyaset,3,answers,Kîjan pênase bi 'yerel yönetim' re li hev tê?,vatandaşların karar alma süreçlerine müdahil olması | toplumun savaşsız bir ortamda yaşama evrensel hakkı | belediyeler ve yerel kurulların oluşturduğu yönetim | farklı kimliklerin ve inançların eşit kabul edilmesi,belediyeler ve yerel kurulların oluşturduğu yönetim,'yerel yönetim' → belediyeler ve yerel kurulların oluşturduğu yönetim.
offline_13148,Siyaset,1,prompt+answers,Ji bo 'siyasi katılım' pênaseya derbasdar kîjan e?,vatandaşların karar alma süreçlerine müdahil olması | toplumun dışarıdan baskı olmadan kendini yönetmesi | resmi ve kamusal alanlarda anadilinin kullanılması | yerelde kendi kendini yönetme ve karar alma statüsü,vatandaşların karar alma süreçlerine müdahil olması,'siyasi katılım' → vatandaşların karar alma süreçlerine müdahil olması.
offline_13157,Siyaset,1,answers,Di qada siyasetê de 'Yerel irade' nayê zanîn û nayê bikaranîn.,Rast | Şaş,Şaş,'Yerel irade' için sorudaki iddia doğru değildir; doğru cevap 'Şaş'tır.
offline_13158,Siyaset,1,prompt+answers,Derbarê 'statü hakkı' de ravekirina rast kîjan e?,Toplulukların yerel olarak kendi işlerini yönetmesini | belediyeler ve yerel kurulların oluşturduğu yönetim | halkların kendi kimliğiyle tanınma ve yönetilme hakkı | farklı kimliklerin ve inançların eşit kabul edilmesi,halkların kendi kimliğiyle tanınma ve yönetilme hakkı,'statü hakkı' → halkların kendi kimliğiyle tanınma ve yönetilme hakkı.
offline_13166,Siyaset,1,prompt+answers,Derbarê 'sivil katılım' de agahiya herî rast kîjan e?,tüm farklı kesimleri kapsayan özgürlükçü anayasa | yerelde kendi kendini yönetme ve karar alma statüsü | dernekler ve inisiyatiflerle yönetime müdahil olma | kendi yasalarını yapabilen yerel parlamento yetkisi,dernekler ve inisiyatiflerle yönetime müdahil olma,'sivil katılım' → dernekler ve inisiyatiflerle yönetime müdahil olma.
offline_13169,Siyaset,5,answers,'toplumsal adalet' tê çi wateyê?,"kaynakların ve hakların eşit paylaşılması ilkesi | protesto, örgütlenme ve ifade özgürlüğü hakları | Silah bırakma ve örgütsel yapıyı feshetme çağrısı | çatışmaları silah yerine diyalogla çözme iradesi",kaynakların ve hakların eşit paylaşılması ilkesi,'toplumsal adalet' → kaynakların ve hakların eşit paylaşılması ilkesi.
offline_13170,Siyaset,5,prompt+answers,Di qada siyasetê de 'katılımcı bütçe' nayê zanîn û nayê bikaranîn.,Rast | Şaş,Şaş,'katılımcı bütçe' için sorudaki iddia doğru değildir; doğru cevap 'Şaş'tır.
offline_13171,Siyaset,5,answers,Di qada Siyasetê de 'siyasi ahlak' çi îfade dike?,"Örgütsel yapının feshi ve silahlı mücadelenin sonlandırılması | Kimlik, dil, kültürel haklar, statü ve demokratik temsil | siyasette dürüstlük ve toplumsal yararı önceleme ilkeleri | Toplulukların yerel olarak kendi işlerini yönetmesini",siyasette dürüstlük ve toplumsal yararı önceleme ilkeleri,'siyasi ahlak' → siyasette dürüstlük ve toplumsal yararı önceleme ilkeleri.
offline_13193,Siyaset,3,prompt+answers,Li jêr ji bo 'yerel özerklik şartı' kîjan rast e?,yerel yönetimlerin gücünü artıran uluslararası belge | baskı ve tasfiye yerine diyalogu seçen siyaset tarzı | Demokratik konfederalizm ve demokratik ulus tartışması | toplumun savaşsız bir ortamda yaşama evrensel hakkı,yerel yönetimlerin gücünü artıran uluslararası belge,'yerel özerklik şartı' → yerel yönetimlerin gücünü artıran uluslararası belge.
offline_13228,Siyaset,1,prompt+answers,Derbarê 'parti eş başkanlığı' de ya rast a zanîn çi ye?,"kararların tek lider yerine kurullarla alınması | partilerde kadının eşit söz sahibi olma sistemi | protesto, örgütlenme ve ifade özgürlüğü hakları | çoğunluğa karşı farklı olan grupların korunması",partilerde kadının eşit söz sahibi olma sistemi,'parti eş başkanlığı' → partilerde kadının eşit söz sahibi olma sistemi.
offline_13232,Siyaset,4,prompt+answers,'Toplumsal uzlaşı' sernavek rast e ku beşek ji zanîna siyasetê ye.,Rast | Şaş,Rast,'Toplumsal uzlaşı' Siyaset alanında geçerli bir kavramdır.
offline_13236,Siyaset,5,prompt+answers,'siyasi katılım' bi tevahî li derveyî zanîna siyasetê ye.,Rast | Şaş,Şaş,'siyasi katılım' için sorudaki iddia doğru değildir; doğru cevap 'Şaş'tır.
offline_13252,Siyaset,1,prompt+answers,'insan hakları' di mijara siyasetê de çi vedibêje?,kaynakların ve hakların eşit paylaşılması ilkesi | çoğunluğa karşı farklı olan grupların korunması | adaletsiz yasalara karşı barışçıl protesto biçimi | her bireyin doğuştan sahip olduğu evrensel haklar,her bireyin doğuştan sahip olduğu evrensel haklar,'insan hakları' → her bireyin doğuştan sahip olduğu evrensel haklar.
offline_13265,Siyaset,5,prompt+answers,Li jêr kîjan têgiha 'anadili hakkı' rave dike?,bütçe harcamalarını halkın meclislerle belirlemesi | tüm farklı kesimleri kapsayan özgürlükçü anayasa | toplumun savaşsız bir ortamda yaşama evrensel hakkı | resmi ve kamusal alanlarda anadilinin kullanılması,resmi ve kamusal alanlarda anadilinin kullanılması,'anadili hakkı' → resmi ve kamusal alanlarda anadilinin kullanılması.
offline_13269,Siyaset,4,prompt+answers,Di qada Siyasetê de 'eş başkanlık' çi îfade dike?,Müzakere ve demokratik çözüme | yönetimde eşit temsil sistemidir | Yerel komünlerden üst meclislere | Kadın dayanışması ve özgürlüğü,yönetimde eşit temsil sistemidir,'eş başkanlık' → yönetimde eşit temsil sistemidir.
offline_13275,Siyaset,5,prompt+answers,Ji aliyê siyasetê ve ji bo 'cinsiyet kotası' gotina rast kîjan e?,yerelde kendi kendini yönetme ve karar alma statüsü | halkların kendi kimliğiyle tanınma ve yönetilme hakkı | siyasette kadın katılımını güvenceye alan yasal oran | toplumun savaşsız bir ortamda yaşama evrensel hakkı,siyasette kadın katılımını güvenceye alan yasal oran,'cinsiyet kotası' → siyasette kadın katılımını güvenceye alan yasal oran.
offline_13296,Siyaset,5,prompt+answers,Têgiha 'insan hakları' çi pêk tîne?,barışçıl çözüm için toplumun ortak karara varması | Farklı kimlik ve inançların bir arada yaşamasını | dernekler ve inisiyatiflerle yönetime müdahil olma | her bireyin doğuştan sahip olduğu evrensel haklar,her bireyin doğuştan sahip olduğu evrensel haklar,'insan hakları' → her bireyin doğuştan sahip olduğu evrensel haklar.
offline_13313,Siyaset,2,prompt+answers,Bi 'katılımcı bütçe' çi tê xwestin? ya rast çi ye?,kendi yasalarını yapabilen yerel parlamento yetkisi | resmi ve kamusal alanlarda anadilinin kullanılması | bütçe harcamalarını halkın meclislerle belirlemesi | dernekler ve inisiyatiflerle yönetime müdahil olma,bütçe harcamalarını halkın meclislerle belirlemesi,'katılımcı bütçe' → bütçe harcamalarını halkın meclislerle belirlemesi.
offline_13332,Siyaset,3,answers,Di zanîna siyasetê de der barê 'hakikat komisyonu' de ya rast kîjan e?,"Kimlik, dil, kültürel haklar, statü ve demokratik temsil | Kapitalist modernite ve merkezi ulus-devlet eleştirisi | Toplumun bütününün özgürleşmesinin koşulu sayıldığı için | geçmişteki acıları araştırıp toplumsal barışı kuran kurul",geçmişteki acıları araştırıp toplumsal barışı kuran kurul,'hakikat komisyonu' → geçmişteki acıları araştırıp toplumsal barışı kuran kurul.
offline_13353,Siyaset,5,answers,Di xebatên siyasetê de 'sivil itaatsizlik' qet nayê bikaranîn.,Rast | Şaş,Şaş,'sivil itaatsizlik' için sorudaki iddia doğru değildir; doğru cevap 'Şaş'tır.
offline_13382,Siyaset,5,answers,Derbarê 'sivil itaatsizlik' de ya rast a zanîn çi ye?,barışçıl çözüm için toplumun ortak karara varması | her bireyin doğuştan sahip olduğu evrensel haklar | adaletsiz yasalara karşı barışçıl protesto biçimi | bütçe harcamalarını halkın meclislerle belirlemesi,adaletsiz yasalara karşı barışçıl protesto biçimi,'sivil itaatsizlik' → adaletsiz yasalara karşı barışçıl protesto biçimi.
offline_13390,Siyaset,1,answers,Derbarê 'meşruiyet' de ya rast a zanîn çi ye?,Silah bırakma ve örgütsel yapıyı feshetme çağrısı | kaynakların ve hakların eşit paylaşılması ilkesi | yönetimin halkın rızasına ve hukuka uygun olması | çoğunluğa karşı farklı olan grupların korunması,yönetimin halkın rızasına ve hukuka uygun olması,'meşruiyet' → yönetimin halkın rızasına ve hukuka uygun olması.
offline_13391,Siyaset,1,answers,Kîjan têgiha 'hakikat komisyonu' rast şirove dike?,"Müzakere, demokratik reform ve hakların güvenceye alınması | geçmişteki acıları araştırıp toplumsal barışı kuran kurul | Kapitalist modernite ve merkezi ulus-devlet eleştirisi | merkezden atanan kayyum yerine seçilmiş yerel yönetici gücü",geçmişteki acıları araştırıp toplumsal barışı kuran kurul,'hakikat komisyonu' → geçmişteki acıları araştırıp toplumsal barışı kuran kurul.
offline_13393,Siyaset,2,answers,Îfadeya ku têgiha 'meşruiyet' rast vedibêje kîjan e?,Farklı kimlik ve inançların bir arada yaşamasını | kararların tek lider yerine kurullarla alınması | Silah bırakma ve örgütsel yapıyı feshetme çağrısı | yönetimin halkın rızasına ve hukuka uygun olması,yönetimin halkın rızasına ve hukuka uygun olması,'meşruiyet' → yönetimin halkın rızasına ve hukuka uygun olması.
offline_13394,Siyaset,1,answers,'siyasi özerklik' bi awayekî rast çawa tê ravekirin?,halkın sadece seçimlerle yönetime katıldığı sistem | kendi yasalarını yapabilen yerel parlamento yetkisi | farklı kimliklerin ve inançların eşit kabul edilmesi | resmi ve kamusal alanlarda anadilinin kullanılması,kendi yasalarını yapabilen yerel parlamento yetkisi,'siyasi özerklik' → kendi yasalarını yapabilen yerel parlamento yetkisi.
offline_13428,Siyaset,5,prompt+answers,Li jêr ji bo 'yerel özerklik şartı' ya rast kîjan e?,yerel yönetimlerin gücünü artıran uluslararası belge | kendi yasalarını yapabilen yerel parlamento yetkisi | Toplulukların yerel olarak kendi işlerini yönetmesini | belediyeler ve yerel kurulların oluşturduğu yönetim,yerel yönetimlerin gücünü artıran uluslararası belge,'yerel özerklik şartı' → yerel yönetimlerin gücünü artıran uluslararası belge.
offline_13432,Siyaset,4,prompt+answers,Li jêr ji bo 'kuvvetler ayrılığı' kîjan rast e?,"yasama, yürütme ve yargının bağımsız olması | halkın siyasi kararlara bizzat dahil olması | sorunları diyalog yoluyla çözme yöntemi | Kimliğin ve kültürün kuşaklara aktarımı için","yasama, yürütme ve yargının bağımsız olması","'kuvvetler ayrılığı' → yasama, yürütme ve yargının bağımsız olması."
offline_13439,Siyaset,2,answers,Di qada siyasetê de 'Radikal demokrasi' wek têgeheke derbasdar cih digire.,Rast | Şaş,Rast,'Radikal demokrasi' Siyaset alanında geçerli bir kavramdır.
offline_13454,Siyaset,4,answers,"'Demokratik haklar', Siyaset ile ilgili gerçek bir terimdir.",Rast | Şaş,Rast,'Demokratik haklar' Siyaset alanında geçerli bir kavramdır.
offline_13474,Siyaset,3,prompt+answers,Têgiha 'doğrudan katılım' çi pêk tîne?,"kararların halka en yakın birimlerde alınması | Kimlik, dil, statü ve haklar sorunu olarak | halkın siyasi kararlara bizzat dahil olması | çatışmalı ortamı diyalogla sonlandırma aşaması",halkın siyasi kararlara bizzat dahil olması,'doğrudan katılım' → halkın siyasi kararlara bizzat dahil olması.
offline_13483,Siyaset,5,answers,Li jêr kîjan têgiha 'siyasi özerklik' rave dike?,kendi yasalarını yapabilen yerel parlamento yetkisi | belediyeler ve yerel kurulların oluşturduğu yönetim | dernekler ve inisiyatiflerle yönetime müdahil olma | vatandaşların karar alma süreçlerine müdahil olması,kendi yasalarını yapabilen yerel parlamento yetkisi,'siyasi özerklik' → kendi yasalarını yapabilen yerel parlamento yetkisi.
offline_13486,Siyaset,1,prompt+answers,Ji aliyê siyasetê ve ji bo 'özyönetim hakkı' gotina rast kîjan e?,yerelde kendi kendini yönetme ve karar alma statüsü | Silah bırakma ve örgütsel yapıyı feshetme çağrısı | toplumun dışarıdan baskı olmadan kendini yönetmesi | halkın sadece seçimlerle yönetime katıldığı sistem,toplumun dışarıdan baskı olmadan kendini yönetmesi,'özyönetim hakkı' → toplumun dışarıdan baskı olmadan kendini yönetmesi.
offline_13505,Siyaset,1,prompt+answers,Kîjan pênase bi 'barış süreci' re li hev tê?,kararların halka en yakın birimlerde alınması | Tabandan doğrudan ve sürekli katılımı önceler | çatışmalı ortamı diyalogla sonlandırma aşaması | tüm farklı kesimleri kapsayan özgürlükçü anayasa,çatışmalı ortamı diyalogla sonlandırma aşaması,'barış süreci' → çatışmalı ortamı diyalogla sonlandırma aşaması.
offline_13513,Siyaset,5,answers,Biwêja 'temsili demokrasi' di çarçoveya Siyasetê de watedar e.,Rast | Şaş,Rast,'temsili demokrasi' Siyaset alanında geçerli bir kavramdır.
offline_13519,Siyaset,2,answers,Di çarçoveya siyasetê de 'ademi merkeziyetçilik' divê çawa bê fêmkirin?,"protesto, örgütlenme ve ifade özgürlüğü hakları | gücün tek merkezden yerel birimlere dağıtılması | tüm farklı kesimleri kapsayan özgürlükçü anayasa | çatışmaları silah yerine diyalogla çözme iradesi",gücün tek merkezden yerel birimlere dağıtılması,'ademi merkeziyetçilik' → gücün tek merkezden yerel birimlere dağıtılması.
offline_13524,Siyaset,1,prompt+answers,Di çarçoveya siyasetê de mijareke bi navê 'toplumsal barış' tune ye.,Rast | Şaş,Şaş,'toplumsal barış' için sorudaki iddia doğru değildir; doğru cevap 'Şaş'tır.
offline_13527,Siyaset,1,answers,'meşruiyet' tê çi wateyê?,"kaynakların ve hakların eşit paylaşılması ilkesi | yönetimin halkın rızasına ve hukuka uygun olması | anayasal güvence ve kültürel hakların tanınması | protesto, örgütlenme ve ifade özgürlüğü hakları",yönetimin halkın rızasına ve hukuka uygun olması,'meşruiyet' → yönetimin halkın rızasına ve hukuka uygun olması.
offline_13541,Siyaset,5,answers,'anayasal güvence' di çarçoveya siyasetê de têgeheke derbasdar e.,Rast | Şaş,Rast,'anayasal güvence' Siyaset alanında geçerli bir kavramdır.
offline_13547,Siyaset,1,answers,Li jêr ji bo 'demokratik anayasa' kîjan rast e?,tüm farklı kesimleri kapsayan özgürlükçü anayasa | çoğunluğa karşı farklı olan grupların korunması | partilerde kadının eşit söz sahibi olma sistemi | yönetimin halkın rızasına ve hukuka uygun olması,tüm farklı kesimleri kapsayan özgürlükçü anayasa,'demokratik anayasa' → tüm farklı kesimleri kapsayan özgürlükçü anayasa.
offline_13556,Siyaset,3,answers,Siyaset çerçevesinde 'demokratik haklar beyannamesi' ne anlama gelir?,Tabandan katılım ve yerel karar alma | Eşit yurttaşlık ve hakların tanınmasını | temel hakları listeleyen kurucu belge | sorunları diyalog yoluyla çözme yöntemi,temel hakları listeleyen kurucu belge,'demokratik haklar beyannamesi' → temel hakları listeleyen kurucu belge.
offline_13557,Siyaset,4,answers,Derbarê 'toplumsal adalet' de vebijêrka rast kîjan e?,"protesto, örgütlenme ve ifade özgürlüğü hakları | Farklı kimlik ve inançların bir arada yaşamasını | partilerde kadının eşit söz sahibi olma sistemi | kaynakların ve hakların eşit paylaşılması ilkesi",kaynakların ve hakların eşit paylaşılması ilkesi,'toplumsal adalet' → kaynakların ve hakların eşit paylaşılması ilkesi.
offline_13574,Siyaset,2,prompt+answers,Têgiha 'demokratik uzlaşı' çi pêk tîne?,"Eşit yurttaşlık ve hakların tanınmasını | yasama, yürütme ve yargının bağımsız olması | ortak yararda partilerin bir araya gelmesi | yerel bütçe ve hizmetleri kendi yönetme hakkı",ortak yararda partilerin bir araya gelmesi,'demokratik uzlaşı' → ortak yararda partilerin bir araya gelmesi.
offline_13575,Siyaset,4,prompt+answers,Kîjan li gorî pênaseya 'katılımcı bütçe' ye?,bütçe harcamalarını halkın meclislerle belirlemesi | belediyeler ve yerel kurulların oluşturduğu yönetim | kendi yasalarını yapabilen yerel parlamento yetkisi | resmi ve kamusal alanlarda anadilinin kullanılması,bütçe harcamalarını halkın meclislerle belirlemesi,'katılımcı bütçe' → bütçe harcamalarını halkın meclislerle belirlemesi.
offline_13581,Siyaset,1,prompt+answers,'adil yargılanma' di mijara siyasetê de çi vedibêje?,"bağımsız ve tarafsız mahkemelerde savunma hakkı | Farklı kimlik ve inançların bir arada yaşamasını | tüm farklı kesimleri kapsayan özgürlükçü anayasa | Yerel yönetim, eğitim ve ekonomi gibi alanlarda",bağımsız ve tarafsız mahkemelerde savunma hakkı,'adil yargılanma' → bağımsız ve tarafsız mahkemelerde savunma hakkı.
offline_13590,Siyaset,1,prompt+answers,Li jêr ji bo 'azınlık hakları' ya rast kîjan e?,çoğunluğa karşı farklı olan grupların korunması | Farklı kimlik ve inançların bir arada yaşamasını | gücün tek merkezden yerel birimlere dağıtılması | partilerde kadının eşit söz sahibi olma sistemi,çoğunluğa karşı farklı olan grupların korunması,'azınlık hakları' → çoğunluğa karşı farklı olan grupların korunması.
offline_13597,Siyaset,5,answers,Ji bo 'demokratik haklar beyannamesi' pênaseya derbasdar kîjan e?,Kadın özgürlüğü ve çoğulcu öz yönetimle | Kürt siyasi yapıları ve belediyeler | temel hakları listeleyen kurucu belge | hakların kanunla koruma altına alınması,temel hakları listeleyen kurucu belge,'demokratik haklar beyannamesi' → temel hakları listeleyen kurucu belge.
offline_13600,Siyaset,5,answers,Derbarê 'meclis sistemi' de agahiya herî rast kîjan e?,kararların tek lider yerine kurullarla alınması | tüm farklı kesimleri kapsayan özgürlükçü anayasa | yönetimin halkın rızasına ve hukuka uygun olması | çatışmaları silah yerine diyalogla çözme iradesi,kararların tek lider yerine kurullarla alınması,'meclis sistemi' → kararların tek lider yerine kurullarla alınması.
offline_13604,Siyaset,4,answers,Îfadeya ku têgiha 'demokratik haklar' rast vedibêje kîjan e?,"çatışmalı ortamı diyalogla sonlandırma aşaması | anayasal güvence ve kültürel hakların tanınması | protesto, örgütlenme ve ifade özgürlüğü hakları | Yerel yönetim, eğitim ve ekonomi gibi alanlarda","protesto, örgütlenme ve ifade özgürlüğü hakları","'demokratik haklar' → protesto, örgütlenme ve ifade özgürlüğü hakları."
offline_13614,Siyaset,3,prompt+answers,Kîjan têgeha 'parti eş başkanlığı' di nav siyasetê de rast bi cih dike?,bağımsız ve tarafsız mahkemelerde savunma hakkı | partilerde kadının eşit söz sahibi olma sistemi | yönetimin halkın rızasına ve hukuka uygun olması | çatışmaları silah yerine diyalogla çözme iradesi,partilerde kadının eşit söz sahibi olma sistemi,'parti eş başkanlığı' → partilerde kadının eşit söz sahibi olma sistemi.
offline_13625,Siyaset,3,prompt+answers,Di zanîna siyasetê de der barê 'barış süreci' de ya rast kîjan e?,"çatışmalı ortamı diyalogla sonlandırma aşaması | Yerel yönetim, eğitim ve ekonomi gibi alanlarda | tüm farklı kesimleri kapsayan özgürlükçü anayasa | çoğunluğa karşı farklı olan grupların korunması",çatışmalı ortamı diyalogla sonlandırma aşaması,'barış süreci' → çatışmalı ortamı diyalogla sonlandırma aşaması.
offline_13643,Siyaset,5,prompt+answers,Berambera rast a biwêja 'insan hakları' kîjan e?,dernekler ve inisiyatiflerle yönetime müdahil olma | kaynakların ve hakların eşit paylaşılması ilkesi | toplumun dışarıdan baskı olmadan kendini yönetmesi | her bireyin doğuştan sahip olduğu evrensel haklar,her bireyin doğuştan sahip olduğu evrensel haklar,'insan hakları' → her bireyin doğuştan sahip olduğu evrensel haklar.
offline_13647,Siyaset,1,prompt+answers,Di qada Siyasetê de 'demokratik uzlaşı' çi îfade dike?,"yasama, yürütme ve yargının bağımsız olması | Kadın-erkek eşit temsili ve ortak yönetimi | ortak yararda partilerin bir araya gelmesi | sorunları diyalog yoluyla çözme yöntemi",ortak yararda partilerin bir araya gelmesi,'demokratik uzlaşı' → ortak yararda partilerin bir araya gelmesi.
offline_13649,Siyaset,3,prompt+answers,Ji bo Siyasetê derbarê 'eş başkanlık' de vebijêrka rast kîjan e?,"temel hakları listeleyen kurucu belge | Meclisler, örgütlenme ve müzakere | yönetimde eşit temsil sistemidir | Kürt siyasi yapıları ve belediyeler",yönetimde eşit temsil sistemidir,'eş başkanlık' → yönetimde eşit temsil sistemidir.
offline_13654,Siyaset,3,prompt+answers,Têgiha 'anadili hakkı' çi pêk tîne?,yerelde kendi kendini yönetme ve karar alma statüsü | toplumun dışarıdan baskı olmadan kendini yönetmesi | vatandaşların karar alma süreçlerine müdahil olması | resmi ve kamusal alanlarda anadilinin kullanılması,resmi ve kamusal alanlarda anadilinin kullanılması,'anadili hakkı' → resmi ve kamusal alanlarda anadilinin kullanılması.
offline_13657,Siyaset,4,prompt+answers,Di qada Siyasetê de 'toplumsal uzlaşı' çi îfade dike?,barışçıl çözüm için toplumun ortak karara varması | bütçe harcamalarını halkın meclislerle belirlemesi | Farklı kimlik ve inançların bir arada yaşamasını | dernekler ve inisiyatiflerle yönetime müdahil olma,barışçıl çözüm için toplumun ortak karara varması,'toplumsal uzlaşı' → barışçıl çözüm için toplumun ortak karara varması.
offline_13673,Siyaset,5,prompt+answers,'anadilinde eğitim' bi tevahî li derveyî zanîna siyasetê ye.,Rast | Şaş,Şaş,'anadilinde eğitim' için sorudaki iddia doğru değildir; doğru cevap 'Şaş'tır.
offline_13691,Siyaset,3,answers,Derbarê 'demokratik siyaset' de kîjan rast e?,Yasal düzenlemeler ve demokratik entegrasyon adımları | belediyeler ve yerel kurulların oluşturduğu yönetim | baskı ve tasfiye yerine diyalogu seçen siyaset tarzı | siyasette kadın katılımını güvenceye alan yasal oran,baskı ve tasfiye yerine diyalogu seçen siyaset tarzı,'demokratik siyaset' → baskı ve tasfiye yerine diyalogu seçen siyaset tarzı.
offline_13729,Siyaset,5,answers,Derbarê 'müzakere' de ravekirina rast kîjan e?,"Kadın özgürlüğü ve çoğulcu öz yönetimle | Kadın-erkek eşit temsili ve ortak yönetimi | Devleti aşan, ona alternatif bir öz yönetim | sorunları diyalog yoluyla çözme yöntemi",sorunları diyalog yoluyla çözme yöntemi,'müzakere' → sorunları diyalog yoluyla çözme yöntemi.
offline_13732,Siyaset,5,prompt+answers,Li jêr kîjan têgiha 'özyönetim hakkı' rave dike?,her bireyin doğuştan sahip olduğu evrensel haklar | toplumun dışarıdan baskı olmadan kendini yönetmesi | Farklı halkların eşit ve dayanışmacı birlikteliğini | dernekler ve inisiyatiflerle yönetime müdahil olma,toplumun dışarıdan baskı olmadan kendini yönetmesi,'özyönetim hakkı' → toplumun dışarıdan baskı olmadan kendini yönetmesi.
offline_13738,Siyaset,5,answers,"'demokratik muhalefet', Siyaset ile ilgili gerçek bir terimdir.",Rast | Şaş,Rast,'demokratik muhalefet' Siyaset alanında geçerli bir kavramdır.
offline_13745,Siyaset,5,prompt+answers,Derbarê 'çoğulculuk' de agahiya herî rast kîjan e?,Yasal düzenlemeler ve demokratik entegrasyon adımları | Demokratik konfederalizm ve demokratik ulus tartışması | Farklı halkların eşit ve dayanışmacı birlikteliğini | farklı kimliklerin ve inançların eşit kabul edilmesi,farklı kimliklerin ve inançların eşit kabul edilmesi,'çoğulculuk' → farklı kimliklerin ve inançların eşit kabul edilmesi.
offline_13753,Siyaset,3,answers,Kîjan têgeha 'sivil itaatsizlik' di nav siyasetê de rast bi cih dike?,halkın sadece seçimlerle yönetime katıldığı sistem | bütçe harcamalarını halkın meclislerle belirlemesi | dernekler ve inisiyatiflerle yönetime müdahil olma | adaletsiz yasalara karşı barışçıl protesto biçimi,adaletsiz yasalara karşı barışçıl protesto biçimi,'sivil itaatsizlik' → adaletsiz yasalara karşı barışçıl protesto biçimi.
offline_13756,Siyaset,1,answers,'yerel meclisler' bi tevahî li derveyî zanîna siyasetê ye.,Rast | Şaş,Şaş,'yerel meclisler' için sorudaki iddia doğru değildir; doğru cevap 'Şaş'tır.
offline_13757,Siyaset,3,answers,"'Idari özerklik', Siyaset ile ilgili gerçek bir terimdir.",Rast | Şaş,Rast,'Idari özerklik' Siyaset alanında geçerli bir kavramdır.
offline_13767,Siyaset,4,prompt+answers,'Barış hakkı' ji aliyê Siyasetê ve biwêjek bêwate ye.,Rast | Şaş,Şaş,'Barış hakkı' için sorudaki iddia doğru değildir; doğru cevap 'Şaş'tır.
offline_13777,Siyaset,2,answers,Der barê 'demokratik ittifaklar' de ji bo siyasetê bijardeya rast kîjan e?,"yerel bütçe ve hizmetleri kendi yönetme hakkı | çoğunluğa karşı farklı olan grupların korunması | protesto, örgütlenme ve ifade özgürlüğü hakları | farklı muhalif grupların ortak barış platformu",farklı muhalif grupların ortak barış platformu,'demokratik ittifaklar' → farklı muhalif grupların ortak barış platformu.
offline_13783,Siyaset,3,answers,Berambera rast a biwêja 'yerel irade' kîjan e?,geçmişteki acıları araştırıp toplumsal barışı kuran kurul | farklı etnik ve inanç gruplarının huzurlu birlikteliği | resmi yönetime karşı halkın barışçıl tepki örgütlenmesi | merkezden atanan kayyum yerine seçilmiş yerel yönetici gücü,merkezden atanan kayyum yerine seçilmiş yerel yönetici gücü,'yerel irade' → merkezden atanan kayyum yerine seçilmiş yerel yönetici gücü.
offline_13790,Siyaset,2,answers,Kîjan pênase bi 'demokratik muhalefet' re li hev tê?,"mecliste ve sokakta hak arama kanalları | yerel kararların alındığı halk meclisleri | hakların kanunla koruma altına alınması | Devleti aşan, ona alternatif bir öz yönetim",mecliste ve sokakta hak arama kanalları,'demokratik muhalefet' → mecliste ve sokakta hak arama kanalları.
offline_13799,Siyaset,4,answers,'yerel demokrasi' çawa tê pênasekirin?,"kararların halka en yakın birimlerde alınması | halkın siyasi kararlara bizzat dahil olması | Devleti aşan, ona alternatif bir öz yönetim | bağımsız ve tarafsız mahkemelerde savunma hakkı",kararların halka en yakın birimlerde alınması,'yerel demokrasi' → kararların halka en yakın birimlerde alınması.
offline_13813,Siyaset,4,answers,Di çarçoveya Siyasetê de 'yerel yönetim' tê çi wateyê?,Kapitalist modernite ve merkezi ulus-devlet eleştirisi | siyasette dürüstlük ve toplumsal yararı önceleme ilkeleri | belediyeler ve yerel kurulların oluşturduğu yönetim | geçmişteki acıları araştırıp toplumsal barışı kuran kurul,belediyeler ve yerel kurulların oluşturduğu yönetim,'yerel yönetim' → belediyeler ve yerel kurulların oluşturduğu yönetim.
offline_13817,Siyaset,2,prompt+answers,Derbarê 'cinsiyet kotası' de vebijêrka rast kîjan e?,Toplulukların yerel olarak kendi işlerini yönetmesini | siyasette kadın katılımını güvenceye alan yasal oran | toplumun savaşsız bir ortamda yaşama evrensel hakkı | belediyeler ve yerel kurulların oluşturduğu yönetim,siyasette kadın katılımını güvenceye alan yasal oran,'cinsiyet kotası' → siyasette kadın katılımını güvenceye alan yasal oran.
offline_13839,Siyaset,2,answers,Di qada siyasetê de 'Demokratik ittifaklar' wek têgeheke derbasdar cih digire.,Rast | Şaş,Rast,'Demokratik ittifaklar' Siyaset alanında geçerli bir kavramdır.
offline_curated_20002,Ziman,3,answers,Di xwendina ziman de têgeha 'ergatîf' wekî mijareke bingehîn dikare were nirxandin.,Rast | Şaş,Rast,'ergatîf' di vê kategoriyê de têgeheke giring e.
offline_curated_20003,Ziman,4,answers,Ravekirina 'avahiya rêzimanî ya ku kirdeya lêkerên gerguhêz di dema borî de tewandî nîşan dide' bi tevahî ji qada ziman dûr e.,Rast | Şaş,Şaş,Ev ravekirin bi 'ergatîf' û qada ziman re girêdayî ye.
offline_curated_20007,Ziman,3,answers,Di xwendina ziman de têgeha 'ergatîf' wekî mijareke bingehîn dikare were nirxandin.,Rast | Şaş,Rast,'ergatîf' di vê kategoriyê de têgeheke giring e.
offline_curated_20008,Ziman,4,answers,Ravekirina 'avahiya rêzimanî ya ku kirdeya lêkerên gerguhêz di dema borî de tewandî nîşan dide' bi tevahî ji qada ziman dûr e.,Rast | Şaş,Şaş,Ev ravekirin bi 'ergatîf' û qada ziman re girêdayî ye.
offline_curated_20012,Ziman,3,answers,Di xwendina ziman de têgeha 'ergatîf' wekî mijareke bingehîn dikare were nirxandin.,Rast | Şaş,Rast,'ergatîf' di vê kategoriyê de têgeheke giring e.
offline_curated_20013,Ziman,4,answers,Ravekirina 'avahiya rêzimanî ya ku kirdeya lêkerên gerguhêz di dema borî de tewandî nîşan dide' bi tevahî ji qada ziman dûr e.,Rast | Şaş,Şaş,Ev ravekirin bi 'ergatîf' û qada ziman re girêdayî ye.
offline_curated_20017,Ziman,3,answers,"Di gotûbêja dersê de, di xwendina ziman de têgeha 'ergatîf' wekî mijareke bingehîn dikare were nirxandin.",Rast | Şaş,Rast,'ergatîf' di vê kategoriyê de têgeheke giring e.
offline_curated_20018,Ziman,4,answers,"Di gotûbêja dersê de, ravekirina 'avahiya rêzimanî ya ku kirdeya lêkerên gerguhêz di dema borî de tewandî nîşan dide' bi tevahî ji qada ziman dûr e.",Rast | Şaş,Şaş,Ev ravekirin bi 'ergatîf' û qada ziman re girêdayî ye.
offline_curated_20022,Ziman,3,answers,"Di nirxandina xwendekaran de, di xwendina ziman de têgeha 'ergatîf' wekî mijareke bingehîn dikare were nirxandin.",Rast | Şaş,Rast,'ergatîf' di vê kategoriyê de têgeheke giring e.
offline_curated_20023,Ziman,4,answers,"Di nirxandina xwendekaran de, ravekirina 'avahiya rêzimanî ya ku kirdeya lêkerên gerguhêz di dema borî de tewandî nîşan dide' bi tevahî ji qada ziman dûr e.",Rast | Şaş,Şaş,Ev ravekirin bi 'ergatîf' û qada ziman re girêdayî ye.
offline_curated_20027,Ziman,4,answers,Di xwendina ziman de têgeha 'tewandin' wekî mijareke bingehîn dikare were nirxandin.,Rast | Şaş,Rast,'tewandin' di vê kategoriyê de têgeheke giring e.
offline_curated_20028,Ziman,5,answers,Ravekirina 'guhertina paşgira navdêr an cînavkan li gorî rola wan a di hevokê de' bi tevahî ji qada ziman dûr e.,Rast | Şaş,Şaş,Ev ravekirin bi 'tewandin' û qada ziman re girêdayî ye.
offline_curated_20032,Ziman,4,answers,Di xwendina ziman de têgeha 'tewandin' wekî mijareke bingehîn dikare were nirxandin.,Rast | Şaş,Rast,'tewandin' di vê kategoriyê de têgeheke giring e.
offline_curated_20033,Ziman,5,answers,Ravekirina 'guhertina paşgira navdêr an cînavkan li gorî rola wan a di hevokê de' bi tevahî ji qada ziman dûr e.,Rast | Şaş,Şaş,Ev ravekirin bi 'tewandin' û qada ziman re girêdayî ye.
offline_curated_20037,Ziman,4,answers,Di xwendina ziman de têgeha 'tewandin' wekî mijareke bingehîn dikare were nirxandin.,Rast | Şaş,Rast,'tewandin' di vê kategoriyê de têgeheke giring e.
offline_curated_20038,Ziman,5,answers,Ravekirina 'guhertina paşgira navdêr an cînavkan li gorî rola wan a di hevokê de' bi tevahî ji qada ziman dûr e.,Rast | Şaş,Şaş,Ev ravekirin bi 'tewandin' û qada ziman re girêdayî ye.
offline_curated_20042,Ziman,4,answers,"Di gotûbêja dersê de, di xwendina ziman de têgeha 'tewandin' wekî mijareke bingehîn dikare were nirxandin.",Rast | Şaş,Rast,'tewandin' di vê kategoriyê de têgeheke giring e.
offline_curated_20043,Ziman,5,answers,"Di gotûbêja dersê de, ravekirina 'guhertina paşgira navdêr an cînavkan li gorî rola wan a di hevokê de' bi tevahî ji qada ziman dûr e.",Rast | Şaş,Şaş,Ev ravekirin bi 'tewandin' û qada ziman re girêdayî ye.
offline_curated_20047,Ziman,4,answers,"Di nirxandina xwendekaran de, di xwendina ziman de têgeha 'tewandin' wekî mijareke bingehîn dikare were nirxandin.",Rast | Şaş,Rast,'tewandin' di vê kategoriyê de têgeheke giring e.
offline_curated_20048,Ziman,5,answers,"Di nirxandina xwendekaran de, ravekirina 'guhertina paşgira navdêr an cînavkan li gorî rola wan a di hevokê de' bi tevahî ji qada ziman dûr e.",Rast | Şaş,Şaş,Ev ravekirin bi 'tewandin' û qada ziman re girêdayî ye.
offline_curated_20052,Ziman,5,answers,Di xwendina ziman de têgeha 'ezafe' wekî mijareke bingehîn dikare were nirxandin.,Rast | Şaş,Rast,'ezafe' di vê kategoriyê de têgeheke giring e.
offline_curated_20053,Ziman,1,answers,Ravekirina 'têkiliya artêla mê (a) û nêr (ê) ya ku navdêran bi hev ve girê dide' bi tevahî ji qada ziman dûr e.,Rast | Şaş,Şaş,Ev ravekirin bi 'ezafe' û qada ziman re girêdayî ye.
offline_curated_20057,Ziman,5,answers,Di xwendina ziman de têgeha 'ezafe' wekî mijareke bingehîn dikare were nirxandin.,Rast | Şaş,Rast,'ezafe' di vê kategoriyê de têgeheke giring e.
offline_curated_20058,Ziman,1,answers,Ravekirina 'têkiliya artêla mê (a) û nêr (ê) ya ku navdêran bi hev ve girê dide' bi tevahî ji qada ziman dûr e.,Rast | Şaş,Şaş,Ev ravekirin bi 'ezafe' û qada ziman re girêdayî ye.
offline_curated_20062,Ziman,5,answers,Di xwendina ziman de têgeha 'ezafe' wekî mijareke bingehîn dikare were nirxandin.,Rast | Şaş,Rast,'ezafe' di vê kategoriyê de têgeheke giring e.
offline_curated_20063,Ziman,1,answers,Ravekirina 'têkiliya artêla mê (a) û nêr (ê) ya ku navdêran bi hev ve girê dide' bi tevahî ji qada ziman dûr e.,Rast | Şaş,Şaş,Ev ravekirin bi 'ezafe' û qada ziman re girêdayî ye.
offline_curated_20067,Ziman,5,answers,"Di gotûbêja dersê de, di xwendina ziman de têgeha 'ezafe' wekî mijareke bingehîn dikare were nirxandin.",Rast | Şaş,Rast,'ezafe' di vê kategoriyê de têgeheke giring e.
offline_curated_20068,Ziman,1,answers,"Di gotûbêja dersê de, ravekirina 'têkiliya artêla mê (a) û nêr (ê) ya ku navdêran bi hev ve girê dide' bi tevahî ji qada ziman dûr e.",Rast | Şaş,Şaş,Ev ravekirin bi 'ezafe' û qada ziman re girêdayî ye.
offline_curated_20072,Ziman,5,answers,"Di nirxandina xwendekaran de, di xwendina ziman de têgeha 'ezafe' wekî mijareke bingehîn dikare were nirxandin.",Rast | Şaş,Rast,'ezafe' di vê kategoriyê de têgeheke giring e.
offline_curated_20073,Ziman,1,answers,"Di nirxandina xwendekaran de, ravekirina 'têkiliya artêla mê (a) û nêr (ê) ya ku navdêran bi hev ve girê dide' bi tevahî ji qada ziman dûr e.",Rast | Şaş,Şaş,Ev ravekirin bi 'ezafe' û qada ziman re girêdayî ye.
offline_curated_20077,Ziman,1,answers,Di xwendina ziman de têgeha 'cînavkên tewandî' wekî mijareke bingehîn dikare were nirxandin.,Rast | Şaş,Rast,'cînavkên tewandî' di vê kategoriyê de têgeheke giring e.
offline_curated_20078,Ziman,2,answers,"Ravekirina 'cînavkên wekî 'min, te, wî, wê, me, we, wan' ku di bin tewandinê de ne' bi tevahî ji qada ziman dûr e.",Rast | Şaş,Şaş,Ev ravekirin bi 'cînavkên tewandî' û qada ziman re girêdayî ye.
offline_curated_20082,Ziman,1,answers,Di xwendina ziman de têgeha 'cînavkên tewandî' wekî mijareke bingehîn dikare were nirxandin.,Rast | Şaş,Rast,'cînavkên tewandî' di vê kategoriyê de têgeheke giring e.
offline_curated_20083,Ziman,2,answers,"Ravekirina 'cînavkên wekî 'min, te, wî, wê, me, we, wan' ku di bin tewandinê de ne' bi tevahî ji qada ziman dûr e.",Rast | Şaş,Şaş,Ev ravekirin bi 'cînavkên tewandî' û qada ziman re girêdayî ye.
offline_curated_20087,Ziman,1,answers,Di xwendina ziman de têgeha 'cînavkên tewandî' wekî mijareke bingehîn dikare were nirxandin.,Rast | Şaş,Rast,'cînavkên tewandî' di vê kategoriyê de têgeheke giring e.
offline_curated_20088,Ziman,2,answers,"Ravekirina 'cînavkên wekî 'min, te, wî, wê, me, we, wan' ku di bin tewandinê de ne' bi tevahî ji qada ziman dûr e.",Rast | Şaş,Şaş,Ev ravekirin bi 'cînavkên tewandî' û qada ziman re girêdayî ye.
offline_curated_20092,Ziman,1,answers,"Di gotûbêja dersê de, di xwendina ziman de têgeha 'cînavkên tewandî' wekî mijareke bingehîn dikare were nirxandin.",Rast | Şaş,Rast,'cînavkên tewandî' di vê kategoriyê de têgeheke giring e.
offline_curated_20093,Ziman,2,answers,"Di gotûbêja dersê de, ravekirina 'cînavkên wekî 'min, te, wî, wê, me, we, wan' ku di bin tewandinê de ne' bi tevahî ji qada ziman dûr e.",Rast | Şaş,Şaş,Ev ravekirin bi 'cînavkên tewandî' û qada ziman re girêdayî ye.
offline_curated_20097,Ziman,1,answers,"Di nirxandina xwendekaran de, di xwendina ziman de têgeha 'cînavkên tewandî' wekî mijareke bingehîn dikare were nirxandin.",Rast | Şaş,Rast,'cînavkên tewandî' di vê kategoriyê de têgeheke giring e.
offline_curated_20098,Ziman,2,answers,"Di nirxandina xwendekaran de, ravekirina 'cînavkên wekî 'min, te, wî, wê, me, we, wan' ku di bin tewandinê de ne' bi tevahî ji qada ziman dûr e.",Rast | Şaş,Şaş,Ev ravekirin bi 'cînavkên tewandî' û qada ziman re girêdayî ye.
offline_curated_20102,Ziman,2,answers,Di xwendina ziman de têgeha 'daçekên hevedudanî' wekî mijareke bingehîn dikare were nirxandin.,Rast | Şaş,Rast,'daçekên hevedudanî' di vê kategoriyê de têgeheke giring e.
offline_curated_20103,Ziman,3,answers,"Ravekirina 'peyvên wekî 'di... de, bi... re, ji... re' ku têkiliyên cih nîşan didin' bi tevahî ji qada ziman dûr e.",Rast | Şaş,Şaş,Ev ravekirin bi 'daçekên hevedudanî' û qada ziman re girêdayî ye.
offline_curated_20107,Ziman,2,answers,Di xwendina ziman de têgeha 'daçekên hevedudanî' wekî mijareke bingehîn dikare were nirxandin.,Rast | Şaş,Rast,'daçekên hevedudanî' di vê kategoriyê de têgeheke giring e.
offline_curated_20108,Ziman,3,answers,"Ravekirina 'peyvên wekî 'di... de, bi... re, ji... re' ku têkiliyên cih nîşan didin' bi tevahî ji qada ziman dûr e.",Rast | Şaş,Şaş,Ev ravekirin bi 'daçekên hevedudanî' û qada ziman re girêdayî ye.
offline_curated_20112,Ziman,2,answers,Di xwendina ziman de têgeha 'daçekên hevedudanî' wekî mijareke bingehîn dikare were nirxandin.,Rast | Şaş,Rast,'daçekên hevedudanî' di vê kategoriyê de têgeheke giring e.
offline_curated_20113,Ziman,3,answers,"Ravekirina 'peyvên wekî 'di... de, bi... re, ji... re' ku têkiliyên cih nîşan didin' bi tevahî ji qada ziman dûr e.",Rast | Şaş,Şaş,Ev ravekirin bi 'daçekên hevedudanî' û qada ziman re girêdayî ye.
offline_curated_20117,Ziman,2,answers,"Di gotûbêja dersê de, di xwendina ziman de têgeha 'daçekên hevedudanî' wekî mijareke bingehîn dikare were nirxandin.",Rast | Şaş,Rast,'daçekên hevedudanî' di vê kategoriyê de têgeheke giring e.
offline_curated_20118,Ziman,3,answers,"Di gotûbêja dersê de, ravekirina 'peyvên wekî 'di... de, bi... re, ji... re' ku têkiliyên cih nîşan didin' bi tevahî ji qada ziman dûr e.",Rast | Şaş,Şaş,Ev ravekirin bi 'daçekên hevedudanî' û qada ziman re girêdayî ye.
offline_curated_20122,Ziman,2,answers,"Di nirxandina xwendekaran de, di xwendina ziman de têgeha 'daçekên hevedudanî' wekî mijareke bingehîn dikare were nirxandin.",Rast | Şaş,Rast,'daçekên hevedudanî' di vê kategoriyê de têgeheke giring e.
offline_curated_20123,Ziman,3,answers,"Di nirxandina xwendekaran de, ravekirina 'peyvên wekî 'di... de, bi... re, ji... re' ku têkiliyên cih nîşan didin' bi tevahî ji qada ziman dûr e.",Rast | Şaş,Şaş,Ev ravekirin bi 'daçekên hevedudanî' û qada ziman re girêdayî ye.
offline_curated_20127,Ziman,3,answers,Di xwendina ziman de têgeha 'lêkera gerguhêz' wekî mijareke bingehîn dikare were nirxandin.,Rast | Şaş,Rast,'lêkera gerguhêz' di vê kategoriyê de têgeheke giring e.
offline_curated_20128,Ziman,4,answers,Ravekirina 'lêkerên ku hewcedariya wan bi artêla tewandî heye bo temamkirina wateyê' bi tevahî ji qada ziman dûr e.,Rast | Şaş,Şaş,Ev ravekirin bi 'lêkera gerguhêz' û qada ziman re girêdayî ye.
offline_curated_20132,Ziman,3,answers,Di xwendina ziman de têgeha 'lêkera gerguhêz' wekî mijareke bingehîn dikare were nirxandin.,Rast | Şaş,Rast,'lêkera gerguhêz' di vê kategoriyê de têgeheke giring e.
offline_curated_20133,Ziman,4,answers,Ravekirina 'lêkerên ku hewcedariya wan bi artêla tewandî heye bo temamkirina wateyê' bi tevahî ji qada ziman dûr e.,Rast | Şaş,Şaş,Ev ravekirin bi 'lêkera gerguhêz' û qada ziman re girêdayî ye.
offline_curated_20137,Ziman,3,answers,Di xwendina ziman de têgeha 'lêkera gerguhêz' wekî mijareke bingehîn dikare were nirxandin.,Rast | Şaş,Rast,'lêkera gerguhêz' di vê kategoriyê de têgeheke giring e.
offline_curated_20138,Ziman,4,answers,Ravekirina 'lêkerên ku hewcedariya wan bi artêla tewandî heye bo temamkirina wateyê' bi tevahî ji qada ziman dûr e.,Rast | Şaş,Şaş,Ev ravekirin bi 'lêkera gerguhêz' û qada ziman re girêdayî ye.
offline_curated_20142,Ziman,3,answers,"Di gotûbêja dersê de, di xwendina ziman de têgeha 'lêkera gerguhêz' wekî mijareke bingehîn dikare were nirxandin.",Rast | Şaş,Rast,'lêkera gerguhêz' di vê kategoriyê de têgeheke giring e.
offline_curated_20143,Ziman,4,answers,"Di gotûbêja dersê de, ravekirina 'lêkerên ku hewcedariya wan bi artêla tewandî heye bo temamkirina wateyê' bi tevahî ji qada ziman dûr e.",Rast | Şaş,Şaş,Ev ravekirin bi 'lêkera gerguhêz' û qada ziman re girêdayî ye.
offline_curated_20147,Ziman,3,answers,"Di nirxandina xwendekaran de, di xwendina ziman de têgeha 'lêkera gerguhêz' wekî mijareke bingehîn dikare were nirxandin.",Rast | Şaş,Rast,'lêkera gerguhêz' di vê kategoriyê de têgeheke giring e.
offline_curated_20148,Ziman,4,answers,"Di nirxandina xwendekaran de, ravekirina 'lêkerên ku hewcedariya wan bi artêla tewandî heye bo temamkirina wateyê' bi tevahî ji qada ziman dûr e.",Rast | Şaş,Şaş,Ev ravekirin bi 'lêkera gerguhêz' û qada ziman re girêdayî ye.
offline_curated_20152,Ziman,4,answers,Di xwendina ziman de têgeha 'rênivîsa Hawarê' wekî mijareke bingehîn dikare were nirxandin.,Rast | Şaş,Rast,'rênivîsa Hawarê' di vê kategoriyê de têgeheke giring e.
offline_curated_20153,Ziman,5,answers,Ravekirina 'pergala alfabeya kurdî ya bi tîpên latînî ku ji aliyê Celadet Bedirxan ve hatibû amadekirin' bi tevahî ji qada ziman dûr e.,Rast | Şaş,Şaş,Ev ravekirin bi 'rênivîsa Hawarê' û qada ziman re girêdayî ye.
offline_curated_20157,Ziman,4,answers,Di xwendina ziman de têgeha 'rênivîsa Hawarê' wekî mijareke bingehîn dikare were nirxandin.,Rast | Şaş,Rast,'rênivîsa Hawarê' di vê kategoriyê de têgeheke giring e.
offline_curated_20158,Ziman,5,answers,Ravekirina 'pergala alfabeya kurdî ya bi tîpên latînî ku ji aliyê Celadet Bedirxan ve hatibû amadekirin' bi tevahî ji qada ziman dûr e.,Rast | Şaş,Şaş,Ev ravekirin bi 'rênivîsa Hawarê' û qada ziman re girêdayî ye.
offline_curated_20162,Ziman,4,answers,Di xwendina ziman de têgeha 'rênivîsa Hawarê' wekî mijareke bingehîn dikare were nirxandin.,Rast | Şaş,Rast,'rênivîsa Hawarê' di vê kategoriyê de têgeheke giring e.
offline_curated_20163,Ziman,5,answers,Ravekirina 'pergala alfabeya kurdî ya bi tîpên latînî ku ji aliyê Celadet Bedirxan ve hatibû amadekirin' bi tevahî ji qada ziman dûr e.,Rast | Şaş,Şaş,Ev ravekirin bi 'rênivîsa Hawarê' û qada ziman re girêdayî ye.
offline_curated_20167,Ziman,4,answers,"Di gotûbêja dersê de, di xwendina ziman de têgeha 'rênivîsa Hawarê' wekî mijareke bingehîn dikare were nirxandin.",Rast | Şaş,Rast,'rênivîsa Hawarê' di vê kategoriyê de têgeheke giring e.
offline_curated_20168,Ziman,5,answers,"Di gotûbêja dersê de, ravekirina 'pergala alfabeya kurdî ya bi tîpên latînî ku ji aliyê Celadet Bedirxan ve hatibû amadekirin' bi tevahî ji qada ziman dûr e.",Rast | Şaş,Şaş,Ev ravekirin bi 'rênivîsa Hawarê' û qada ziman re girêdayî ye.
offline_curated_20172,Ziman,4,answers,"Di nirxandina xwendekaran de, di xwendina ziman de têgeha 'rênivîsa Hawarê' wekî mijareke bingehîn dikare were nirxandin.",Rast | Şaş,Rast,'rênivîsa Hawarê' di vê kategoriyê de têgeheke giring e.
offline_curated_20173,Ziman,5,answers,"Di nirxandina xwendekaran de, ravekirina 'pergala alfabeya kurdî ya bi tîpên latînî ku ji aliyê Celadet Bedirxan ve hatibû amadekirin' bi tevahî ji qada ziman dûr e.",Rast | Şaş,Şaş,Ev ravekirin bi 'rênivîsa Hawarê' û qada ziman re girêdayî ye.
offline_curated_20177,Ziman,5,answers,Di xwendina ziman de têgeha 'cînavkên kesane' wekî mijareke bingehîn dikare were nirxandin.,Rast | Şaş,Rast,'cînavkên kesane' di vê kategoriyê de têgeheke giring e.
offline_curated_20178,Ziman,1,answers,"Ravekirina 'nîşanderên wekî 'ez, tu, ew, em, hûn, ew' ên ku bo kesan tên bikaranîn' bi tevahî ji qada ziman dûr e.",Rast | Şaş,Şaş,Ev ravekirin bi 'cînavkên kesane' û qada ziman re girêdayî ye.
offline_curated_20182,Ziman,5,answers,Di xwendina ziman de têgeha 'cînavkên kesane' wekî mijareke bingehîn dikare were nirxandin.,Rast | Şaş,Rast,'cînavkên kesane' di vê kategoriyê de têgeheke giring e.
offline_curated_20183,Ziman,1,answers,"Ravekirina 'nîşanderên wekî 'ez, tu, ew, em, hûn, ew' ên ku bo kesan tên bikaranîn' bi tevahî ji qada ziman dûr e.",Rast | Şaş,Şaş,Ev ravekirin bi 'cînavkên kesane' û qada ziman re girêdayî ye.
offline_curated_20187,Ziman,5,answers,Di xwendina ziman de têgeha 'cînavkên kesane' wekî mijareke bingehîn dikare were nirxandin.,Rast | Şaş,Rast,'cînavkên kesane' di vê kategoriyê de têgeheke giring e.
offline_curated_20188,Ziman,1,answers,"Ravekirina 'nîşanderên wekî 'ez, tu, ew, em, hûn, ew' ên ku bo kesan tên bikaranîn' bi tevahî ji qada ziman dûr e.",Rast | Şaş,Şaş,Ev ravekirin bi 'cînavkên kesane' û qada ziman re girêdayî ye.
offline_curated_20192,Ziman,5,answers,"Di gotûbêja dersê de, di xwendina ziman de têgeha 'cînavkên kesane' wekî mijareke bingehîn dikare were nirxandin.",Rast | Şaş,Rast,'cînavkên kesane' di vê kategoriyê de têgeheke giring e.
offline_curated_20193,Ziman,1,answers,"Di gotûbêja dersê de, ravekirina 'nîşanderên wekî 'ez, tu, ew, em, hûn, ew' ên ku bo kesan tên bikaranîn' bi tevahî ji qada ziman dûr e.",Rast | Şaş,Şaş,Ev ravekirin bi 'cînavkên kesane' û qada ziman re girêdayî ye.
offline_curated_20197,Ziman,5,answers,"Di nirxandina xwendekaran de, di xwendina ziman de têgeha 'cînavkên kesane' wekî mijareke bingehîn dikare were nirxandin.",Rast | Şaş,Rast,'cînavkên kesane' di vê kategoriyê de têgeheke giring e.
offline_curated_20198,Ziman,1,answers,"Di nirxandina xwendekaran de, ravekirina 'nîşanderên wekî 'ez, tu, ew, em, hûn, ew' ên ku bo kesan tên bikaranîn' bi tevahî ji qada ziman dûr e.",Rast | Şaş,Şaş,Ev ravekirin bi 'cînavkên kesane' û qada ziman re girêdayî ye.
offline_curated_20202,Ziman,1,answers,Di xwendina ziman de têgeha 'dema borî ya dûr' wekî mijareke bingehîn dikare were nirxandin.,Rast | Şaş,Rast,'dema borî ya dûr' di vê kategoriyê de têgeheke giring e.
offline_curated_20203,Ziman,2,answers,Ravekirina 'avahiya lêkerê ya ku kiryarek di rabirdûyeke pir dûr de nîşan dide' bi tevahî ji qada ziman dûr e.,Rast | Şaş,Şaş,Ev ravekirin bi 'dema borî ya dûr' û qada ziman re girêdayî ye.
offline_curated_20207,Ziman,1,answers,Di xwendina ziman de têgeha 'dema borî ya dûr' wekî mijareke bingehîn dikare were nirxandin.,Rast | Şaş,Rast,'dema borî ya dûr' di vê kategoriyê de têgeheke giring e.
offline_curated_20208,Ziman,2,answers,Ravekirina 'avahiya lêkerê ya ku kiryarek di rabirdûyeke pir dûr de nîşan dide' bi tevahî ji qada ziman dûr e.,Rast | Şaş,Şaş,Ev ravekirin bi 'dema borî ya dûr' û qada ziman re girêdayî ye.
offline_curated_20212,Ziman,1,answers,Di xwendina ziman de têgeha 'dema borî ya dûr' wekî mijareke bingehîn dikare were nirxandin.,Rast | Şaş,Rast,'dema borî ya dûr' di vê kategoriyê de têgeheke giring e.
offline_curated_20213,Ziman,2,answers,Ravekirina 'avahiya lêkerê ya ku kiryarek di rabirdûyeke pir dûr de nîşan dide' bi tevahî ji qada ziman dûr e.,Rast | Şaş,Şaş,Ev ravekirin bi 'dema borî ya dûr' û qada ziman re girêdayî ye.
offline_curated_20217,Ziman,1,answers,"Di gotûbêja dersê de, di xwendina ziman de têgeha 'dema borî ya dûr' wekî mijareke bingehîn dikare were nirxandin.",Rast | Şaş,Rast,'dema borî ya dûr' di vê kategoriyê de têgeheke giring e.
offline_curated_20218,Ziman,2,answers,"Di gotûbêja dersê de, ravekirina 'avahiya lêkerê ya ku kiryarek di rabirdûyeke pir dûr de nîşan dide' bi tevahî ji qada ziman dûr e.",Rast | Şaş,Şaş,Ev ravekirin bi 'dema borî ya dûr' û qada ziman re girêdayî ye.
offline_curated_20222,Ziman,1,answers,"Di nirxandina xwendekaran de, di xwendina ziman de têgeha 'dema borî ya dûr' wekî mijareke bingehîn dikare were nirxandin.",Rast | Şaş,Rast,'dema borî ya dûr' di vê kategoriyê de têgeheke giring e.
offline_curated_20223,Ziman,2,answers,"Di nirxandina xwendekaran de, ravekirina 'avahiya lêkerê ya ku kiryarek di rabirdûyeke pir dûr de nîşan dide' bi tevahî ji qada ziman dûr e.",Rast | Şaş,Şaş,Ev ravekirin bi 'dema borî ya dûr' û qada ziman re girêdayî ye.
offline_curated_20227,Ziman,2,answers,Di xwendina ziman de têgeha 'paşgirên tewandinê' wekî mijareke bingehîn dikare were nirxandin.,Rast | Şaş,Rast,'paşgirên tewandinê' di vê kategoriyê de têgeheke giring e.
offline_curated_20228,Ziman,3,answers,"Ravekirina 'hêmanên wekî '-î, -ê, -an' ku di tewandina navdêran de cih digirin' bi tevahî ji qada ziman dûr e.",Rast | Şaş,Şaş,Ev ravekirin bi 'paşgirên tewandinê' û qada ziman re girêdayî ye.
offline_curated_20232,Ziman,2,answers,Di xwendina ziman de têgeha 'paşgirên tewandinê' wekî mijareke bingehîn dikare were nirxandin.,Rast | Şaş,Rast,'paşgirên tewandinê' di vê kategoriyê de têgeheke giring e.
offline_curated_20233,Ziman,3,answers,"Ravekirina 'hêmanên wekî '-î, -ê, -an' ku di tewandina navdêran de cih digirin' bi tevahî ji qada ziman dûr e.",Rast | Şaş,Şaş,Ev ravekirin bi 'paşgirên tewandinê' û qada ziman re girêdayî ye.
offline_curated_20237,Ziman,2,answers,Di xwendina ziman de têgeha 'paşgirên tewandinê' wekî mijareke bingehîn dikare were nirxandin.,Rast | Şaş,Rast,'paşgirên tewandinê' di vê kategoriyê de têgeheke giring e.
offline_curated_20238,Ziman,3,answers,"Ravekirina 'hêmanên wekî '-î, -ê, -an' ku di tewandina navdêran de cih digirin' bi tevahî ji qada ziman dûr e.",Rast | Şaş,Şaş,Ev ravekirin bi 'paşgirên tewandinê' û qada ziman re girêdayî ye.
offline_curated_20242,Ziman,2,answers,"Di gotûbêja dersê de, di xwendina ziman de têgeha 'paşgirên tewandinê' wekî mijareke bingehîn dikare were nirxandin.",Rast | Şaş,Rast,'paşgirên tewandinê' di vê kategoriyê de têgeheke giring e.
offline_curated_20243,Ziman,3,answers,"Di gotûbêja dersê de, ravekirina 'hêmanên wekî '-î, -ê, -an' ku di tewandina navdêran de cih digirin' bi tevahî ji qada ziman dûr e.",Rast | Şaş,Şaş,Ev ravekirin bi 'paşgirên tewandinê' û qada ziman re girêdayî ye.
offline_curated_20247,Ziman,2,answers,"Di nirxandina xwendekaran de, di xwendina ziman de têgeha 'paşgirên tewandinê' wekî mijareke bingehîn dikare were nirxandin.",Rast | Şaş,Rast,'paşgirên tewandinê' di vê kategoriyê de têgeheke giring e.
offline_curated_20248,Ziman,3,answers,"Di nirxandina xwendekaran de, ravekirina 'hêmanên wekî '-î, -ê, -an' ku di tewandina navdêran de cih digirin' bi tevahî ji qada ziman dûr e.",Rast | Şaş,Şaş,Ev ravekirin bi 'paşgirên tewandinê' û qada ziman re girêdayî ye.
offline_curated_20252,Edebiyat,3,answers,Di xwendina edebiyat de têgeha 'Melayê Cizîrî' wekî mijareke bingehîn dikare were nirxandin.,Rast | Şaş,Rast,'Melayê Cizîrî' di vê kategoriyê de têgeheke giring e.
offline_curated_20253,Edebiyat,4,answers,Ravekirina 'helbestvanê mezin ê klasîk ku bi dîwana xwe ya felsefî û tesewifî tê naskirin' bi tevahî ji qada edebiyat dûr e.,Rast | Şaş,Şaş,Ev ravekirin bi 'Melayê Cizîrî' û qada edebiyat re girêdayî ye.
offline_curated_20257,Edebiyat,3,answers,Di xwendina edebiyat de têgeha 'Melayê Cizîrî' wekî mijareke bingehîn dikare were nirxandin.,Rast | Şaş,Rast,'Melayê Cizîrî' di vê kategoriyê de têgeheke giring e.
offline_curated_20258,Edebiyat,4,answers,Ravekirina 'helbestvanê mezin ê klasîk ku bi dîwana xwe ya felsefî û tesewifî tê naskirin' bi tevahî ji qada edebiyat dûr e.,Rast | Şaş,Şaş,Ev ravekirin bi 'Melayê Cizîrî' û qada edebiyat re girêdayî ye.
offline_curated_20262,Edebiyat,3,answers,Di xwendina edebiyat de têgeha 'Melayê Cizîrî' wekî mijareke bingehîn dikare were nirxandin.,Rast | Şaş,Rast,'Melayê Cizîrî' di vê kategoriyê de têgeheke giring e.
offline_curated_20263,Edebiyat,4,answers,Ravekirina 'helbestvanê mezin ê klasîk ku bi dîwana xwe ya felsefî û tesewifî tê naskirin' bi tevahî ji qada edebiyat dûr e.,Rast | Şaş,Şaş,Ev ravekirin bi 'Melayê Cizîrî' û qada edebiyat re girêdayî ye.
offline_curated_20267,Edebiyat,3,answers,"Di gotûbêja dersê de, di xwendina edebiyat de têgeha 'Melayê Cizîrî' wekî mijareke bingehîn dikare were nirxandin.",Rast | Şaş,Rast,'Melayê Cizîrî' di vê kategoriyê de têgeheke giring e.
offline_curated_20268,Edebiyat,4,answers,"Di gotûbêja dersê de, ravekirina 'helbestvanê mezin ê klasîk ku bi dîwana xwe ya felsefî û tesewifî tê naskirin' bi tevahî ji qada edebiyat dûr e.",Rast | Şaş,Şaş,Ev ravekirin bi 'Melayê Cizîrî' û qada edebiyat re girêdayî ye.
offline_curated_20272,Edebiyat,3,answers,"Di nirxandina xwendekaran de, di xwendina edebiyat de têgeha 'Melayê Cizîrî' wekî mijareke bingehîn dikare were nirxandin.",Rast | Şaş,Rast,'Melayê Cizîrî' di vê kategoriyê de têgeheke giring e.
offline_curated_20273,Edebiyat,4,answers,"Di nirxandina xwendekaran de, ravekirina 'helbestvanê mezin ê klasîk ku bi dîwana xwe ya felsefî û tesewifî tê naskirin' bi tevahî ji qada edebiyat dûr e.",Rast | Şaş,Şaş,Ev ravekirin bi 'Melayê Cizîrî' û qada edebiyat re girêdayî ye.
offline_curated_20277,Edebiyat,4,answers,Di xwendina edebiyat de têgeha 'Feqiyê Teyran' wekî mijareke bingehîn dikare were nirxandin.,Rast | Şaş,Rast,'Feqiyê Teyran' di vê kategoriyê de têgeheke giring e.
offline_curated_20278,Edebiyat,5,answers,Ravekirina 'helbestvanê klasîk ê ku bi berhema 'Şêx Sen'an' û axaftina bi çûkan re navdar e' bi tevahî ji qada edebiyat dûr e.,Rast | Şaş,Şaş,Ev ravekirin bi 'Feqiyê Teyran' û qada edebiyat re girêdayî ye.
offline_curated_20282,Edebiyat,4,answers,Di xwendina edebiyat de têgeha 'Feqiyê Teyran' wekî mijareke bingehîn dikare were nirxandin.,Rast | Şaş,Rast,'Feqiyê Teyran' di vê kategoriyê de têgeheke giring e.
offline_curated_20283,Edebiyat,5,answers,Ravekirina 'helbestvanê klasîk ê ku bi berhema 'Şêx Sen'an' û axaftina bi çûkan re navdar e' bi tevahî ji qada edebiyat dûr e.,Rast | Şaş,Şaş,Ev ravekirin bi 'Feqiyê Teyran' û qada edebiyat re girêdayî ye.
offline_curated_20287,Edebiyat,4,answers,Di xwendina edebiyat de têgeha 'Feqiyê Teyran' wekî mijareke bingehîn dikare were nirxandin.,Rast | Şaş,Rast,'Feqiyê Teyran' di vê kategoriyê de têgeheke giring e.
offline_curated_20288,Edebiyat,5,answers,Ravekirina 'helbestvanê klasîk ê ku bi berhema 'Şêx Sen'an' û axaftina bi çûkan re navdar e' bi tevahî ji qada edebiyat dûr e.,Rast | Şaş,Şaş,Ev ravekirin bi 'Feqiyê Teyran' û qada edebiyat re girêdayî ye.
offline_curated_20292,Edebiyat,4,answers,"Di gotûbêja dersê de, di xwendina edebiyat de têgeha 'Feqiyê Teyran' wekî mijareke bingehîn dikare were nirxandin.",Rast | Şaş,Rast,'Feqiyê Teyran' di vê kategoriyê de têgeheke giring e.
offline_curated_20293,Edebiyat,5,answers,"Di gotûbêja dersê de, ravekirina 'helbestvanê klasîk ê ku bi berhema 'Şêx Sen'an' û axaftina bi çûkan re navdar e' bi tevahî ji qada edebiyat dûr e.",Rast | Şaş,Şaş,Ev ravekirin bi 'Feqiyê Teyran' û qada edebiyat re girêdayî ye.
offline_curated_20297,Edebiyat,4,answers,"Di nirxandina xwendekaran de, di xwendina edebiyat de têgeha 'Feqiyê Teyran' wekî mijareke bingehîn dikare were nirxandin.",Rast | Şaş,Rast,'Feqiyê Teyran' di vê kategoriyê de têgeheke giring e.
offline_curated_20298,Edebiyat,5,answers,"Di nirxandina xwendekaran de, ravekirina 'helbestvanê klasîk ê ku bi berhema 'Şêx Sen'an' û axaftina bi çûkan re navdar e' bi tevahî ji qada edebiyat dûr e.",Rast | Şaş,Şaş,Ev ravekirin bi 'Feqiyê Teyran' û qada edebiyat re girêdayî ye.
offline_curated_20302,Edebiyat,5,answers,Di xwendina edebiyat de têgeha 'Ehmedê Xanî' wekî mijareke bingehîn dikare were nirxandin.,Rast | Şaş,Rast,'Ehmedê Xanî' di vê kategoriyê de têgeheke giring e.
offline_curated_20303,Edebiyat,1,answers,Ravekirina 'nivîskarê destana nemir a 'Mem û Zîn' ku hîmê ramanî yê kurdewariyê daniye' bi tevahî ji qada edebiyat dûr e.,Rast | Şaş,Şaş,Ev ravekirin bi 'Ehmedê Xanî' û qada edebiyat re girêdayî ye.
offline_curated_20307,Edebiyat,5,answers,Di xwendina edebiyat de têgeha 'Ehmedê Xanî' wekî mijareke bingehîn dikare were nirxandin.,Rast | Şaş,Rast,'Ehmedê Xanî' di vê kategoriyê de têgeheke giring e.
offline_curated_20308,Edebiyat,1,answers,Ravekirina 'nivîskarê destana nemir a 'Mem û Zîn' ku hîmê ramanî yê kurdewariyê daniye' bi tevahî ji qada edebiyat dûr e.,Rast | Şaş,Şaş,Ev ravekirin bi 'Ehmedê Xanî' û qada edebiyat re girêdayî ye.
offline_curated_20312,Edebiyat,5,answers,Di xwendina edebiyat de têgeha 'Ehmedê Xanî' wekî mijareke bingehîn dikare were nirxandin.,Rast | Şaş,Rast,'Ehmedê Xanî' di vê kategoriyê de têgeheke giring e.
offline_curated_20313,Edebiyat,1,answers,Ravekirina 'nivîskarê destana nemir a 'Mem û Zîn' ku hîmê ramanî yê kurdewariyê daniye' bi tevahî ji qada edebiyat dûr e.,Rast | Şaş,Şaş,Ev ravekirin bi 'Ehmedê Xanî' û qada edebiyat re girêdayî ye.
offline_curated_20317,Edebiyat,5,answers,"Di gotûbêja dersê de, di xwendina edebiyat de têgeha 'Ehmedê Xanî' wekî mijareke bingehîn dikare were nirxandin.",Rast | Şaş,Rast,'Ehmedê Xanî' di vê kategoriyê de têgeheke giring e.
offline_curated_20318,Edebiyat,1,answers,"Di gotûbêja dersê de, ravekirina 'nivîskarê destana nemir a 'Mem û Zîn' ku hîmê ramanî yê kurdewariyê daniye' bi tevahî ji qada edebiyat dûr e.",Rast | Şaş,Şaş,Ev ravekirin bi 'Ehmedê Xanî' û qada edebiyat re girêdayî ye.
offline_curated_20322,Edebiyat,5,answers,"Di nirxandina xwendekaran de, di xwendina edebiyat de têgeha 'Ehmedê Xanî' wekî mijareke bingehîn dikare were nirxandin.",Rast | Şaş,Rast,'Ehmedê Xanî' di vê kategoriyê de têgeheke giring e.
offline_curated_20323,Edebiyat,1,answers,"Di nirxandina xwendekaran de, ravekirina 'nivîskarê destana nemir a 'Mem û Zîn' ku hîmê ramanî yê kurdewariyê daniye' bi tevahî ji qada edebiyat dûr e.",Rast | Şaş,Şaş,Ev ravekirin bi 'Ehmedê Xanî' û qada edebiyat re girêdayî ye.
offline_curated_20327,Edebiyat,1,answers,Di xwendina edebiyat de têgeha 'Melayê Bateyî' wekî mijareke bingehîn dikare were nirxandin.,Rast | Şaş,Rast,'Melayê Bateyî' di vê kategoriyê de têgeheke giring e.
offline_curated_20328,Edebiyat,2,answers,Ravekirina 'helbestvanê ku Mewlûda Kurdî ya yekem bi zaravayê kurmancî nivîsiye' bi tevahî ji qada edebiyat dûr e.,Rast | Şaş,Şaş,Ev ravekirin bi 'Melayê Bateyî' û qada edebiyat re girêdayî ye.
offline_curated_20332,Edebiyat,1,answers,Di xwendina edebiyat de têgeha 'Melayê Bateyî' wekî mijareke bingehîn dikare were nirxandin.,Rast | Şaş,Rast,'Melayê Bateyî' di vê kategoriyê de têgeheke giring e.
offline_curated_20333,Edebiyat,2,answers,Ravekirina 'helbestvanê ku Mewlûda Kurdî ya yekem bi zaravayê kurmancî nivîsiye' bi tevahî ji qada edebiyat dûr e.,Rast | Şaş,Şaş,Ev ravekirin bi 'Melayê Bateyî' û qada edebiyat re girêdayî ye.
offline_curated_20337,Edebiyat,1,answers,Di xwendina edebiyat de têgeha 'Melayê Bateyî' wekî mijareke bingehîn dikare were nirxandin.,Rast | Şaş,Rast,'Melayê Bateyî' di vê kategoriyê de têgeheke giring e.
offline_curated_20338,Edebiyat,2,answers,Ravekirina 'helbestvanê ku Mewlûda Kurdî ya yekem bi zaravayê kurmancî nivîsiye' bi tevahî ji qada edebiyat dûr e.,Rast | Şaş,Şaş,Ev ravekirin bi 'Melayê Bateyî' û qada edebiyat re girêdayî ye.
offline_curated_20342,Edebiyat,1,answers,"Di gotûbêja dersê de, di xwendina edebiyat de têgeha 'Melayê Bateyî' wekî mijareke bingehîn dikare were nirxandin.",Rast | Şaş,Rast,'Melayê Bateyî' di vê kategoriyê de têgeheke giring e.
offline_curated_20343,Edebiyat,2,answers,"Di gotûbêja dersê de, ravekirina 'helbestvanê ku Mewlûda Kurdî ya yekem bi zaravayê kurmancî nivîsiye' bi tevahî ji qada edebiyat dûr e.",Rast | Şaş,Şaş,Ev ravekirin bi 'Melayê Bateyî' û qada edebiyat re girêdayî ye.
offline_curated_20347,Edebiyat,1,answers,"Di nirxandina xwendekaran de, di xwendina edebiyat de têgeha 'Melayê Bateyî' wekî mijareke bingehîn dikare were nirxandin.",Rast | Şaş,Rast,'Melayê Bateyî' di vê kategoriyê de têgeheke giring e.
offline_curated_20348,Edebiyat,2,answers,"Di nirxandina xwendekaran de, ravekirina 'helbestvanê ku Mewlûda Kurdî ya yekem bi zaravayê kurmancî nivîsiye' bi tevahî ji qada edebiyat dûr e.",Rast | Şaş,Şaş,Ev ravekirin bi 'Melayê Bateyî' û qada edebiyat re girêdayî ye.
offline_curated_20352,Edebiyat,2,answers,Di xwendina edebiyat de têgeha 'kovara Hawarê' wekî mijareke bingehîn dikare were nirxandin.,Rast | Şaş,Rast,'kovara Hawarê' di vê kategoriyê de têgeheke giring e.
offline_curated_20353,Edebiyat,3,answers,Ravekirina 'kovara edebî û çandî ya ku di sala 1932an de li Şamê bi destê Bedirxaniyan derketiye' bi tevahî ji qada edebiyat dûr e.,Rast | Şaş,Şaş,Ev ravekirin bi 'kovara Hawarê' û qada edebiyat re girêdayî ye.
offline_curated_20357,Edebiyat,2,answers,Di xwendina edebiyat de têgeha 'kovara Hawarê' wekî mijareke bingehîn dikare were nirxandin.,Rast | Şaş,Rast,'kovara Hawarê' di vê kategoriyê de têgeheke giring e.
offline_curated_20358,Edebiyat,3,answers,Ravekirina 'kovara edebî û çandî ya ku di sala 1932an de li Şamê bi destê Bedirxaniyan derketiye' bi tevahî ji qada edebiyat dûr e.,Rast | Şaş,Şaş,Ev ravekirin bi 'kovara Hawarê' û qada edebiyat re girêdayî ye.
offline_curated_20362,Edebiyat,2,answers,Di xwendina edebiyat de têgeha 'kovara Hawarê' wekî mijareke bingehîn dikare were nirxandin.,Rast | Şaş,Rast,'kovara Hawarê' di vê kategoriyê de têgeheke giring e.
offline_curated_20363,Edebiyat,3,answers,Ravekirina 'kovara edebî û çandî ya ku di sala 1932an de li Şamê bi destê Bedirxaniyan derketiye' bi tevahî ji qada edebiyat dûr e.,Rast | Şaş,Şaş,Ev ravekirin bi 'kovara Hawarê' û qada edebiyat re girêdayî ye.
offline_curated_20367,Edebiyat,2,answers,"Di gotûbêja dersê de, di xwendina edebiyat de têgeha 'kovara Hawarê' wekî mijareke bingehîn dikare were nirxandin.",Rast | Şaş,Rast,'kovara Hawarê' di vê kategoriyê de têgeheke giring e.
offline_curated_20368,Edebiyat,3,answers,"Di gotûbêja dersê de, ravekirina 'kovara edebî û çandî ya ku di sala 1932an de li Şamê bi destê Bedirxaniyan derketiye' bi tevahî ji qada edebiyat dûr e.",Rast | Şaş,Şaş,Ev ravekirin bi 'kovara Hawarê' û qada edebiyat re girêdayî ye.
offline_curated_20372,Edebiyat,2,answers,"Di nirxandina xwendekaran de, di xwendina edebiyat de têgeha 'kovara Hawarê' wekî mijareke bingehîn dikare were nirxandin.",Rast | Şaş,Rast,'kovara Hawarê' di vê kategoriyê de têgeheke giring e.
offline_curated_20373,Edebiyat,3,answers,"Di nirxandina xwendekaran de, ravekirina 'kovara edebî û çandî ya ku di sala 1932an de li Şamê bi destê Bedirxaniyan derketiye' bi tevahî ji qada edebiyat dûr e.",Rast | Şaş,Şaş,Ev ravekirin bi 'kovara Hawarê' û qada edebiyat re girêdayî ye.
offline_curated_20377,Edebiyat,3,answers,Di xwendina edebiyat de têgeha 'Cegerxwîn' wekî mijareke bingehîn dikare were nirxandin.,Rast | Şaş,Rast,'Cegerxwîn' di vê kategoriyê de têgeheke giring e.
offline_curated_20378,Edebiyat,4,answers,Ravekirina 'helbestvanê şoreşger û civakî yê ku helbesta kurdî ya modern biriye qonaxeke nû' bi tevahî ji qada edebiyat dûr e.,Rast | Şaş,Şaş,Ev ravekirin bi 'Cegerxwîn' û qada edebiyat re girêdayî ye.
offline_curated_20382,Edebiyat,3,answers,Di xwendina edebiyat de têgeha 'Cegerxwîn' wekî mijareke bingehîn dikare were nirxandin.,Rast | Şaş,Rast,'Cegerxwîn' di vê kategoriyê de têgeheke giring e.
offline_curated_20383,Edebiyat,4,answers,Ravekirina 'helbestvanê şoreşger û civakî yê ku helbesta kurdî ya modern biriye qonaxeke nû' bi tevahî ji qada edebiyat dûr e.,Rast | Şaş,Şaş,Ev ravekirin bi 'Cegerxwîn' û qada edebiyat re girêdayî ye.
offline_curated_20387,Edebiyat,3,answers,Di xwendina edebiyat de têgeha 'Cegerxwîn' wekî mijareke bingehîn dikare were nirxandin.,Rast | Şaş,Rast,'Cegerxwîn' di vê kategoriyê de têgeheke giring e.
offline_curated_20388,Edebiyat,4,answers,Ravekirina 'helbestvanê şoreşger û civakî yê ku helbesta kurdî ya modern biriye qonaxeke nû' bi tevahî ji qada edebiyat dûr e.,Rast | Şaş,Şaş,Ev ravekirin bi 'Cegerxwîn' û qada edebiyat re girêdayî ye.
offline_curated_20392,Edebiyat,3,answers,"Di gotûbêja dersê de, di xwendina edebiyat de têgeha 'Cegerxwîn' wekî mijareke bingehîn dikare were nirxandin.",Rast | Şaş,Rast,'Cegerxwîn' di vê kategoriyê de têgeheke giring e.
offline_curated_20393,Edebiyat,4,answers,"Di gotûbêja dersê de, ravekirina 'helbestvanê şoreşger û civakî yê ku helbesta kurdî ya modern biriye qonaxeke nû' bi tevahî ji qada edebiyat dûr e.",Rast | Şaş,Şaş,Ev ravekirin bi 'Cegerxwîn' û qada edebiyat re girêdayî ye.
offline_curated_20397,Edebiyat,3,answers,"Di nirxandina xwendekaran de, di xwendina edebiyat de têgeha 'Cegerxwîn' wekî mijareke bingehîn dikare were nirxandin.",Rast | Şaş,Rast,'Cegerxwîn' di vê kategoriyê de têgeheke giring e.
offline_curated_20398,Edebiyat,4,answers,"Di nirxandina xwendekaran de, ravekirina 'helbestvanê şoreşger û civakî yê ku helbesta kurdî ya modern biriye qonaxeke nû' bi tevahî ji qada edebiyat dûr e.",Rast | Şaş,Şaş,Ev ravekirin bi 'Cegerxwîn' û qada edebiyat re girêdayî ye.
offline_curated_20402,Edebiyat,4,answers,Di xwendina edebiyat de têgeha 'Arabê Şamo' wekî mijareke bingehîn dikare were nirxandin.,Rast | Şaş,Rast,'Arabê Şamo' di vê kategoriyê de têgeheke giring e.
offline_curated_20403,Edebiyat,5,answers,Ravekirina 'nivîskarê romana 'Şivanê Kurd' ku wekî romana yekem a kurdî tê qebûlkirin' bi tevahî ji qada edebiyat dûr e.,Rast | Şaş,Şaş,Ev ravekirin bi 'Arabê Şamo' û qada edebiyat re girêdayî ye.
offline_curated_20407,Edebiyat,4,answers,Di xwendina edebiyat de têgeha 'Arabê Şamo' wekî mijareke bingehîn dikare were nirxandin.,Rast | Şaş,Rast,'Arabê Şamo' di vê kategoriyê de têgeheke giring e.
offline_curated_20408,Edebiyat,5,answers,Ravekirina 'nivîskarê romana 'Şivanê Kurd' ku wekî romana yekem a kurdî tê qebûlkirin' bi tevahî ji qada edebiyat dûr e.,Rast | Şaş,Şaş,Ev ravekirin bi 'Arabê Şamo' û qada edebiyat re girêdayî ye.
offline_curated_20412,Edebiyat,4,answers,Di xwendina edebiyat de têgeha 'Arabê Şamo' wekî mijareke bingehîn dikare were nirxandin.,Rast | Şaş,Rast,'Arabê Şamo' di vê kategoriyê de têgeheke giring e.
offline_curated_20413,Edebiyat,5,answers,Ravekirina 'nivîskarê romana 'Şivanê Kurd' ku wekî romana yekem a kurdî tê qebûlkirin' bi tevahî ji qada edebiyat dûr e.,Rast | Şaş,Şaş,Ev ravekirin bi 'Arabê Şamo' û qada edebiyat re girêdayî ye.
offline_curated_20417,Edebiyat,4,answers,"Di gotûbêja dersê de, di xwendina edebiyat de têgeha 'Arabê Şamo' wekî mijareke bingehîn dikare were nirxandin.",Rast | Şaş,Rast,'Arabê Şamo' di vê kategoriyê de têgeheke giring e.
offline_curated_20418,Edebiyat,5,answers,"Di gotûbêja dersê de, ravekirina 'nivîskarê romana 'Şivanê Kurd' ku wekî romana yekem a kurdî tê qebûlkirin' bi tevahî ji qada edebiyat dûr e.",Rast | Şaş,Şaş,Ev ravekirin bi 'Arabê Şamo' û qada edebiyat re girêdayî ye.
offline_curated_20422,Edebiyat,4,answers,"Di nirxandina xwendekaran de, di xwendina edebiyat de têgeha 'Arabê Şamo' wekî mijareke bingehîn dikare were nirxandin.",Rast | Şaş,Rast,'Arabê Şamo' di vê kategoriyê de têgeheke giring e.
offline_curated_20423,Edebiyat,5,answers,"Di nirxandina xwendekaran de, ravekirina 'nivîskarê romana 'Şivanê Kurd' ku wekî romana yekem a kurdî tê qebûlkirin' bi tevahî ji qada edebiyat dûr e.",Rast | Şaş,Şaş,Ev ravekirin bi 'Arabê Şamo' û qada edebiyat re girêdayî ye.
offline_curated_20427,Edebiyat,5,answers,Di xwendina edebiyat de têgeha 'Mehmed Uzun' wekî mijareke bingehîn dikare were nirxandin.,Rast | Şaş,Rast,'Mehmed Uzun' di vê kategoriyê de têgeheke giring e.
offline_curated_20428,Edebiyat,1,answers,Ravekirina 'romannivîsê kurd ê modern ku bi zimanekî kûr û edebî şoreşek di romana kurdî de çêkir' bi tevahî ji qada edebiyat dûr e.,Rast | Şaş,Şaş,Ev ravekirin bi 'Mehmed Uzun' û qada edebiyat re girêdayî ye.
offline_curated_20432,Edebiyat,5,answers,Di xwendina edebiyat de têgeha 'Mehmed Uzun' wekî mijareke bingehîn dikare were nirxandin.,Rast | Şaş,Rast,'Mehmed Uzun' di vê kategoriyê de têgeheke giring e.
offline_curated_20433,Edebiyat,1,answers,Ravekirina 'romannivîsê kurd ê modern ku bi zimanekî kûr û edebî şoreşek di romana kurdî de çêkir' bi tevahî ji qada edebiyat dûr e.,Rast | Şaş,Şaş,Ev ravekirin bi 'Mehmed Uzun' û qada edebiyat re girêdayî ye.
offline_curated_20437,Edebiyat,5,answers,Di xwendina edebiyat de têgeha 'Mehmed Uzun' wekî mijareke bingehîn dikare were nirxandin.,Rast | Şaş,Rast,'Mehmed Uzun' di vê kategoriyê de têgeheke giring e.
offline_curated_20438,Edebiyat,1,answers,Ravekirina 'romannivîsê kurd ê modern ku bi zimanekî kûr û edebî şoreşek di romana kurdî de çêkir' bi tevahî ji qada edebiyat dûr e.,Rast | Şaş,Şaş,Ev ravekirin bi 'Mehmed Uzun' û qada edebiyat re girêdayî ye.
offline_curated_20442,Edebiyat,5,answers,"Di gotûbêja dersê de, di xwendina edebiyat de têgeha 'Mehmed Uzun' wekî mijareke bingehîn dikare were nirxandin.",Rast | Şaş,Rast,'Mehmed Uzun' di vê kategoriyê de têgeheke giring e.
offline_curated_20443,Edebiyat,1,answers,"Di gotûbêja dersê de, ravekirina 'romannivîsê kurd ê modern ku bi zimanekî kûr û edebî şoreşek di romana kurdî de çêkir' bi tevahî ji qada edebiyat dûr e.",Rast | Şaş,Şaş,Ev ravekirin bi 'Mehmed Uzun' û qada edebiyat re girêdayî ye.
offline_curated_20447,Edebiyat,5,answers,"Di nirxandina xwendekaran de, di xwendina edebiyat de têgeha 'Mehmed Uzun' wekî mijareke bingehîn dikare were nirxandin.",Rast | Şaş,Rast,'Mehmed Uzun' di vê kategoriyê de têgeheke giring e.
offline_curated_20448,Edebiyat,1,answers,"Di nirxandina xwendekaran de, ravekirina 'romannivîsê kurd ê modern ku bi zimanekî kûr û edebî şoreşek di romana kurdî de çêkir' bi tevahî ji qada edebiyat dûr e.",Rast | Şaş,Şaş,Ev ravekirin bi 'Mehmed Uzun' û qada edebiyat re girêdayî ye.
offline_curated_20452,Edebiyat,1,answers,Di xwendina edebiyat de têgeha 'şevbêrkên wêjeyî' wekî mijareke bingehîn dikare were nirxandin.,Rast | Şaş,Rast,'şevbêrkên wêjeyî' di vê kategoriyê de têgeheke giring e.
offline_curated_20453,Edebiyat,2,answers,Ravekirina 'civînên şevê yên ku tê de helbest û çîrokên klasîk û modern dihatin xwendin' bi tevahî ji qada edebiyat dûr e.,Rast | Şaş,Şaş,Ev ravekirin bi 'şevbêrkên wêjeyî' û qada edebiyat re girêdayî ye.
offline_curated_20457,Edebiyat,1,answers,Di xwendina edebiyat de têgeha 'şevbêrkên wêjeyî' wekî mijareke bingehîn dikare were nirxandin.,Rast | Şaş,Rast,'şevbêrkên wêjeyî' di vê kategoriyê de têgeheke giring e.
offline_curated_20458,Edebiyat,2,answers,Ravekirina 'civînên şevê yên ku tê de helbest û çîrokên klasîk û modern dihatin xwendin' bi tevahî ji qada edebiyat dûr e.,Rast | Şaş,Şaş,Ev ravekirin bi 'şevbêrkên wêjeyî' û qada edebiyat re girêdayî ye.
offline_curated_20462,Edebiyat,1,answers,Di xwendina edebiyat de têgeha 'şevbêrkên wêjeyî' wekî mijareke bingehîn dikare were nirxandin.,Rast | Şaş,Rast,'şevbêrkên wêjeyî' di vê kategoriyê de têgeheke giring e.
offline_curated_20463,Edebiyat,2,answers,Ravekirina 'civînên şevê yên ku tê de helbest û çîrokên klasîk û modern dihatin xwendin' bi tevahî ji qada edebiyat dûr e.,Rast | Şaş,Şaş,Ev ravekirin bi 'şevbêrkên wêjeyî' û qada edebiyat re girêdayî ye.
offline_curated_20467,Edebiyat,1,answers,"Di gotûbêja dersê de, di xwendina edebiyat de têgeha 'şevbêrkên wêjeyî' wekî mijareke bingehîn dikare were nirxandin.",Rast | Şaş,Rast,'şevbêrkên wêjeyî' di vê kategoriyê de têgeheke giring e.
offline_curated_20468,Edebiyat,2,answers,"Di gotûbêja dersê de, ravekirina 'civînên şevê yên ku tê de helbest û çîrokên klasîk û modern dihatin xwendin' bi tevahî ji qada edebiyat dûr e.",Rast | Şaş,Şaş,Ev ravekirin bi 'şevbêrkên wêjeyî' û qada edebiyat re girêdayî ye.
offline_curated_20472,Edebiyat,1,answers,"Di nirxandina xwendekaran de, di xwendina edebiyat de têgeha 'şevbêrkên wêjeyî' wekî mijareke bingehîn dikare were nirxandin.",Rast | Şaş,Rast,'şevbêrkên wêjeyî' di vê kategoriyê de têgeheke giring e.
offline_curated_20473,Edebiyat,2,answers,"Di nirxandina xwendekaran de, ravekirina 'civînên şevê yên ku tê de helbest û çîrokên klasîk û modern dihatin xwendin' bi tevahî ji qada edebiyat dûr e.",Rast | Şaş,Şaş,Ev ravekirin bi 'şevbêrkên wêjeyî' û qada edebiyat re girêdayî ye.
offline_curated_20477,Edebiyat,2,answers,Di xwendina edebiyat de têgeha 'Helbesta Azad' wekî mijareke bingehîn dikare were nirxandin.,Rast | Şaş,Rast,'Helbesta Azad' di vê kategoriyê de têgeheke giring e.
offline_curated_20478,Edebiyat,3,answers,Ravekirina 'rêbaza helbesta nûjen a bê pîvan û bê qafiye ku bi taybetî li ser peyvan ava dide' bi tevahî ji qada edebiyat dûr e.,Rast | Şaş,Şaş,Ev ravekirin bi 'Helbesta Azad' û qada edebiyat re girêdayî ye.
offline_curated_20482,Edebiyat,2,answers,Di xwendina edebiyat de têgeha 'Helbesta Azad' wekî mijareke bingehîn dikare were nirxandin.,Rast | Şaş,Rast,'Helbesta Azad' di vê kategoriyê de têgeheke giring e.
offline_curated_20483,Edebiyat,3,answers,Ravekirina 'rêbaza helbesta nûjen a bê pîvan û bê qafiye ku bi taybetî li ser peyvan ava dide' bi tevahî ji qada edebiyat dûr e.,Rast | Şaş,Şaş,Ev ravekirin bi 'Helbesta Azad' û qada edebiyat re girêdayî ye.
offline_curated_20487,Edebiyat,2,answers,Di xwendina edebiyat de têgeha 'Helbesta Azad' wekî mijareke bingehîn dikare were nirxandin.,Rast | Şaş,Rast,'Helbesta Azad' di vê kategoriyê de têgeheke giring e.
offline_curated_20488,Edebiyat,3,answers,Ravekirina 'rêbaza helbesta nûjen a bê pîvan û bê qafiye ku bi taybetî li ser peyvan ava dide' bi tevahî ji qada edebiyat dûr e.,Rast | Şaş,Şaş,Ev ravekirin bi 'Helbesta Azad' û qada edebiyat re girêdayî ye.
offline_curated_20492,Edebiyat,2,answers,"Di gotûbêja dersê de, di xwendina edebiyat de têgeha 'Helbesta Azad' wekî mijareke bingehîn dikare were nirxandin.",Rast | Şaş,Rast,'Helbesta Azad' di vê kategoriyê de têgeheke giring e.
offline_curated_20493,Edebiyat,3,answers,"Di gotûbêja dersê de, ravekirina 'rêbaza helbesta nûjen a bê pîvan û bê qafiye ku bi taybetî li ser peyvan ava dide' bi tevahî ji qada edebiyat dûr e.",Rast | Şaş,Şaş,Ev ravekirin bi 'Helbesta Azad' û qada edebiyat re girêdayî ye.
offline_curated_20497,Edebiyat,2,answers,"Di nirxandina xwendekaran de, di xwendina edebiyat de têgeha 'Helbesta Azad' wekî mijareke bingehîn dikare were nirxandin.",Rast | Şaş,Rast,'Helbesta Azad' di vê kategoriyê de têgeheke giring e.
offline_curated_20498,Edebiyat,3,answers,"Di nirxandina xwendekaran de, ravekirina 'rêbaza helbesta nûjen a bê pîvan û bê qafiye ku bi taybetî li ser peyvan ava dide' bi tevahî ji qada edebiyat dûr e.",Rast | Şaş,Şaş,Ev ravekirin bi 'Helbesta Azad' û qada edebiyat re girêdayî ye.
offline_curated_20502,Dîrok,3,answers,Di xwendina dîrok de têgeha 'Împaratoriya Medî' wekî mijareke bingehîn dikare were nirxandin.,Rast | Şaş,Rast,'Împaratoriya Medî' di vê kategoriyê de têgeheke giring e.
offline_curated_20503,Dîrok,4,answers,Ravekirina 'hêza mezin a antik a li çiyayên Zagrosê ku kurd xwe wekî neviyên wan dibînin' bi tevahî ji qada dîrok dûr e.,Rast | Şaş,Şaş,Ev ravekirin bi 'Împaratoriya Medî' û qada dîrok re girêdayî ye.
offline_curated_20507,Dîrok,3,answers,Di xwendina dîrok de têgeha 'Împaratoriya Medî' wekî mijareke bingehîn dikare were nirxandin.,Rast | Şaş,Rast,'Împaratoriya Medî' di vê kategoriyê de têgeheke giring e.
offline_curated_20508,Dîrok,4,answers,Ravekirina 'hêza mezin a antik a li çiyayên Zagrosê ku kurd xwe wekî neviyên wan dibînin' bi tevahî ji qada dîrok dûr e.,Rast | Şaş,Şaş,Ev ravekirin bi 'Împaratoriya Medî' û qada dîrok re girêdayî ye.
offline_curated_20512,Dîrok,3,answers,Di xwendina dîrok de têgeha 'Împaratoriya Medî' wekî mijareke bingehîn dikare were nirxandin.,Rast | Şaş,Rast,'Împaratoriya Medî' di vê kategoriyê de têgeheke giring e.
offline_curated_20513,Dîrok,4,answers,Ravekirina 'hêza mezin a antik a li çiyayên Zagrosê ku kurd xwe wekî neviyên wan dibînin' bi tevahî ji qada dîrok dûr e.,Rast | Şaş,Şaş,Ev ravekirin bi 'Împaratoriya Medî' û qada dîrok re girêdayî ye.
offline_curated_20517,Dîrok,3,answers,"Di gotûbêja dersê de, di xwendina dîrok de têgeha 'Împaratoriya Medî' wekî mijareke bingehîn dikare were nirxandin.",Rast | Şaş,Rast,'Împaratoriya Medî' di vê kategoriyê de têgeheke giring e.
offline_curated_20518,Dîrok,4,answers,"Di gotûbêja dersê de, ravekirina 'hêza mezin a antik a li çiyayên Zagrosê ku kurd xwe wekî neviyên wan dibînin' bi tevahî ji qada dîrok dûr e.",Rast | Şaş,Şaş,Ev ravekirin bi 'Împaratoriya Medî' û qada dîrok re girêdayî ye.
offline_curated_20522,Dîrok,3,answers,"Di nirxandina xwendekaran de, di xwendina dîrok de têgeha 'Împaratoriya Medî' wekî mijareke bingehîn dikare were nirxandin.",Rast | Şaş,Rast,'Împaratoriya Medî' di vê kategoriyê de têgeheke giring e.
offline_curated_20523,Dîrok,4,answers,"Di nirxandina xwendekaran de, ravekirina 'hêza mezin a antik a li çiyayên Zagrosê ku kurd xwe wekî neviyên wan dibînin' bi tevahî ji qada dîrok dûr e.",Rast | Şaş,Şaş,Ev ravekirin bi 'Împaratoriya Medî' û qada dîrok re girêdayî ye.
offline_curated_20527,Dîrok,4,answers,Di xwendina dîrok de têgeha 'Dewleta Merwaniyan' wekî mijareke bingehîn dikare were nirxandin.,Rast | Şaş,Rast,'Dewleta Merwaniyan' di vê kategoriyê de têgeheke giring e.
offline_curated_20528,Dîrok,5,answers,Ravekirina 'xanedaniya kurdî ya serdema navîn ku navenda wê Amed û doralên wê bûn' bi tevahî ji qada dîrok dûr e.,Rast | Şaş,Şaş,Ev ravekirin bi 'Dewleta Merwaniyan' û qada dîrok re girêdayî ye.
offline_curated_20532,Dîrok,4,answers,Di xwendina dîrok de têgeha 'Dewleta Merwaniyan' wekî mijareke bingehîn dikare were nirxandin.,Rast | Şaş,Rast,'Dewleta Merwaniyan' di vê kategoriyê de têgeheke giring e.
offline_curated_20533,Dîrok,5,answers,Ravekirina 'xanedaniya kurdî ya serdema navîn ku navenda wê Amed û doralên wê bûn' bi tevahî ji qada dîrok dûr e.,Rast | Şaş,Şaş,Ev ravekirin bi 'Dewleta Merwaniyan' û qada dîrok re girêdayî ye.
offline_curated_20537,Dîrok,4,answers,Di xwendina dîrok de têgeha 'Dewleta Merwaniyan' wekî mijareke bingehîn dikare were nirxandin.,Rast | Şaş,Rast,'Dewleta Merwaniyan' di vê kategoriyê de têgeheke giring e.
offline_curated_20538,Dîrok,5,answers,Ravekirina 'xanedaniya kurdî ya serdema navîn ku navenda wê Amed û doralên wê bûn' bi tevahî ji qada dîrok dûr e.,Rast | Şaş,Şaş,Ev ravekirin bi 'Dewleta Merwaniyan' û qada dîrok re girêdayî ye.
offline_curated_20542,Dîrok,4,answers,"Di gotûbêja dersê de, di xwendina dîrok de têgeha 'Dewleta Merwaniyan' wekî mijareke bingehîn dikare were nirxandin.",Rast | Şaş,Rast,'Dewleta Merwaniyan' di vê kategoriyê de têgeheke giring e.
offline_curated_20543,Dîrok,5,answers,"Di gotûbêja dersê de, ravekirina 'xanedaniya kurdî ya serdema navîn ku navenda wê Amed û doralên wê bûn' bi tevahî ji qada dîrok dûr e.",Rast | Şaş,Şaş,Ev ravekirin bi 'Dewleta Merwaniyan' û qada dîrok re girêdayî ye.
offline_curated_20547,Dîrok,4,answers,"Di nirxandina xwendekaran de, di xwendina dîrok de têgeha 'Dewleta Merwaniyan' wekî mijareke bingehîn dikare were nirxandin.",Rast | Şaş,Rast,'Dewleta Merwaniyan' di vê kategoriyê de têgeheke giring e.
offline_curated_20548,Dîrok,5,answers,"Di nirxandina xwendekaran de, ravekirina 'xanedaniya kurdî ya serdema navîn ku navenda wê Amed û doralên wê bûn' bi tevahî ji qada dîrok dûr e.",Rast | Şaş,Şaş,Ev ravekirin bi 'Dewleta Merwaniyan' û qada dîrok re girêdayî ye.
offline_curated_20552,Dîrok,5,answers,Di xwendina dîrok de têgeha 'Mîrgeha Botan' wekî mijareke bingehîn dikare were nirxandin.,Rast | Şaş,Rast,'Mîrgeha Botan' di vê kategoriyê de têgeheke giring e.
offline_curated_20553,Dîrok,1,answers,Ravekirina 'mîrnişîna kurdî ya bihêz a ku navenda wê Cizîra Botan bû û xwedî serxwebûneke çandî bû' bi tevahî ji qada dîrok dûr e.,Rast | Şaş,Şaş,Ev ravekirin bi 'Mîrgeha Botan' û qada dîrok re girêdayî ye.
offline_curated_20557,Dîrok,5,answers,Di xwendina dîrok de têgeha 'Mîrgeha Botan' wekî mijareke bingehîn dikare were nirxandin.,Rast | Şaş,Rast,'Mîrgeha Botan' di vê kategoriyê de têgeheke giring e.
offline_curated_20558,Dîrok,1,answers,Ravekirina 'mîrnişîna kurdî ya bihêz a ku navenda wê Cizîra Botan bû û xwedî serxwebûneke çandî bû' bi tevahî ji qada dîrok dûr e.,Rast | Şaş,Şaş,Ev ravekirin bi 'Mîrgeha Botan' û qada dîrok re girêdayî ye.
offline_curated_20562,Dîrok,5,answers,Di xwendina dîrok de têgeha 'Mîrgeha Botan' wekî mijareke bingehîn dikare were nirxandin.,Rast | Şaş,Rast,'Mîrgeha Botan' di vê kategoriyê de têgeheke giring e.
offline_curated_20563,Dîrok,1,answers,Ravekirina 'mîrnişîna kurdî ya bihêz a ku navenda wê Cizîra Botan bû û xwedî serxwebûneke çandî bû' bi tevahî ji qada dîrok dûr e.,Rast | Şaş,Şaş,Ev ravekirin bi 'Mîrgeha Botan' û qada dîrok re girêdayî ye.
offline_curated_20567,Dîrok,5,answers,"Di gotûbêja dersê de, di xwendina dîrok de têgeha 'Mîrgeha Botan' wekî mijareke bingehîn dikare were nirxandin.",Rast | Şaş,Rast,'Mîrgeha Botan' di vê kategoriyê de têgeheke giring e.
offline_curated_20568,Dîrok,1,answers,"Di gotûbêja dersê de, ravekirina 'mîrnişîna kurdî ya bihêz a ku navenda wê Cizîra Botan bû û xwedî serxwebûneke çandî bû' bi tevahî ji qada dîrok dûr e.",Rast | Şaş,Şaş,Ev ravekirin bi 'Mîrgeha Botan' û qada dîrok re girêdayî ye.
offline_curated_20572,Dîrok,5,answers,"Di nirxandina xwendekaran de, di xwendina dîrok de têgeha 'Mîrgeha Botan' wekî mijareke bingehîn dikare were nirxandin.",Rast | Şaş,Rast,'Mîrgeha Botan' di vê kategoriyê de têgeheke giring e.
offline_curated_20573,Dîrok,1,answers,"Di nirxandina xwendekaran de, ravekirina 'mîrnişîna kurdî ya bihêz a ku navenda wê Cizîra Botan bû û xwedî serxwebûneke çandî bû' bi tevahî ji qada dîrok dûr e.",Rast | Şaş,Şaş,Ev ravekirin bi 'Mîrgeha Botan' û qada dîrok re girêdayî ye.
offline_curated_20577,Dîrok,1,answers,Di xwendina dîrok de têgeha 'Şerefname' wekî mijareke bingehîn dikare were nirxandin.,Rast | Şaş,Rast,'Şerefname' di vê kategoriyê de têgeheke giring e.
offline_curated_20578,Dîrok,2,answers,Ravekirina 'pirtûka dîroka mîrgehên kurdî ku di sala 1597an de ji aliyê Şerefxanê Bedlîsî ve hatibû nivîsandin' bi tevahî ji qada dîrok dûr e.,Rast | Şaş,Şaş,Ev ravekirin bi 'Şerefname' û qada dîrok re girêdayî ye.
offline_curated_20582,Dîrok,1,answers,Di xwendina dîrok de têgeha 'Şerefname' wekî mijareke bingehîn dikare were nirxandin.,Rast | Şaş,Rast,'Şerefname' di vê kategoriyê de têgeheke giring e.
offline_curated_20583,Dîrok,2,answers,Ravekirina 'pirtûka dîroka mîrgehên kurdî ku di sala 1597an de ji aliyê Şerefxanê Bedlîsî ve hatibû nivîsandin' bi tevahî ji qada dîrok dûr e.,Rast | Şaş,Şaş,Ev ravekirin bi 'Şerefname' û qada dîrok re girêdayî ye.
offline_curated_20587,Dîrok,1,answers,Di xwendina dîrok de têgeha 'Şerefname' wekî mijareke bingehîn dikare were nirxandin.,Rast | Şaş,Rast,'Şerefname' di vê kategoriyê de têgeheke giring e.
offline_curated_20588,Dîrok,2,answers,Ravekirina 'pirtûka dîroka mîrgehên kurdî ku di sala 1597an de ji aliyê Şerefxanê Bedlîsî ve hatibû nivîsandin' bi tevahî ji qada dîrok dûr e.,Rast | Şaş,Şaş,Ev ravekirin bi 'Şerefname' û qada dîrok re girêdayî ye.
offline_curated_20592,Dîrok,1,answers,"Di gotûbêja dersê de, di xwendina dîrok de têgeha 'Şerefname' wekî mijareke bingehîn dikare were nirxandin.",Rast | Şaş,Rast,'Şerefname' di vê kategoriyê de têgeheke giring e.
offline_curated_20593,Dîrok,2,answers,"Di gotûbêja dersê de, ravekirina 'pirtûka dîroka mîrgehên kurdî ku di sala 1597an de ji aliyê Şerefxanê Bedlîsî ve hatibû nivîsandin' bi tevahî ji qada dîrok dûr e.",Rast | Şaş,Şaş,Ev ravekirin bi 'Şerefname' û qada dîrok re girêdayî ye.
offline_curated_20597,Dîrok,1,answers,"Di nirxandina xwendekaran de, di xwendina dîrok de têgeha 'Şerefname' wekî mijareke bingehîn dikare were nirxandin.",Rast | Şaş,Rast,'Şerefname' di vê kategoriyê de têgeheke giring e.
offline_curated_20598,Dîrok,2,answers,"Di nirxandina xwendekaran de, ravekirina 'pirtûka dîroka mîrgehên kurdî ku di sala 1597an de ji aliyê Şerefxanê Bedlîsî ve hatibû nivîsandin' bi tevahî ji qada dîrok dûr e.",Rast | Şaş,Şaş,Ev ravekirin bi 'Şerefname' û qada dîrok re girêdayî ye.
offline_curated_20602,Dîrok,2,answers,Di xwendina dîrok de têgeha 'Kovara Jîn' wekî mijareke bingehîn dikare were nirxandin.,Rast | Şaş,Rast,'Kovara Jîn' di vê kategoriyê de têgeheke giring e.
offline_curated_20603,Dîrok,3,answers,Ravekirina 'weşana dîrokî ya kurdî ya serdema destpêka sedsala 20an ku li ser mafên neteweyî dinivîsî' bi tevahî ji qada dîrok dûr e.,Rast | Şaş,Şaş,Ev ravekirin bi 'Kovara Jîn' û qada dîrok re girêdayî ye.
offline_curated_20607,Dîrok,2,answers,Di xwendina dîrok de têgeha 'Kovara Jîn' wekî mijareke bingehîn dikare were nirxandin.,Rast | Şaş,Rast,'Kovara Jîn' di vê kategoriyê de têgeheke giring e.
offline_curated_20608,Dîrok,3,answers,Ravekirina 'weşana dîrokî ya kurdî ya serdema destpêka sedsala 20an ku li ser mafên neteweyî dinivîsî' bi tevahî ji qada dîrok dûr e.,Rast | Şaş,Şaş,Ev ravekirin bi 'Kovara Jîn' û qada dîrok re girêdayî ye.
offline_curated_20612,Dîrok,2,answers,Di xwendina dîrok de têgeha 'Kovara Jîn' wekî mijareke bingehîn dikare were nirxandin.,Rast | Şaş,Rast,'Kovara Jîn' di vê kategoriyê de têgeheke giring e.
offline_curated_20613,Dîrok,3,answers,Ravekirina 'weşana dîrokî ya kurdî ya serdema destpêka sedsala 20an ku li ser mafên neteweyî dinivîsî' bi tevahî ji qada dîrok dûr e.,Rast | Şaş,Şaş,Ev ravekirin bi 'Kovara Jîn' û qada dîrok re girêdayî ye.
offline_curated_20617,Dîrok,2,answers,"Di gotûbêja dersê de, di xwendina dîrok de têgeha 'Kovara Jîn' wekî mijareke bingehîn dikare were nirxandin.",Rast | Şaş,Rast,'Kovara Jîn' di vê kategoriyê de têgeheke giring e.
offline_curated_20618,Dîrok,3,answers,"Di gotûbêja dersê de, ravekirina 'weşana dîrokî ya kurdî ya serdema destpêka sedsala 20an ku li ser mafên neteweyî dinivîsî' bi tevahî ji qada dîrok dûr e.",Rast | Şaş,Şaş,Ev ravekirin bi 'Kovara Jîn' û qada dîrok re girêdayî ye.
offline_curated_20622,Dîrok,2,answers,"Di nirxandina xwendekaran de, di xwendina dîrok de têgeha 'Kovara Jîn' wekî mijareke bingehîn dikare were nirxandin.",Rast | Şaş,Rast,'Kovara Jîn' di vê kategoriyê de têgeheke giring e.
offline_curated_20623,Dîrok,3,answers,"Di nirxandina xwendekaran de, ravekirina 'weşana dîrokî ya kurdî ya serdema destpêka sedsala 20an ku li ser mafên neteweyî dinivîsî' bi tevahî ji qada dîrok dûr e.",Rast | Şaş,Şaş,Ev ravekirin bi 'Kovara Jîn' û qada dîrok re girêdayî ye.
offline_curated_20627,Dîrok,3,answers,Di xwendina dîrok de têgeha 'Selaheddînê Eyûbî' wekî mijareke bingehîn dikare were nirxandin.,Rast | Şaş,Rast,'Selaheddînê Eyûbî' di vê kategoriyê de têgeheke giring e.
offline_curated_20628,Dîrok,4,answers,Ravekirina 'serokê mezin ê kurd ku Quds ji xaçperestan rizgar kir û xanedaniya Eyûbiyan ava kir' bi tevahî ji qada dîrok dûr e.,Rast | Şaş,Şaş,Ev ravekirin bi 'Selaheddînê Eyûbî' û qada dîrok re girêdayî ye.
offline_curated_20632,Dîrok,3,answers,Di xwendina dîrok de têgeha 'Selaheddînê Eyûbî' wekî mijareke bingehîn dikare were nirxandin.,Rast | Şaş,Rast,'Selaheddînê Eyûbî' di vê kategoriyê de têgeheke giring e.
offline_curated_20633,Dîrok,4,answers,Ravekirina 'serokê mezin ê kurd ku Quds ji xaçperestan rizgar kir û xanedaniya Eyûbiyan ava kir' bi tevahî ji qada dîrok dûr e.,Rast | Şaş,Şaş,Ev ravekirin bi 'Selaheddînê Eyûbî' û qada dîrok re girêdayî ye.
offline_curated_20637,Dîrok,3,answers,Di xwendina dîrok de têgeha 'Selaheddînê Eyûbî' wekî mijareke bingehîn dikare were nirxandin.,Rast | Şaş,Rast,'Selaheddînê Eyûbî' di vê kategoriyê de têgeheke giring e.
offline_curated_20638,Dîrok,4,answers,Ravekirina 'serokê mezin ê kurd ku Quds ji xaçperestan rizgar kir û xanedaniya Eyûbiyan ava kir' bi tevahî ji qada dîrok dûr e.,Rast | Şaş,Şaş,Ev ravekirin bi 'Selaheddînê Eyûbî' û qada dîrok re girêdayî ye.
offline_curated_20642,Dîrok,3,answers,"Di gotûbêja dersê de, di xwendina dîrok de têgeha 'Selaheddînê Eyûbî' wekî mijareke bingehîn dikare were nirxandin.",Rast | Şaş,Rast,'Selaheddînê Eyûbî' di vê kategoriyê de têgeheke giring e.
offline_curated_20643,Dîrok,4,answers,"Di gotûbêja dersê de, ravekirina 'serokê mezin ê kurd ku Quds ji xaçperestan rizgar kir û xanedaniya Eyûbiyan ava kir' bi tevahî ji qada dîrok dûr e.",Rast | Şaş,Şaş,Ev ravekirin bi 'Selaheddînê Eyûbî' û qada dîrok re girêdayî ye.
offline_curated_20647,Dîrok,3,answers,"Di nirxandina xwendekaran de, di xwendina dîrok de têgeha 'Selaheddînê Eyûbî' wekî mijareke bingehîn dikare were nirxandin.",Rast | Şaş,Rast,'Selaheddînê Eyûbî' di vê kategoriyê de têgeheke giring e.
offline_curated_20648,Dîrok,4,answers,"Di nirxandina xwendekaran de, ravekirina 'serokê mezin ê kurd ku Quds ji xaçperestan rizgar kir û xanedaniya Eyûbiyan ava kir' bi tevahî ji qada dîrok dûr e.",Rast | Şaş,Şaş,Ev ravekirin bi 'Selaheddînê Eyûbî' û qada dîrok re girêdayî ye.
offline_curated_20652,Dîrok,4,answers,Di xwendina dîrok de têgeha 'Mîrê Kor' wekî mijareke bingehîn dikare were nirxandin.,Rast | Şaş,Rast,'Mîrê Kor' di vê kategoriyê de têgeheke giring e.
offline_curated_20653,Dîrok,5,answers,Ravekirina 'mîrê navdar ê Soran ku di sedsala 19an de hewl da yekîtiya kurdî ava bike' bi tevahî ji qada dîrok dûr e.,Rast | Şaş,Şaş,Ev ravekirin bi 'Mîrê Kor' û qada dîrok re girêdayî ye.
offline_curated_20657,Dîrok,4,answers,Di xwendina dîrok de têgeha 'Mîrê Kor' wekî mijareke bingehîn dikare were nirxandin.,Rast | Şaş,Rast,'Mîrê Kor' di vê kategoriyê de têgeheke giring e.
offline_curated_20658,Dîrok,5,answers,Ravekirina 'mîrê navdar ê Soran ku di sedsala 19an de hewl da yekîtiya kurdî ava bike' bi tevahî ji qada dîrok dûr e.,Rast | Şaş,Şaş,Ev ravekirin bi 'Mîrê Kor' û qada dîrok re girêdayî ye.
offline_curated_20662,Dîrok,4,answers,Di xwendina dîrok de têgeha 'Mîrê Kor' wekî mijareke bingehîn dikare were nirxandin.,Rast | Şaş,Rast,'Mîrê Kor' di vê kategoriyê de têgeheke giring e.
offline_curated_20663,Dîrok,5,answers,Ravekirina 'mîrê navdar ê Soran ku di sedsala 19an de hewl da yekîtiya kurdî ava bike' bi tevahî ji qada dîrok dûr e.,Rast | Şaş,Şaş,Ev ravekirin bi 'Mîrê Kor' û qada dîrok re girêdayî ye.
offline_curated_20667,Dîrok,4,answers,"Di gotûbêja dersê de, di xwendina dîrok de têgeha 'Mîrê Kor' wekî mijareke bingehîn dikare were nirxandin.",Rast | Şaş,Rast,'Mîrê Kor' di vê kategoriyê de têgeheke giring e.
offline_curated_20668,Dîrok,5,answers,"Di gotûbêja dersê de, ravekirina 'mîrê navdar ê Soran ku di sedsala 19an de hewl da yekîtiya kurdî ava bike' bi tevahî ji qada dîrok dûr e.",Rast | Şaş,Şaş,Ev ravekirin bi 'Mîrê Kor' û qada dîrok re girêdayî ye.
offline_curated_20672,Dîrok,4,answers,"Di nirxandina xwendekaran de, di xwendina dîrok de têgeha 'Mîrê Kor' wekî mijareke bingehîn dikare were nirxandin.",Rast | Şaş,Rast,'Mîrê Kor' di vê kategoriyê de têgeheke giring e.
offline_curated_20673,Dîrok,5,answers,"Di nirxandina xwendekaran de, ravekirina 'mîrê navdar ê Soran ku di sedsala 19an de hewl da yekîtiya kurdî ava bike' bi tevahî ji qada dîrok dûr e.",Rast | Şaş,Şaş,Ev ravekirin bi 'Mîrê Kor' û qada dîrok re girêdayî ye.
offline_curated_20677,Dîrok,5,answers,Di xwendina dîrok de têgeha 'Rojnameya Kurdistan' wekî mijareke bingehîn dikare were nirxandin.,Rast | Şaş,Rast,'Rojnameya Kurdistan' di vê kategoriyê de têgeheke giring e.
offline_curated_20678,Dîrok,1,answers,Ravekirina 'rojnameya yekem a kurdî ku di sala 1898an de li Qahîreyê ji aliyê Mîqdat Mîdhad Bedirxan ve hat weşandin' bi tevahî ji qada dîrok dûr e.,Rast | Şaş,Şaş,Ev ravekirin bi 'Rojnameya Kurdistan' û qada dîrok re girêdayî ye.
offline_curated_20682,Dîrok,5,answers,Di xwendina dîrok de têgeha 'Rojnameya Kurdistan' wekî mijareke bingehîn dikare were nirxandin.,Rast | Şaş,Rast,'Rojnameya Kurdistan' di vê kategoriyê de têgeheke giring e.
offline_curated_20683,Dîrok,1,answers,Ravekirina 'rojnameya yekem a kurdî ku di sala 1898an de li Qahîreyê ji aliyê Mîqdat Mîdhad Bedirxan ve hat weşandin' bi tevahî ji qada dîrok dûr e.,Rast | Şaş,Şaş,Ev ravekirin bi 'Rojnameya Kurdistan' û qada dîrok re girêdayî ye.
offline_curated_20687,Dîrok,5,answers,Di xwendina dîrok de têgeha 'Rojnameya Kurdistan' wekî mijareke bingehîn dikare were nirxandin.,Rast | Şaş,Rast,'Rojnameya Kurdistan' di vê kategoriyê de têgeheke giring e.
offline_curated_20688,Dîrok,1,answers,Ravekirina 'rojnameya yekem a kurdî ku di sala 1898an de li Qahîreyê ji aliyê Mîqdat Mîdhad Bedirxan ve hat weşandin' bi tevahî ji qada dîrok dûr e.,Rast | Şaş,Şaş,Ev ravekirin bi 'Rojnameya Kurdistan' û qada dîrok re girêdayî ye.
offline_curated_20692,Dîrok,5,answers,"Di gotûbêja dersê de, di xwendina dîrok de têgeha 'Rojnameya Kurdistan' wekî mijareke bingehîn dikare were nirxandin.",Rast | Şaş,Rast,'Rojnameya Kurdistan' di vê kategoriyê de têgeheke giring e.
offline_curated_20693,Dîrok,1,answers,"Di gotûbêja dersê de, ravekirina 'rojnameya yekem a kurdî ku di sala 1898an de li Qahîreyê ji aliyê Mîqdat Mîdhad Bedirxan ve hat weşandin' bi tevahî ji qada dîrok dûr e.",Rast | Şaş,Şaş,Ev ravekirin bi 'Rojnameya Kurdistan' û qada dîrok re girêdayî ye.
offline_curated_20697,Dîrok,5,answers,"Di nirxandina xwendekaran de, di xwendina dîrok de têgeha 'Rojnameya Kurdistan' wekî mijareke bingehîn dikare were nirxandin.",Rast | Şaş,Rast,'Rojnameya Kurdistan' di vê kategoriyê de têgeheke giring e.
offline_curated_20698,Dîrok,1,answers,"Di nirxandina xwendekaran de, ravekirina 'rojnameya yekem a kurdî ku di sala 1898an de li Qahîreyê ji aliyê Mîqdat Mîdhad Bedirxan ve hat weşandin' bi tevahî ji qada dîrok dûr e.",Rast | Şaş,Şaş,Ev ravekirin bi 'Rojnameya Kurdistan' û qada dîrok re girêdayî ye.
offline_curated_20702,Dîrok,1,answers,Di xwendina dîrok de têgeha 'Mîrgeha Erdelanê' wekî mijareke bingehîn dikare were nirxandin.,Rast | Şaş,Rast,'Mîrgeha Erdelanê' di vê kategoriyê de têgeheke giring e.
offline_curated_20703,Dîrok,2,answers,Ravekirina 'mîrnişîneke kevnar a kurdî ya li rojhilat ku navenda wê Sine bû' bi tevahî ji qada dîrok dûr e.,Rast | Şaş,Şaş,Ev ravekirin bi 'Mîrgeha Erdelanê' û qada dîrok re girêdayî ye.
offline_curated_20707,Dîrok,1,answers,Di xwendina dîrok de têgeha 'Mîrgeha Erdelanê' wekî mijareke bingehîn dikare were nirxandin.,Rast | Şaş,Rast,'Mîrgeha Erdelanê' di vê kategoriyê de têgeheke giring e.
offline_curated_20708,Dîrok,2,answers,Ravekirina 'mîrnişîneke kevnar a kurdî ya li rojhilat ku navenda wê Sine bû' bi tevahî ji qada dîrok dûr e.,Rast | Şaş,Şaş,Ev ravekirin bi 'Mîrgeha Erdelanê' û qada dîrok re girêdayî ye.
offline_curated_20712,Dîrok,1,answers,Di xwendina dîrok de têgeha 'Mîrgeha Erdelanê' wekî mijareke bingehîn dikare were nirxandin.,Rast | Şaş,Rast,'Mîrgeha Erdelanê' di vê kategoriyê de têgeheke giring e.
offline_curated_20713,Dîrok,2,answers,Ravekirina 'mîrnişîneke kevnar a kurdî ya li rojhilat ku navenda wê Sine bû' bi tevahî ji qada dîrok dûr e.,Rast | Şaş,Şaş,Ev ravekirin bi 'Mîrgeha Erdelanê' û qada dîrok re girêdayî ye.
offline_curated_20717,Dîrok,1,answers,"Di gotûbêja dersê de, di xwendina dîrok de têgeha 'Mîrgeha Erdelanê' wekî mijareke bingehîn dikare were nirxandin.",Rast | Şaş,Rast,'Mîrgeha Erdelanê' di vê kategoriyê de têgeheke giring e.
offline_curated_20718,Dîrok,2,answers,"Di gotûbêja dersê de, ravekirina 'mîrnişîneke kevnar a kurdî ya li rojhilat ku navenda wê Sine bû' bi tevahî ji qada dîrok dûr e.",Rast | Şaş,Şaş,Ev ravekirin bi 'Mîrgeha Erdelanê' û qada dîrok re girêdayî ye.
offline_curated_20722,Dîrok,1,answers,"Di nirxandina xwendekaran de, di xwendina dîrok de têgeha 'Mîrgeha Erdelanê' wekî mijareke bingehîn dikare were nirxandin.",Rast | Şaş,Rast,'Mîrgeha Erdelanê' di vê kategoriyê de têgeheke giring e.
offline_curated_20723,Dîrok,2,answers,"Di nirxandina xwendekaran de, ravekirina 'mîrnişîneke kevnar a kurdî ya li rojhilat ku navenda wê Sine bû' bi tevahî ji qada dîrok dûr e.",Rast | Şaş,Şaş,Ev ravekirin bi 'Mîrgeha Erdelanê' û qada dîrok re girêdayî ye.
offline_curated_20727,Dîrok,2,answers,Di xwendina dîrok de têgeha 'Peymana Lozanê' wekî mijareke bingehîn dikare were nirxandin.,Rast | Şaş,Rast,'Peymana Lozanê' di vê kategoriyê de têgeheke giring e.
offline_curated_20728,Dîrok,3,answers,Ravekirina 'peymana navdewletî ya sala 1923an ku Kurdistan li ser çar dewletan dabeş kir' bi tevahî ji qada dîrok dûr e.,Rast | Şaş,Şaş,Ev ravekirin bi 'Peymana Lozanê' û qada dîrok re girêdayî ye.
offline_curated_20732,Dîrok,2,answers,Di xwendina dîrok de têgeha 'Peymana Lozanê' wekî mijareke bingehîn dikare were nirxandin.,Rast | Şaş,Rast,'Peymana Lozanê' di vê kategoriyê de têgeheke giring e.
offline_curated_20733,Dîrok,3,answers,Ravekirina 'peymana navdewletî ya sala 1923an ku Kurdistan li ser çar dewletan dabeş kir' bi tevahî ji qada dîrok dûr e.,Rast | Şaş,Şaş,Ev ravekirin bi 'Peymana Lozanê' û qada dîrok re girêdayî ye.
offline_curated_20737,Dîrok,2,answers,Di xwendina dîrok de têgeha 'Peymana Lozanê' wekî mijareke bingehîn dikare were nirxandin.,Rast | Şaş,Rast,'Peymana Lozanê' di vê kategoriyê de têgeheke giring e.
offline_curated_20738,Dîrok,3,answers,Ravekirina 'peymana navdewletî ya sala 1923an ku Kurdistan li ser çar dewletan dabeş kir' bi tevahî ji qada dîrok dûr e.,Rast | Şaş,Şaş,Ev ravekirin bi 'Peymana Lozanê' û qada dîrok re girêdayî ye.
offline_curated_20742,Dîrok,2,answers,"Di gotûbêja dersê de, di xwendina dîrok de têgeha 'Peymana Lozanê' wekî mijareke bingehîn dikare were nirxandin.",Rast | Şaş,Rast,'Peymana Lozanê' di vê kategoriyê de têgeheke giring e.
offline_curated_20743,Dîrok,3,answers,"Di gotûbêja dersê de, ravekirina 'peymana navdewletî ya sala 1923an ku Kurdistan li ser çar dewletan dabeş kir' bi tevahî ji qada dîrok dûr e.",Rast | Şaş,Şaş,Ev ravekirin bi 'Peymana Lozanê' û qada dîrok re girêdayî ye.
offline_curated_20747,Dîrok,2,answers,"Di nirxandina xwendekaran de, di xwendina dîrok de têgeha 'Peymana Lozanê' wekî mijareke bingehîn dikare were nirxandin.",Rast | Şaş,Rast,'Peymana Lozanê' di vê kategoriyê de têgeheke giring e.
offline_curated_20748,Dîrok,3,answers,"Di nirxandina xwendekaran de, ravekirina 'peymana navdewletî ya sala 1923an ku Kurdistan li ser çar dewletan dabeş kir' bi tevahî ji qada dîrok dûr e.",Rast | Şaş,Şaş,Ev ravekirin bi 'Peymana Lozanê' û qada dîrok re girêdayî ye.
offline_curated_20752,Cografya,3,answers,Di xwendina cografya de têgeha 'çiyayên Zagrosê' wekî mijareke bingehîn dikare were nirxandin.,Rast | Şaş,Rast,'çiyayên Zagrosê' di vê kategoriyê de têgeheke giring e.
offline_curated_20753,Cografya,4,answers,Ravekirina 'rêzeçiyayên mezin û asê yên ku sînorê xwezayî yê welatê kurdan pêk tînin' bi tevahî ji qada cografya dûr e.,Rast | Şaş,Şaş,Ev ravekirin bi 'çiyayên Zagrosê' û qada cografya re girêdayî ye.
offline_curated_20757,Cografya,3,answers,Di xwendina cografya de têgeha 'çiyayên Zagrosê' wekî mijareke bingehîn dikare were nirxandin.,Rast | Şaş,Rast,'çiyayên Zagrosê' di vê kategoriyê de têgeheke giring e.
offline_curated_20758,Cografya,4,answers,Ravekirina 'rêzeçiyayên mezin û asê yên ku sînorê xwezayî yê welatê kurdan pêk tînin' bi tevahî ji qada cografya dûr e.,Rast | Şaş,Şaş,Ev ravekirin bi 'çiyayên Zagrosê' û qada cografya re girêdayî ye.
offline_curated_20762,Cografya,3,answers,Di xwendina cografya de têgeha 'çiyayên Zagrosê' wekî mijareke bingehîn dikare were nirxandin.,Rast | Şaş,Rast,'çiyayên Zagrosê' di vê kategoriyê de têgeheke giring e.
offline_curated_20763,Cografya,4,answers,Ravekirina 'rêzeçiyayên mezin û asê yên ku sînorê xwezayî yê welatê kurdan pêk tînin' bi tevahî ji qada cografya dûr e.,Rast | Şaş,Şaş,Ev ravekirin bi 'çiyayên Zagrosê' û qada cografya re girêdayî ye.
offline_curated_20767,Cografya,3,answers,"Di gotûbêja dersê de, di xwendina cografya de têgeha 'çiyayên Zagrosê' wekî mijareke bingehîn dikare were nirxandin.",Rast | Şaş,Rast,'çiyayên Zagrosê' di vê kategoriyê de têgeheke giring e.
offline_curated_20768,Cografya,4,answers,"Di gotûbêja dersê de, ravekirina 'rêzeçiyayên mezin û asê yên ku sînorê xwezayî yê welatê kurdan pêk tînin' bi tevahî ji qada cografya dûr e.",Rast | Şaş,Şaş,Ev ravekirin bi 'çiyayên Zagrosê' û qada cografya re girêdayî ye.
offline_curated_20772,Cografya,3,answers,"Di nirxandina xwendekaran de, di xwendina cografya de têgeha 'çiyayên Zagrosê' wekî mijareke bingehîn dikare were nirxandin.",Rast | Şaş,Rast,'çiyayên Zagrosê' di vê kategoriyê de têgeheke giring e.
offline_curated_20773,Cografya,4,answers,"Di nirxandina xwendekaran de, ravekirina 'rêzeçiyayên mezin û asê yên ku sînorê xwezayî yê welatê kurdan pêk tînin' bi tevahî ji qada cografya dûr e.",Rast | Şaş,Şaş,Ev ravekirin bi 'çiyayên Zagrosê' û qada cografya re girêdayî ye.
offline_curated_20777,Cografya,4,answers,Di xwendina cografya de têgeha 'Newala Dîcleyê' wekî mijareke bingehîn dikare were nirxandin.,Rast | Şaş,Rast,'Newala Dîcleyê' di vê kategoriyê de têgeheke giring e.
offline_curated_20778,Cografya,5,answers,Ravekirina 'geliyê mezin ê ku çemê Dîcleyê tê re diherike û Amedê diparêze' bi tevahî ji qada cografya dûr e.,Rast | Şaş,Şaş,Ev ravekirin bi 'Newala Dîcleyê' û qada cografya re girêdayî ye.
offline_curated_20782,Cografya,4,answers,Di xwendina cografya de têgeha 'Newala Dîcleyê' wekî mijareke bingehîn dikare were nirxandin.,Rast | Şaş,Rast,'Newala Dîcleyê' di vê kategoriyê de têgeheke giring e.
offline_curated_20783,Cografya,5,answers,Ravekirina 'geliyê mezin ê ku çemê Dîcleyê tê re diherike û Amedê diparêze' bi tevahî ji qada cografya dûr e.,Rast | Şaş,Şaş,Ev ravekirin bi 'Newala Dîcleyê' û qada cografya re girêdayî ye.
offline_curated_20787,Cografya,4,answers,Di xwendina cografya de têgeha 'Newala Dîcleyê' wekî mijareke bingehîn dikare were nirxandin.,Rast | Şaş,Rast,'Newala Dîcleyê' di vê kategoriyê de têgeheke giring e.
offline_curated_20788,Cografya,5,answers,Ravekirina 'geliyê mezin ê ku çemê Dîcleyê tê re diherike û Amedê diparêze' bi tevahî ji qada cografya dûr e.,Rast | Şaş,Şaş,Ev ravekirin bi 'Newala Dîcleyê' û qada cografya re girêdayî ye.
offline_curated_20792,Cografya,4,answers,"Di gotûbêja dersê de, di xwendina cografya de têgeha 'Newala Dîcleyê' wekî mijareke bingehîn dikare were nirxandin.",Rast | Şaş,Rast,'Newala Dîcleyê' di vê kategoriyê de têgeheke giring e.
offline_curated_20793,Cografya,5,answers,"Di gotûbêja dersê de, ravekirina 'geliyê mezin ê ku çemê Dîcleyê tê re diherike û Amedê diparêze' bi tevahî ji qada cografya dûr e.",Rast | Şaş,Şaş,Ev ravekirin bi 'Newala Dîcleyê' û qada cografya re girêdayî ye.
offline_curated_20797,Cografya,4,answers,"Di nirxandina xwendekaran de, di xwendina cografya de têgeha 'Newala Dîcleyê' wekî mijareke bingehîn dikare were nirxandin.",Rast | Şaş,Rast,'Newala Dîcleyê' di vê kategoriyê de têgeheke giring e.
offline_curated_20798,Cografya,5,answers,"Di nirxandina xwendekaran de, ravekirina 'geliyê mezin ê ku çemê Dîcleyê tê re diherike û Amedê diparêze' bi tevahî ji qada cografya dûr e.",Rast | Şaş,Şaş,Ev ravekirin bi 'Newala Dîcleyê' û qada cografya re girêdayî ye.
offline_curated_20802,Cografya,5,answers,Di xwendina cografya de têgeha 'Çemê Firatê' wekî mijareke bingehîn dikare were nirxandin.,Rast | Şaş,Rast,'Çemê Firatê' di vê kategoriyê de têgeheke giring e.
offline_curated_20803,Cografya,1,answers,Ravekirina 'yek ji du çemên herî mezin ên Mezopotamyayê ku jiyanê dide axên berdar' bi tevahî ji qada cografya dûr e.,Rast | Şaş,Şaş,Ev ravekirin bi 'Çemê Firatê' û qada cografya re girêdayî ye.
offline_curated_20807,Cografya,5,answers,Di xwendina cografya de têgeha 'Çemê Firatê' wekî mijareke bingehîn dikare were nirxandin.,Rast | Şaş,Rast,'Çemê Firatê' di vê kategoriyê de têgeheke giring e.
offline_curated_20808,Cografya,1,answers,Ravekirina 'yek ji du çemên herî mezin ên Mezopotamyayê ku jiyanê dide axên berdar' bi tevahî ji qada cografya dûr e.,Rast | Şaş,Şaş,Ev ravekirin bi 'Çemê Firatê' û qada cografya re girêdayî ye.
offline_curated_20812,Cografya,5,answers,Di xwendina cografya de têgeha 'Çemê Firatê' wekî mijareke bingehîn dikare were nirxandin.,Rast | Şaş,Rast,'Çemê Firatê' di vê kategoriyê de têgeheke giring e.
offline_curated_20813,Cografya,1,answers,Ravekirina 'yek ji du çemên herî mezin ên Mezopotamyayê ku jiyanê dide axên berdar' bi tevahî ji qada cografya dûr e.,Rast | Şaş,Şaş,Ev ravekirin bi 'Çemê Firatê' û qada cografya re girêdayî ye.
offline_curated_20817,Cografya,5,answers,"Di gotûbêja dersê de, di xwendina cografya de têgeha 'Çemê Firatê' wekî mijareke bingehîn dikare were nirxandin.",Rast | Şaş,Rast,'Çemê Firatê' di vê kategoriyê de têgeheke giring e.
offline_curated_20818,Cografya,1,answers,"Di gotûbêja dersê de, ravekirina 'yek ji du çemên herî mezin ên Mezopotamyayê ku jiyanê dide axên berdar' bi tevahî ji qada cografya dûr e.",Rast | Şaş,Şaş,Ev ravekirin bi 'Çemê Firatê' û qada cografya re girêdayî ye.
offline_curated_20822,Cografya,5,answers,"Di nirxandina xwendekaran de, di xwendina cografya de têgeha 'Çemê Firatê' wekî mijareke bingehîn dikare were nirxandin.",Rast | Şaş,Rast,'Çemê Firatê' di vê kategoriyê de têgeheke giring e.
offline_curated_20823,Cografya,1,answers,"Di nirxandina xwendekaran de, ravekirina 'yek ji du çemên herî mezin ên Mezopotamyayê ku jiyanê dide axên berdar' bi tevahî ji qada cografya dûr e.",Rast | Şaş,Şaş,Ev ravekirin bi 'Çemê Firatê' û qada cografya re girêdayî ye.
offline_curated_20827,Cografya,1,answers,Di xwendina cografya de têgeha 'Çiyayê Cûdî' wekî mijareke bingehîn dikare were nirxandin.,Rast | Şaş,Rast,'Çiyayê Cûdî' di vê kategoriyê de têgeheke giring e.
offline_curated_20828,Cografya,2,answers,Ravekirina 'çiyayê pîroz ê ku li gorî baweriyan keştiya Nûh Pêxember li ser rûniştiye' bi tevahî ji qada cografya dûr e.,Rast | Şaş,Şaş,Ev ravekirin bi 'Çiyayê Cûdî' û qada cografya re girêdayî ye.
offline_curated_20832,Cografya,1,answers,Di xwendina cografya de têgeha 'Çiyayê Cûdî' wekî mijareke bingehîn dikare were nirxandin.,Rast | Şaş,Rast,'Çiyayê Cûdî' di vê kategoriyê de têgeheke giring e.
offline_curated_20833,Cografya,2,answers,Ravekirina 'çiyayê pîroz ê ku li gorî baweriyan keştiya Nûh Pêxember li ser rûniştiye' bi tevahî ji qada cografya dûr e.,Rast | Şaş,Şaş,Ev ravekirin bi 'Çiyayê Cûdî' û qada cografya re girêdayî ye.
offline_curated_20837,Cografya,1,answers,Di xwendina cografya de têgeha 'Çiyayê Cûdî' wekî mijareke bingehîn dikare were nirxandin.,Rast | Şaş,Rast,'Çiyayê Cûdî' di vê kategoriyê de têgeheke giring e.
offline_curated_20838,Cografya,2,answers,Ravekirina 'çiyayê pîroz ê ku li gorî baweriyan keştiya Nûh Pêxember li ser rûniştiye' bi tevahî ji qada cografya dûr e.,Rast | Şaş,Şaş,Ev ravekirin bi 'Çiyayê Cûdî' û qada cografya re girêdayî ye.
offline_curated_20842,Cografya,1,answers,"Di gotûbêja dersê de, di xwendina cografya de têgeha 'Çiyayê Cûdî' wekî mijareke bingehîn dikare were nirxandin.",Rast | Şaş,Rast,'Çiyayê Cûdî' di vê kategoriyê de têgeheke giring e.
offline_curated_20843,Cografya,2,answers,"Di gotûbêja dersê de, ravekirina 'çiyayê pîroz ê ku li gorî baweriyan keştiya Nûh Pêxember li ser rûniştiye' bi tevahî ji qada cografya dûr e.",Rast | Şaş,Şaş,Ev ravekirin bi 'Çiyayê Cûdî' û qada cografya re girêdayî ye.
offline_curated_20847,Cografya,1,answers,"Di nirxandina xwendekaran de, di xwendina cografya de têgeha 'Çiyayê Cûdî' wekî mijareke bingehîn dikare were nirxandin.",Rast | Şaş,Rast,'Çiyayê Cûdî' di vê kategoriyê de têgeheke giring e.
offline_curated_20848,Cografya,2,answers,"Di nirxandina xwendekaran de, ravekirina 'çiyayê pîroz ê ku li gorî baweriyan keştiya Nûh Pêxember li ser rûniştiye' bi tevahî ji qada cografya dûr e.",Rast | Şaş,Şaş,Ev ravekirin bi 'Çiyayê Cûdî' û qada cografya re girêdayî ye.
offline_curated_20852,Cografya,2,answers,Di xwendina cografya de têgeha 'Girê Mirazan' wekî mijareke bingehîn dikare were nirxandin.,Rast | Şaş,Rast,'Girê Mirazan' di vê kategoriyê de têgeheke giring e.
offline_curated_20853,Cografya,3,answers,Ravekirina 'şûna herî kevn a perestgehên mirovahiyê ku li nêzîkî bajarê Rihayê ye' bi tevahî ji qada cografya dûr e.,Rast | Şaş,Şaş,Ev ravekirin bi 'Girê Mirazan' û qada cografya re girêdayî ye.
offline_curated_20857,Cografya,2,answers,Di xwendina cografya de têgeha 'Girê Mirazan' wekî mijareke bingehîn dikare were nirxandin.,Rast | Şaş,Rast,'Girê Mirazan' di vê kategoriyê de têgeheke giring e.
offline_curated_20858,Cografya,3,answers,Ravekirina 'şûna herî kevn a perestgehên mirovahiyê ku li nêzîkî bajarê Rihayê ye' bi tevahî ji qada cografya dûr e.,Rast | Şaş,Şaş,Ev ravekirin bi 'Girê Mirazan' û qada cografya re girêdayî ye.
offline_curated_20862,Cografya,2,answers,Di xwendina cografya de têgeha 'Girê Mirazan' wekî mijareke bingehîn dikare were nirxandin.,Rast | Şaş,Rast,'Girê Mirazan' di vê kategoriyê de têgeheke giring e.
offline_curated_20863,Cografya,3,answers,Ravekirina 'şûna herî kevn a perestgehên mirovahiyê ku li nêzîkî bajarê Rihayê ye' bi tevahî ji qada cografya dûr e.,Rast | Şaş,Şaş,Ev ravekirin bi 'Girê Mirazan' û qada cografya re girêdayî ye.
offline_curated_20867,Cografya,2,answers,"Di gotûbêja dersê de, di xwendina cografya de têgeha 'Girê Mirazan' wekî mijareke bingehîn dikare were nirxandin.",Rast | Şaş,Rast,'Girê Mirazan' di vê kategoriyê de têgeheke giring e.
offline_curated_20868,Cografya,3,answers,"Di gotûbêja dersê de, ravekirina 'şûna herî kevn a perestgehên mirovahiyê ku li nêzîkî bajarê Rihayê ye' bi tevahî ji qada cografya dûr e.",Rast | Şaş,Şaş,Ev ravekirin bi 'Girê Mirazan' û qada cografya re girêdayî ye.
offline_curated_20872,Cografya,2,answers,"Di nirxandina xwendekaran de, di xwendina cografya de têgeha 'Girê Mirazan' wekî mijareke bingehîn dikare were nirxandin.",Rast | Şaş,Rast,'Girê Mirazan' di vê kategoriyê de têgeheke giring e.
offline_curated_20873,Cografya,3,answers,"Di nirxandina xwendekaran de, ravekirina 'şûna herî kevn a perestgehên mirovahiyê ku li nêzîkî bajarê Rihayê ye' bi tevahî ji qada cografya dûr e.",Rast | Şaş,Şaş,Ev ravekirin bi 'Girê Mirazan' û qada cografya re girêdayî ye.
offline_curated_20877,Cografya,3,answers,Di xwendina cografya de têgeha 'Gola Wanê' wekî mijareke bingehîn dikare were nirxandin.,Rast | Şaş,Rast,'Gola Wanê' di vê kategoriyê de têgeheke giring e.
offline_curated_20878,Cografya,4,answers,Ravekirina 'gola herî mezin a herêmê ku avên wê şor û sodadar in' bi tevahî ji qada cografya dûr e.,Rast | Şaş,Şaş,Ev ravekirin bi 'Gola Wanê' û qada cografya re girêdayî ye.
offline_curated_20882,Cografya,3,answers,Di xwendina cografya de têgeha 'Gola Wanê' wekî mijareke bingehîn dikare were nirxandin.,Rast | Şaş,Rast,'Gola Wanê' di vê kategoriyê de têgeheke giring e.
offline_curated_20883,Cografya,4,answers,Ravekirina 'gola herî mezin a herêmê ku avên wê şor û sodadar in' bi tevahî ji qada cografya dûr e.,Rast | Şaş,Şaş,Ev ravekirin bi 'Gola Wanê' û qada cografya re girêdayî ye.
offline_curated_20887,Cografya,3,answers,Di xwendina cografya de têgeha 'Gola Wanê' wekî mijareke bingehîn dikare were nirxandin.,Rast | Şaş,Rast,'Gola Wanê' di vê kategoriyê de têgeheke giring e.
offline_curated_20888,Cografya,4,answers,Ravekirina 'gola herî mezin a herêmê ku avên wê şor û sodadar in' bi tevahî ji qada cografya dûr e.,Rast | Şaş,Şaş,Ev ravekirin bi 'Gola Wanê' û qada cografya re girêdayî ye.
offline_curated_20892,Cografya,3,answers,"Di gotûbêja dersê de, di xwendina cografya de têgeha 'Gola Wanê' wekî mijareke bingehîn dikare were nirxandin.",Rast | Şaş,Rast,'Gola Wanê' di vê kategoriyê de têgeheke giring e.
offline_curated_20893,Cografya,4,answers,"Di gotûbêja dersê de, ravekirina 'gola herî mezin a herêmê ku avên wê şor û sodadar in' bi tevahî ji qada cografya dûr e.",Rast | Şaş,Şaş,Ev ravekirin bi 'Gola Wanê' û qada cografya re girêdayî ye.
offline_curated_20897,Cografya,3,answers,"Di nirxandina xwendekaran de, di xwendina cografya de têgeha 'Gola Wanê' wekî mijareke bingehîn dikare were nirxandin.",Rast | Şaş,Rast,'Gola Wanê' di vê kategoriyê de têgeheke giring e.
offline_curated_20898,Cografya,4,answers,"Di nirxandina xwendekaran de, ravekirina 'gola herî mezin a herêmê ku avên wê şor û sodadar in' bi tevahî ji qada cografya dûr e.",Rast | Şaş,Şaş,Ev ravekirin bi 'Gola Wanê' û qada cografya re girêdayî ye.
offline_curated_20902,Cografya,4,answers,Di xwendina cografya de têgeha 'Çiyayê Sîpanê' wekî mijareke bingehîn dikare were nirxandin.,Rast | Şaş,Rast,'Çiyayê Sîpanê' di vê kategoriyê de têgeheke giring e.
offline_curated_20903,Cografya,5,answers,Ravekirina 'çiyayê volkanîk ê bilind û berfîn ê li bakurê Gola Wanê' bi tevahî ji qada cografya dûr e.,Rast | Şaş,Şaş,Ev ravekirin bi 'Çiyayê Sîpanê' û qada cografya re girêdayî ye.
offline_curated_20907,Cografya,4,answers,Di xwendina cografya de têgeha 'Çiyayê Sîpanê' wekî mijareke bingehîn dikare were nirxandin.,Rast | Şaş,Rast,'Çiyayê Sîpanê' di vê kategoriyê de têgeheke giring e.
offline_curated_20908,Cografya,5,answers,Ravekirina 'çiyayê volkanîk ê bilind û berfîn ê li bakurê Gola Wanê' bi tevahî ji qada cografya dûr e.,Rast | Şaş,Şaş,Ev ravekirin bi 'Çiyayê Sîpanê' û qada cografya re girêdayî ye.
offline_curated_20912,Cografya,4,answers,Di xwendina cografya de têgeha 'Çiyayê Sîpanê' wekî mijareke bingehîn dikare were nirxandin.,Rast | Şaş,Rast,'Çiyayê Sîpanê' di vê kategoriyê de têgeheke giring e.
offline_curated_20913,Cografya,5,answers,Ravekirina 'çiyayê volkanîk ê bilind û berfîn ê li bakurê Gola Wanê' bi tevahî ji qada cografya dûr e.,Rast | Şaş,Şaş,Ev ravekirin bi 'Çiyayê Sîpanê' û qada cografya re girêdayî ye.
offline_curated_20917,Cografya,4,answers,"Di gotûbêja dersê de, di xwendina cografya de têgeha 'Çiyayê Sîpanê' wekî mijareke bingehîn dikare were nirxandin.",Rast | Şaş,Rast,'Çiyayê Sîpanê' di vê kategoriyê de têgeheke giring e.
offline_curated_20918,Cografya,5,answers,"Di gotûbêja dersê de, ravekirina 'çiyayê volkanîk ê bilind û berfîn ê li bakurê Gola Wanê' bi tevahî ji qada cografya dûr e.",Rast | Şaş,Şaş,Ev ravekirin bi 'Çiyayê Sîpanê' û qada cografya re girêdayî ye.
offline_curated_20922,Cografya,4,answers,"Di nirxandina xwendekaran de, di xwendina cografya de têgeha 'Çiyayê Sîpanê' wekî mijareke bingehîn dikare were nirxandin.",Rast | Şaş,Rast,'Çiyayê Sîpanê' di vê kategoriyê de têgeheke giring e.
offline_curated_20923,Cografya,5,answers,"Di nirxandina xwendekaran de, ravekirina 'çiyayê volkanîk ê bilind û berfîn ê li bakurê Gola Wanê' bi tevahî ji qada cografya dûr e.",Rast | Şaş,Şaş,Ev ravekirin bi 'Çiyayê Sîpanê' û qada cografya re girêdayî ye.
offline_curated_20927,Cografya,5,answers,Di xwendina cografya de têgeha 'Geliyê Zapê' wekî mijareke bingehîn dikare were nirxandin.,Rast | Şaş,Rast,'Geliyê Zapê' di vê kategoriyê de têgeheke giring e.
offline_curated_20928,Cografya,1,answers,Ravekirina 'geliyê kûr û teng ê ku ava Zapê ya hov tê re diherike ber bi başûr ve' bi tevahî ji qada cografya dûr e.,Rast | Şaş,Şaş,Ev ravekirin bi 'Geliyê Zapê' û qada cografya re girêdayî ye.
offline_curated_20932,Cografya,5,answers,Di xwendina cografya de têgeha 'Geliyê Zapê' wekî mijareke bingehîn dikare were nirxandin.,Rast | Şaş,Rast,'Geliyê Zapê' di vê kategoriyê de têgeheke giring e.
offline_curated_20933,Cografya,1,answers,Ravekirina 'geliyê kûr û teng ê ku ava Zapê ya hov tê re diherike ber bi başûr ve' bi tevahî ji qada cografya dûr e.,Rast | Şaş,Şaş,Ev ravekirin bi 'Geliyê Zapê' û qada cografya re girêdayî ye.
offline_curated_20937,Cografya,5,answers,Di xwendina cografya de têgeha 'Geliyê Zapê' wekî mijareke bingehîn dikare were nirxandin.,Rast | Şaş,Rast,'Geliyê Zapê' di vê kategoriyê de têgeheke giring e.
offline_curated_20938,Cografya,1,answers,Ravekirina 'geliyê kûr û teng ê ku ava Zapê ya hov tê re diherike ber bi başûr ve' bi tevahî ji qada cografya dûr e.,Rast | Şaş,Şaş,Ev ravekirin bi 'Geliyê Zapê' û qada cografya re girêdayî ye.
offline_curated_20942,Cografya,5,answers,"Di gotûbêja dersê de, di xwendina cografya de têgeha 'Geliyê Zapê' wekî mijareke bingehîn dikare were nirxandin.",Rast | Şaş,Rast,'Geliyê Zapê' di vê kategoriyê de têgeheke giring e.
offline_curated_20943,Cografya,1,answers,"Di gotûbêja dersê de, ravekirina 'geliyê kûr û teng ê ku ava Zapê ya hov tê re diherike ber bi başûr ve' bi tevahî ji qada cografya dûr e.",Rast | Şaş,Şaş,Ev ravekirin bi 'Geliyê Zapê' û qada cografya re girêdayî ye.
offline_curated_20947,Cografya,5,answers,"Di nirxandina xwendekaran de, di xwendina cografya de têgeha 'Geliyê Zapê' wekî mijareke bingehîn dikare were nirxandin.",Rast | Şaş,Rast,'Geliyê Zapê' di vê kategoriyê de têgeheke giring e.
offline_curated_20948,Cografya,1,answers,"Di nirxandina xwendekaran de, ravekirina 'geliyê kûr û teng ê ku ava Zapê ya hov tê re diherike ber bi başûr ve' bi tevahî ji qada cografya dûr e.",Rast | Şaş,Şaş,Ev ravekirin bi 'Geliyê Zapê' û qada cografya re girêdayî ye.
offline_curated_20952,Cografya,1,answers,Di xwendina cografya de têgeha 'Heskîf' wekî mijareke bingehîn dikare were nirxandin.,Rast | Şaş,Rast,'Heskîf' di vê kategoriyê de têgeheke giring e.
offline_curated_20953,Cografya,2,answers,Ravekirina 'bajarê kevnar û dîrokî yê li ser çemê Dîcleyê ku xwedî şikeftên bêhempa ye' bi tevahî ji qada cografya dûr e.,Rast | Şaş,Şaş,Ev ravekirin bi 'Heskîf' û qada cografya re girêdayî ye.
offline_curated_20957,Cografya,1,answers,Di xwendina cografya de têgeha 'Heskîf' wekî mijareke bingehîn dikare were nirxandin.,Rast | Şaş,Rast,'Heskîf' di vê kategoriyê de têgeheke giring e.
offline_curated_20958,Cografya,2,answers,Ravekirina 'bajarê kevnar û dîrokî yê li ser çemê Dîcleyê ku xwedî şikeftên bêhempa ye' bi tevahî ji qada cografya dûr e.,Rast | Şaş,Şaş,Ev ravekirin bi 'Heskîf' û qada cografya re girêdayî ye.
offline_curated_20962,Cografya,1,answers,Di xwendina cografya de têgeha 'Heskîf' wekî mijareke bingehîn dikare were nirxandin.,Rast | Şaş,Rast,'Heskîf' di vê kategoriyê de têgeheke giring e.
offline_curated_20963,Cografya,2,answers,Ravekirina 'bajarê kevnar û dîrokî yê li ser çemê Dîcleyê ku xwedî şikeftên bêhempa ye' bi tevahî ji qada cografya dûr e.,Rast | Şaş,Şaş,Ev ravekirin bi 'Heskîf' û qada cografya re girêdayî ye.
offline_curated_20967,Cografya,1,answers,"Di gotûbêja dersê de, di xwendina cografya de têgeha 'Heskîf' wekî mijareke bingehîn dikare were nirxandin.",Rast | Şaş,Rast,'Heskîf' di vê kategoriyê de têgeheke giring e.
offline_curated_20968,Cografya,2,answers,"Di gotûbêja dersê de, ravekirina 'bajarê kevnar û dîrokî yê li ser çemê Dîcleyê ku xwedî şikeftên bêhempa ye' bi tevahî ji qada cografya dûr e.",Rast | Şaş,Şaş,Ev ravekirin bi 'Heskîf' û qada cografya re girêdayî ye.
offline_curated_20972,Cografya,1,answers,"Di nirxandina xwendekaran de, di xwendina cografya de têgeha 'Heskîf' wekî mijareke bingehîn dikare were nirxandin.",Rast | Şaş,Rast,'Heskîf' di vê kategoriyê de têgeheke giring e.
offline_curated_20973,Cografya,2,answers,"Di nirxandina xwendekaran de, ravekirina 'bajarê kevnar û dîrokî yê li ser çemê Dîcleyê ku xwedî şikeftên bêhempa ye' bi tevahî ji qada cografya dûr e.",Rast | Şaş,Şaş,Ev ravekirin bi 'Heskîf' û qada cografya re girêdayî ye.
offline_curated_20977,Cografya,2,answers,Di xwendina cografya de têgeha 'Qerejdax' wekî mijareke bingehîn dikare were nirxandin.,Rast | Şaş,Rast,'Qerejdax' di vê kategoriyê de têgeheke giring e.
offline_curated_20978,Cografya,3,answers,Ravekirina 'çiyayê volkanîk ê bazaltî ku deşta Amedê ji ya rihayê vediqetîne' bi tevahî ji qada cografya dûr e.,Rast | Şaş,Şaş,Ev ravekirin bi 'Qerejdax' û qada cografya re girêdayî ye.
offline_curated_20982,Cografya,2,answers,Di xwendina cografya de têgeha 'Qerejdax' wekî mijareke bingehîn dikare were nirxandin.,Rast | Şaş,Rast,'Qerejdax' di vê kategoriyê de têgeheke giring e.
offline_curated_20983,Cografya,3,answers,Ravekirina 'çiyayê volkanîk ê bazaltî ku deşta Amedê ji ya rihayê vediqetîne' bi tevahî ji qada cografya dûr e.,Rast | Şaş,Şaş,Ev ravekirin bi 'Qerejdax' û qada cografya re girêdayî ye.
offline_curated_20987,Cografya,2,answers,Di xwendina cografya de têgeha 'Qerejdax' wekî mijareke bingehîn dikare were nirxandin.,Rast | Şaş,Rast,'Qerejdax' di vê kategoriyê de têgeheke giring e.
offline_curated_20988,Cografya,3,answers,Ravekirina 'çiyayê volkanîk ê bazaltî ku deşta Amedê ji ya rihayê vediqetîne' bi tevahî ji qada cografya dûr e.,Rast | Şaş,Şaş,Ev ravekirin bi 'Qerejdax' û qada cografya re girêdayî ye.
offline_curated_20992,Cografya,2,answers,"Di gotûbêja dersê de, di xwendina cografya de têgeha 'Qerejdax' wekî mijareke bingehîn dikare were nirxandin.",Rast | Şaş,Rast,'Qerejdax' di vê kategoriyê de têgeheke giring e.
offline_curated_20993,Cografya,3,answers,"Di gotûbêja dersê de, ravekirina 'çiyayê volkanîk ê bazaltî ku deşta Amedê ji ya rihayê vediqetîne' bi tevahî ji qada cografya dûr e.",Rast | Şaş,Şaş,Ev ravekirin bi 'Qerejdax' û qada cografya re girêdayî ye.
offline_curated_20997,Cografya,2,answers,"Di nirxandina xwendekaran de, di xwendina cografya de têgeha 'Qerejdax' wekî mijareke bingehîn dikare were nirxandin.",Rast | Şaş,Rast,'Qerejdax' di vê kategoriyê de têgeheke giring e.
offline_curated_20998,Cografya,3,answers,"Di nirxandina xwendekaran de, ravekirina 'çiyayê volkanîk ê bazaltî ku deşta Amedê ji ya rihayê vediqetîne' bi tevahî ji qada cografya dûr e.",Rast | Şaş,Şaş,Ev ravekirin bi 'Qerejdax' û qada cografya re girêdayî ye.
offline_curated_21002,Çand,3,answers,Di xwendina çand de têgeha 'Sazîbûna Dengbêjiyê' wekî mijareke bingehîn dikare were nirxandin.,Rast | Şaş,Rast,'Sazîbûna Dengbêjiyê' di vê kategoriyê de têgeheke giring e.
offline_curated_21003,Çand,4,answers,Ravekirina 'kela parastina ziman û dîrokê ku bi riya stran û klamên dengbêjan tê meşandin' bi tevahî ji qada çand dûr e.,Rast | Şaş,Şaş,Ev ravekirin bi 'Sazîbûna Dengbêjiyê' û qada çand re girêdayî ye.
offline_curated_21007,Çand,3,answers,Di xwendina çand de têgeha 'Sazîbûna Dengbêjiyê' wekî mijareke bingehîn dikare were nirxandin.,Rast | Şaş,Rast,'Sazîbûna Dengbêjiyê' di vê kategoriyê de têgeheke giring e.
offline_curated_21008,Çand,4,answers,Ravekirina 'kela parastina ziman û dîrokê ku bi riya stran û klamên dengbêjan tê meşandin' bi tevahî ji qada çand dûr e.,Rast | Şaş,Şaş,Ev ravekirin bi 'Sazîbûna Dengbêjiyê' û qada çand re girêdayî ye.
offline_curated_21012,Çand,3,answers,Di xwendina çand de têgeha 'Sazîbûna Dengbêjiyê' wekî mijareke bingehîn dikare were nirxandin.,Rast | Şaş,Rast,'Sazîbûna Dengbêjiyê' di vê kategoriyê de têgeheke giring e.
offline_curated_21013,Çand,4,answers,Ravekirina 'kela parastina ziman û dîrokê ku bi riya stran û klamên dengbêjan tê meşandin' bi tevahî ji qada çand dûr e.,Rast | Şaş,Şaş,Ev ravekirin bi 'Sazîbûna Dengbêjiyê' û qada çand re girêdayî ye.
offline_curated_21017,Çand,3,answers,"Di gotûbêja dersê de, di xwendina çand de têgeha 'Sazîbûna Dengbêjiyê' wekî mijareke bingehîn dikare were nirxandin.",Rast | Şaş,Rast,'Sazîbûna Dengbêjiyê' di vê kategoriyê de têgeheke giring e.
offline_curated_21018,Çand,4,answers,"Di gotûbêja dersê de, ravekirina 'kela parastina ziman û dîrokê ku bi riya stran û klamên dengbêjan tê meşandin' bi tevahî ji qada çand dûr e.",Rast | Şaş,Şaş,Ev ravekirin bi 'Sazîbûna Dengbêjiyê' û qada çand re girêdayî ye.
offline_curated_21022,Çand,3,answers,"Di nirxandina xwendekaran de, di xwendina çand de têgeha 'Sazîbûna Dengbêjiyê' wekî mijareke bingehîn dikare were nirxandin.",Rast | Şaş,Rast,'Sazîbûna Dengbêjiyê' di vê kategoriyê de têgeheke giring e.
offline_curated_21023,Çand,4,answers,"Di nirxandina xwendekaran de, ravekirina 'kela parastina ziman û dîrokê ku bi riya stran û klamên dengbêjan tê meşandin' bi tevahî ji qada çand dûr e.",Rast | Şaş,Şaş,Ev ravekirin bi 'Sazîbûna Dengbêjiyê' û qada çand re girêdayî ye.
offline_curated_21027,Çand,4,answers,Di xwendina çand de têgeha 'Newroz' wekî mijareke bingehîn dikare were nirxandin.,Rast | Şaş,Rast,'Newroz' di vê kategoriyê de têgeheke giring e.
offline_curated_21028,Çand,5,answers,"Ravekirina 'cejna neteweyî û sersala kurdî ya ku sembola serhildan, azadî û vejîna xwezayê ye' bi tevahî ji qada çand dûr e.",Rast | Şaş,Şaş,Ev ravekirin bi 'Newroz' û qada çand re girêdayî ye.
offline_curated_21032,Çand,4,answers,Di xwendina çand de têgeha 'Newroz' wekî mijareke bingehîn dikare were nirxandin.,Rast | Şaş,Rast,'Newroz' di vê kategoriyê de têgeheke giring e.
offline_curated_21033,Çand,5,answers,"Ravekirina 'cejna neteweyî û sersala kurdî ya ku sembola serhildan, azadî û vejîna xwezayê ye' bi tevahî ji qada çand dûr e.",Rast | Şaş,Şaş,Ev ravekirin bi 'Newroz' û qada çand re girêdayî ye.
offline_curated_21037,Çand,4,answers,Di xwendina çand de têgeha 'Newroz' wekî mijareke bingehîn dikare were nirxandin.,Rast | Şaş,Rast,'Newroz' di vê kategoriyê de têgeheke giring e.
offline_curated_21038,Çand,5,answers,"Ravekirina 'cejna neteweyî û sersala kurdî ya ku sembola serhildan, azadî û vejîna xwezayê ye' bi tevahî ji qada çand dûr e.",Rast | Şaş,Şaş,Ev ravekirin bi 'Newroz' û qada çand re girêdayî ye.
offline_curated_21042,Çand,4,answers,"Di gotûbêja dersê de, di xwendina çand de têgeha 'Newroz' wekî mijareke bingehîn dikare were nirxandin.",Rast | Şaş,Rast,'Newroz' di vê kategoriyê de têgeheke giring e.
offline_curated_21043,Çand,5,answers,"Di gotûbêja dersê de, ravekirina 'cejna neteweyî û sersala kurdî ya ku sembola serhildan, azadî û vejîna xwezayê ye' bi tevahî ji qada çand dûr e.",Rast | Şaş,Şaş,Ev ravekirin bi 'Newroz' û qada çand re girêdayî ye.
offline_curated_21047,Çand,4,answers,"Di nirxandina xwendekaran de, di xwendina çand de têgeha 'Newroz' wekî mijareke bingehîn dikare were nirxandin.",Rast | Şaş,Rast,'Newroz' di vê kategoriyê de têgeheke giring e.
offline_curated_21048,Çand,5,answers,"Di nirxandina xwendekaran de, ravekirina 'cejna neteweyî û sersala kurdî ya ku sembola serhildan, azadî û vejîna xwezayê ye' bi tevahî ji qada çand dûr e.",Rast | Şaş,Şaş,Ev ravekirin bi 'Newroz' û qada çand re girêdayî ye.
offline_curated_21052,Çand,5,answers,Di xwendina çand de têgeha 'Kalo û Sersal' wekî mijareke bingehîn dikare were nirxandin.,Rast | Şaş,Rast,'Kalo û Sersal' di vê kategoriyê de têgeheke giring e.
offline_curated_21053,Çand,1,answers,Ravekirina 'şano û lîstika gelêrî ya kurdî ku di dema sersalê de li gundan tê lîstin' bi tevahî ji qada çand dûr e.,Rast | Şaş,Şaş,Ev ravekirin bi 'Kalo û Sersal' û qada çand re girêdayî ye.
offline_curated_21057,Çand,5,answers,Di xwendina çand de têgeha 'Kalo û Sersal' wekî mijareke bingehîn dikare were nirxandin.,Rast | Şaş,Rast,'Kalo û Sersal' di vê kategoriyê de têgeheke giring e.
offline_curated_21058,Çand,1,answers,Ravekirina 'şano û lîstika gelêrî ya kurdî ku di dema sersalê de li gundan tê lîstin' bi tevahî ji qada çand dûr e.,Rast | Şaş,Şaş,Ev ravekirin bi 'Kalo û Sersal' û qada çand re girêdayî ye.
offline_curated_21062,Çand,5,answers,Di xwendina çand de têgeha 'Kalo û Sersal' wekî mijareke bingehîn dikare were nirxandin.,Rast | Şaş,Rast,'Kalo û Sersal' di vê kategoriyê de têgeheke giring e.
offline_curated_21063,Çand,1,answers,Ravekirina 'şano û lîstika gelêrî ya kurdî ku di dema sersalê de li gundan tê lîstin' bi tevahî ji qada çand dûr e.,Rast | Şaş,Şaş,Ev ravekirin bi 'Kalo û Sersal' û qada çand re girêdayî ye.
offline_curated_21067,Çand,5,answers,"Di gotûbêja dersê de, di xwendina çand de têgeha 'Kalo û Sersal' wekî mijareke bingehîn dikare were nirxandin.",Rast | Şaş,Rast,'Kalo û Sersal' di vê kategoriyê de têgeheke giring e.
offline_curated_21068,Çand,1,answers,"Di gotûbêja dersê de, ravekirina 'şano û lîstika gelêrî ya kurdî ku di dema sersalê de li gundan tê lîstin' bi tevahî ji qada çand dûr e.",Rast | Şaş,Şaş,Ev ravekirin bi 'Kalo û Sersal' û qada çand re girêdayî ye.
offline_curated_21072,Çand,5,answers,"Di nirxandina xwendekaran de, di xwendina çand de têgeha 'Kalo û Sersal' wekî mijareke bingehîn dikare were nirxandin.",Rast | Şaş,Rast,'Kalo û Sersal' di vê kategoriyê de têgeheke giring e.
offline_curated_21073,Çand,1,answers,"Di nirxandina xwendekaran de, ravekirina 'şano û lîstika gelêrî ya kurdî ku di dema sersalê de li gundan tê lîstin' bi tevahî ji qada çand dûr e.",Rast | Şaş,Şaş,Ev ravekirin bi 'Kalo û Sersal' û qada çand re girêdayî ye.
offline_curated_21077,Çand,1,answers,Di xwendina çand de têgeha 'Govenda Kurdî' wekî mijareke bingehîn dikare were nirxandin.,Rast | Şaş,Rast,'Govenda Kurdî' di vê kategoriyê de têgeheke giring e.
offline_curated_21078,Çand,2,answers,Ravekirina 'dansa komî û gelêrî ya ku bi hevgirtina destan û bi rihê hevkariyê tê gerandin' bi tevahî ji qada çand dûr e.,Rast | Şaş,Şaş,Ev ravekirin bi 'Govenda Kurdî' û qada çand re girêdayî ye.
offline_curated_21082,Çand,1,answers,Di xwendina çand de têgeha 'Govenda Kurdî' wekî mijareke bingehîn dikare were nirxandin.,Rast | Şaş,Rast,'Govenda Kurdî' di vê kategoriyê de têgeheke giring e.
offline_curated_21083,Çand,2,answers,Ravekirina 'dansa komî û gelêrî ya ku bi hevgirtina destan û bi rihê hevkariyê tê gerandin' bi tevahî ji qada çand dûr e.,Rast | Şaş,Şaş,Ev ravekirin bi 'Govenda Kurdî' û qada çand re girêdayî ye.
offline_curated_21087,Çand,1,answers,Di xwendina çand de têgeha 'Govenda Kurdî' wekî mijareke bingehîn dikare were nirxandin.,Rast | Şaş,Rast,'Govenda Kurdî' di vê kategoriyê de têgeheke giring e.
offline_curated_21088,Çand,2,answers,Ravekirina 'dansa komî û gelêrî ya ku bi hevgirtina destan û bi rihê hevkariyê tê gerandin' bi tevahî ji qada çand dûr e.,Rast | Şaş,Şaş,Ev ravekirin bi 'Govenda Kurdî' û qada çand re girêdayî ye.
offline_curated_21092,Çand,1,answers,"Di gotûbêja dersê de, di xwendina çand de têgeha 'Govenda Kurdî' wekî mijareke bingehîn dikare were nirxandin.",Rast | Şaş,Rast,'Govenda Kurdî' di vê kategoriyê de têgeheke giring e.
offline_curated_21093,Çand,2,answers,"Di gotûbêja dersê de, ravekirina 'dansa komî û gelêrî ya ku bi hevgirtina destan û bi rihê hevkariyê tê gerandin' bi tevahî ji qada çand dûr e.",Rast | Şaş,Şaş,Ev ravekirin bi 'Govenda Kurdî' û qada çand re girêdayî ye.
offline_curated_21097,Çand,1,answers,"Di nirxandina xwendekaran de, di xwendina çand de têgeha 'Govenda Kurdî' wekî mijareke bingehîn dikare were nirxandin.",Rast | Şaş,Rast,'Govenda Kurdî' di vê kategoriyê de têgeheke giring e.
offline_curated_21098,Çand,2,answers,"Di nirxandina xwendekaran de, ravekirina 'dansa komî û gelêrî ya ku bi hevgirtina destan û bi rihê hevkariyê tê gerandin' bi tevahî ji qada çand dûr e.",Rast | Şaş,Şaş,Ev ravekirin bi 'Govenda Kurdî' û qada çand re girêdayî ye.
offline_curated_21102,Çand,2,answers,Di xwendina çand de têgeha 'çanda koçeriyê' wekî mijareke bingehîn dikare were nirxandin.,Rast | Şaş,Rast,'çanda koçeriyê' di vê kategoriyê de têgeheke giring e.
offline_curated_21103,Çand,3,answers,Ravekirina 'şêwazê jiyana kevnar a li ser zozan û germiyanê ku çanda kurdî pir dewlemend kiriye' bi tevahî ji qada çand dûr e.,Rast | Şaş,Şaş,Ev ravekirin bi 'çanda koçeriyê' û qada çand re girêdayî ye.
offline_curated_21107,Çand,2,answers,Di xwendina çand de têgeha 'çanda koçeriyê' wekî mijareke bingehîn dikare were nirxandin.,Rast | Şaş,Rast,'çanda koçeriyê' di vê kategoriyê de têgeheke giring e.
offline_curated_21108,Çand,3,answers,Ravekirina 'şêwazê jiyana kevnar a li ser zozan û germiyanê ku çanda kurdî pir dewlemend kiriye' bi tevahî ji qada çand dûr e.,Rast | Şaş,Şaş,Ev ravekirin bi 'çanda koçeriyê' û qada çand re girêdayî ye.
offline_curated_21112,Çand,2,answers,Di xwendina çand de têgeha 'çanda koçeriyê' wekî mijareke bingehîn dikare were nirxandin.,Rast | Şaş,Rast,'çanda koçeriyê' di vê kategoriyê de têgeheke giring e.
offline_curated_21113,Çand,3,answers,Ravekirina 'şêwazê jiyana kevnar a li ser zozan û germiyanê ku çanda kurdî pir dewlemend kiriye' bi tevahî ji qada çand dûr e.,Rast | Şaş,Şaş,Ev ravekirin bi 'çanda koçeriyê' û qada çand re girêdayî ye.
offline_curated_21117,Çand,2,answers,"Di gotûbêja dersê de, di xwendina çand de têgeha 'çanda koçeriyê' wekî mijareke bingehîn dikare were nirxandin.",Rast | Şaş,Rast,'çanda koçeriyê' di vê kategoriyê de têgeheke giring e.
offline_curated_21118,Çand,3,answers,"Di gotûbêja dersê de, ravekirina 'şêwazê jiyana kevnar a li ser zozan û germiyanê ku çanda kurdî pir dewlemend kiriye' bi tevahî ji qada çand dûr e.",Rast | Şaş,Şaş,Ev ravekirin bi 'çanda koçeriyê' û qada çand re girêdayî ye.
offline_curated_21122,Çand,2,answers,"Di nirxandina xwendekaran de, di xwendina çand de têgeha 'çanda koçeriyê' wekî mijareke bingehîn dikare were nirxandin.",Rast | Şaş,Rast,'çanda koçeriyê' di vê kategoriyê de têgeheke giring e.
offline_curated_21123,Çand,3,answers,"Di nirxandina xwendekaran de, ravekirina 'şêwazê jiyana kevnar a li ser zozan û germiyanê ku çanda kurdî pir dewlemend kiriye' bi tevahî ji qada çand dûr e.",Rast | Şaş,Şaş,Ev ravekirin bi 'çanda koçeriyê' û qada çand re girêdayî ye.
offline_curated_21127,Çand,3,answers,Di xwendina çand de têgeha 'misafirperweriya kurdî' wekî mijareke bingehîn dikare were nirxandin.,Rast | Şaş,Rast,'misafirperweriya kurdî' di vê kategoriyê de têgeheke giring e.
offline_curated_21128,Çand,4,answers,Ravekirina 'têkiliya civakî ya ku tê de mêvan wekî bereketa malê tê qebûl kirin' bi tevahî ji qada çand dûr e.,Rast | Şaş,Şaş,Ev ravekirin bi 'misafirperweriya kurdî' û qada çand re girêdayî ye.
offline_curated_21132,Çand,3,answers,Di xwendina çand de têgeha 'misafirperweriya kurdî' wekî mijareke bingehîn dikare were nirxandin.,Rast | Şaş,Rast,'misafirperweriya kurdî' di vê kategoriyê de têgeheke giring e.
offline_curated_21133,Çand,4,answers,Ravekirina 'têkiliya civakî ya ku tê de mêvan wekî bereketa malê tê qebûl kirin' bi tevahî ji qada çand dûr e.,Rast | Şaş,Şaş,Ev ravekirin bi 'misafirperweriya kurdî' û qada çand re girêdayî ye.
offline_curated_21137,Çand,3,answers,Di xwendina çand de têgeha 'misafirperweriya kurdî' wekî mijareke bingehîn dikare were nirxandin.,Rast | Şaş,Rast,'misafirperweriya kurdî' di vê kategoriyê de têgeheke giring e.
offline_curated_21138,Çand,4,answers,Ravekirina 'têkiliya civakî ya ku tê de mêvan wekî bereketa malê tê qebûl kirin' bi tevahî ji qada çand dûr e.,Rast | Şaş,Şaş,Ev ravekirin bi 'misafirperweriya kurdî' û qada çand re girêdayî ye.
offline_curated_21142,Çand,3,answers,"Di gotûbêja dersê de, di xwendina çand de têgeha 'misafirperweriya kurdî' wekî mijareke bingehîn dikare were nirxandin.",Rast | Şaş,Rast,'misafirperweriya kurdî' di vê kategoriyê de têgeheke giring e.
offline_curated_21143,Çand,4,answers,"Di gotûbêja dersê de, ravekirina 'têkiliya civakî ya ku tê de mêvan wekî bereketa malê tê qebûl kirin' bi tevahî ji qada çand dûr e.",Rast | Şaş,Şaş,Ev ravekirin bi 'misafirperweriya kurdî' û qada çand re girêdayî ye.
offline_curated_21147,Çand,3,answers,"Di nirxandina xwendekaran de, di xwendina çand de têgeha 'misafirperweriya kurdî' wekî mijareke bingehîn dikare were nirxandin.",Rast | Şaş,Rast,'misafirperweriya kurdî' di vê kategoriyê de têgeheke giring e.
offline_curated_21148,Çand,4,answers,"Di nirxandina xwendekaran de, ravekirina 'têkiliya civakî ya ku tê de mêvan wekî bereketa malê tê qebûl kirin' bi tevahî ji qada çand dûr e.",Rast | Şaş,Şaş,Ev ravekirin bi 'misafirperweriya kurdî' û qada çand re girêdayî ye.
offline_curated_21152,Çand,4,answers,Di xwendina çand de têgeha 'kilimên kurdî' wekî mijareke bingehîn dikare were nirxandin.,Rast | Şaş,Rast,'kilimên kurdî' di vê kategoriyê de têgeheke giring e.
offline_curated_21153,Çand,5,answers,Ravekirina 'elhunera kevnar a jinên kurd ku motîfên li ser wan çîrokên dîrokî vedibêjin' bi tevahî ji qada çand dûr e.,Rast | Şaş,Şaş,Ev ravekirin bi 'kilimên kurdî' û qada çand re girêdayî ye.
offline_curated_21157,Çand,4,answers,Di xwendina çand de têgeha 'kilimên kurdî' wekî mijareke bingehîn dikare were nirxandin.,Rast | Şaş,Rast,'kilimên kurdî' di vê kategoriyê de têgeheke giring e.
offline_curated_21158,Çand,5,answers,Ravekirina 'elhunera kevnar a jinên kurd ku motîfên li ser wan çîrokên dîrokî vedibêjin' bi tevahî ji qada çand dûr e.,Rast | Şaş,Şaş,Ev ravekirin bi 'kilimên kurdî' û qada çand re girêdayî ye.
offline_curated_21162,Çand,4,answers,Di xwendina çand de têgeha 'kilimên kurdî' wekî mijareke bingehîn dikare were nirxandin.,Rast | Şaş,Rast,'kilimên kurdî' di vê kategoriyê de têgeheke giring e.
offline_curated_21163,Çand,5,answers,Ravekirina 'elhunera kevnar a jinên kurd ku motîfên li ser wan çîrokên dîrokî vedibêjin' bi tevahî ji qada çand dûr e.,Rast | Şaş,Şaş,Ev ravekirin bi 'kilimên kurdî' û qada çand re girêdayî ye.
offline_curated_21167,Çand,4,answers,"Di gotûbêja dersê de, di xwendina çand de têgeha 'kilimên kurdî' wekî mijareke bingehîn dikare were nirxandin.",Rast | Şaş,Rast,'kilimên kurdî' di vê kategoriyê de têgeheke giring e.
offline_curated_21168,Çand,5,answers,"Di gotûbêja dersê de, ravekirina 'elhunera kevnar a jinên kurd ku motîfên li ser wan çîrokên dîrokî vedibêjin' bi tevahî ji qada çand dûr e.",Rast | Şaş,Şaş,Ev ravekirin bi 'kilimên kurdî' û qada çand re girêdayî ye.
offline_curated_21172,Çand,4,answers,"Di nirxandina xwendekaran de, di xwendina çand de têgeha 'kilimên kurdî' wekî mijareke bingehîn dikare were nirxandin.",Rast | Şaş,Rast,'kilimên kurdî' di vê kategoriyê de têgeheke giring e.
offline_curated_21173,Çand,5,answers,"Di nirxandina xwendekaran de, ravekirina 'elhunera kevnar a jinên kurd ku motîfên li ser wan çîrokên dîrokî vedibêjin' bi tevahî ji qada çand dûr e.",Rast | Şaş,Şaş,Ev ravekirin bi 'kilimên kurdî' û qada çand re girêdayî ye.
offline_curated_21177,Çand,5,answers,Di xwendina çand de têgeha 'Destana Memê Alan' wekî mijareke bingehîn dikare were nirxandin.,Rast | Şaş,Rast,'Destana Memê Alan' di vê kategoriyê de têgeheke giring e.
offline_curated_21178,Çand,1,answers,Ravekirina 'destana neteweyî ya kurdî ya ku hîmê Mem û Zîna Xanî pêk tîne' bi tevahî ji qada çand dûr e.,Rast | Şaş,Şaş,Ev ravekirin bi 'Destana Memê Alan' û qada çand re girêdayî ye.
offline_curated_21182,Çand,5,answers,Di xwendina çand de têgeha 'Destana Memê Alan' wekî mijareke bingehîn dikare were nirxandin.,Rast | Şaş,Rast,'Destana Memê Alan' di vê kategoriyê de têgeheke giring e.
offline_curated_21183,Çand,1,answers,Ravekirina 'destana neteweyî ya kurdî ya ku hîmê Mem û Zîna Xanî pêk tîne' bi tevahî ji qada çand dûr e.,Rast | Şaş,Şaş,Ev ravekirin bi 'Destana Memê Alan' û qada çand re girêdayî ye.
offline_curated_21187,Çand,5,answers,Di xwendina çand de têgeha 'Destana Memê Alan' wekî mijareke bingehîn dikare were nirxandin.,Rast | Şaş,Rast,'Destana Memê Alan' di vê kategoriyê de têgeheke giring e.
offline_curated_21188,Çand,1,answers,Ravekirina 'destana neteweyî ya kurdî ya ku hîmê Mem û Zîna Xanî pêk tîne' bi tevahî ji qada çand dûr e.,Rast | Şaş,Şaş,Ev ravekirin bi 'Destana Memê Alan' û qada çand re girêdayî ye.
offline_curated_21192,Çand,5,answers,"Di gotûbêja dersê de, di xwendina çand de têgeha 'Destana Memê Alan' wekî mijareke bingehîn dikare were nirxandin.",Rast | Şaş,Rast,'Destana Memê Alan' di vê kategoriyê de têgeheke giring e.
offline_curated_21193,Çand,1,answers,"Di gotûbêja dersê de, ravekirina 'destana neteweyî ya kurdî ya ku hîmê Mem û Zîna Xanî pêk tîne' bi tevahî ji qada çand dûr e.",Rast | Şaş,Şaş,Ev ravekirin bi 'Destana Memê Alan' û qada çand re girêdayî ye.
offline_curated_21197,Çand,5,answers,"Di nirxandina xwendekaran de, di xwendina çand de têgeha 'Destana Memê Alan' wekî mijareke bingehîn dikare were nirxandin.",Rast | Şaş,Rast,'Destana Memê Alan' di vê kategoriyê de têgeheke giring e.
offline_curated_21198,Çand,1,answers,"Di nirxandina xwendekaran de, ravekirina 'destana neteweyî ya kurdî ya ku hîmê Mem û Zîna Xanî pêk tîne' bi tevahî ji qada çand dûr e.",Rast | Şaş,Şaş,Ev ravekirin bi 'Destana Memê Alan' û qada çand re girêdayî ye.
offline_curated_21202,Çand,1,answers,Di xwendina çand de têgeha 'hewran' wekî mijareke bingehîn dikare were nirxandin.,Rast | Şaş,Rast,'hewran' di vê kategoriyê de têgeheke giring e.
offline_curated_21203,Çand,2,answers,Ravekirina 'çadira reş a ku ji mûyê bizinan tê çêkirin û koçeran ji germ û sermayê diparêze' bi tevahî ji qada çand dûr e.,Rast | Şaş,Şaş,Ev ravekirin bi 'hewran' û qada çand re girêdayî ye.
offline_curated_21207,Çand,1,answers,Di xwendina çand de têgeha 'hewran' wekî mijareke bingehîn dikare were nirxandin.,Rast | Şaş,Rast,'hewran' di vê kategoriyê de têgeheke giring e.
offline_curated_21208,Çand,2,answers,Ravekirina 'çadira reş a ku ji mûyê bizinan tê çêkirin û koçeran ji germ û sermayê diparêze' bi tevahî ji qada çand dûr e.,Rast | Şaş,Şaş,Ev ravekirin bi 'hewran' û qada çand re girêdayî ye.
offline_curated_21212,Çand,1,answers,Di xwendina çand de têgeha 'hewran' wekî mijareke bingehîn dikare were nirxandin.,Rast | Şaş,Rast,'hewran' di vê kategoriyê de têgeheke giring e.
offline_curated_21213,Çand,2,answers,Ravekirina 'çadira reş a ku ji mûyê bizinan tê çêkirin û koçeran ji germ û sermayê diparêze' bi tevahî ji qada çand dûr e.,Rast | Şaş,Şaş,Ev ravekirin bi 'hewran' û qada çand re girêdayî ye.
offline_curated_21217,Çand,1,answers,"Di gotûbêja dersê de, di xwendina çand de têgeha 'hewran' wekî mijareke bingehîn dikare were nirxandin.",Rast | Şaş,Rast,'hewran' di vê kategoriyê de têgeheke giring e.
offline_curated_21218,Çand,2,answers,"Di gotûbêja dersê de, ravekirina 'çadira reş a ku ji mûyê bizinan tê çêkirin û koçeran ji germ û sermayê diparêze' bi tevahî ji qada çand dûr e.",Rast | Şaş,Şaş,Ev ravekirin bi 'hewran' û qada çand re girêdayî ye.
offline_curated_21222,Çand,1,answers,"Di nirxandina xwendekaran de, di xwendina çand de têgeha 'hewran' wekî mijareke bingehîn dikare were nirxandin.",Rast | Şaş,Rast,'hewran' di vê kategoriyê de têgeheke giring e.
offline_curated_21223,Çand,2,answers,"Di nirxandina xwendekaran de, ravekirina 'çadira reş a ku ji mûyê bizinan tê çêkirin û koçeran ji germ û sermayê diparêze' bi tevahî ji qada çand dûr e.",Rast | Şaş,Şaş,Ev ravekirin bi 'hewran' û qada çand re girêdayî ye.
offline_curated_21227,Çand,2,answers,Di xwendina çand de têgeha 'şevbêrk' wekî mijareke bingehîn dikare were nirxandin.,Rast | Şaş,Rast,'şevbêrk' di vê kategoriyê de têgeheke giring e.
offline_curated_21228,Çand,3,answers,Ravekirina 'civînên şevê yên zivistanê ku tê de çîrokên gelêrî û metelok dihatin gotin' bi tevahî ji qada çand dûr e.,Rast | Şaş,Şaş,Ev ravekirin bi 'şevbêrk' û qada çand re girêdayî ye.
offline_curated_21232,Çand,2,answers,Di xwendina çand de têgeha 'şevbêrk' wekî mijareke bingehîn dikare were nirxandin.,Rast | Şaş,Rast,'şevbêrk' di vê kategoriyê de têgeheke giring e.
offline_curated_21233,Çand,3,answers,Ravekirina 'civînên şevê yên zivistanê ku tê de çîrokên gelêrî û metelok dihatin gotin' bi tevahî ji qada çand dûr e.,Rast | Şaş,Şaş,Ev ravekirin bi 'şevbêrk' û qada çand re girêdayî ye.
offline_curated_21237,Çand,2,answers,Di xwendina çand de têgeha 'şevbêrk' wekî mijareke bingehîn dikare were nirxandin.,Rast | Şaş,Rast,'şevbêrk' di vê kategoriyê de têgeheke giring e.
offline_curated_21238,Çand,3,answers,Ravekirina 'civînên şevê yên zivistanê ku tê de çîrokên gelêrî û metelok dihatin gotin' bi tevahî ji qada çand dûr e.,Rast | Şaş,Şaş,Ev ravekirin bi 'şevbêrk' û qada çand re girêdayî ye.
offline_curated_21242,Çand,2,answers,"Di gotûbêja dersê de, di xwendina çand de têgeha 'şevbêrk' wekî mijareke bingehîn dikare were nirxandin.",Rast | Şaş,Rast,'şevbêrk' di vê kategoriyê de têgeheke giring e.
offline_curated_21243,Çand,3,answers,"Di gotûbêja dersê de, ravekirina 'civînên şevê yên zivistanê ku tê de çîrokên gelêrî û metelok dihatin gotin' bi tevahî ji qada çand dûr e.",Rast | Şaş,Şaş,Ev ravekirin bi 'şevbêrk' û qada çand re girêdayî ye.
offline_curated_21247,Çand,2,answers,"Di nirxandina xwendekaran de, di xwendina çand de têgeha 'şevbêrk' wekî mijareke bingehîn dikare were nirxandin.",Rast | Şaş,Rast,'şevbêrk' di vê kategoriyê de têgeheke giring e.
offline_curated_21248,Çand,3,answers,"Di nirxandina xwendekaran de, ravekirina 'civînên şevê yên zivistanê ku tê de çîrokên gelêrî û metelok dihatin gotin' bi tevahî ji qada çand dûr e.",Rast | Şaş,Şaş,Ev ravekirin bi 'şevbêrk' û qada çand re girêdayî ye.
offline_curated_21252,Muzîk,3,answers,Di xwendina muzîk de têgeha 'tembûr' wekî mijareke bingehîn dikare were nirxandin.,Rast | Şaş,Rast,'tembûr' di vê kategoriyê de têgeheke giring e.
offline_curated_21253,Muzîk,4,answers,Ravekirina 'amûra muzîkê ya herî pîroz û kevnar a kurdî ku bi taybetî di civatên olî de tê lêdan' bi tevahî ji qada muzîk dûr e.,Rast | Şaş,Şaş,Ev ravekirin bi 'tembûr' û qada muzîk re girêdayî ye.
offline_curated_21257,Muzîk,3,answers,Di xwendina muzîk de têgeha 'tembûr' wekî mijareke bingehîn dikare were nirxandin.,Rast | Şaş,Rast,'tembûr' di vê kategoriyê de têgeheke giring e.
offline_curated_21258,Muzîk,4,answers,Ravekirina 'amûra muzîkê ya herî pîroz û kevnar a kurdî ku bi taybetî di civatên olî de tê lêdan' bi tevahî ji qada muzîk dûr e.,Rast | Şaş,Şaş,Ev ravekirin bi 'tembûr' û qada muzîk re girêdayî ye.
offline_curated_21262,Muzîk,3,answers,Di xwendina muzîk de têgeha 'tembûr' wekî mijareke bingehîn dikare were nirxandin.,Rast | Şaş,Rast,'tembûr' di vê kategoriyê de têgeheke giring e.
offline_curated_21263,Muzîk,4,answers,Ravekirina 'amûra muzîkê ya herî pîroz û kevnar a kurdî ku bi taybetî di civatên olî de tê lêdan' bi tevahî ji qada muzîk dûr e.,Rast | Şaş,Şaş,Ev ravekirin bi 'tembûr' û qada muzîk re girêdayî ye.
offline_curated_21267,Muzîk,3,answers,"Di gotûbêja dersê de, di xwendina muzîk de têgeha 'tembûr' wekî mijareke bingehîn dikare were nirxandin.",Rast | Şaş,Rast,'tembûr' di vê kategoriyê de têgeheke giring e.
offline_curated_21268,Muzîk,4,answers,"Di gotûbêja dersê de, ravekirina 'amûra muzîkê ya herî pîroz û kevnar a kurdî ku bi taybetî di civatên olî de tê lêdan' bi tevahî ji qada muzîk dûr e.",Rast | Şaş,Şaş,Ev ravekirin bi 'tembûr' û qada muzîk re girêdayî ye.
offline_curated_21272,Muzîk,3,answers,"Di nirxandina xwendekaran de, di xwendina muzîk de têgeha 'tembûr' wekî mijareke bingehîn dikare were nirxandin.",Rast | Şaş,Rast,'tembûr' di vê kategoriyê de têgeheke giring e.
offline_curated_21273,Muzîk,4,answers,"Di nirxandina xwendekaran de, ravekirina 'amûra muzîkê ya herî pîroz û kevnar a kurdî ku bi taybetî di civatên olî de tê lêdan' bi tevahî ji qada muzîk dûr e.",Rast | Şaş,Şaş,Ev ravekirin bi 'tembûr' û qada muzîk re girêdayî ye.
offline_curated_21277,Muzîk,4,answers,Di xwendina muzîk de têgeha 'erbane' wekî mijareke bingehîn dikare were nirxandin.,Rast | Şaş,Rast,'erbane' di vê kategoriyê de têgeheke giring e.
offline_curated_21278,Muzîk,5,answers,Ravekirina 'amûra lêdanê ya zildar ku di muzîka kurdî ya olî û gelêrî de xwedî cihekî girîng e' bi tevahî ji qada muzîk dûr e.,Rast | Şaş,Şaş,Ev ravekirin bi 'erbane' û qada muzîk re girêdayî ye.
offline_curated_21282,Muzîk,4,answers,Di xwendina muzîk de têgeha 'erbane' wekî mijareke bingehîn dikare were nirxandin.,Rast | Şaş,Rast,'erbane' di vê kategoriyê de têgeheke giring e.
offline_curated_21283,Muzîk,5,answers,Ravekirina 'amûra lêdanê ya zildar ku di muzîka kurdî ya olî û gelêrî de xwedî cihekî girîng e' bi tevahî ji qada muzîk dûr e.,Rast | Şaş,Şaş,Ev ravekirin bi 'erbane' û qada muzîk re girêdayî ye.
offline_curated_21287,Muzîk,4,answers,Di xwendina muzîk de têgeha 'erbane' wekî mijareke bingehîn dikare were nirxandin.,Rast | Şaş,Rast,'erbane' di vê kategoriyê de têgeheke giring e.
offline_curated_21288,Muzîk,5,answers,Ravekirina 'amûra lêdanê ya zildar ku di muzîka kurdî ya olî û gelêrî de xwedî cihekî girîng e' bi tevahî ji qada muzîk dûr e.,Rast | Şaş,Şaş,Ev ravekirin bi 'erbane' û qada muzîk re girêdayî ye.
offline_curated_21292,Muzîk,4,answers,"Di gotûbêja dersê de, di xwendina muzîk de têgeha 'erbane' wekî mijareke bingehîn dikare were nirxandin.",Rast | Şaş,Rast,'erbane' di vê kategoriyê de têgeheke giring e.
offline_curated_21293,Muzîk,5,answers,"Di gotûbêja dersê de, ravekirina 'amûra lêdanê ya zildar ku di muzîka kurdî ya olî û gelêrî de xwedî cihekî girîng e' bi tevahî ji qada muzîk dûr e.",Rast | Şaş,Şaş,Ev ravekirin bi 'erbane' û qada muzîk re girêdayî ye.
offline_curated_21297,Muzîk,4,answers,"Di nirxandina xwendekaran de, di xwendina muzîk de têgeha 'erbane' wekî mijareke bingehîn dikare were nirxandin.",Rast | Şaş,Rast,'erbane' di vê kategoriyê de têgeheke giring e.
offline_curated_21298,Muzîk,5,answers,"Di nirxandina xwendekaran de, ravekirina 'amûra lêdanê ya zildar ku di muzîka kurdî ya olî û gelêrî de xwedî cihekî girîng e' bi tevahî ji qada muzîk dûr e.",Rast | Şaş,Şaş,Ev ravekirin bi 'erbane' û qada muzîk re girêdayî ye.
offline_curated_21302,Muzîk,5,answers,Di xwendina muzîk de têgeha 'bilûr' wekî mijareke bingehîn dikare were nirxandin.,Rast | Şaş,Rast,'bilûr' di vê kategoriyê de têgeheke giring e.
offline_curated_21303,Muzîk,1,answers,Ravekirina 'amûra bayê ya çobanan ku bi dengê xwe yê xemgîn û lîrik tê naskirin' bi tevahî ji qada muzîk dûr e.,Rast | Şaş,Şaş,Ev ravekirin bi 'bilûr' û qada muzîk re girêdayî ye.
offline_curated_21307,Muzîk,5,answers,Di xwendina muzîk de têgeha 'bilûr' wekî mijareke bingehîn dikare were nirxandin.,Rast | Şaş,Rast,'bilûr' di vê kategoriyê de têgeheke giring e.
offline_curated_21308,Muzîk,1,answers,Ravekirina 'amûra bayê ya çobanan ku bi dengê xwe yê xemgîn û lîrik tê naskirin' bi tevahî ji qada muzîk dûr e.,Rast | Şaş,Şaş,Ev ravekirin bi 'bilûr' û qada muzîk re girêdayî ye.
offline_curated_21312,Muzîk,5,answers,Di xwendina muzîk de têgeha 'bilûr' wekî mijareke bingehîn dikare were nirxandin.,Rast | Şaş,Rast,'bilûr' di vê kategoriyê de têgeheke giring e.
offline_curated_21313,Muzîk,1,answers,Ravekirina 'amûra bayê ya çobanan ku bi dengê xwe yê xemgîn û lîrik tê naskirin' bi tevahî ji qada muzîk dûr e.,Rast | Şaş,Şaş,Ev ravekirin bi 'bilûr' û qada muzîk re girêdayî ye.
offline_curated_21317,Muzîk,5,answers,"Di gotûbêja dersê de, di xwendina muzîk de têgeha 'bilûr' wekî mijareke bingehîn dikare were nirxandin.",Rast | Şaş,Rast,'bilûr' di vê kategoriyê de têgeheke giring e.
offline_curated_21318,Muzîk,1,answers,"Di gotûbêja dersê de, ravekirina 'amûra bayê ya çobanan ku bi dengê xwe yê xemgîn û lîrik tê naskirin' bi tevahî ji qada muzîk dûr e.",Rast | Şaş,Şaş,Ev ravekirin bi 'bilûr' û qada muzîk re girêdayî ye.
offline_curated_21322,Muzîk,5,answers,"Di nirxandina xwendekaran de, di xwendina muzîk de têgeha 'bilûr' wekî mijareke bingehîn dikare were nirxandin.",Rast | Şaş,Rast,'bilûr' di vê kategoriyê de têgeheke giring e.
offline_curated_21323,Muzîk,1,answers,"Di nirxandina xwendekaran de, ravekirina 'amûra bayê ya çobanan ku bi dengê xwe yê xemgîn û lîrik tê naskirin' bi tevahî ji qada muzîk dûr e.",Rast | Şaş,Şaş,Ev ravekirin bi 'bilûr' û qada muzîk re girêdayî ye.
offline_curated_21327,Muzîk,1,answers,Di xwendina muzîk de têgeha 'lîrîka klaman' wekî mijareke bingehîn dikare were nirxandin.,Rast | Şaş,Rast,'lîrîka klaman' di vê kategoriyê de têgeheke giring e.
offline_curated_21328,Muzîk,2,answers,Ravekirina 'avahiya helbestî ya kilamên dengbêjiyê ku çîrokên evîn û şeran vedibêjin' bi tevahî ji qada muzîk dûr e.,Rast | Şaş,Şaş,Ev ravekirin bi 'lîrîka klaman' û qada muzîk re girêdayî ye.
offline_curated_21332,Muzîk,1,answers,Di xwendina muzîk de têgeha 'lîrîka klaman' wekî mijareke bingehîn dikare were nirxandin.,Rast | Şaş,Rast,'lîrîka klaman' di vê kategoriyê de têgeheke giring e.
offline_curated_21333,Muzîk,2,answers,Ravekirina 'avahiya helbestî ya kilamên dengbêjiyê ku çîrokên evîn û şeran vedibêjin' bi tevahî ji qada muzîk dûr e.,Rast | Şaş,Şaş,Ev ravekirin bi 'lîrîka klaman' û qada muzîk re girêdayî ye.
offline_curated_21337,Muzîk,1,answers,Di xwendina muzîk de têgeha 'lîrîka klaman' wekî mijareke bingehîn dikare were nirxandin.,Rast | Şaş,Rast,'lîrîka klaman' di vê kategoriyê de têgeheke giring e.
offline_curated_21338,Muzîk,2,answers,Ravekirina 'avahiya helbestî ya kilamên dengbêjiyê ku çîrokên evîn û şeran vedibêjin' bi tevahî ji qada muzîk dûr e.,Rast | Şaş,Şaş,Ev ravekirin bi 'lîrîka klaman' û qada muzîk re girêdayî ye.
offline_curated_21342,Muzîk,1,answers,"Di gotûbêja dersê de, di xwendina muzîk de têgeha 'lîrîka klaman' wekî mijareke bingehîn dikare were nirxandin.",Rast | Şaş,Rast,'lîrîka klaman' di vê kategoriyê de têgeheke giring e.
offline_curated_21343,Muzîk,2,answers,"Di gotûbêja dersê de, ravekirina 'avahiya helbestî ya kilamên dengbêjiyê ku çîrokên evîn û şeran vedibêjin' bi tevahî ji qada muzîk dûr e.",Rast | Şaş,Şaş,Ev ravekirin bi 'lîrîka klaman' û qada muzîk re girêdayî ye.
offline_curated_21347,Muzîk,1,answers,"Di nirxandina xwendekaran de, di xwendina muzîk de têgeha 'lîrîka klaman' wekî mijareke bingehîn dikare were nirxandin.",Rast | Şaş,Rast,'lîrîka klaman' di vê kategoriyê de têgeheke giring e.
offline_curated_21348,Muzîk,2,answers,"Di nirxandina xwendekaran de, ravekirina 'avahiya helbestî ya kilamên dengbêjiyê ku çîrokên evîn û şeran vedibêjin' bi tevahî ji qada muzîk dûr e.",Rast | Şaş,Şaş,Ev ravekirin bi 'lîrîka klaman' û qada muzîk re girêdayî ye.
offline_curated_21352,Muzîk,2,answers,Di xwendina muzîk de têgeha 'Şakiro' wekî mijareke bingehîn dikare were nirxandin.,Rast | Şaş,Rast,'Şakiro' di vê kategoriyê de têgeheke giring e.
offline_curated_21353,Muzîk,3,answers,Ravekirina 'dengbêjê mezin ê ku wekî 'Şahê Dengbêjan' tê naskirin û xwedî dengekî bêhempa bû' bi tevahî ji qada muzîk dûr e.,Rast | Şaş,Şaş,Ev ravekirin bi 'Şakiro' û qada muzîk re girêdayî ye.
offline_curated_21357,Muzîk,2,answers,Di xwendina muzîk de têgeha 'Şakiro' wekî mijareke bingehîn dikare were nirxandin.,Rast | Şaş,Rast,'Şakiro' di vê kategoriyê de têgeheke giring e.
offline_curated_21358,Muzîk,3,answers,Ravekirina 'dengbêjê mezin ê ku wekî 'Şahê Dengbêjan' tê naskirin û xwedî dengekî bêhempa bû' bi tevahî ji qada muzîk dûr e.,Rast | Şaş,Şaş,Ev ravekirin bi 'Şakiro' û qada muzîk re girêdayî ye.
offline_curated_21362,Muzîk,2,answers,Di xwendina muzîk de têgeha 'Şakiro' wekî mijareke bingehîn dikare were nirxandin.,Rast | Şaş,Rast,'Şakiro' di vê kategoriyê de têgeheke giring e.
offline_curated_21363,Muzîk,3,answers,Ravekirina 'dengbêjê mezin ê ku wekî 'Şahê Dengbêjan' tê naskirin û xwedî dengekî bêhempa bû' bi tevahî ji qada muzîk dûr e.,Rast | Şaş,Şaş,Ev ravekirin bi 'Şakiro' û qada muzîk re girêdayî ye.
offline_curated_21367,Muzîk,2,answers,"Di gotûbêja dersê de, di xwendina muzîk de têgeha 'Şakiro' wekî mijareke bingehîn dikare were nirxandin.",Rast | Şaş,Rast,'Şakiro' di vê kategoriyê de têgeheke giring e.
offline_curated_21368,Muzîk,3,answers,"Di gotûbêja dersê de, ravekirina 'dengbêjê mezin ê ku wekî 'Şahê Dengbêjan' tê naskirin û xwedî dengekî bêhempa bû' bi tevahî ji qada muzîk dûr e.",Rast | Şaş,Şaş,Ev ravekirin bi 'Şakiro' û qada muzîk re girêdayî ye.
offline_curated_21372,Muzîk,2,answers,"Di nirxandina xwendekaran de, di xwendina muzîk de têgeha 'Şakiro' wekî mijareke bingehîn dikare were nirxandin.",Rast | Şaş,Rast,'Şakiro' di vê kategoriyê de têgeheke giring e.
offline_curated_21373,Muzîk,3,answers,"Di nirxandina xwendekaran de, ravekirina 'dengbêjê mezin ê ku wekî 'Şahê Dengbêjan' tê naskirin û xwedî dengekî bêhempa bû' bi tevahî ji qada muzîk dûr e.",Rast | Şaş,Şaş,Ev ravekirin bi 'Şakiro' û qada muzîk re girêdayî ye.
offline_curated_21377,Muzîk,3,answers,Di xwendina muzîk de têgeha 'Hasan Cizrawî' wekî mijareke bingehîn dikare were nirxandin.,Rast | Şaş,Rast,'Hasan Cizrawî' di vê kategoriyê de têgeheke giring e.
offline_curated_21378,Muzîk,4,answers,Ravekirina 'yek ji stûnên muzîka kurmancî ya klasîk ku kilamên devera Botan tomar kirine' bi tevahî ji qada muzîk dûr e.,Rast | Şaş,Şaş,Ev ravekirin bi 'Hasan Cizrawî' û qada muzîk re girêdayî ye.
offline_curated_21382,Muzîk,3,answers,Di xwendina muzîk de têgeha 'Hasan Cizrawî' wekî mijareke bingehîn dikare were nirxandin.,Rast | Şaş,Rast,'Hasan Cizrawî' di vê kategoriyê de têgeheke giring e.
offline_curated_21383,Muzîk,4,answers,Ravekirina 'yek ji stûnên muzîka kurmancî ya klasîk ku kilamên devera Botan tomar kirine' bi tevahî ji qada muzîk dûr e.,Rast | Şaş,Şaş,Ev ravekirin bi 'Hasan Cizrawî' û qada muzîk re girêdayî ye.
offline_curated_21387,Muzîk,3,answers,Di xwendina muzîk de têgeha 'Hasan Cizrawî' wekî mijareke bingehîn dikare were nirxandin.,Rast | Şaş,Rast,'Hasan Cizrawî' di vê kategoriyê de têgeheke giring e.
offline_curated_21388,Muzîk,4,answers,Ravekirina 'yek ji stûnên muzîka kurmancî ya klasîk ku kilamên devera Botan tomar kirine' bi tevahî ji qada muzîk dûr e.,Rast | Şaş,Şaş,Ev ravekirin bi 'Hasan Cizrawî' û qada muzîk re girêdayî ye.
offline_curated_21392,Muzîk,3,answers,"Di gotûbêja dersê de, di xwendina muzîk de têgeha 'Hasan Cizrawî' wekî mijareke bingehîn dikare were nirxandin.",Rast | Şaş,Rast,'Hasan Cizrawî' di vê kategoriyê de têgeheke giring e.
offline_curated_21393,Muzîk,4,answers,"Di gotûbêja dersê de, ravekirina 'yek ji stûnên muzîka kurmancî ya klasîk ku kilamên devera Botan tomar kirine' bi tevahî ji qada muzîk dûr e.",Rast | Şaş,Şaş,Ev ravekirin bi 'Hasan Cizrawî' û qada muzîk re girêdayî ye.
offline_curated_21397,Muzîk,3,answers,"Di nirxandina xwendekaran de, di xwendina muzîk de têgeha 'Hasan Cizrawî' wekî mijareke bingehîn dikare were nirxandin.",Rast | Şaş,Rast,'Hasan Cizrawî' di vê kategoriyê de têgeheke giring e.
offline_curated_21398,Muzîk,4,answers,"Di nirxandina xwendekaran de, ravekirina 'yek ji stûnên muzîka kurmancî ya klasîk ku kilamên devera Botan tomar kirine' bi tevahî ji qada muzîk dûr e.",Rast | Şaş,Şaş,Ev ravekirin bi 'Hasan Cizrawî' û qada muzîk re girêdayî ye.
offline_curated_21402,Muzîk,4,answers,Di xwendina muzîk de têgeha 'Meryem Xan' wekî mijareke bingehîn dikare were nirxandin.,Rast | Şaş,Rast,'Meryem Xan' di vê kategoriyê de têgeheke giring e.
offline_curated_21403,Muzîk,5,answers,Ravekirina 'stranbêja yekem a kurd ku dengê xwe li ser plakan tomar kiriye' bi tevahî ji qada muzîk dûr e.,Rast | Şaş,Şaş,Ev ravekirin bi 'Meryem Xan' û qada muzîk re girêdayî ye.
offline_curated_21407,Muzîk,4,answers,Di xwendina muzîk de têgeha 'Meryem Xan' wekî mijareke bingehîn dikare were nirxandin.,Rast | Şaş,Rast,'Meryem Xan' di vê kategoriyê de têgeheke giring e.
offline_curated_21408,Muzîk,5,answers,Ravekirina 'stranbêja yekem a kurd ku dengê xwe li ser plakan tomar kiriye' bi tevahî ji qada muzîk dûr e.,Rast | Şaş,Şaş,Ev ravekirin bi 'Meryem Xan' û qada muzîk re girêdayî ye.
offline_curated_21412,Muzîk,4,answers,Di xwendina muzîk de têgeha 'Meryem Xan' wekî mijareke bingehîn dikare were nirxandin.,Rast | Şaş,Rast,'Meryem Xan' di vê kategoriyê de têgeheke giring e.
offline_curated_21413,Muzîk,5,answers,Ravekirina 'stranbêja yekem a kurd ku dengê xwe li ser plakan tomar kiriye' bi tevahî ji qada muzîk dûr e.,Rast | Şaş,Şaş,Ev ravekirin bi 'Meryem Xan' û qada muzîk re girêdayî ye.
offline_curated_21417,Muzîk,4,answers,"Di gotûbêja dersê de, di xwendina muzîk de têgeha 'Meryem Xan' wekî mijareke bingehîn dikare were nirxandin.",Rast | Şaş,Rast,'Meryem Xan' di vê kategoriyê de têgeheke giring e.
offline_curated_21418,Muzîk,5,answers,"Di gotûbêja dersê de, ravekirina 'stranbêja yekem a kurd ku dengê xwe li ser plakan tomar kiriye' bi tevahî ji qada muzîk dûr e.",Rast | Şaş,Şaş,Ev ravekirin bi 'Meryem Xan' û qada muzîk re girêdayî ye.
offline_curated_21422,Muzîk,4,answers,"Di nirxandina xwendekaran de, di xwendina muzîk de têgeha 'Meryem Xan' wekî mijareke bingehîn dikare were nirxandin.",Rast | Şaş,Rast,'Meryem Xan' di vê kategoriyê de têgeheke giring e.
offline_curated_21423,Muzîk,5,answers,"Di nirxandina xwendekaran de, ravekirina 'stranbêja yekem a kurd ku dengê xwe li ser plakan tomar kiriye' bi tevahî ji qada muzîk dûr e.",Rast | Şaş,Şaş,Ev ravekirin bi 'Meryem Xan' û qada muzîk re girêdayî ye.
offline_curated_21427,Muzîk,5,answers,Di xwendina muzîk de têgeha 'Koma Wetan' wekî mijareke bingehîn dikare were nirxandin.,Rast | Şaş,Rast,'Koma Wetan' di vê kategoriyê de têgeheke giring e.
offline_curated_21428,Muzîk,1,answers,Ravekirina 'koma yekem a muzîka rock a kurdî ya ku di salên 70an de derketibû holê' bi tevahî ji qada muzîk dûr e.,Rast | Şaş,Şaş,Ev ravekirin bi 'Koma Wetan' û qada muzîk re girêdayî ye.
offline_curated_21432,Muzîk,5,answers,Di xwendina muzîk de têgeha 'Koma Wetan' wekî mijareke bingehîn dikare were nirxandin.,Rast | Şaş,Rast,'Koma Wetan' di vê kategoriyê de têgeheke giring e.
offline_curated_21433,Muzîk,1,answers,Ravekirina 'koma yekem a muzîka rock a kurdî ya ku di salên 70an de derketibû holê' bi tevahî ji qada muzîk dûr e.,Rast | Şaş,Şaş,Ev ravekirin bi 'Koma Wetan' û qada muzîk re girêdayî ye.
offline_curated_21437,Muzîk,5,answers,Di xwendina muzîk de têgeha 'Koma Wetan' wekî mijareke bingehîn dikare were nirxandin.,Rast | Şaş,Rast,'Koma Wetan' di vê kategoriyê de têgeheke giring e.
offline_curated_21438,Muzîk,1,answers,Ravekirina 'koma yekem a muzîka rock a kurdî ya ku di salên 70an de derketibû holê' bi tevahî ji qada muzîk dûr e.,Rast | Şaş,Şaş,Ev ravekirin bi 'Koma Wetan' û qada muzîk re girêdayî ye.
offline_curated_21442,Muzîk,5,answers,"Di gotûbêja dersê de, di xwendina muzîk de têgeha 'Koma Wetan' wekî mijareke bingehîn dikare were nirxandin.",Rast | Şaş,Rast,'Koma Wetan' di vê kategoriyê de têgeheke giring e.
offline_curated_21443,Muzîk,1,answers,"Di gotûbêja dersê de, ravekirina 'koma yekem a muzîka rock a kurdî ya ku di salên 70an de derketibû holê' bi tevahî ji qada muzîk dûr e.",Rast | Şaş,Şaş,Ev ravekirin bi 'Koma Wetan' û qada muzîk re girêdayî ye.
offline_curated_21447,Muzîk,5,answers,"Di nirxandina xwendekaran de, di xwendina muzîk de têgeha 'Koma Wetan' wekî mijareke bingehîn dikare were nirxandin.",Rast | Şaş,Rast,'Koma Wetan' di vê kategoriyê de têgeheke giring e.
offline_curated_21448,Muzîk,1,answers,"Di nirxandina xwendekaran de, ravekirina 'koma yekem a muzîka rock a kurdî ya ku di salên 70an de derketibû holê' bi tevahî ji qada muzîk dûr e.",Rast | Şaş,Şaş,Ev ravekirin bi 'Koma Wetan' û qada muzîk re girêdayî ye.
offline_curated_21452,Muzîk,1,answers,Di xwendina muzîk de têgeha 'lawik' wekî mijareke bingehîn dikare were nirxandin.,Rast | Şaş,Rast,'lawik' di vê kategoriyê de têgeheke giring e.
offline_curated_21453,Muzîk,2,answers,Ravekirina 'şêwazê muzîka dengbêjiyê yê ku li ser lehengiya mêran û şeran tê gotin' bi tevahî ji qada muzîk dûr e.,Rast | Şaş,Şaş,Ev ravekirin bi 'lawik' û qada muzîk re girêdayî ye.
offline_curated_21457,Muzîk,1,answers,Di xwendina muzîk de têgeha 'lawik' wekî mijareke bingehîn dikare were nirxandin.,Rast | Şaş,Rast,'lawik' di vê kategoriyê de têgeheke giring e.
offline_curated_21458,Muzîk,2,answers,Ravekirina 'şêwazê muzîka dengbêjiyê yê ku li ser lehengiya mêran û şeran tê gotin' bi tevahî ji qada muzîk dûr e.,Rast | Şaş,Şaş,Ev ravekirin bi 'lawik' û qada muzîk re girêdayî ye.
offline_curated_21462,Muzîk,1,answers,Di xwendina muzîk de têgeha 'lawik' wekî mijareke bingehîn dikare were nirxandin.,Rast | Şaş,Rast,'lawik' di vê kategoriyê de têgeheke giring e.
offline_curated_21463,Muzîk,2,answers,Ravekirina 'şêwazê muzîka dengbêjiyê yê ku li ser lehengiya mêran û şeran tê gotin' bi tevahî ji qada muzîk dûr e.,Rast | Şaş,Şaş,Ev ravekirin bi 'lawik' û qada muzîk re girêdayî ye.
offline_curated_21467,Muzîk,1,answers,"Di gotûbêja dersê de, di xwendina muzîk de têgeha 'lawik' wekî mijareke bingehîn dikare were nirxandin.",Rast | Şaş,Rast,'lawik' di vê kategoriyê de têgeheke giring e.
offline_curated_21468,Muzîk,2,answers,"Di gotûbêja dersê de, ravekirina 'şêwazê muzîka dengbêjiyê yê ku li ser lehengiya mêran û şeran tê gotin' bi tevahî ji qada muzîk dûr e.",Rast | Şaş,Şaş,Ev ravekirin bi 'lawik' û qada muzîk re girêdayî ye.
offline_curated_21472,Muzîk,1,answers,"Di nirxandina xwendekaran de, di xwendina muzîk de têgeha 'lawik' wekî mijareke bingehîn dikare were nirxandin.",Rast | Şaş,Rast,'lawik' di vê kategoriyê de têgeheke giring e.
offline_curated_21473,Muzîk,2,answers,"Di nirxandina xwendekaran de, ravekirina 'şêwazê muzîka dengbêjiyê yê ku li ser lehengiya mêran û şeran tê gotin' bi tevahî ji qada muzîk dûr e.",Rast | Şaş,Şaş,Ev ravekirin bi 'lawik' û qada muzîk re girêdayî ye.
offline_curated_21477,Muzîk,2,answers,Di xwendina muzîk de têgeha 'heyran' wekî mijareke bingehîn dikare were nirxandin.,Rast | Şaş,Rast,'heyran' di vê kategoriyê de têgeheke giring e.
offline_curated_21478,Muzîk,3,answers,Ravekirina 'klamên evînê yên devera Serhadê ku bi taybetî ji aliyê jinan ve dihatin gotin' bi tevahî ji qada muzîk dûr e.,Rast | Şaş,Şaş,Ev ravekirin bi 'heyran' û qada muzîk re girêdayî ye.
offline_curated_21482,Muzîk,2,answers,Di xwendina muzîk de têgeha 'heyran' wekî mijareke bingehîn dikare were nirxandin.,Rast | Şaş,Rast,'heyran' di vê kategoriyê de têgeheke giring e.
offline_curated_21483,Muzîk,3,answers,Ravekirina 'klamên evînê yên devera Serhadê ku bi taybetî ji aliyê jinan ve dihatin gotin' bi tevahî ji qada muzîk dûr e.,Rast | Şaş,Şaş,Ev ravekirin bi 'heyran' û qada muzîk re girêdayî ye.
offline_curated_21487,Muzîk,2,answers,Di xwendina muzîk de têgeha 'heyran' wekî mijareke bingehîn dikare were nirxandin.,Rast | Şaş,Rast,'heyran' di vê kategoriyê de têgeheke giring e.
offline_curated_21488,Muzîk,3,answers,Ravekirina 'klamên evînê yên devera Serhadê ku bi taybetî ji aliyê jinan ve dihatin gotin' bi tevahî ji qada muzîk dûr e.,Rast | Şaş,Şaş,Ev ravekirin bi 'heyran' û qada muzîk re girêdayî ye.
offline_curated_21492,Muzîk,2,answers,"Di gotûbêja dersê de, di xwendina muzîk de têgeha 'heyran' wekî mijareke bingehîn dikare were nirxandin.",Rast | Şaş,Rast,'heyran' di vê kategoriyê de têgeheke giring e.
offline_curated_21493,Muzîk,3,answers,"Di gotûbêja dersê de, ravekirina 'klamên evînê yên devera Serhadê ku bi taybetî ji aliyê jinan ve dihatin gotin' bi tevahî ji qada muzîk dûr e.",Rast | Şaş,Şaş,Ev ravekirin bi 'heyran' û qada muzîk re girêdayî ye.
offline_curated_21497,Muzîk,2,answers,"Di nirxandina xwendekaran de, di xwendina muzîk de têgeha 'heyran' wekî mijareke bingehîn dikare were nirxandin.",Rast | Şaş,Rast,'heyran' di vê kategoriyê de têgeheke giring e.
offline_curated_21498,Muzîk,3,answers,"Di nirxandina xwendekaran de, ravekirina 'klamên evînê yên devera Serhadê ku bi taybetî ji aliyê jinan ve dihatin gotin' bi tevahî ji qada muzîk dûr e.",Rast | Şaş,Şaş,Ev ravekirin bi 'heyran' û qada muzîk re girêdayî ye.
offline_curated_21502,Siyaset,3,answers,Di xwendina siyaset de têgeha 'Radikal demokrasi' wekî mijareke bingehîn dikare were nirxandin.,Rast | Şaş,Rast,'Radikal demokrasi' di vê kategoriyê de têgeheke giring e.
offline_curated_21503,Siyaset,4,answers,Ravekirina 'teoriya siyasî ya ku beşdariya rasterast a gel di biryaran de diparêze' bi tevahî ji qada siyaset dûr e.,Rast | Şaş,Şaş,Ev ravekirin bi 'Radikal demokrasi' û qada siyaset re girêdayî ye.
offline_curated_21507,Siyaset,3,answers,Di xwendina siyaset de têgeha 'Radikal demokrasi' wekî mijareke bingehîn dikare were nirxandin.,Rast | Şaş,Rast,'Radikal demokrasi' di vê kategoriyê de têgeheke giring e.
offline_curated_21508,Siyaset,4,answers,Ravekirina 'teoriya siyasî ya ku beşdariya rasterast a gel di biryaran de diparêze' bi tevahî ji qada siyaset dûr e.,Rast | Şaş,Şaş,Ev ravekirin bi 'Radikal demokrasi' û qada siyaset re girêdayî ye.
offline_curated_21512,Siyaset,3,answers,Di xwendina siyaset de têgeha 'Radikal demokrasi' wekî mijareke bingehîn dikare were nirxandin.,Rast | Şaş,Rast,'Radikal demokrasi' di vê kategoriyê de têgeheke giring e.
offline_curated_21513,Siyaset,4,answers,Ravekirina 'teoriya siyasî ya ku beşdariya rasterast a gel di biryaran de diparêze' bi tevahî ji qada siyaset dûr e.,Rast | Şaş,Şaş,Ev ravekirin bi 'Radikal demokrasi' û qada siyaset re girêdayî ye.
offline_curated_21517,Siyaset,3,answers,"Di gotûbêja dersê de, di xwendina siyaset de têgeha 'Radikal demokrasi' wekî mijareke bingehîn dikare were nirxandin.",Rast | Şaş,Rast,'Radikal demokrasi' di vê kategoriyê de têgeheke giring e.
offline_curated_21518,Siyaset,4,answers,"Di gotûbêja dersê de, ravekirina 'teoriya siyasî ya ku beşdariya rasterast a gel di biryaran de diparêze' bi tevahî ji qada siyaset dûr e.",Rast | Şaş,Şaş,Ev ravekirin bi 'Radikal demokrasi' û qada siyaset re girêdayî ye.
offline_curated_21522,Siyaset,3,answers,"Di nirxandina xwendekaran de, di xwendina siyaset de têgeha 'Radikal demokrasi' wekî mijareke bingehîn dikare were nirxandin.",Rast | Şaş,Rast,'Radikal demokrasi' di vê kategoriyê de têgeheke giring e.
offline_curated_21523,Siyaset,4,answers,"Di nirxandina xwendekaran de, ravekirina 'teoriya siyasî ya ku beşdariya rasterast a gel di biryaran de diparêze' bi tevahî ji qada siyaset dûr e.",Rast | Şaş,Şaş,Ev ravekirin bi 'Radikal demokrasi' û qada siyaset re girêdayî ye.
offline_curated_21527,Siyaset,4,answers,Di xwendina siyaset de têgeha 'eşseroktî' wekî mijareke bingehîn dikare were nirxandin.,Rast | Şaş,Rast,'eşseroktî' di vê kategoriyê de têgeheke giring e.
offline_curated_21528,Siyaset,5,answers,Ravekirina 'sîstema hevseng a ku tê de jin û mêr bi hev re di hemû saziyan de seroktiyê dikin' bi tevahî ji qada siyaset dûr e.,Rast | Şaş,Şaş,Ev ravekirin bi 'eşseroktî' û qada siyaset re girêdayî ye.
offline_curated_21532,Siyaset,4,answers,Di xwendina siyaset de têgeha 'eşseroktî' wekî mijareke bingehîn dikare were nirxandin.,Rast | Şaş,Rast,'eşseroktî' di vê kategoriyê de têgeheke giring e.
offline_curated_21533,Siyaset,5,answers,Ravekirina 'sîstema hevseng a ku tê de jin û mêr bi hev re di hemû saziyan de seroktiyê dikin' bi tevahî ji qada siyaset dûr e.,Rast | Şaş,Şaş,Ev ravekirin bi 'eşseroktî' û qada siyaset re girêdayî ye.
offline_curated_21537,Siyaset,4,answers,Di xwendina siyaset de têgeha 'eşseroktî' wekî mijareke bingehîn dikare were nirxandin.,Rast | Şaş,Rast,'eşseroktî' di vê kategoriyê de têgeheke giring e.
offline_curated_21538,Siyaset,5,answers,Ravekirina 'sîstema hevseng a ku tê de jin û mêr bi hev re di hemû saziyan de seroktiyê dikin' bi tevahî ji qada siyaset dûr e.,Rast | Şaş,Şaş,Ev ravekirin bi 'eşseroktî' û qada siyaset re girêdayî ye.
offline_curated_21542,Siyaset,4,answers,"Di gotûbêja dersê de, di xwendina siyaset de têgeha 'eşseroktî' wekî mijareke bingehîn dikare were nirxandin.",Rast | Şaş,Rast,'eşseroktî' di vê kategoriyê de têgeheke giring e.
offline_curated_21543,Siyaset,5,answers,"Di gotûbêja dersê de, ravekirina 'sîstema hevseng a ku tê de jin û mêr bi hev re di hemû saziyan de seroktiyê dikin' bi tevahî ji qada siyaset dûr e.",Rast | Şaş,Şaş,Ev ravekirin bi 'eşseroktî' û qada siyaset re girêdayî ye.
offline_curated_21547,Siyaset,4,answers,"Di nirxandina xwendekaran de, di xwendina siyaset de têgeha 'eşseroktî' wekî mijareke bingehîn dikare were nirxandin.",Rast | Şaş,Rast,'eşseroktî' di vê kategoriyê de têgeheke giring e.
offline_curated_21548,Siyaset,5,answers,"Di nirxandina xwendekaran de, ravekirina 'sîstema hevseng a ku tê de jin û mêr bi hev re di hemû saziyan de seroktiyê dikin' bi tevahî ji qada siyaset dûr e.",Rast | Şaş,Şaş,Ev ravekirin bi 'eşseroktî' û qada siyaset re girêdayî ye.
offline_curated_21552,Siyaset,5,answers,Di xwendina siyaset de têgeha 'komûn û meclîs' wekî mijareke bingehîn dikare were nirxandin.,Rast | Şaş,Rast,'komûn û meclîs' di vê kategoriyê de têgeheke giring e.
offline_curated_21553,Siyaset,1,answers,Ravekirina 'avahiyên herî bingehîn ên xwe-rêveberiya gel li tax û gundan' bi tevahî ji qada siyaset dûr e.,Rast | Şaş,Şaş,Ev ravekirin bi 'komûn û meclîs' û qada siyaset re girêdayî ye.
offline_curated_21557,Siyaset,5,answers,Di xwendina siyaset de têgeha 'komûn û meclîs' wekî mijareke bingehîn dikare were nirxandin.,Rast | Şaş,Rast,'komûn û meclîs' di vê kategoriyê de têgeheke giring e.
offline_curated_21558,Siyaset,1,answers,Ravekirina 'avahiyên herî bingehîn ên xwe-rêveberiya gel li tax û gundan' bi tevahî ji qada siyaset dûr e.,Rast | Şaş,Şaş,Ev ravekirin bi 'komûn û meclîs' û qada siyaset re girêdayî ye.
offline_curated_21562,Siyaset,5,answers,Di xwendina siyaset de têgeha 'komûn û meclîs' wekî mijareke bingehîn dikare were nirxandin.,Rast | Şaş,Rast,'komûn û meclîs' di vê kategoriyê de têgeheke giring e.
offline_curated_21563,Siyaset,1,answers,Ravekirina 'avahiyên herî bingehîn ên xwe-rêveberiya gel li tax û gundan' bi tevahî ji qada siyaset dûr e.,Rast | Şaş,Şaş,Ev ravekirin bi 'komûn û meclîs' û qada siyaset re girêdayî ye.
offline_curated_21567,Siyaset,5,answers,"Di gotûbêja dersê de, di xwendina siyaset de têgeha 'komûn û meclîs' wekî mijareke bingehîn dikare were nirxandin.",Rast | Şaş,Rast,'komûn û meclîs' di vê kategoriyê de têgeheke giring e.
offline_curated_21568,Siyaset,1,answers,"Di gotûbêja dersê de, ravekirina 'avahiyên herî bingehîn ên xwe-rêveberiya gel li tax û gundan' bi tevahî ji qada siyaset dûr e.",Rast | Şaş,Şaş,Ev ravekirin bi 'komûn û meclîs' û qada siyaset re girêdayî ye.
offline_curated_21572,Siyaset,5,answers,"Di nirxandina xwendekaran de, di xwendina siyaset de têgeha 'komûn û meclîs' wekî mijareke bingehîn dikare were nirxandin.",Rast | Şaş,Rast,'komûn û meclîs' di vê kategoriyê de têgeheke giring e.
offline_curated_21573,Siyaset,1,answers,"Di nirxandina xwendekaran de, ravekirina 'avahiyên herî bingehîn ên xwe-rêveberiya gel li tax û gundan' bi tevahî ji qada siyaset dûr e.",Rast | Şaş,Şaş,Ev ravekirin bi 'komûn û meclîs' û qada siyaset re girêdayî ye.
offline_curated_21577,Siyaset,1,answers,Di xwendina siyaset de têgeha 'peymana civakî' wekî mijareke bingehîn dikare were nirxandin.,Rast | Şaş,Rast,'peymana civakî' di vê kategoriyê de têgeheke giring e.
offline_curated_21578,Siyaset,2,answers,Ravekirina 'belgeya bingehîn a ku prensîbên jiyana hevbeş û azad a gelan diyar dike' bi tevahî ji qada siyaset dûr e.,Rast | Şaş,Şaş,Ev ravekirin bi 'peymana civakî' û qada siyaset re girêdayî ye.
offline_curated_21582,Siyaset,1,answers,Di xwendina siyaset de têgeha 'peymana civakî' wekî mijareke bingehîn dikare were nirxandin.,Rast | Şaş,Rast,'peymana civakî' di vê kategoriyê de têgeheke giring e.
offline_curated_21583,Siyaset,2,answers,Ravekirina 'belgeya bingehîn a ku prensîbên jiyana hevbeş û azad a gelan diyar dike' bi tevahî ji qada siyaset dûr e.,Rast | Şaş,Şaş,Ev ravekirin bi 'peymana civakî' û qada siyaset re girêdayî ye.
offline_curated_21587,Siyaset,1,answers,Di xwendina siyaset de têgeha 'peymana civakî' wekî mijareke bingehîn dikare were nirxandin.,Rast | Şaş,Rast,'peymana civakî' di vê kategoriyê de têgeheke giring e.
offline_curated_21588,Siyaset,2,answers,Ravekirina 'belgeya bingehîn a ku prensîbên jiyana hevbeş û azad a gelan diyar dike' bi tevahî ji qada siyaset dûr e.,Rast | Şaş,Şaş,Ev ravekirin bi 'peymana civakî' û qada siyaset re girêdayî ye.
offline_curated_21592,Siyaset,1,answers,"Di gotûbêja dersê de, di xwendina siyaset de têgeha 'peymana civakî' wekî mijareke bingehîn dikare were nirxandin.",Rast | Şaş,Rast,'peymana civakî' di vê kategoriyê de têgeheke giring e.
offline_curated_21593,Siyaset,2,answers,"Di gotûbêja dersê de, ravekirina 'belgeya bingehîn a ku prensîbên jiyana hevbeş û azad a gelan diyar dike' bi tevahî ji qada siyaset dûr e.",Rast | Şaş,Şaş,Ev ravekirin bi 'peymana civakî' û qada siyaset re girêdayî ye.
offline_curated_21597,Siyaset,1,answers,"Di nirxandina xwendekaran de, di xwendina siyaset de têgeha 'peymana civakî' wekî mijareke bingehîn dikare were nirxandin.",Rast | Şaş,Rast,'peymana civakî' di vê kategoriyê de têgeheke giring e.
offline_curated_21598,Siyaset,2,answers,"Di nirxandina xwendekaran de, ravekirina 'belgeya bingehîn a ku prensîbên jiyana hevbeş û azad a gelan diyar dike' bi tevahî ji qada siyaset dûr e.",Rast | Şaş,Şaş,Ev ravekirin bi 'peymana civakî' û qada siyaset re girêdayî ye.
offline_curated_21602,Siyaset,2,answers,Di xwendina siyaset de têgeha 'ademi-merkeziyet' wekî mijareke bingehîn dikare were nirxandin.,Rast | Şaş,Rast,'ademi-merkeziyet' di vê kategoriyê de têgeheke giring e.
offline_curated_21603,Siyaset,3,answers,Ravekirina 'parvekirina desthilatê ji navendê ber bi herêm û rêveberiyên xweser ve' bi tevahî ji qada siyaset dûr e.,Rast | Şaş,Şaş,Ev ravekirin bi 'ademi-merkeziyet' û qada siyaset re girêdayî ye.
offline_curated_21607,Siyaset,2,answers,Di xwendina siyaset de têgeha 'ademi-merkeziyet' wekî mijareke bingehîn dikare were nirxandin.,Rast | Şaş,Rast,'ademi-merkeziyet' di vê kategoriyê de têgeheke giring e.
offline_curated_21608,Siyaset,3,answers,Ravekirina 'parvekirina desthilatê ji navendê ber bi herêm û rêveberiyên xweser ve' bi tevahî ji qada siyaset dûr e.,Rast | Şaş,Şaş,Ev ravekirin bi 'ademi-merkeziyet' û qada siyaset re girêdayî ye.
offline_curated_21612,Siyaset,2,answers,Di xwendina siyaset de têgeha 'ademi-merkeziyet' wekî mijareke bingehîn dikare were nirxandin.,Rast | Şaş,Rast,'ademi-merkeziyet' di vê kategoriyê de têgeheke giring e.
offline_curated_21613,Siyaset,3,answers,Ravekirina 'parvekirina desthilatê ji navendê ber bi herêm û rêveberiyên xweser ve' bi tevahî ji qada siyaset dûr e.,Rast | Şaş,Şaş,Ev ravekirin bi 'ademi-merkeziyet' û qada siyaset re girêdayî ye.
offline_curated_21617,Siyaset,2,answers,"Di gotûbêja dersê de, di xwendina siyaset de têgeha 'ademi-merkeziyet' wekî mijareke bingehîn dikare were nirxandin.",Rast | Şaş,Rast,'ademi-merkeziyet' di vê kategoriyê de têgeheke giring e.
offline_curated_21618,Siyaset,3,answers,"Di gotûbêja dersê de, ravekirina 'parvekirina desthilatê ji navendê ber bi herêm û rêveberiyên xweser ve' bi tevahî ji qada siyaset dûr e.",Rast | Şaş,Şaş,Ev ravekirin bi 'ademi-merkeziyet' û qada siyaset re girêdayî ye.
offline_curated_21622,Siyaset,2,answers,"Di nirxandina xwendekaran de, di xwendina siyaset de têgeha 'ademi-merkeziyet' wekî mijareke bingehîn dikare were nirxandin.",Rast | Şaş,Rast,'ademi-merkeziyet' di vê kategoriyê de têgeheke giring e.
offline_curated_21623,Siyaset,3,answers,"Di nirxandina xwendekaran de, ravekirina 'parvekirina desthilatê ji navendê ber bi herêm û rêveberiyên xweser ve' bi tevahî ji qada siyaset dûr e.",Rast | Şaş,Şaş,Ev ravekirin bi 'ademi-merkeziyet' û qada siyaset re girêdayî ye.
offline_curated_21627,Siyaset,3,answers,Di xwendina siyaset de têgeha 'parastina rewa' wekî mijareke bingehîn dikare were nirxandin.,Rast | Şaş,Rast,'parastina rewa' di vê kategoriyê de têgeheke giring e.
offline_curated_21628,Siyaset,4,answers,Ravekirina 'mafê parastina xwezayî ya civakê li dijî êrîşên derveyî' bi tevahî ji qada siyaset dûr e.,Rast | Şaş,Şaş,Ev ravekirin bi 'parastina rewa' û qada siyaset re girêdayî ye.
offline_curated_21632,Siyaset,3,answers,Di xwendina siyaset de têgeha 'parastina rewa' wekî mijareke bingehîn dikare were nirxandin.,Rast | Şaş,Rast,'parastina rewa' di vê kategoriyê de têgeheke giring e.
offline_curated_21633,Siyaset,4,answers,Ravekirina 'mafê parastina xwezayî ya civakê li dijî êrîşên derveyî' bi tevahî ji qada siyaset dûr e.,Rast | Şaş,Şaş,Ev ravekirin bi 'parastina rewa' û qada siyaset re girêdayî ye.
offline_curated_21637,Siyaset,3,answers,Di xwendina siyaset de têgeha 'parastina rewa' wekî mijareke bingehîn dikare were nirxandin.,Rast | Şaş,Rast,'parastina rewa' di vê kategoriyê de têgeheke giring e.
offline_curated_21638,Siyaset,4,answers,Ravekirina 'mafê parastina xwezayî ya civakê li dijî êrîşên derveyî' bi tevahî ji qada siyaset dûr e.,Rast | Şaş,Şaş,Ev ravekirin bi 'parastina rewa' û qada siyaset re girêdayî ye.
offline_curated_21642,Siyaset,3,answers,"Di gotûbêja dersê de, di xwendina siyaset de têgeha 'parastina rewa' wekî mijareke bingehîn dikare were nirxandin.",Rast | Şaş,Rast,'parastina rewa' di vê kategoriyê de têgeheke giring e.
offline_curated_21643,Siyaset,4,answers,"Di gotûbêja dersê de, ravekirina 'mafê parastina xwezayî ya civakê li dijî êrîşên derveyî' bi tevahî ji qada siyaset dûr e.",Rast | Şaş,Şaş,Ev ravekirin bi 'parastina rewa' û qada siyaset re girêdayî ye.
offline_curated_21647,Siyaset,3,answers,"Di nirxandina xwendekaran de, di xwendina siyaset de têgeha 'parastina rewa' wekî mijareke bingehîn dikare were nirxandin.",Rast | Şaş,Rast,'parastina rewa' di vê kategoriyê de têgeheke giring e.
offline_curated_21648,Siyaset,4,answers,"Di nirxandina xwendekaran de, ravekirina 'mafê parastina xwezayî ya civakê li dijî êrîşên derveyî' bi tevahî ji qada siyaset dûr e.",Rast | Şaş,Şaş,Ev ravekirin bi 'parastina rewa' û qada siyaset re girêdayî ye.
offline_curated_21652,Siyaset,4,answers,Di xwendina siyaset de têgeha 'pirrengî' wekî mijareke bingehîn dikare were nirxandin.,Rast | Şaş,Rast,'pirrengî' di vê kategoriyê de têgeheke giring e.
offline_curated_21653,Siyaset,5,answers,Ravekirina 'prensîba parastin û pejirandina hemû nasnameyên cuda yê di civakê de' bi tevahî ji qada siyaset dûr e.,Rast | Şaş,Şaş,Ev ravekirin bi 'pirrengî' û qada siyaset re girêdayî ye.
offline_curated_21657,Siyaset,4,answers,Di xwendina siyaset de têgeha 'pirrengî' wekî mijareke bingehîn dikare were nirxandin.,Rast | Şaş,Rast,'pirrengî' di vê kategoriyê de têgeheke giring e.
offline_curated_21658,Siyaset,5,answers,Ravekirina 'prensîba parastin û pejirandina hemû nasnameyên cuda yê di civakê de' bi tevahî ji qada siyaset dûr e.,Rast | Şaş,Şaş,Ev ravekirin bi 'pirrengî' û qada siyaset re girêdayî ye.
offline_curated_21662,Siyaset,4,answers,Di xwendina siyaset de têgeha 'pirrengî' wekî mijareke bingehîn dikare were nirxandin.,Rast | Şaş,Rast,'pirrengî' di vê kategoriyê de têgeheke giring e.
offline_curated_21663,Siyaset,5,answers,Ravekirina 'prensîba parastin û pejirandina hemû nasnameyên cuda yê di civakê de' bi tevahî ji qada siyaset dûr e.,Rast | Şaş,Şaş,Ev ravekirin bi 'pirrengî' û qada siyaset re girêdayî ye.
offline_curated_21667,Siyaset,4,answers,"Di gotûbêja dersê de, di xwendina siyaset de têgeha 'pirrengî' wekî mijareke bingehîn dikare were nirxandin.",Rast | Şaş,Rast,'pirrengî' di vê kategoriyê de têgeheke giring e.
offline_curated_21668,Siyaset,5,answers,"Di gotûbêja dersê de, ravekirina 'prensîba parastin û pejirandina hemû nasnameyên cuda yê di civakê de' bi tevahî ji qada siyaset dûr e.",Rast | Şaş,Şaş,Ev ravekirin bi 'pirrengî' û qada siyaset re girêdayî ye.
offline_curated_21672,Siyaset,4,answers,"Di nirxandina xwendekaran de, di xwendina siyaset de têgeha 'pirrengî' wekî mijareke bingehîn dikare were nirxandin.",Rast | Şaş,Rast,'pirrengî' di vê kategoriyê de têgeheke giring e.
offline_curated_21673,Siyaset,5,answers,"Di nirxandina xwendekaran de, ravekirina 'prensîba parastin û pejirandina hemû nasnameyên cuda yê di civakê de' bi tevahî ji qada siyaset dûr e.",Rast | Şaş,Şaş,Ev ravekirin bi 'pirrengî' û qada siyaset re girêdayî ye.
offline_curated_21677,Siyaset,5,answers,Di xwendina siyaset de têgeha 'demokrasiya rasterast' wekî mijareke bingehîn dikare were nirxandin.,Rast | Şaş,Rast,'demokrasiya rasterast' di vê kategoriyê de têgeheke giring e.
offline_curated_21678,Siyaset,1,answers,Ravekirina 'şêwazê rêveberiyê ku tê de gel bêyî nûneran biryaran dide' bi tevahî ji qada siyaset dûr e.,Rast | Şaş,Şaş,Ev ravekirin bi 'demokrasiya rasterast' û qada siyaset re girêdayî ye.
offline_curated_21682,Siyaset,5,answers,Di xwendina siyaset de têgeha 'demokrasiya rasterast' wekî mijareke bingehîn dikare were nirxandin.,Rast | Şaş,Rast,'demokrasiya rasterast' di vê kategoriyê de têgeheke giring e.
offline_curated_21683,Siyaset,1,answers,Ravekirina 'şêwazê rêveberiyê ku tê de gel bêyî nûneran biryaran dide' bi tevahî ji qada siyaset dûr e.,Rast | Şaş,Şaş,Ev ravekirin bi 'demokrasiya rasterast' û qada siyaset re girêdayî ye.
offline_curated_21687,Siyaset,5,answers,Di xwendina siyaset de têgeha 'demokrasiya rasterast' wekî mijareke bingehîn dikare were nirxandin.,Rast | Şaş,Rast,'demokrasiya rasterast' di vê kategoriyê de têgeheke giring e.
offline_curated_21688,Siyaset,1,answers,Ravekirina 'şêwazê rêveberiyê ku tê de gel bêyî nûneran biryaran dide' bi tevahî ji qada siyaset dûr e.,Rast | Şaş,Şaş,Ev ravekirin bi 'demokrasiya rasterast' û qada siyaset re girêdayî ye.
offline_curated_21692,Siyaset,5,answers,"Di gotûbêja dersê de, di xwendina siyaset de têgeha 'demokrasiya rasterast' wekî mijareke bingehîn dikare were nirxandin.",Rast | Şaş,Rast,'demokrasiya rasterast' di vê kategoriyê de têgeheke giring e.
offline_curated_21693,Siyaset,1,answers,"Di gotûbêja dersê de, ravekirina 'şêwazê rêveberiyê ku tê de gel bêyî nûneran biryaran dide' bi tevahî ji qada siyaset dûr e.",Rast | Şaş,Şaş,Ev ravekirin bi 'demokrasiya rasterast' û qada siyaset re girêdayî ye.
offline_curated_21697,Siyaset,5,answers,"Di nirxandina xwendekaran de, di xwendina siyaset de têgeha 'demokrasiya rasterast' wekî mijareke bingehîn dikare were nirxandin.",Rast | Şaş,Rast,'demokrasiya rasterast' di vê kategoriyê de têgeheke giring e.
offline_curated_21698,Siyaset,1,answers,"Di nirxandina xwendekaran de, ravekirina 'şêwazê rêveberiyê ku tê de gel bêyî nûneran biryaran dide' bi tevahî ji qada siyaset dûr e.",Rast | Şaş,Şaş,Ev ravekirin bi 'demokrasiya rasterast' û qada siyaset re girêdayî ye.
offline_curated_21702,Siyaset,1,answers,Di xwendina siyaset de têgeha 'xweseriya demokratîk' wekî mijareke bingehîn dikare were nirxandin.,Rast | Şaş,Rast,'xweseriya demokratîk' di vê kategoriyê de têgeheke giring e.
offline_curated_21703,Siyaset,2,answers,Ravekirina 'modela siyasî ya ku tê de gelên herêmê saziyên xwe bi xwe birêve dibin' bi tevahî ji qada siyaset dûr e.,Rast | Şaş,Şaş,Ev ravekirin bi 'xweseriya demokratîk' û qada siyaset re girêdayî ye.
offline_curated_21707,Siyaset,1,answers,Di xwendina siyaset de têgeha 'xweseriya demokratîk' wekî mijareke bingehîn dikare were nirxandin.,Rast | Şaş,Rast,'xweseriya demokratîk' di vê kategoriyê de têgeheke giring e.
offline_curated_21708,Siyaset,2,answers,Ravekirina 'modela siyasî ya ku tê de gelên herêmê saziyên xwe bi xwe birêve dibin' bi tevahî ji qada siyaset dûr e.,Rast | Şaş,Şaş,Ev ravekirin bi 'xweseriya demokratîk' û qada siyaset re girêdayî ye.
offline_curated_21712,Siyaset,1,answers,Di xwendina siyaset de têgeha 'xweseriya demokratîk' wekî mijareke bingehîn dikare were nirxandin.,Rast | Şaş,Rast,'xweseriya demokratîk' di vê kategoriyê de têgeheke giring e.
offline_curated_21713,Siyaset,2,answers,Ravekirina 'modela siyasî ya ku tê de gelên herêmê saziyên xwe bi xwe birêve dibin' bi tevahî ji qada siyaset dûr e.,Rast | Şaş,Şaş,Ev ravekirin bi 'xweseriya demokratîk' û qada siyaset re girêdayî ye.
offline_curated_21717,Siyaset,1,answers,"Di gotûbêja dersê de, di xwendina siyaset de têgeha 'xweseriya demokratîk' wekî mijareke bingehîn dikare were nirxandin.",Rast | Şaş,Rast,'xweseriya demokratîk' di vê kategoriyê de têgeheke giring e.
offline_curated_21718,Siyaset,2,answers,"Di gotûbêja dersê de, ravekirina 'modela siyasî ya ku tê de gelên herêmê saziyên xwe bi xwe birêve dibin' bi tevahî ji qada siyaset dûr e.",Rast | Şaş,Şaş,Ev ravekirin bi 'xweseriya demokratîk' û qada siyaset re girêdayî ye.
offline_curated_21722,Siyaset,1,answers,"Di nirxandina xwendekaran de, di xwendina siyaset de têgeha 'xweseriya demokratîk' wekî mijareke bingehîn dikare were nirxandin.",Rast | Şaş,Rast,'xweseriya demokratîk' di vê kategoriyê de têgeheke giring e.
offline_curated_21723,Siyaset,2,answers,"Di nirxandina xwendekaran de, ravekirina 'modela siyasî ya ku tê de gelên herêmê saziyên xwe bi xwe birêve dibin' bi tevahî ji qada siyaset dûr e.",Rast | Şaş,Şaş,Ev ravekirin bi 'xweseriya demokratîk' û qada siyaset re girêdayî ye.
offline_curated_21727,Siyaset,2,answers,Di xwendina siyaset de têgeha 'hevpeymaniya demokratîk' wekî mijareke bingehîn dikare were nirxandin.,Rast | Şaş,Rast,'hevpeymaniya demokratîk' di vê kategoriyê de têgeheke giring e.
offline_curated_21728,Siyaset,3,answers,Ravekirina 'têkiliya stratejîk a di navbera hêzên guhertinê yê civakê de' bi tevahî ji qada siyaset dûr e.,Rast | Şaş,Şaş,Ev ravekirin bi 'hevpeymaniya demokratîk' û qada siyaset re girêdayî ye.
offline_curated_21732,Siyaset,2,answers,Di xwendina siyaset de têgeha 'hevpeymaniya demokratîk' wekî mijareke bingehîn dikare were nirxandin.,Rast | Şaş,Rast,'hevpeymaniya demokratîk' di vê kategoriyê de têgeheke giring e.
offline_curated_21733,Siyaset,3,answers,Ravekirina 'têkiliya stratejîk a di navbera hêzên guhertinê yê civakê de' bi tevahî ji qada siyaset dûr e.,Rast | Şaş,Şaş,Ev ravekirin bi 'hevpeymaniya demokratîk' û qada siyaset re girêdayî ye.
offline_curated_21737,Siyaset,2,answers,Di xwendina siyaset de têgeha 'hevpeymaniya demokratîk' wekî mijareke bingehîn dikare were nirxandin.,Rast | Şaş,Rast,'hevpeymaniya demokratîk' di vê kategoriyê de têgeheke giring e.
offline_curated_21738,Siyaset,3,answers,Ravekirina 'têkiliya stratejîk a di navbera hêzên guhertinê yê civakê de' bi tevahî ji qada siyaset dûr e.,Rast | Şaş,Şaş,Ev ravekirin bi 'hevpeymaniya demokratîk' û qada siyaset re girêdayî ye.
offline_curated_21742,Siyaset,2,answers,"Di gotûbêja dersê de, di xwendina siyaset de têgeha 'hevpeymaniya demokratîk' wekî mijareke bingehîn dikare were nirxandin.",Rast | Şaş,Rast,'hevpeymaniya demokratîk' di vê kategoriyê de têgeheke giring e.
offline_curated_21743,Siyaset,3,answers,"Di gotûbêja dersê de, ravekirina 'têkiliya stratejîk a di navbera hêzên guhertinê yê civakê de' bi tevahî ji qada siyaset dûr e.",Rast | Şaş,Şaş,Ev ravekirin bi 'hevpeymaniya demokratîk' û qada siyaset re girêdayî ye.
offline_curated_21747,Siyaset,2,answers,"Di nirxandina xwendekaran de, di xwendina siyaset de têgeha 'hevpeymaniya demokratîk' wekî mijareke bingehîn dikare were nirxandin.",Rast | Şaş,Rast,'hevpeymaniya demokratîk' di vê kategoriyê de têgeheke giring e.
offline_curated_21748,Siyaset,3,answers,"Di nirxandina xwendekaran de, ravekirina 'têkiliya stratejîk a di navbera hêzên guhertinê yê civakê de' bi tevahî ji qada siyaset dûr e.",Rast | Şaş,Şaş,Ev ravekirin bi 'hevpeymaniya demokratîk' û qada siyaset re girêdayî ye.
offline_curated_21752,Paradigma,3,answers,Di xwendina paradigma de têgeha 'Konfederalîzma Demokratîk' wekî mijareke bingehîn dikare were nirxandin.,Rast | Şaş,Rast,'Konfederalîzma Demokratîk' di vê kategoriyê de têgeheke giring e.
offline_curated_21753,Paradigma,4,answers,Ravekirina 'modela birêvebirina civakê ya li derveyî sîstema dewlet-neteweyê' bi tevahî ji qada paradigma dûr e.,Rast | Şaş,Şaş,Ev ravekirin bi 'Konfederalîzma Demokratîk' û qada paradigma re girêdayî ye.
offline_curated_21757,Paradigma,3,answers,Di xwendina paradigma de têgeha 'Konfederalîzma Demokratîk' wekî mijareke bingehîn dikare were nirxandin.,Rast | Şaş,Rast,'Konfederalîzma Demokratîk' di vê kategoriyê de têgeheke giring e.
offline_curated_21758,Paradigma,4,answers,Ravekirina 'modela birêvebirina civakê ya li derveyî sîstema dewlet-neteweyê' bi tevahî ji qada paradigma dûr e.,Rast | Şaş,Şaş,Ev ravekirin bi 'Konfederalîzma Demokratîk' û qada paradigma re girêdayî ye.
offline_curated_21762,Paradigma,3,answers,Di xwendina paradigma de têgeha 'Konfederalîzma Demokratîk' wekî mijareke bingehîn dikare were nirxandin.,Rast | Şaş,Rast,'Konfederalîzma Demokratîk' di vê kategoriyê de têgeheke giring e.
offline_curated_21763,Paradigma,4,answers,Ravekirina 'modela birêvebirina civakê ya li derveyî sîstema dewlet-neteweyê' bi tevahî ji qada paradigma dûr e.,Rast | Şaş,Şaş,Ev ravekirin bi 'Konfederalîzma Demokratîk' û qada paradigma re girêdayî ye.
offline_curated_21767,Paradigma,3,answers,"Di gotûbêja dersê de, di xwendina paradigma de têgeha 'Konfederalîzma Demokratîk' wekî mijareke bingehîn dikare were nirxandin.",Rast | Şaş,Rast,'Konfederalîzma Demokratîk' di vê kategoriyê de têgeheke giring e.
offline_curated_21768,Paradigma,4,answers,"Di gotûbêja dersê de, ravekirina 'modela birêvebirina civakê ya li derveyî sîstema dewlet-neteweyê' bi tevahî ji qada paradigma dûr e.",Rast | Şaş,Şaş,Ev ravekirin bi 'Konfederalîzma Demokratîk' û qada paradigma re girêdayî ye.
offline_curated_21772,Paradigma,3,answers,"Di nirxandina xwendekaran de, di xwendina paradigma de têgeha 'Konfederalîzma Demokratîk' wekî mijareke bingehîn dikare were nirxandin.",Rast | Şaş,Rast,'Konfederalîzma Demokratîk' di vê kategoriyê de têgeheke giring e.
offline_curated_21773,Paradigma,4,answers,"Di nirxandina xwendekaran de, ravekirina 'modela birêvebirina civakê ya li derveyî sîstema dewlet-neteweyê' bi tevahî ji qada paradigma dûr e.",Rast | Şaş,Şaş,Ev ravekirin bi 'Konfederalîzma Demokratîk' û qada paradigma re girêdayî ye.
offline_curated_21777,Paradigma,4,answers,Di xwendina paradigma de têgeha 'Moderniteya Demokratîk' wekî mijareke bingehîn dikare were nirxandin.,Rast | Şaş,Rast,'Moderniteya Demokratîk' di vê kategoriyê de têgeheke giring e.
offline_curated_21778,Paradigma,5,answers,Ravekirina 'modela alternatîf a jiyanê ya li dijî kapîtalîzma modern' bi tevahî ji qada paradigma dûr e.,Rast | Şaş,Şaş,Ev ravekirin bi 'Moderniteya Demokratîk' û qada paradigma re girêdayî ye.
offline_curated_21782,Paradigma,4,answers,Di xwendina paradigma de têgeha 'Moderniteya Demokratîk' wekî mijareke bingehîn dikare were nirxandin.,Rast | Şaş,Rast,'Moderniteya Demokratîk' di vê kategoriyê de têgeheke giring e.
offline_curated_21783,Paradigma,5,answers,Ravekirina 'modela alternatîf a jiyanê ya li dijî kapîtalîzma modern' bi tevahî ji qada paradigma dûr e.,Rast | Şaş,Şaş,Ev ravekirin bi 'Moderniteya Demokratîk' û qada paradigma re girêdayî ye.
offline_curated_21787,Paradigma,4,answers,Di xwendina paradigma de têgeha 'Moderniteya Demokratîk' wekî mijareke bingehîn dikare were nirxandin.,Rast | Şaş,Rast,'Moderniteya Demokratîk' di vê kategoriyê de têgeheke giring e.
offline_curated_21788,Paradigma,5,answers,Ravekirina 'modela alternatîf a jiyanê ya li dijî kapîtalîzma modern' bi tevahî ji qada paradigma dûr e.,Rast | Şaş,Şaş,Ev ravekirin bi 'Moderniteya Demokratîk' û qada paradigma re girêdayî ye.
offline_curated_21792,Paradigma,4,answers,"Di gotûbêja dersê de, di xwendina paradigma de têgeha 'Moderniteya Demokratîk' wekî mijareke bingehîn dikare were nirxandin.",Rast | Şaş,Rast,'Moderniteya Demokratîk' di vê kategoriyê de têgeheke giring e.
offline_curated_21793,Paradigma,5,answers,"Di gotûbêja dersê de, ravekirina 'modela alternatîf a jiyanê ya li dijî kapîtalîzma modern' bi tevahî ji qada paradigma dûr e.",Rast | Şaş,Şaş,Ev ravekirin bi 'Moderniteya Demokratîk' û qada paradigma re girêdayî ye.
offline_curated_21797,Paradigma,4,answers,"Di nirxandina xwendekaran de, di xwendina paradigma de têgeha 'Moderniteya Demokratîk' wekî mijareke bingehîn dikare were nirxandin.",Rast | Şaş,Rast,'Moderniteya Demokratîk' di vê kategoriyê de têgeheke giring e.
offline_curated_21798,Paradigma,5,answers,"Di nirxandina xwendekaran de, ravekirina 'modela alternatîf a jiyanê ya li dijî kapîtalîzma modern' bi tevahî ji qada paradigma dûr e.",Rast | Şaş,Şaş,Ev ravekirin bi 'Moderniteya Demokratîk' û qada paradigma re girêdayî ye.
offline_curated_21802,Paradigma,5,answers,Di xwendina paradigma de têgeha 'Jineolojî' wekî mijareke bingehîn dikare were nirxandin.,Rast | Şaş,Rast,'Jineolojî' di vê kategoriyê de têgeheke giring e.
offline_curated_21803,Paradigma,1,answers,Ravekirina 'zanistiya jinê ku bingeha azadiya civakê li ser azadiya jinê ava dike' bi tevahî ji qada paradigma dûr e.,Rast | Şaş,Şaş,Ev ravekirin bi 'Jineolojî' û qada paradigma re girêdayî ye.
offline_curated_21807,Paradigma,5,answers,Di xwendina paradigma de têgeha 'Jineolojî' wekî mijareke bingehîn dikare were nirxandin.,Rast | Şaş,Rast,'Jineolojî' di vê kategoriyê de têgeheke giring e.
offline_curated_21808,Paradigma,1,answers,Ravekirina 'zanistiya jinê ku bingeha azadiya civakê li ser azadiya jinê ava dike' bi tevahî ji qada paradigma dûr e.,Rast | Şaş,Şaş,Ev ravekirin bi 'Jineolojî' û qada paradigma re girêdayî ye.
offline_curated_21812,Paradigma,5,answers,Di xwendina paradigma de têgeha 'Jineolojî' wekî mijareke bingehîn dikare were nirxandin.,Rast | Şaş,Rast,'Jineolojî' di vê kategoriyê de têgeheke giring e.
offline_curated_21813,Paradigma,1,answers,Ravekirina 'zanistiya jinê ku bingeha azadiya civakê li ser azadiya jinê ava dike' bi tevahî ji qada paradigma dûr e.,Rast | Şaş,Şaş,Ev ravekirin bi 'Jineolojî' û qada paradigma re girêdayî ye.
offline_curated_21817,Paradigma,5,answers,"Di gotûbêja dersê de, di xwendina paradigma de têgeha 'Jineolojî' wekî mijareke bingehîn dikare were nirxandin.",Rast | Şaş,Rast,'Jineolojî' di vê kategoriyê de têgeheke giring e.
offline_curated_21818,Paradigma,1,answers,"Di gotûbêja dersê de, ravekirina 'zanistiya jinê ku bingeha azadiya civakê li ser azadiya jinê ava dike' bi tevahî ji qada paradigma dûr e.",Rast | Şaş,Şaş,Ev ravekirin bi 'Jineolojî' û qada paradigma re girêdayî ye.
offline_curated_21822,Paradigma,5,answers,"Di nirxandina xwendekaran de, di xwendina paradigma de têgeha 'Jineolojî' wekî mijareke bingehîn dikare were nirxandin.",Rast | Şaş,Rast,'Jineolojî' di vê kategoriyê de têgeheke giring e.
offline_curated_21823,Paradigma,1,answers,"Di nirxandina xwendekaran de, ravekirina 'zanistiya jinê ku bingeha azadiya civakê li ser azadiya jinê ava dike' bi tevahî ji qada paradigma dûr e.",Rast | Şaş,Şaş,Ev ravekirin bi 'Jineolojî' û qada paradigma re girêdayî ye.
offline_curated_21827,Paradigma,1,answers,Di xwendina paradigma de têgeha 'Ekolojiya Civakî' wekî mijareke bingehîn dikare were nirxandin.,Rast | Şaş,Rast,'Ekolojiya Civakî' di vê kategoriyê de têgeheke giring e.
offline_curated_21828,Paradigma,2,answers,Ravekirina 'têkiliya hevseng û dostane ya di navbera civakê û xwezayê de' bi tevahî ji qada paradigma dûr e.,Rast | Şaş,Şaş,Ev ravekirin bi 'Ekolojiya Civakî' û qada paradigma re girêdayî ye.
offline_curated_21832,Paradigma,1,answers,Di xwendina paradigma de têgeha 'Ekolojiya Civakî' wekî mijareke bingehîn dikare were nirxandin.,Rast | Şaş,Rast,'Ekolojiya Civakî' di vê kategoriyê de têgeheke giring e.
offline_curated_21833,Paradigma,2,answers,Ravekirina 'têkiliya hevseng û dostane ya di navbera civakê û xwezayê de' bi tevahî ji qada paradigma dûr e.,Rast | Şaş,Şaş,Ev ravekirin bi 'Ekolojiya Civakî' û qada paradigma re girêdayî ye.
offline_curated_21837,Paradigma,1,answers,Di xwendina paradigma de têgeha 'Ekolojiya Civakî' wekî mijareke bingehîn dikare were nirxandin.,Rast | Şaş,Rast,'Ekolojiya Civakî' di vê kategoriyê de têgeheke giring e.
offline_curated_21838,Paradigma,2,answers,Ravekirina 'têkiliya hevseng û dostane ya di navbera civakê û xwezayê de' bi tevahî ji qada paradigma dûr e.,Rast | Şaş,Şaş,Ev ravekirin bi 'Ekolojiya Civakî' û qada paradigma re girêdayî ye.
offline_curated_21842,Paradigma,1,answers,"Di gotûbêja dersê de, di xwendina paradigma de têgeha 'Ekolojiya Civakî' wekî mijareke bingehîn dikare were nirxandin.",Rast | Şaş,Rast,'Ekolojiya Civakî' di vê kategoriyê de têgeheke giring e.
offline_curated_21843,Paradigma,2,answers,"Di gotûbêja dersê de, ravekirina 'têkiliya hevseng û dostane ya di navbera civakê û xwezayê de' bi tevahî ji qada paradigma dûr e.",Rast | Şaş,Şaş,Ev ravekirin bi 'Ekolojiya Civakî' û qada paradigma re girêdayî ye.
offline_curated_21847,Paradigma,1,answers,"Di nirxandina xwendekaran de, di xwendina paradigma de têgeha 'Ekolojiya Civakî' wekî mijareke bingehîn dikare were nirxandin.",Rast | Şaş,Rast,'Ekolojiya Civakî' di vê kategoriyê de têgeheke giring e.
offline_curated_21848,Paradigma,2,answers,"Di nirxandina xwendekaran de, ravekirina 'têkiliya hevseng û dostane ya di navbera civakê û xwezayê de' bi tevahî ji qada paradigma dûr e.",Rast | Şaş,Şaş,Ev ravekirin bi 'Ekolojiya Civakî' û qada paradigma re girêdayî ye.
offline_curated_21852,Paradigma,2,answers,Di xwendina paradigma de têgeha 'aboriya komûnal' wekî mijareke bingehîn dikare were nirxandin.,Rast | Şaş,Rast,'aboriya komûnal' di vê kategoriyê de têgeheke giring e.
offline_curated_21853,Paradigma,3,answers,Ravekirina 'modela aboriyê ya ku li ser bingeha parvekirin û hewcedariyê ava bile ne li ser qezencê' bi tevahî ji qada paradigma dûr e.,Rast | Şaş,Şaş,Ev ravekirin bi 'aboriya komûnal' û qada paradigma re girêdayî ye.
offline_curated_21857,Paradigma,2,answers,Di xwendina paradigma de têgeha 'aboriya komûnal' wekî mijareke bingehîn dikare were nirxandin.,Rast | Şaş,Rast,'aboriya komûnal' di vê kategoriyê de têgeheke giring e.
offline_curated_21858,Paradigma,3,answers,Ravekirina 'modela aboriyê ya ku li ser bingeha parvekirin û hewcedariyê ava bile ne li ser qezencê' bi tevahî ji qada paradigma dûr e.,Rast | Şaş,Şaş,Ev ravekirin bi 'aboriya komûnal' û qada paradigma re girêdayî ye.
offline_curated_21862,Paradigma,2,answers,Di xwendina paradigma de têgeha 'aboriya komûnal' wekî mijareke bingehîn dikare were nirxandin.,Rast | Şaş,Rast,'aboriya komûnal' di vê kategoriyê de têgeheke giring e.
offline_curated_21863,Paradigma,3,answers,Ravekirina 'modela aboriyê ya ku li ser bingeha parvekirin û hewcedariyê ava bile ne li ser qezencê' bi tevahî ji qada paradigma dûr e.,Rast | Şaş,Şaş,Ev ravekirin bi 'aboriya komûnal' û qada paradigma re girêdayî ye.
offline_curated_21867,Paradigma,2,answers,"Di gotûbêja dersê de, di xwendina paradigma de têgeha 'aboriya komûnal' wekî mijareke bingehîn dikare were nirxandin.",Rast | Şaş,Rast,'aboriya komûnal' di vê kategoriyê de têgeheke giring e.
offline_curated_21868,Paradigma,3,answers,"Di gotûbêja dersê de, ravekirina 'modela aboriyê ya ku li ser bingeha parvekirin û hewcedariyê ava bile ne li ser qezencê' bi tevahî ji qada paradigma dûr e.",Rast | Şaş,Şaş,Ev ravekirin bi 'aboriya komûnal' û qada paradigma re girêdayî ye.
offline_curated_21872,Paradigma,2,answers,"Di nirxandina xwendekaran de, di xwendina paradigma de têgeha 'aboriya komûnal' wekî mijareke bingehîn dikare were nirxandin.",Rast | Şaş,Rast,'aboriya komûnal' di vê kategoriyê de têgeheke giring e.
offline_curated_21873,Paradigma,3,answers,"Di nirxandina xwendekaran de, ravekirina 'modela aboriyê ya ku li ser bingeha parvekirin û hewcedariyê ava bile ne li ser qezencê' bi tevahî ji qada paradigma dûr e.",Rast | Şaş,Şaş,Ev ravekirin bi 'aboriya komûnal' û qada paradigma re girêdayî ye.
offline_curated_21877,Paradigma,3,answers,Di xwendina paradigma de têgeha 'civaka exlaqî-polîtîk' wekî mijareke bingehîn dikare were nirxandin.,Rast | Şaş,Rast,'civaka exlaqî-polîtîk' di vê kategoriyê de têgeheke giring e.
offline_curated_21878,Paradigma,4,answers,Ravekirina 'civaka azad a ku biryarên xwe bi hişmendiya exlakî û polîtîk dide' bi tevahî ji qada paradigma dûr e.,Rast | Şaş,Şaş,Ev ravekirin bi 'civaka exlaqî-polîtîk' û qada paradigma re girêdayî ye.
offline_curated_21882,Paradigma,3,answers,Di xwendina paradigma de têgeha 'civaka exlaqî-polîtîk' wekî mijareke bingehîn dikare were nirxandin.,Rast | Şaş,Rast,'civaka exlaqî-polîtîk' di vê kategoriyê de têgeheke giring e.
offline_curated_21883,Paradigma,4,answers,Ravekirina 'civaka azad a ku biryarên xwe bi hişmendiya exlakî û polîtîk dide' bi tevahî ji qada paradigma dûr e.,Rast | Şaş,Şaş,Ev ravekirin bi 'civaka exlaqî-polîtîk' û qada paradigma re girêdayî ye.
offline_curated_21887,Paradigma,3,answers,Di xwendina paradigma de têgeha 'civaka exlaqî-polîtîk' wekî mijareke bingehîn dikare were nirxandin.,Rast | Şaş,Rast,'civaka exlaqî-polîtîk' di vê kategoriyê de têgeheke giring e.
offline_curated_21888,Paradigma,4,answers,Ravekirina 'civaka azad a ku biryarên xwe bi hişmendiya exlakî û polîtîk dide' bi tevahî ji qada paradigma dûr e.,Rast | Şaş,Şaş,Ev ravekirin bi 'civaka exlaqî-polîtîk' û qada paradigma re girêdayî ye.
offline_curated_21892,Paradigma,3,answers,"Di gotûbêja dersê de, di xwendina paradigma de têgeha 'civaka exlaqî-polîtîk' wekî mijareke bingehîn dikare were nirxandin.",Rast | Şaş,Rast,'civaka exlaqî-polîtîk' di vê kategoriyê de têgeheke giring e.
offline_curated_21893,Paradigma,4,answers,"Di gotûbêja dersê de, ravekirina 'civaka azad a ku biryarên xwe bi hişmendiya exlakî û polîtîk dide' bi tevahî ji qada paradigma dûr e.",Rast | Şaş,Şaş,Ev ravekirin bi 'civaka exlaqî-polîtîk' û qada paradigma re girêdayî ye.
offline_curated_21897,Paradigma,3,answers,"Di nirxandina xwendekaran de, di xwendina paradigma de têgeha 'civaka exlaqî-polîtîk' wekî mijareke bingehîn dikare were nirxandin.",Rast | Şaş,Rast,'civaka exlaqî-polîtîk' di vê kategoriyê de têgeheke giring e.
offline_curated_21898,Paradigma,4,answers,"Di nirxandina xwendekaran de, ravekirina 'civaka azad a ku biryarên xwe bi hişmendiya exlakî û polîtîk dide' bi tevahî ji qada paradigma dûr e.",Rast | Şaş,Şaş,Ev ravekirin bi 'civaka exlaqî-polîtîk' û qada paradigma re girêdayî ye.
offline_curated_21902,Paradigma,4,answers,Di xwendina paradigma de têgeha 'rexneya patriyarkayê' wekî mijareke bingehîn dikare were nirxandin.,Rast | Şaş,Rast,'rexneya patriyarkayê' di vê kategoriyê de têgeheke giring e.
offline_curated_21903,Paradigma,5,answers,Ravekirina 'analîzkirin û hilweşandina sîstema serdest a mêr a li ser civakê' bi tevahî ji qada paradigma dûr e.,Rast | Şaş,Şaş,Ev ravekirin bi 'rexneya patriyarkayê' û qada paradigma re girêdayî ye.
offline_curated_21907,Paradigma,4,answers,Di xwendina paradigma de têgeha 'rexneya patriyarkayê' wekî mijareke bingehîn dikare were nirxandin.,Rast | Şaş,Rast,'rexneya patriyarkayê' di vê kategoriyê de têgeheke giring e.
offline_curated_21908,Paradigma,5,answers,Ravekirina 'analîzkirin û hilweşandina sîstema serdest a mêr a li ser civakê' bi tevahî ji qada paradigma dûr e.,Rast | Şaş,Şaş,Ev ravekirin bi 'rexneya patriyarkayê' û qada paradigma re girêdayî ye.
offline_curated_21912,Paradigma,4,answers,Di xwendina paradigma de têgeha 'rexneya patriyarkayê' wekî mijareke bingehîn dikare were nirxandin.,Rast | Şaş,Rast,'rexneya patriyarkayê' di vê kategoriyê de têgeheke giring e.
offline_curated_21913,Paradigma,5,answers,Ravekirina 'analîzkirin û hilweşandina sîstema serdest a mêr a li ser civakê' bi tevahî ji qada paradigma dûr e.,Rast | Şaş,Şaş,Ev ravekirin bi 'rexneya patriyarkayê' û qada paradigma re girêdayî ye.
offline_curated_21917,Paradigma,4,answers,"Di gotûbêja dersê de, di xwendina paradigma de têgeha 'rexneya patriyarkayê' wekî mijareke bingehîn dikare were nirxandin.",Rast | Şaş,Rast,'rexneya patriyarkayê' di vê kategoriyê de têgeheke giring e.
offline_curated_21918,Paradigma,5,answers,"Di gotûbêja dersê de, ravekirina 'analîzkirin û hilweşandina sîstema serdest a mêr a li ser civakê' bi tevahî ji qada paradigma dûr e.",Rast | Şaş,Şaş,Ev ravekirin bi 'rexneya patriyarkayê' û qada paradigma re girêdayî ye.
offline_curated_21922,Paradigma,4,answers,"Di nirxandina xwendekaran de, di xwendina paradigma de têgeha 'rexneya patriyarkayê' wekî mijareke bingehîn dikare were nirxandin.",Rast | Şaş,Rast,'rexneya patriyarkayê' di vê kategoriyê de têgeheke giring e.
offline_curated_21923,Paradigma,5,answers,"Di nirxandina xwendekaran de, ravekirina 'analîzkirin û hilweşandina sîstema serdest a mêr a li ser civakê' bi tevahî ji qada paradigma dûr e.",Rast | Şaş,Şaş,Ev ravekirin bi 'rexneya patriyarkayê' û qada paradigma re girêdayî ye.
offline_curated_21927,Paradigma,5,answers,Di xwendina paradigma de têgeha 'hiyerarşiya civakî' wekî mijareke bingehîn dikare were nirxandin.,Rast | Şaş,Rast,'hiyerarşiya civakî' di vê kategoriyê de têgeheke giring e.
offline_curated_21928,Paradigma,1,answers,Ravekirina 'avahiya serdestiyê ya ku civakê dabeşî çînên jor û jêr dike' bi tevahî ji qada paradigma dûr e.,Rast | Şaş,Şaş,Ev ravekirin bi 'hiyerarşiya civakî' û qada paradigma re girêdayî ye.
offline_curated_21932,Paradigma,5,answers,Di xwendina paradigma de têgeha 'hiyerarşiya civakî' wekî mijareke bingehîn dikare were nirxandin.,Rast | Şaş,Rast,'hiyerarşiya civakî' di vê kategoriyê de têgeheke giring e.
offline_curated_21933,Paradigma,1,answers,Ravekirina 'avahiya serdestiyê ya ku civakê dabeşî çînên jor û jêr dike' bi tevahî ji qada paradigma dûr e.,Rast | Şaş,Şaş,Ev ravekirin bi 'hiyerarşiya civakî' û qada paradigma re girêdayî ye.
offline_curated_21937,Paradigma,5,answers,Di xwendina paradigma de têgeha 'hiyerarşiya civakî' wekî mijareke bingehîn dikare were nirxandin.,Rast | Şaş,Rast,'hiyerarşiya civakî' di vê kategoriyê de têgeheke giring e.
offline_curated_21938,Paradigma,1,answers,Ravekirina 'avahiya serdestiyê ya ku civakê dabeşî çînên jor û jêr dike' bi tevahî ji qada paradigma dûr e.,Rast | Şaş,Şaş,Ev ravekirin bi 'hiyerarşiya civakî' û qada paradigma re girêdayî ye.
offline_curated_21942,Paradigma,5,answers,"Di gotûbêja dersê de, di xwendina paradigma de têgeha 'hiyerarşiya civakî' wekî mijareke bingehîn dikare were nirxandin.",Rast | Şaş,Rast,'hiyerarşiya civakî' di vê kategoriyê de têgeheke giring e.
offline_curated_21943,Paradigma,1,answers,"Di gotûbêja dersê de, ravekirina 'avahiya serdestiyê ya ku civakê dabeşî çînên jor û jêr dike' bi tevahî ji qada paradigma dûr e.",Rast | Şaş,Şaş,Ev ravekirin bi 'hiyerarşiya civakî' û qada paradigma re girêdayî ye.
offline_curated_21947,Paradigma,5,answers,"Di nirxandina xwendekaran de, di xwendina paradigma de têgeha 'hiyerarşiya civakî' wekî mijareke bingehîn dikare were nirxandin.",Rast | Şaş,Rast,'hiyerarşiya civakî' di vê kategoriyê de têgeheke giring e.
offline_curated_21948,Paradigma,1,answers,"Di nirxandina xwendekaran de, ravekirina 'avahiya serdestiyê ya ku civakê dabeşî çînên jor û jêr dike' bi tevahî ji qada paradigma dûr e.",Rast | Şaş,Şaş,Ev ravekirin bi 'hiyerarşiya civakî' û qada paradigma re girêdayî ye.
offline_curated_21952,Paradigma,1,answers,Di xwendina paradigma de têgeha 'zanistiya azad' wekî mijareke bingehîn dikare were nirxandin.,Rast | Şaş,Rast,'zanistiya azad' di vê kategoriyê de têgeheke giring e.
offline_curated_21953,Paradigma,2,answers,Ravekirina 'hişmendiya zanistî ya ku ji bin tekelên desthilatê derketiye û ji civakê re xizmet dike' bi tevahî ji qada paradigma dûr e.,Rast | Şaş,Şaş,Ev ravekirin bi 'zanistiya azad' û qada paradigma re girêdayî ye.
offline_curated_21957,Paradigma,1,answers,Di xwendina paradigma de têgeha 'zanistiya azad' wekî mijareke bingehîn dikare were nirxandin.,Rast | Şaş,Rast,'zanistiya azad' di vê kategoriyê de têgeheke giring e.
offline_curated_21958,Paradigma,2,answers,Ravekirina 'hişmendiya zanistî ya ku ji bin tekelên desthilatê derketiye û ji civakê re xizmet dike' bi tevahî ji qada paradigma dûr e.,Rast | Şaş,Şaş,Ev ravekirin bi 'zanistiya azad' û qada paradigma re girêdayî ye.
offline_curated_21962,Paradigma,1,answers,Di xwendina paradigma de têgeha 'zanistiya azad' wekî mijareke bingehîn dikare were nirxandin.,Rast | Şaş,Rast,'zanistiya azad' di vê kategoriyê de têgeheke giring e.
offline_curated_21963,Paradigma,2,answers,Ravekirina 'hişmendiya zanistî ya ku ji bin tekelên desthilatê derketiye û ji civakê re xizmet dike' bi tevahî ji qada paradigma dûr e.,Rast | Şaş,Şaş,Ev ravekirin bi 'zanistiya azad' û qada paradigma re girêdayî ye.
offline_curated_21967,Paradigma,1,answers,"Di gotûbêja dersê de, di xwendina paradigma de têgeha 'zanistiya azad' wekî mijareke bingehîn dikare were nirxandin.",Rast | Şaş,Rast,'zanistiya azad' di vê kategoriyê de têgeheke giring e.
offline_curated_21968,Paradigma,2,answers,"Di gotûbêja dersê de, ravekirina 'hişmendiya zanistî ya ku ji bin tekelên desthilatê derketiye û ji civakê re xizmet dike' bi tevahî ji qada paradigma dûr e.",Rast | Şaş,Şaş,Ev ravekirin bi 'zanistiya azad' û qada paradigma re girêdayî ye.
offline_curated_21972,Paradigma,1,answers,"Di nirxandina xwendekaran de, di xwendina paradigma de têgeha 'zanistiya azad' wekî mijareke bingehîn dikare were nirxandin.",Rast | Şaş,Rast,'zanistiya azad' di vê kategoriyê de têgeheke giring e.
offline_curated_21973,Paradigma,2,answers,"Di nirxandina xwendekaran de, ravekirina 'hişmendiya zanistî ya ku ji bin tekelên desthilatê derketiye û ji civakê re xizmet dike' bi tevahî ji qada paradigma dûr e.",Rast | Şaş,Şaş,Ev ravekirin bi 'zanistiya azad' û qada paradigma re girêdayî ye.
offline_curated_21977,Paradigma,2,answers,Di xwendina paradigma de têgeha 'azadiya zayendî' wekî mijareke bingehîn dikare were nirxandin.,Rast | Şaş,Rast,'azadiya zayendî' di vê kategoriyê de têgeheke giring e.
offline_curated_21978,Paradigma,3,answers,Ravekirina 'prensîba azadiya jin û mêr û wekheviya wan a di her qada jiyanê de' bi tevahî ji qada paradigma dûr e.,Rast | Şaş,Şaş,Ev ravekirin bi 'azadiya zayendî' û qada paradigma re girêdayî ye.
offline_curated_21982,Paradigma,2,answers,Di xwendina paradigma de têgeha 'azadiya zayendî' wekî mijareke bingehîn dikare were nirxandin.,Rast | Şaş,Rast,'azadiya zayendî' di vê kategoriyê de têgeheke giring e.
offline_curated_21983,Paradigma,3,answers,Ravekirina 'prensîba azadiya jin û mêr û wekheviya wan a di her qada jiyanê de' bi tevahî ji qada paradigma dûr e.,Rast | Şaş,Şaş,Ev ravekirin bi 'azadiya zayendî' û qada paradigma re girêdayî ye.
offline_curated_21987,Paradigma,2,answers,Di xwendina paradigma de têgeha 'azadiya zayendî' wekî mijareke bingehîn dikare were nirxandin.,Rast | Şaş,Rast,'azadiya zayendî' di vê kategoriyê de têgeheke giring e.
offline_curated_21988,Paradigma,3,answers,Ravekirina 'prensîba azadiya jin û mêr û wekheviya wan a di her qada jiyanê de' bi tevahî ji qada paradigma dûr e.,Rast | Şaş,Şaş,Ev ravekirin bi 'azadiya zayendî' û qada paradigma re girêdayî ye.
offline_curated_21992,Paradigma,2,answers,"Di gotûbêja dersê de, di xwendina paradigma de têgeha 'azadiya zayendî' wekî mijareke bingehîn dikare were nirxandin.",Rast | Şaş,Rast,'azadiya zayendî' di vê kategoriyê de têgeheke giring e.
offline_curated_21993,Paradigma,3,answers,"Di gotûbêja dersê de, ravekirina 'prensîba azadiya jin û mêr û wekheviya wan a di her qada jiyanê de' bi tevahî ji qada paradigma dûr e.",Rast | Şaş,Şaş,Ev ravekirin bi 'azadiya zayendî' û qada paradigma re girêdayî ye.
offline_curated_21997,Paradigma,2,answers,"Di nirxandina xwendekaran de, di xwendina paradigma de têgeha 'azadiya zayendî' wekî mijareke bingehîn dikare were nirxandin.",Rast | Şaş,Rast,'azadiya zayendî' di vê kategoriyê de têgeheke giring e.
offline_curated_21998,Paradigma,3,answers,"Di nirxandina xwendekaran de, ravekirina 'prensîba azadiya jin û mêr û wekheviya wan a di her qada jiyanê de' bi tevahî ji qada paradigma dûr e.",Rast | Şaş,Şaş,Ev ravekirin bi 'azadiya zayendî' û qada paradigma re girêdayî ye.
offline_curated_30001,Teknolojî,1,answers,Wateya Tirkî ya 'komputer' 'bilgisayar' e?,Rast | Şaş,Rast,Di Kurmancî de ji bo 'bilgisayar' peyva 'komputer' an 'computer' tê bikaranîn.
offline_curated_30002,Teknolojî,2,answers,Peyva 'klavye' di Kurmancî de bi kîjan peyvê tê naskirin?,Klavyeya | Bûka tiliyan | Teşta tiliyan | Textê tiliyan,Textê tiliyan,Di Kurmancî de ji bo 'klavye' peyva 'textê tiliyan' an 'klavye' tê bikaranîn.
offline_curated_30004,Teknolojî,4,answers,Wateya Tirkî ya 'şîfre' 'parola/şifre' ye?,Rast | Şaş,Rast,Peyva 'şîfre' tê wateya şifre an parolan.
offline_curated_30006,Teknolojî,3,answers,Di înternetê de wateya 'malper' 'web sitesi' ye?,Rast | Şaş,Rast,Di Kurmancî de ji bo 'web sitesi' peyva 'malper' tê bikaranîn.
offline_curated_30007,Teknolojî,1,answers,Di înternetê de peyva 'dane' tê wateya 'veri'?,Rast | Şaş,Rast,Di Kurmancî de ji bo 'veri' peyva 'dane' tê bikaranîn.
offline_curated_30008,Teknolojî,2,answers,Peyva 'mouse' di Kurmancî de bi kîjan navî tê nasîn?,Pisîk | Mişk | Kezî | Tewr,Mişk,Di Kurmancî de ji bo 'fare (mouse)' peyva 'mişk' tê bikaranîn.
offline_curated_30012,Teknolojî,4,answers,Peyva 'ewr' di warê teknolojiyê de ji bo 'cloud computing' (bulut bilişim) tê bikaranîn?,Rast | Şaş,Rast,Di Kurmancî de 'teknolojiya ewrî' ji bo 'cloud computing' tê bikaranîn.
offline_curated_30013,Ziman,1,answers,Peyva 'fermo' di Tirkî de tê çi wateyê?,Lütfen | Buyurun | Teşekkürler | Özür dilerim,Buyurun,Di Kurmancî de ji bo 'buyurun' peyva 'fermo' tê bikaranîn.
offline_curated_30014,Ziman,2,answers,Wateya 'ji kerema xwe' 'teşekkür ederim' e?,Rast | Şaş,Şaş,'ji kerema xwe' tê wateya 'lütfen'. 'Spas dikim' tê wateya 'teşekkür ederim'.
offline_curated_30015,Ziman,3,answers,Ji bo 'özür dilerim' di Kurmancî de kîjan peyv tê bikaranîn?,Rast e | Rojbaş | Bibexşîne | Kerem bike,Bibexşîne,Di Kurmancî de ji bo 'özür dilerim' peyva 'bibexşîne' an 'lêborînê dixwazim' tê bikaranîn.
offline_curated_30016,Ziman,1,prompt+answers,Di silavkirinê de 'rojbaş' tê wateya 'günaydın/iyi günler'?,Rast | Şaş,Rast,'Rojbaş' ji bo günaydın an iyi günler tê bikaranîn.
offline_curated_30017,Ziman,2,answers,Kesek dema derbasî êvarê dibe silav dide te; tu jî bi heman peyva silavê bersivê didî. Ev peyv çi ye?,"Spas, ez baş im | Rojbaş | Êvarbaş | Şevbaş",Êvarbaş,"Dema kesek dibêje 'êvarbaş', em bi heman şêweyî dibêjin 'êvarbaş'."
offline_curated_30018,Ziman,3,answers,Wateya 'şevbaş' 'iyi akşamlar' e?,Rast | Şaş,Şaş,'Şevbaş' tê wateya 'iyi geceler'. 'Êvarbaş' tê wateya 'iyi akşamlar'.
offline_curated_30033,Çand,3,answers,"Di tiştokên kurdî de, bersiva 'Li ser lingekî dimeşe lê ne mirov e' peyva 'sivik' e?",Rast | Şaş,Şaş,Bersiva vê tiştokê 'kuvark' (mantar) an jî 'sîwan' (şemsiye) e.
