id,language_code,category_key,prompt,option_a,option_b,option_c,option_d,correct_option,explanation,difficulty,source_verified,source_url,publication_status,confidence,notes
ds_cografya_0001,ku-kmr,Cografya,Çiyayê Agirî li kîjan welatî ye?,Tirkiye,Îran,Iraq,Sûriye,A,"Çiyayê Agirî, ango Ararat, li bakurê rojhilatê Tirkiyeyê ye û bilindtirîn çiyayê Tirkiyeyê ye.",1,verified,https://en.wikipedia.org/wiki/Mount_Ararat,approved,0.95,
ds_cografya_0002,ku-kmr,Cografya,Kîjan çem ji Çiyayê Zagrosê diherike û dikeve Derya Qezwînê?,Çemê Dîcleyê,Çemê Firatê,Çemê Seyhanê,Çemê Ceyhanê,B,"Çemê Firatê ji Çiyayê Zagrosê derdikeve û ber bi Derya Qezwînê ve diherike, her çend di nav Kurdistanê re jî derbas dibe.",2,verified,https://en.wikipedia.org/wiki/Euphrates,approved,0.95,
ds_cografya_0003,ku-kmr,Cografya,Kîjan bajarê Kurdistanê navenda parêzgeha Dihokê ye?,Hewlêr,Silêmanî,Dihok,Kerkûk,C,Dihok bajarê sereke yê parêzgeha Dihokê ye û yek ji bajarên mezin ên Başûrê Kurdistanê ye.,1,verified,https://en.wikipedia.org/wiki/Duhok,approved,0.95,
ds_cografya_0004,ku-kmr,Cografya,Di navbera çemê Dîcleyê û çemê Firatê de kîjan herêm dimîne?,Anadolu,Azerbaycan,Xorasan,Mezopotamya,D,"Mezopotamya, ango navbera du çeman, di navbera Dîcleyê û Firatê de ye û dîroka wê ya kevn a şaristaniyê heye.",1,verified,https://en.wikipedia.org/wiki/Mesopotamia,approved,0.95,
ds_cografya_0005,ku-kmr,Cografya,Çiyayê Qendîlê li kîjan devera Kurdistanê ye?,Başûr,Bakur,Rojava,Rojhilat,A,"Çiyayê Qendîlê li başûrê Kurdistanê, li ser sînorê Iraq û Îranê ye û navenda xwe ya çiyayî ya dîrokî ye.",2,verified,https://en.wikipedia.org/wiki/Qandil_Mountains,approved,0.95,
ds_cografya_0006,ku-kmr,Cografya,Kîjan gol li rojhilatê Kurdistanê ye û navê wê bi kurdî tê wateya 'gola sor'?,Gola Wanê,Gola Urmiyê,Gola Hezarê,Gola Nemrûdê,B,"Gola Urmiyê li rojhilatê Kurdistanê ye û navê wê ji rengê sor ê ava wê tê, ji ber ku tê de xwê zêde ye.",2,verified,https://en.wikipedia.org/wiki/Lake_Urmia,approved,0.95,
ds_cografya_0007,ku-kmr,Cografya,Kîjan çem di nav bajarê Amedê re derbas dibe?,Çemê Firatê,Çemê Muratê,Çemê Dîcleyê,Çemê Zapê,C,Çemê Dîcleyê di nav Amedê re derbas dibe û bajêr li ser perava wî hatiye avakirin.,1,verified,https://en.wikipedia.org/wiki/Tigris,approved,0.95,
ds_cografya_0008,ku-kmr,Cografya,Kîjan çiyayê herî bilind ê Rojavayê Kurdistanê ye?,Çiyayê Cûdî,Çiyayê Sîpanê Xelatê,Çiyayê Nemrûdê,Çiyayê Kurmênc,D,Çiyayê Kurmênc li Rojavayê Kurdistanê bilindtirîn çiyayê herêmê ye û li bakurê Sûriyeyê ye.,3,verified,https://en.wikipedia.org/wiki/Kurd_Mountain,approved,0.95,
ds_cografya_0009,ku-kmr,Cografya,Kîjan çem ji Çiyayê Zagrosê derdikeve û bi çemê Dîcleyê ve girêdide?,Çemê Zapê,Çemê Muratê,Çemê Karûnê,Çemê Arasê,A,"Çemê Zapê, ango Zapê Mezin, ji Zagrosê derdikeve û li başûrê Kurdistanê dikeve Dîcleyê.",2,verified,https://en.wikipedia.org/wiki/Great_Zab,approved,0.95,
ds_cografya_0010,ku-kmr,Cografya,Li kîjan bajarê Kurdistanê çiyayê Nemrûdê ye?,Sêrt,Wan,Xarpêt,Mûş,B,Çiyayê Nemrûdê li parêzgeha Wanê ye û bi serê xwe yê volkanîk û golên xwe yên kraterê tê naskirin.,1,verified,https://en.wikipedia.org/wiki/Mount_Nemrut,approved,0.95,
ds_cografya_0011,ku-kmr,Cografya,Kîjan çem di nav bajarê Hesîçeyê re derbas dibe?,Çemê Firatê,Çemê Dîcleyê,Çemê Xabûrê,Çemê Ceyhanê,C,"Çemê Xabûrê, ango Xabûr, li Rojavayê Kurdistanê ye û di nav Hesîçeyê re derbas dibe.",2,verified,https://en.wikipedia.org/wiki/Khabur_(Tigris),approved,0.95,
ds_cografya_0012,ku-kmr,Cografya,Kîjan çiyayê herî bilind ê Başûrê Kurdistanê ye?,Çiyayê Qendîlê,Çiyayê Sîpanê Xelatê,Çiyayê Cûdî,Çiyayê Hacî Îbrahîm,D,Çiyayê Hacî Îbrahîm li Başûrê Kurdistanê bilindtirîn çiyayê herêmê ye û li parêzgeha Hewlêrê ye.,3,verified,https://en.wikipedia.org/wiki/Haji_Ibrahim,approved,0.95,
ds_cografya_0013,ku-kmr,Cografya,Kîjan gol li bakurê Kurdistanê ye û bi qasî 3.713 km² ye?,Gola Wanê,Gola Urmiyê,Gola Hezarê,Gola Nemrûdê,A,"Gola Wanê li bakurê Kurdistanê ye, bi qasî 3.713 km² ye û yek ji mezinên golên Tirkiyeyê ye.",1,verified,https://en.wikipedia.org/wiki/Lake_Van,approved,0.95,
ds_cografya_0015,ku-kmr,Cografya,Kîjan bajarê Kurdistanê navenda parêzgeha Rihayê ye?,Amed,Mêrdîn,Riha,Sêrt,C,"Riha, ango Urfa, navenda parêzgeha Rihayê ye û li bakurê Kurdistanê ye.",1,verified,https://en.wikipedia.org/wiki/Şanlıurfa,approved,0.95,
ds_cografya_0016,ku-kmr,Cografya,Kîjan çiyayê li ser tixûbê Tirkiye û Iraqê ye?,Çiyayê Qendîlê,Çiyayê Sîpanê Xelatê,Çiyayê Nemrûdê,Çiyayê Cûdî,D,Çiyayê Cûdî li ser tixûbê Tirkiye û Iraqê ye û bi dîroka xwe ya olî tê naskirin.,2,verified,https://en.wikipedia.org/wiki/Mount_Judi,approved,0.95,
ds_cografya_0017,ku-kmr,Cografya,Kîjan çem di nav bajarê Mûsilê re derbas dibe?,Çemê Dîcleyê,Çemê Firatê,Çemê Zapê,Çemê Xabûrê,A,Çemê Dîcleyê di nav Mûsilê re derbas dibe û bajêr li ser perava wî hatiye avakirin.,1,verified,https://en.wikipedia.org/wiki/Tigris,approved,0.95,
ds_cografya_0018,ku-kmr,Cografya,Kîjan çiyayê volkanîk li bakurê Kurdistanê ye û bi kratera xwe ya mezin tê naskirin?,Çiyayê Sîpanê Xelatê,Çiyayê Nemrûdê,Çiyayê Qendîlê,Çiyayê Cûdî,B,Çiyayê Nemrûdê volkanîk e û kratera wî ya mezin a li bakurê Kurdistanê ye; ew li parêzgeha Wanê ye.,2,verified,https://en.wikipedia.org/wiki/Mount_Nemrut,approved,0.95,
ds_cografya_0019,ku-kmr,Cografya,Kîjan bajarê Kurdistanê navenda parêzgeha Hewlêrê ye?,Dihok,Silêmanî,Hewlêr,Kerkûk,C,"Hewlêr, ango Erbîl, navenda parêzgeha Hewlêrê ye û paytexta Başûrê Kurdistanê ye.",1,verified,https://en.wikipedia.org/wiki/Erbil,approved,0.95,
ds_cografya_0020,ku-kmr,Cografya,"Kîjan çem ji Çiyayê Zagrosê derdikeve û dikeve Derya Qezwînê, lê ne Aras e?",Çemê Zapê,Çemê Muratê,Çemê Seyhanê,Çemê Firatê,D,"Çemê Firatê ji Zagrosê derdikeve û dikeve Derya Qezwînê, lê ne Aras e; ew di nav Kurdistanê re derbas dibe.",2,verified,https://en.wikipedia.org/wiki/Euphrates,approved,0.95,
ds_cografya_0021,ku-kmr,Cografya,Kîjan çiyayê herî bilind ê Rojhilatê Kurdistanê ye?,Çiyayê Zagrosê,Çiyayê Araratê,Çiyayê Qendîlê,Çiyayê Cûdî,A,Çiyayê Zagrosê li Rojhilatê Kurdistanê bilindtirîn çiyayê herêmê ye û li ser sînorê Îranê ye.,2,verified,https://en.wikipedia.org/wiki/Zagros_Mountains,approved,0.95,
ds_cografya_0022,ku-kmr,Cografya,"Kîjan gol li bakurê Kurdistanê ye û bi qasî 3.713 km² ye, lê ne Gola Wanê ye?",Gola Hezarê,Gola Urmiyê,Gola Nemrûdê,Gola Tuzê,B,"Gola Urmiyê li bakurê Kurdistanê ye, bi qasî 3.713 km² ye, lê ne Gola Wanê ye; ew li rojhilatê Kurdistanê ye.",2,verified,https://en.wikipedia.org/wiki/Lake_Urmia,approved,0.95,
ds_cografya_0023,ku-kmr,Cografya,Kîjan bajarê Kurdistanê navenda parêzgeha Mêrdînê ye?,Amed,Riha,Mêrdîn,Sêrt,C,Mêrdîn navenda parêzgeha Mêrdînê ye û li bakurê Kurdistanê ye.,1,verified,https://en.wikipedia.org/wiki/Mardin,approved,0.95,
ds_cografya_0027,ku-kmr,Cografya,Kîjan çemê herî dirêj ê Rojhilata Navîn e ku ji Çiyayê Zagrosê derdikeve?,Firat,Zabê Biçûk,Dîcle,Karker,C,"Dîcle ji Çiyayê Zagrosê derdikeve û dirêjahiya wî bi qasî 1.900 km ye. Firat ji Zagrosê dernakeve, lê ji Çiyayê Araratê derdikeve.",2,verified,https://en.wikipedia.org/wiki/Tigris,approved,0.95,
ds_cografya_0030,ku-kmr,Cografya,Kîjan çemê navdar di nav bajarê Mûsilê re derbas dibe?,Firat,Dîcle,Zabê Biçûk,Xabûr,B,Dîcle di nav bajarê Mûsilê re derbas dibe û bajar li ser her du aliyên çem hatiye avakirin. Firat ji Mûsilê dûr e û li rojavayê bajêr derbas dibe.,1,verified,https://en.wikipedia.org/wiki/Mosul,approved,0.95,
ds_cografya_0031,ku-kmr,Cografya,Kîjan çemê navdar ji Çiyayê Zagrosê derdikeve û bi Dîcleyê ve girêdide?,Firat,Xabûr,Zabê Mezin,Karker,C,Zabê Mezin ji Çiyayê Zagrosê derdikeve û li bakurê Mûsilê bi Dîcleyê ve girêdide. Firat ji Zagrosê dernakeve û bi Dîcleyê ve girêdide lê li başûrê Iraqê.,2,verified,https://en.wikipedia.org/wiki/Great_Zab,approved,0.95,
ds_cografya_0032,ku-kmr,Cografya,"Kîjan çemê navdar ji Çiyayê Zagrosê derdikeve û bi Dîcleyê ve girêdide, lê ne Zabê Mezin e?",Firat,Xabûr,Karker,Zabê Biçûk,D,Zabê Biçûk ji Çiyayê Zagrosê derdikeve û li başûrê Mûsilê bi Dîcleyê ve girêdide. Firat ji Zagrosê dernakeve û bi Dîcleyê ve girêdide lê li başûrê Iraqê.,2,verified,https://en.wikipedia.org/wiki/Little_Zab,approved,0.95,
ds_cografya_0033,ku-kmr,Cografya,Kîjan çemê navdar di nav bajarê Hesîçeyê re derbas dibe?,Xabûr,Dîcle,Firat,Zabê Mezin,A,Xabûr di nav bajarê Hesîçeyê re derbas dibe û dikeve Firatê. Dîcle ji Hesîçeyê dûr e û li rojhilatê bajêr derbas dibe.,2,verified,https://en.wikipedia.org/wiki/Khabur_(Euphrates),approved,0.95,
ds_cografya_0034,ku-kmr,Cografya,"Kîjan çemê navdar ji Çiyayê Zagrosê derdikeve û dikeve Derya Qezwînê, lê ne Aras e?",Dîcle,Karker,Firat,Zabê Biçûk,B,"Karker ji Çiyayê Zagrosê derdikeve û dikeve Derya Qezwînê. Dîcle û Firat dikevin Derya Qezwînê nakin, lê dikevin Kendava Farsî.",2,verified,https://en.wikipedia.org/wiki/Karkheh_River,approved,0.95,
ds_cografya_0051,ku-kmr,Cografya,"Li herêmên nêzîkî ekvatorê, bi germahî û barîna zêde, kîjan cure daristan tê dîtin?",Daristana çamê,Daristana pelçikan,Daristana baranê,Daristana derûdorê,C,"Daristana baranê li herêmên nêzîkî ekvatorê, bi germahî û barîna zêde, gelek cureyên riwekan lê hene.",1,verified,https://en.wikipedia.org/wiki/Tropical_rainforest,approved,0.95,
ds_cografya_0052,ku-kmr,Cografya,"Li deverên ziwa û hişk, bi barîna kêm, kîjan cure giyayî bi piranî tê dîtin?",Giyayên çayîrê,Giyayên mêrgê,Giyayên zozanan,Giyayên çolê,D,"Giyayên çolê li deverên ziwa û hişk, bi barîna kêm, bi piranî tê dîtin.",1,verified,https://en.wikipedia.org/wiki/Desert,approved,0.95,
ds_cografya_0053,ku-kmr,Cografya,"Li herêmên sar, bi zivistanên dirêj û havînên kurt, kîjan cure daristan tê dîtin?",Daristana taygayê,Daristana baranê,Daristana pelçikan,Daristana derûdorê,A,"Daristana taygayê li herêmên sar, bi zivistanên dirêj û havînên kurt, tê dîtin.",1,verified,https://en.wikipedia.org/wiki/Taiga,approved,0.95,
ds_cografya_0054,ku-kmr,Cografya,"Li herêmên nîvziwa, bi barîna navîn, kîjan cure giyayî bi piranî tê dîtin?",Giyayên çolê,Giyayên mêrgê,Giyayên zozanan,Giyayên çayîrê,B,"Giyayên mêrgê li herêmên nîvziwa, bi barîna navîn, bi piranî tê dîtin.",1,verified,https://en.wikipedia.org/wiki/Steppe,approved,0.95,
ds_cografya_0055,ku-kmr,Cografya,"Li herêmên germ û nîvziwa, bi havînên dirêj û zivistanên kurt, kîjan cure daristan tê dîtin?",Daristana baranê,Daristana çamê,Daristana pelçikan,Daristana taygayê,C,"Daristana pelçikan li herêmên germ û nîvziwa, bi havînên dirêj û zivistanên kurt, tê dîtin.",1,verified,https://en.wikipedia.org/wiki/Temperate_deciduous_forest,approved,0.95,
ds_cografya_0056,ku-kmr,Cografya,"Li herêmên bilind ên çiyayan, bi germahiya nizm, kîjan cure giyayî bi piranî tê dîtin?",Giyayên çolê,Giyayên mêrgê,Giyayên çayîrê,Giyayên zozanan,D,"Giyayên zozanan li herêmên bilind ên çiyayan, bi germahiya nizm, bi piranî tê dîtin.",1,verified,https://en.wikipedia.org/wiki/Alpine_meadow,approved,0.95,
ds_cografya_0057,ku-kmr,Cografya,"Li herêmên sar û ziwa, bi zivistanên dirêj û havînên kurt, kîjan cure giyayî bi piranî tê dîtin?",Giyayên çolê,Giyayên mêrgê,Giyayên zozanan,Giyayên çayîrê,A,"Giyayên çolê li herêmên sar û ziwa, bi zivistanên dirêj û havînên kurt, bi piranî tê dîtin.",1,verified,https://en.wikipedia.org/wiki/Cold_desert,approved,0.95,
ds_cografya_0058,ku-kmr,Cografya,"Li herêmên germ û ziwa, bi barîna kêm, kîjan cure riwek bi piranî tê dîtin?",Daristana baranê,Kaktûs,Giyayên mêrgê,Daristana çamê,B,"Kaktûs li herêmên germ û ziwa, bi barîna kêm, bi piranî tê dîtin.",1,verified,https://en.wikipedia.org/wiki/Cactus,approved,0.95,
ds_cografya_0059,ku-kmr,Cografya,"Li herêmên nêzîkî ekvatorê, bi germahî û barîna zêde, kîjan cure giyayî bi piranî tê dîtin?",Giyayên çolê,Giyayên zozanan,Giyayên mêrgê,Giyayên çayîrê,C,"Giyayên mêrgê li herêmên nêzîkî ekvatorê, bi germahî û barîna zêde, bi piranî tê dîtin.",1,verified,https://en.wikipedia.org/wiki/Steppe,approved,0.95,
ds_cografya_0060,ku-kmr,Cografya,"Li herêmên sar, bi zivistanên dirêj û havînên kurt, kîjan cure giyayî bi piranî tê dîtin?",Giyayên mêrgê,Giyayên zozanan,Giyayên çayîrê,Giyayên çolê,D,"Giyayên çolê li herêmên sar, bi zivistanên dirêj û havînên kurt, bi piranî tê dîtin.",1,verified,https://en.wikipedia.org/wiki/Cold_desert,approved,0.95,
ds_cografya_0061,ku-kmr,Cografya,"Li herêmên germ û nîvziwa, bi havînên dirêj û zivistanên kurt, kîjan cure giyayî bi piranî tê dîtin?",Giyayên mêrgê,Giyayên çolê,Giyayên zozanan,Giyayên çayîrê,A,"Giyayên mêrgê li herêmên germ û nîvziwa, bi havînên dirêj û zivistanên kurt, bi piranî tê dîtin.",1,verified,https://en.wikipedia.org/wiki/Steppe,approved,0.95,
ds_cografya_0062,ku-kmr,Cografya,"Li herêmên bilind ên çiyayan, bi germahiya nizm, kîjan cure daristan tê dîtin?",Daristana baranê,Daristana çamê,Daristana pelçikan,Daristana taygayê,B,"Daristana çamê li herêmên bilind ên çiyayan, bi germahiya nizm, tê dîtin.",1,verified,https://en.wikipedia.org/wiki/Pine_forest,approved,0.95,
ds_cografya_0063,ku-kmr,Cografya,"Li herêmên germ û ziwa, bi barîna kêm, kîjan cure giyayî bi piranî tê dîtin?",Giyayên mêrgê,Giyayên zozanan,Giyayên çolê,Giyayên çayîrê,C,"Giyayên çolê li herêmên germ û ziwa, bi barîna kêm, bi piranî tê dîtin.",1,verified,https://en.wikipedia.org/wiki/Desert,approved,0.95,
ds_cografya_0076,ku-kmr,Cografya,Kîjan okyanûs li navbera Amerîkaya Bakur û Ewropayê ye?,Okyanûsa Aram,Okyanûsa Hindî,Okyanûsa Başûr,Okyanûsa Atlantîk,D,"Okyanûsa Atlantîk li rojhilatê Amerîkaya Bakur û li rojavayê Ewropayê ye. Okyanûsa Aram li rojavayê Amerîkaya Bakur e, ne rojhilatê wê.",1,verified,https://en.wikipedia.org/wiki/Atlantic_Ocean,approved,0.95,
ds_cografya_0077,ku-kmr,Cografya,Kîjan parzemîn li nîvkada başûr bi temamî ye?,Awistralya,Asya,Afrîka,Amerîkaya Bakur,A,"Awistralya bi temamî li nîvkada başûr e. Asya û Amerîkaya Bakur bi piranî li nîvkada bakur in, Afrîka jî di navbera her du nîvkadan de ye.",1,verified,https://en.wikipedia.org/wiki/Australia_(continent),approved,0.95,
ds_cografya_0078,ku-kmr,Cografya,Kîjan okyanûs ji aliyê rûberê ve ji hemûyan mezintir e?,Okyanûsa Atlantîk,Okyanûsa Aram,Okyanûsa Hindî,Okyanûsa Başûr,B,Okyanûsa Aram bi qasî 165 milyon km² ye û ji hemû okyanûsan mezintir e. Ew ji %30 ji rûyê erdê digire.,1,verified,https://en.wikipedia.org/wiki/Pacific_Ocean,approved,0.95,
ds_cografya_0079,ku-kmr,Cografya,Kîjan parzemîn bi qasî ji %60 ji nifûsa cîhanê dihewîne?,Ewropa,Afrîka,Asya,Amerîkaya Başûr,C,"Asya bi qasî 4,7 milyar kesan nifûsa wê ye, ku ji %60 ji nifûsa cîhanê ye. Ew parzemîna herî qelebalix e.",1,verified,https://en.wikipedia.org/wiki/Asia,approved,0.95,
ds_cografya_0080,ku-kmr,Cografya,Kîjan parzemîn bi qasî ji %20 ji rûyê erdê digire û du parzemîn tê de ne?,Afrîka,Ewropa,Amerîkaya Bakur,Asya,D,"Asya bi qasî 44,5 milyon km² ye û ji %20 ji rûyê erdê digire. Ew ji hemû parzemînan mezintir e.",2,verified,https://en.wikipedia.org/wiki/Asia,approved,0.95,
ds_cografya_0081,ku-kmr,Cografya,Kîjan okyanûs li bakurê Asyayê ye?,Okyanûsa Arktîk,Okyanûsa Başûr,Okyanûsa Atlantîk,Okyanûsa Hindî,A,Okyanûsa Arktîk li bakurê Asyayê ye. Ew bi qasî 14 milyon km² ye û bi qeşayê hatiye nixumandin.,1,verified,https://en.wikipedia.org/wiki/Arctic_Ocean,approved,0.95,
ds_cografya_0082,ku-kmr,Cografya,Kîjan parzemîn bi qasî ji %30 ji rûyê erdê digire û li rojhilatê Okyanûsa Aram e?,Afrîka,Asya,Ewropa,Awistralya,B,"Asya li rojhilatê Okyanûsa Aram e û bi qasî 44,5 milyon km² ye. Ew ji hemû parzemînan mezintir e.",2,verified,https://en.wikipedia.org/wiki/Asia,approved,0.95,
ds_cografya_0083,ku-kmr,Cografya,Kîjan okyanûs li başûrê Asyayê ye?,Okyanûsa Atlantîk,Okyanûsa Arktîk,Okyanûsa Hindî,Okyanûsa Başûr,C,"Okyanûsa Hindî li başûrê Asyayê ye. Ew bi qasî 70,5 milyon km² ye û sêyemîn okyanûsa herî mezin e.",1,verified,https://en.wikipedia.org/wiki/Indian_Ocean,approved,0.95,
ds_cografya_0084,ku-kmr,Cografya,Kîjan parzemîn bi qasî ji %20 ji rûyê erdê digire û li rojhilatê Okyanûsa Atlantîk e?,Ewropa,Asya,Amerîkaya Başûr,Afrîka,D,"Afrîka li rojhilatê Okyanûsa Atlantîk e û bi qasî 30,3 milyon km² ye. Ew duyemîn parzemîna herî mezin e.",2,verified,https://en.wikipedia.org/wiki/Africa,approved,0.95,
ds_cografya_0085,ku-kmr,Cografya,Kîjan okyanûs li navbera Afrîkayê û Awistralyayê ye?,Okyanûsa Hindî,Okyanûsa Atlantîk,Okyanûsa Aram,Okyanûsa Arktîk,A,"Okyanûsa Hindî li navbera Afrîkayê û Awistralyayê ye. Ew bi qasî 70,5 milyon km² ye.",1,verified,https://en.wikipedia.org/wiki/Indian_Ocean,approved,0.95,
ds_cografya_0086,ku-kmr,Cografya,Kîjan parzemîn bi qasî ji %30 ji rûyê erdê digire û li bakurê Okyanûsa Hindî ye?,Afrîka,Asya,Ewropa,Awistralya,B,"Asya li bakurê Okyanûsa Hindî ye û bi qasî 44,5 milyon km² ye. Ew ji hemû parzemînan mezintir e.",2,verified,https://en.wikipedia.org/wiki/Asia,approved,0.95,
ds_cografya_0087,ku-kmr,Cografya,Kîjan okyanûs li navbera Amerîkaya Başûr û Afrîkayê ye?,Okyanûsa Aram,Okyanûsa Hindî,Okyanûsa Atlantîk,Okyanûsa Arktîk,C,"Okyanûsa Atlantîk li navbera Amerîkaya Başûr û Afrîkayê ye. Ew bi qasî 106,4 milyon km² ye.",1,verified,https://en.wikipedia.org/wiki/Atlantic_Ocean,approved,0.95,
ds_cografya_0089,ku-kmr,Cografya,Kîjan okyanûs li bakurê Ewropayê ye?,Okyanûsa Arktîk,Okyanûsa Atlantîk,Okyanûsa Hindî,Okyanûsa Başûr,A,Okyanûsa Arktîk li bakurê Ewropayê ye. Ew bi qasî 14 milyon km² ye û bi qeşayê hatiye nixumandin.,1,verified,https://en.wikipedia.org/wiki/Arctic_Ocean,approved,0.95,
ds_cografya_0091,ku-kmr,Cografya,Kîjan okyanûs li navbera Ewropayê û Amerîkaya Bakur e?,Okyanûsa Arktîk,Okyanûsa Hindî,Okyanûsa Atlantîk,Okyanûsa Başûr,C,"Okyanûsa Atlantîk li navbera Ewropayê û Amerîkaya Bakur e. Ew bi qasî 106,4 milyon km² ye.",1,verified,https://en.wikipedia.org/wiki/Atlantic_Ocean,approved,0.95,
ds_cografya_0093,ku-kmr,Cografya,Kîjan okyanûs li başûrê Awistralyayê ye?,Okyanûsa Başûr,Okyanûsa Hindî,Okyanûsa Atlantîk,Okyanûsa Arktîk,A,"Okyanûsa Başûr li başûrê Awistralyayê ye. Ew bi qasî 20,3 milyon km² ye.",1,verified,https://en.wikipedia.org/wiki/Southern_Ocean,approved,0.95,
ds_cografya_0095,ku-kmr,Cografya,Kîjan okyanûs li navbera Asyayê û Amerîkaya Bakur e?,Okyanûsa Atlantîk,Okyanûsa Hindî,Okyanûsa Aram,Okyanûsa Arktîk,C,Okyanûsa Aram li navbera Asyayê û Amerîkaya Bakur e. Ew bi qasî 165 milyon km² ye.,1,verified,https://en.wikipedia.org/wiki/Pacific_Ocean,approved,0.95,
ds_cografya_0096,ku-kmr,Cografya,Kîjan parzemîn bi qasî ji %30 ji rûyê erdê digire û li rojhilatê Okyanûsa Hindî ye?,Asya,Afrîka,Ewropa,Awistralya,D,"Awistralya li rojhilatê Okyanûsa Hindî ye û bi qasî 8,5 milyon km² ye. Ew parzemîna herî biçûk e.",2,verified,https://en.wikipedia.org/wiki/Australia_(continent),approved,0.95,
ds_cografya_0097,ku-kmr,Cografya,Kîjan okyanûs li navbera Afrîkayê û Amerîkaya Başûr e?,Okyanûsa Atlantîk,Okyanûsa Aram,Okyanûsa Hindî,Okyanûsa Arktîk,A,"Okyanûsa Atlantîk li navbera Afrîkayê û Amerîkaya Başûr e. Ew bi qasî 106,4 milyon km² ye.",1,verified,https://en.wikipedia.org/wiki/Atlantic_Ocean,approved,0.95,
ds_cografya_0099,ku-kmr,Cografya,Kîjan okyanûs li bakurê Amerîkaya Bakur e?,Okyanûsa Atlantîk,Okyanûsa Aram,Okyanûsa Arktîk,Okyanûsa Hindî,C,Okyanûsa Arktîk li bakurê Amerîkaya Bakur e. Ew bi qasî 14 milyon km² ye.,1,verified,https://en.wikipedia.org/wiki/Arctic_Ocean,approved,0.95,
ds_cografya_0101,ku-kmr,Cografya,Paytextê welatê Kanada kîjan bajar e?,Ottawa,Toronto,Vancouver,Montreal,A,"Ottawa paytextê Kanadayê ye. Toronto, Vancouver û Montreal bajarên mezin in lê ne paytext in.",1,verified,https://en.wikipedia.org/wiki/Ottawa,approved,0.95,
ds_cografya_0102,ku-kmr,Cografya,Kîjan welat paytexta wî Tokyo ye?,Çîn,Japonya,Korêya Başûr,Viyetnam,B,"Tokyo paytextê Japonyayê ye. Çîn Pekîn, Korêya Başûr Seûl û Viyetnam Hanoi wek paytext bi kar tînin.",1,verified,https://en.wikipedia.org/wiki/Tokyo,approved,0.95,
ds_cografya_0103,ku-kmr,Cografya,Paytextê Awistralyayê kîjan bajar e?,Sidney,Melbourne,Canberra,Perth,C,"Canberra paytextê Awistralyayê ye. Sidney, Melbourne û Perth bajarên mezin in lê ne paytext in.",1,verified,https://en.wikipedia.org/wiki/Canberra,approved,0.95,
ds_cografya_0104,ku-kmr,Cografya,Kîjan welat paytexta wî Ankara ye?,Îran,Yewnanistan,Bulgaristan,Tirkiye,D,"Ankara paytextê Tirkiyeyê ye. Îran Tehran, Yewnanistan Atîna û Bulgaristan Sofya wek paytext bi kar tînin.",1,verified,https://en.wikipedia.org/wiki/Ankara,approved,0.95,
ds_cografya_0105,ku-kmr,Cografya,Paytextê Misirê kîjan bajar e?,Qahîre,Îskenderiye,Gize,Luksor,A,"Qahîre paytextê Misirê ye. Îskenderiye, Gize û Luksor bajarên din in lê ne paytext in.",1,verified,https://en.wikipedia.org/wiki/Cairo,approved,0.95,
ds_cografya_0106,ku-kmr,Cografya,Kîjan welat paytexta wî Parîs e?,Almanya,Fransa,Spanya,Portekîz,B,"Parîs paytextê Fransayê ye. Almanya Berlîn, Spanya Madrîd û Portekîz Lîzbon wek paytext bi kar tînin.",1,verified,https://en.wikipedia.org/wiki/Paris,approved,0.95,
ds_cografya_0107,ku-kmr,Cografya,Paytextê Rûsyayê kîjan bajar e?,Sankt Petersburg,Novosîbîrsk,Moskova,Yekaterinburg,C,"Moskova paytextê Rûsyayê ye. Sankt Petersburg, Novosîbîrsk û Yekaterinburg bajarên mezin in lê ne paytext in.",1,verified,https://en.wikipedia.org/wiki/Moscow,approved,0.95,
ds_cografya_0108,ku-kmr,Cografya,Kîjan welat paytexta wî Londra ye?,Skotland,Wales,Îrlenda,Îngilistan,D,"Londra paytextê Îngilistanê ye. Skotland Edînbûrg, Wales Cardiff û Îrlenda Dublîn wek paytext bi kar tînin.",1,verified,https://en.wikipedia.org/wiki/London,approved,0.95,
ds_cografya_0109,ku-kmr,Cografya,Paytextê Brezîlyayê kîjan bajar e?,Brasilia,Rio de Janeiro,Sao Paulo,Salvador,A,"Brasilia paytextê Brezîlyayê ye. Rio de Janeiro, Sao Paulo û Salvador bajarên mezin in lê ne paytext in.",1,verified,https://en.wikipedia.org/wiki/Brasília,approved,0.95,
ds_cografya_0110,ku-kmr,Cografya,Kîjan welat paytexta wî Washington D.C. ye?,Kanada,Dewletên Yekbûyî,Meksîk,Kûba,B,"Washington D.C. paytextê Dewletên Yekbûyî ye. Kanada Ottawa, Meksîk Mexico City û Kûba Havana wek paytext bi kar tînin.",1,verified,"https://en.wikipedia.org/wiki/Washington,_D.C.",approved,0.95,
ds_cografya_0111,ku-kmr,Cografya,Paytextê Îtalyayê kîjan bajar e?,Mîlano,Napolî,Roma,Tûrîn,C,"Roma paytextê Îtalyayê ye. Mîlano, Napolî û Tûrîn bajarên mezin in lê ne paytext in.",1,verified,https://en.wikipedia.org/wiki/Rome,approved,0.95,
ds_cografya_0112,ku-kmr,Cografya,Kîjan welat paytexta wî Berlîn e?,Awistirya,Swîsre,Holenda,Almanya,D,"Berlîn paytextê Almanyayê ye. Awistirya Viyana, Swîsre Bern û Holenda Amsterdam wek paytext bi kar tînin.",1,verified,https://en.wikipedia.org/wiki/Berlin,approved,0.95,
ds_cografya_0113,ku-kmr,Cografya,Paytextê Spanyayê kîjan bajar e?,Madrîd,Barselona,Valensiya,Sevîlla,A,"Madrîd paytextê Spanyayê ye. Barselona, Valensiya û Sevîlla bajarên mezin in lê ne paytext in.",1,verified,https://en.wikipedia.org/wiki/Madrid,approved,0.95,
ds_cografya_0114,ku-kmr,Cografya,Kîjan welat paytexta wî Pekîn e?,Japonya,Çîn,Korêya Bakur,Taywan,B,"Pekîn paytextê Çînê ye. Japonya Tokyo, Korêya Bakur Pyongyang û Taywan Taipei wek paytext bi kar tînin.",1,verified,https://en.wikipedia.org/wiki/Beijing,approved,0.95,
ds_cografya_0115,ku-kmr,Cografya,Paytextê Meksîkê kîjan bajar e?,Guadalajara,Monterrey,Mexico City,Cancún,C,"Mexico City paytextê Meksîkê ye. Guadalajara, Monterrey û Cancún bajarên mezin in lê ne paytext in.",1,verified,https://en.wikipedia.org/wiki/Mexico_City,approved,0.95,
ds_cografya_0116,ku-kmr,Cografya,Kîjan welat paytexta wî Atîna ye?,Tirkiye,Îtalya,Kîpros,Yewnanistan,D,"Atîna paytextê Yewnanistanê ye. Tirkiye Ankara, Îtalya Roma û Kîpros Nîkosya wek paytext bi kar tînin.",1,verified,https://en.wikipedia.org/wiki/Athens,approved,0.95,
ds_cografya_0117,ku-kmr,Cografya,Paytextê Hindistanê kîjan bajar e?,Delhî,Mumbaî,Kolkata,Bengaluru,A,"Delhî paytextê Hindistanê ye. Mumbaî, Kolkata û Bengaluru bajarên mezin in lê ne paytext in.",1,verified,https://en.wikipedia.org/wiki/New_Delhi,approved,0.95,
ds_cografya_0118,ku-kmr,Cografya,Kîjan welat paytexta wî Seûl e?,Korêya Bakur,Korêya Başûr,Japonya,Çîn,B,"Seûl paytextê Korêya Başûr e. Korêya Bakur Pyongyang, Japonya Tokyo û Çîn Pekîn wek paytext bi kar tînin.",1,verified,https://en.wikipedia.org/wiki/Seoul,approved,0.95,
ds_cografya_0119,ku-kmr,Cografya,Paytextê Arjantînê kîjan bajar e?,Córdoba,Rosario,Buenos Aires,Mendoza,C,"Buenos Aires paytextê Arjantînê ye. Córdoba, Rosario û Mendoza bajarên mezin in lê ne paytext in.",1,verified,https://en.wikipedia.org/wiki/Buenos_Aires,approved,0.95,
ds_cografya_0120,ku-kmr,Cografya,Kîjan welat paytexta wî Viyana ye?,Almanya,Swîsre,Macaristan,Awistirya,D,"Viyana paytextê Awistiryayê ye. Almanya Berlîn, Swîsre Bern û Macaristan Budapeşt wek paytext bi kar tînin.",1,verified,https://en.wikipedia.org/wiki/Vienna,approved,0.95,
ds_cografya_0121,ku-kmr,Cografya,Paytextê Afrîkaya Başûr kîjan bajar e?,Pretoria,Johannesburg,Cape Town,Durban,A,"Pretoria paytextê fermî yê Afrîkaya Başûr e. Johannesburg, Cape Town û Durban bajarên mezin in lê ne paytext in.",1,verified,https://en.wikipedia.org/wiki/Pretoria,approved,0.95,
ds_cografya_0122,ku-kmr,Cografya,Kîjan welat paytexta wî Stockholm e?,Norwêc,Swêd,Danîmarka,Fînlenda,B,"Stockholm paytextê Swêdê ye. Norwêc Oslo, Danîmarka Kopenhag û Fînlenda Helsinki wek paytext bi kar tînin.",1,verified,https://en.wikipedia.org/wiki/Stockholm,approved,0.95,
ds_cografya_0123,ku-kmr,Cografya,Paytextê Polonyayê kîjan bajar e?,Kraków,Gdańsk,Warsaw,Wrocław,C,"Warsaw paytextê Polonyayê ye. Kraków, Gdańsk û Wrocław bajarên mezin in lê ne paytext in.",1,verified,https://en.wikipedia.org/wiki/Warsaw,approved,0.95,
ds_cografya_0124,ku-kmr,Cografya,Kîjan welat paytexta wî Tehran e?,Iraq,Efxanistan,Sûrî,Îran,D,"Tehran paytextê Îranê ye. Iraq Bexda, Efxanistan Kabûl û Sûrî Şam wek paytext bi kar tînin.",1,verified,https://en.wikipedia.org/wiki/Tehran,approved,0.95,
ds_cografya_0125,ku-kmr,Cografya,Paytextê Nîjeryayê kîjan bajar e?,Abuja,Lagos,Kano,Ibadan,A,"Abuja paytextê Nîjeryayê ye. Lagos, Kano û Ibadan bajarên mezin in lê ne paytext in.",1,verified,https://en.wikipedia.org/wiki/Abuja,approved,0.95,
ds_cografya_0126,ku-kmr,Cografya,"Ji bo çemekî ku di nav zinaran re derbas dibe û dikeve deştekê, kîjan têgih tê bikaranîn?",Zinar,Vadî,Çem,Gol,B,"Vadî, çemekî ku di nav zinaran re derbas dibe û dikeve deştekê, bi kurdî tê gotin. Zinar û çem ne têgihên rast in ji bo vê pênaseyê.",1,verified,https://en.wikipedia.org/wiki/Valley,approved,0.95,
ds_cografya_0127,ku-kmr,Cografya,Kîjan têgih ji bo erdekî bilind û pan re tê bikaranîn?,Deşta,Zinar,Plateau,Vadî,C,"Plateau, erdekî bilind û pan e ku ji derdora xwe bilindtir e. Deşta ne bilind e, zinar ne pan e, vadî jî ne bilind e.",1,verified,https://en.wikipedia.org/wiki/Plateau,approved,0.95,
ds_cografya_0128,ku-kmr,Cografya,"Li deverekê ku çemekî bi lez diherike û bi xwe re axê dibe, kîjan têgih tê bikaranîn?",Vadî,Çem,Gol,Delta,D,"Delta, çemekî ku bi xwe re axê dibe û li deverekê kom dike, tê gotin. Vadî û çem ne têgihên rast in ji bo vê pênaseyê.",2,verified,https://en.wikipedia.org/wiki/River_delta,approved,0.95,
ds_cografya_0129,ku-kmr,Cografya,Kîjan têgih ji bo erdekî nizm û pan re tê bikaranîn ku çemekî di nav re derbas dibe?,Deşta,Zinar,Plateau,Vadî,A,"Deşta, erdekî nizm û pan e ku çemekî di nav re derbas dibe. Zinar ne nizm e, plateau bilind e, vadî jî ne pan e.",1,verified,https://en.wikipedia.org/wiki/Plain,approved,0.95,
ds_cografya_0130,ku-kmr,Cografya,"Di navbera du çiyayan de, kîjan têgih ji bo erdekî nizm re tê bikaranîn?",Plateau,Vadî,Deşta,Delta,B,"Vadî, erdekî nizm e ku di navbera du çiyayan de ye. Plateau bilind e, deşta ne di navbera çiyayan de ye, delta jî li deverekê ye ku çem dikeve.",1,verified,https://en.wikipedia.org/wiki/Valley,approved,0.95,
ds_cografya_0131,ku-kmr,Cografya,Kîjan têgih ji bo erdekî bilind û pan re tê bikaranîn ku ji derdora xwe bilindtir e?,Zinar,Vadî,Plateau,Deşta,C,"Plateau, erdekî bilind û pan e ku ji derdora xwe bilindtir e. Zinar ne pan e, vadî nizm e, deşta jî ne bilind e.",1,verified,https://en.wikipedia.org/wiki/Plateau,approved,0.95,
ds_cografya_0132,ku-kmr,Cografya,"Li deverekê ku çemekî bi xwe re axê dibe û li ber devê deryayê kom dike, kîjan têgih tê bikaranîn?",Vadî,Plateau,Deşta,Delta,D,"Delta, çemekî ku bi xwe re axê dibe û li ber devê deryayê kom dike, tê gotin. Vadî û plateau ne têgihên rast in ji bo vê pênaseyê.",2,verified,https://en.wikipedia.org/wiki/River_delta,approved,0.95,
ds_cografya_0133,ku-kmr,Cografya,Kîjan têgih ji bo erdekî nizm û pan re tê bikaranîn ku ji aliyê çemekî ve tê avdan?,Deşta,Zinar,Plateau,Vadî,A,"Deşta, erdekî nizm û pan e ku ji aliyê çemekî ve tê avdan. Zinar ne nizm e, plateau bilind e, vadî jî ne pan e.",1,verified,https://en.wikipedia.org/wiki/Plain,approved,0.95,
ds_cografya_0134,ku-kmr,Cografya,"Di navbera du çiyayan de, kîjan têgih ji bo erdekî nizm re tê bikaranîn ku çemekî di nav re derbas dibe?",Plateau,Vadî,Deşta,Delta,B,"Vadî, erdekî nizm e ku di navbera du çiyayan de ye û çemekî di nav re derbas dibe. Plateau bilind e, deşta ne di navbera çiyayan de ye, delta jî li deverekê ye ku çem dikeve.",1,verified,https://en.wikipedia.org/wiki/Valley,approved,0.95,
ds_cografya_0135,ku-kmr,Cografya,Kîjan têgih ji bo erdekî bilind û pan re tê bikaranîn ku ji derdora xwe bilindtir e û bi gelemperî ji hêla çeman ve tê qut kirin?,Zinar,Vadî,Plateau,Deşta,C,"Plateau, erdekî bilind û pan e ku ji derdora xwe bilindtir e û bi gelemperî ji hêla çeman ve tê qut kirin. Zinar ne pan e, vadî nizm e, deşta jî ne bilind e.",2,verified,https://en.wikipedia.org/wiki/Plateau,approved,0.95,
ds_cografya_0151,ku-kmr,Cografya,Kîjan tevgera levhan dibe sedema erdhej û volkanan?,Tevgera rojê,Tevgera heyvê,Tevgera levhan,Tevgera bayî,C,"Tevgera levhan a erdê dibe sedema erdhej û volkanan, ji ber ku levhên tektonîk li hev dixin û enerjiyê berdidin.",1,verified,https://en.wikipedia.org/wiki/Plate_tectonics,approved,0.95,
ds_cografya_0152,ku-kmr,Cografya,Kîjan levh li ser rûyê erdê di bin okyanûsan de ye?,Levhê parzemînî,Levhê volkanîk,Levhê qeşayî,Levhê okyanûsî,D,Levhê okyanûsî li bin okyanûsan e û ji levhê parzemînî ziravtir û girtir e.,1,verified,https://en.wikipedia.org/wiki/Oceanic_crust,approved,0.95,
ds_cografya_0153,ku-kmr,Cografya,Kîjan bûyer bi tevgera levhan ve girêdayî ye?,Erdhej,Barîn,Berf,Bay,A,"Erdhej bi tevgera levhan ve girêdayî ye, ji ber ku levhên tektonîk li hev dixin û enerjiyê berdidin.",1,verified,https://en.wikipedia.org/wiki/Earthquake,approved,0.95,
ds_cografya_0154,ku-kmr,Cografya,Kîjan levh li ser rûyê erdê di bin parzemînan de ye?,Levhê okyanûsî,Levhê parzemînî,Levhê volkanîk,Levhê qeşayî,B,Levhê parzemînî li bin parzemînan e û ji levhê okyanûsî stûrtir û siviktir e.,1,verified,https://en.wikipedia.org/wiki/Continental_crust,approved,0.95,
ds_cografya_0177,ku-kmr,Cografya,Kîjan koordînat ji bo diyarkirina cihê li ser rûyê erdê tê bikaranîn?,Hêlîpan û hêlîdirêj,Bilindahî û kûrahî,Germahî û zext,Dirêjahî û firehî,A,"Hêlîpan (enlem) û hêlîdirêj (boylam) koordînatên ku cihê rast li ser rûyê erdê diyar dikin in. Bilindahî û kûrahî jî girîng in, lê ji bo cihê rast hêlîpan û hêlîdirêj bingeh in.",1,verified,https://en.wikipedia.org/wiki/Geographic_coordinate_system,approved,0.95,
ds_cografya_0178,ku-kmr,Cografya,Kîjan projeksiyon ji bo nexşeyên cîhanê yên ku rûberan nîşan didin herî zêde tê bikaranîn?,Projeksiyona Mercator,Projeksiyona Robinson,Projeksiyona Peters,Projeksiyona Azîmûtal,B,"Projeksiyona Robinson ji bo nexşeyên cîhanê yên ku rûberan nîşan didin tê bikaranîn ji ber ku ew hevsengiyek di navbera rûber, şikil û dûrahiyê de çêdike. Projeksiyona Mercator rûberan mezin dike û ji bo navîgasyonê ye.",2,verified,https://en.wikipedia.org/wiki/Robinson_projection,approved,0.95,
ds_cografya_0179,ku-kmr,Cografya,Di nexşeyekê de pîvana 1:50.000 tê wateya çi?,Yek santîmetre li nexşeyê nêzîkî pênc kîlometre ye,Yek santîmetre li nexşeyê nêzîkî pênc sed santîmetre ye,Yek santîmetre li nexşeyê nêzîkî pênc sed metre ye,Yek santîmetre li nexşeyê nêzîkî pênc metre ye,C,"Pîvana 1:50.000 tê wateya ku yek yekîneya li ser nexşeyê bi 50.000 yekîneyên li erdê re wekhev e. Ji ber ku 50.000 santîmetre pênc sed metre ye, ev pîvan tê wateya ku yek santîmetre li nexşeyê nêzîkî pênc sed metre ye.",1,verified,https://en.wikipedia.org/wiki/Scale_(map),approved,0.95,
ds_cografya_0180,ku-kmr,Cografya,Kîjan xet li ser nexşeyê hêlîdirêja sifir e?,Xeta ekvatorê,Xeta tropîkê,Xeta qutbê,Xeta Greenwich,D,"Xeta Greenwich (merîdyena sifir) hêlîdirêja sifir e û ji Greenwich, London derbas dibe. Ekvator hêlîpana sifir e, ne hêlîdirêj.",1,verified,https://en.wikipedia.org/wiki/Prime_meridian,approved,0.95,
ds_cografya_0181,ku-kmr,Cografya,Kîjan projeksiyon ji bo nexşeyên herêmên polar tê bikaranîn?,Projeksiyona Azîmûtal,Projeksiyona Mercator,Projeksiyona Robinson,Projeksiyona Peters,A,Projeksiyona Azîmûtal ji bo herêmên polar tê bikaranîn ji ber ku ew rûber û dûrahiyê li dora xalekê rast nîşan dide. Mercator ji bo herêmên ekvatorê ye.,2,verified,https://en.wikipedia.org/wiki/Azimuthal_projection,approved,0.95,
ds_cografya_0183,ku-kmr,Cografya,Kîjan xet li ser nexşeyê hêlîpana sifir e?,Xeta Greenwich,Xeta tropîkê,Xeta ekvatorê,Xeta qutbê,C,Xeta ekvatorê hêlîpana sifir e û erdê dike du nîvkadên bakur û başûr. Greenwich hêlîdirêja sifir e.,1,verified,https://en.wikipedia.org/wiki/Equator,approved,0.95,
ds_cografya_0184,ku-kmr,Cografya,Kîjan projeksiyon ji bo nexşeyên deryavanan tê bikaranîn ji ber ku hêlên sabît rast in?,Projeksiyona Robinson,Projeksiyona Azîmûtal,Projeksiyona Peters,Projeksiyona Mercator,D,"Projeksiyona Mercator hêlên sabît rast nîşan dide, ji ber vê yekê ji bo navîgasyona deryavanan tê bikaranîn. Robinson rûberan nîşan dide, lê hêlên sabît ne rast in.",2,verified,https://en.wikipedia.org/wiki/Mercator_projection,approved,0.95,
ds_cografya_0186,ku-kmr,Cografya,Kîjan têgih ji bo nexşeya ku rûberên erdê nîşan dide tê bikaranîn?,Nexşeya siyasî,Nexşeya topografîk,Nexşeya aborî,Nexşeya dînî,B,"Nexşeya topografîk bilindahî, çiyayên, deştan û rûberên erdê nîşan dide. Nexşeya siyasî sînorên welatan nîşan dide.",1,verified,https://en.wikipedia.org/wiki/Topographic_map,approved,0.95,
ds_cografya_0187,ku-kmr,Cografya,Kîjan xet li ser nexşeyê hêlîdirêja 180 derece ye?,Xeta ekvatorê,Xeta Greenwich,Xeta tarîxê,Xeta tropîkê,C,"Xeta tarîxê (International Date Line) nêzîkî hêlîdirêja 180 derece ye. Greenwich hêlîdirêja sifir e, ekvator hêlîpana sifir e.",2,verified,https://en.wikipedia.org/wiki/International_Date_Line,approved,0.95,
ds_cografya_0189,ku-kmr,Cografya,Kîjan projeksiyon rûberên parzemînan bi rêjeya rast nîşan dide?,Projeksiyona Peters,Projeksiyona Mercator,Projeksiyona Robinson,Projeksiyona Azîmûtal,A,"Projeksiyona Peters rûberên parzemînan bi rêjeya rast nîşan dide, lê şikilên wan dişewitîne. Mercator rûberan mezin dike, Robinson hevsengiyekê çêdike.",2,verified,https://en.wikipedia.org/wiki/Gall%E2%80%93Peters_projection,approved,0.95,
ds_cografya_0191,ku-kmr,Cografya,Kîjan têgih ji bo xetên ku bilindahiya wekhev nîşan didin tê bikaranîn?,Xetên paralel,Xetên merîdyen,Xetên îzolîn,Xetên ekvator,C,"Xetên îzolîn (contour lines) xetên ku bilindahiya wekhev li ser nexşeya topografîk nîşan didin in. Paralel û merîdyen koordînat in, ne bilindahî.",2,verified,https://en.wikipedia.org/wiki/Contour_line,approved,0.95,
ds_cografya_0192,ku-kmr,Cografya,Di nexşeyekê de pîvana 1:1.000.000 tê wateya çi?,Yek santîmetre li nexşeyê nêzîkî yek kîlometre ye,Yek santîmetre li nexşeyê nêzîkî sed kîlometre ye,Yek santîmetre li nexşeyê nêzîkî yek metre ye,Yek santîmetre li nexşeyê nêzîkî deh kîlometre ye,D,"Pîvana 1:1.000.000 tê wateya ku yek yekîneya li ser nexşeyê bi 1.000.000 yekîneyên li erdê re wekhev e. Ji ber ku 1.000.000 santîmetre deh kîlometre ye, ev pîvan tê wateya ku yek santîmetre li nexşeyê nêzîkî deh kîlometre ye.",1,verified,https://en.wikipedia.org/wiki/Scale_(map),approved,0.95,
ds_cografya_0193,ku-kmr,Cografya,Kîjan projeksiyon ji bo nexşeya cîhanê ya ku ji aliyê National Geographic ve tê bikaranîn tê nasîn?,Projeksiyona Robinson,Projeksiyona Mercator,Projeksiyona Peters,Projeksiyona Azîmûtal,A,Projeksiyona Robinson ji bo nexşeya cîhanê ya National Geographic tê bikaranîn ji ber ku ew rûber û şikilan bi hevsengiyekê nîşan dide. Mercator rûberan mezin dike.,2,verified,https://en.wikipedia.org/wiki/Robinson_projection,approved,0.95,
ds_cografya_0195,ku-kmr,Cografya,Kîjan têgih ji bo goşeya ku ji hêlîpana bakur tê pîvan tê bikaranîn?,Hêlîdirêj,Hêlîpan,Azîmût,Bilindahî,C,"Azîmût goşeya ku ji hêlîpana bakur bi awayekî dorberî tê pîvan e. Hêlîdirêj û hêlîpan koordînat in, ne goşe.",2,verified,https://en.wikipedia.org/wiki/Azimuth,approved,0.95,
ds_cografya_0197,ku-kmr,Cografya,Kîjan projeksiyon ji bo nexşeya cîhanê ya ku rûber û şikilan bi hevsengiyekê nîşan dide tê bikaranîn?,Projeksiyona Robinson,Projeksiyona Mercator,Projeksiyona Peters,Projeksiyona Azîmûtal,A,"Projeksiyona Robinson rûber û şikilan bi hevsengiyekê nîşan dide, ji ber vê yekê ji bo nexşeya cîhanê tê bikaranîn. Mercator rûberan mezin dike, Peters şikilan dişewitîne.",2,verified,https://en.wikipedia.org/wiki/Robinson_projection,approved,0.95,
ds_cografya_0199,ku-kmr,Cografya,Kîjan têgih ji bo xeta ku hêlîpan û hêlîdirêjan li ser nexşeyê nîşan dide tê bikaranîn?,Xeta îzolîn,Xeta paralel,Tora koordînat,Xeta merîdyen,C,Tora koordînat (graticule) xetên ku hêlîpan û hêlîdirêjan li ser nexşeyê nîşan didin e. Xeta îzolîn bilindahiyê nîşan dide.,2,verified,https://en.wikipedia.org/wiki/Graticule_(cartography),approved,0.95,
ds_cografya_0201,ku-kmr,Cografya,Kîjan têgih ji bo zêdebûna hejmara niştecîhan li bajaran tê bikaranîn?,Bajarvanî,Koçberî,Nifûs,Şaristanî,A,"Bajarvanî tê wateya zêdebûna nifûsa bajaran û berfirehbûna wan. Koçberî tevgera mirovan e, nifûs hejmara mirovan e, şaristanî jî rewşa medenî ye.",1,verified,https://en.wikipedia.org/wiki/Urbanization,approved,0.95,
ds_cografya_0202,ku-kmr,Cografya,Kîjan welat ji bo koçberên Kurdan yek ji armancên sereke bû di salên 1960î de?,Fransa,Almanya,Amerîka,Kanada,B,"Di salên 1960î de gelek Kurd ji bo xebatê çûn Almanyayê wekî karkerên mêvan. Fransa, Amerîka û Kanada jî cihên koçberiyê ne lê Almanya ji bo Kurdan ya herî navdar e.",2,verified,https://en.wikipedia.org/wiki/Kurds_in_Germany,approved,0.95,
ds_cografya_0203,ku-kmr,Cografya,Di sala 2023an de nifûsa cîhanê derdora çend milyar bû?,7 milyar,9 milyar,8 milyar,10 milyar,C,"Di çiriya paşîn a 2023an de nifûsa cîhanê derdora 8 milyar bû. Ev nifûs bi lez zêde dibe û projeksiyon hene ku dê heta 2050an bigihîje 9,7 milyarî.",1,verified,https://en.wikipedia.org/wiki/World_population,approved,0.95,
ds_cografya_0204,ku-kmr,Cografya,Kîjan bajar li Bakurê Kurdistanê yek ji wan bajaran e ku nifûsa wî herî zêde ye?,Wan,Riha,Mêrdîn,Amed,D,"Amed (Diyarbekir) li Bakurê Kurdistanê bajarê herî qelebalix e. Wan, Riha û Mêrdîn jî bajarên mezin in lê Amed ji hemûyan mezintir e.",2,verified,https://en.wikipedia.org/wiki/Diyarbakır,approved,0.95,
ds_cografya_0205,ku-kmr,Cografya,Kîjan têgih ji bo koçkirina mirovan ji gundan bo bajaran tê bikaranîn?,Koçberiya hundirîn,Koçberiya derveyî,Koçberiya demkî,Koçberiya çerxî,A,"Koçberiya hundirîn tê wateya koçkirina di nav welatekî de, wek ji gund bo bajar. Koçberiya derveyî derbasî welatekî din dibe, ya demkî û çerxî jî demkî ne.",1,verified,https://en.wikipedia.org/wiki/Human_migration,approved,0.95,
ds_cografya_0206,ku-kmr,Cografya,Kîjan welat li Rojhilata Navîn xwediyê nifûsa herî zêde ye?,Iraq,Îran,Tirkiye,Misir,B,Îran bi qasî 88 milyon nifûsa wî heye û li Rojhilata Navîn ya herî zêde ye. Tirkiye jî nêzîkî 85 milyon e lê Îran hinekî pirtir e. Iraq û Misir jî mezin in lê kêmtir in.,2,verified,https://en.wikipedia.org/wiki/Demographics_of_Iran,approved,0.95,
ds_cografya_0207,ku-kmr,Cografya,Kîjan bajar paytextê herêma Kurdistanê ya Iraqê ye?,Silêmanî,Kerkûk,Hewlêr,Duhok,C,"Hewlêr (Erbîl) paytextê Herêma Kurdistanê ya Iraqê ye. Silêmanî, Kerkûk û Duhok jî bajarên mezin in lê Hewlêr paytext e.",1,verified,https://en.wikipedia.org/wiki/Erbil,approved,0.95,
ds_cografya_0208,ku-kmr,Cografya,Kîjan têgih ji bo nifûsa ku li deverekê dijî û ji dayik dibe tê bikaranîn?,Nifûsa tevayî,Nifûsa koçber,Nifûsa demkî,Nifûsa xwecih,D,"Nifûsa xwecih ew nifûsa ku li wê deverê ji dayik bûye û lê dijî. Nifûsa tevayî hemû kesan dihewîne, ya koçber û demkî jî ne xwecih in.",1,verified,https://en.wikipedia.org/wiki/Indigenous_peoples,approved,0.95,
ds_cografya_0209,ku-kmr,Cografya,Di sala 1950î de nifûsa cîhanê derdora çend milyar bû?,"2,5 milyar",3 milyar,4 milyar,5 milyar,A,"Di sala 1950î de nifûsa cîhanê derdora 2,5 milyar bû. Piştî wê demê nifûs bi lez zêde bû û di 1987an de gihîşt 5 milyarî.",1,verified,https://en.wikipedia.org/wiki/World_population,approved,0.95,
ds_cografya_0210,ku-kmr,Cografya,Kîjan bajar li Rojavayê Kurdistanê yek ji bajarên herî mezin e?,Hesîçe,Qamişlo,Kobanî,Efrîn,B,"Qamişlo li Rojavayê Kurdistanê (Sûriye) bajarê herî qelebalix e. Hesîçe, Kobanî û Efrîn jî bajarên girîng in lê Qamişlo ya herî mezin e.",2,verified,https://en.wikipedia.org/wiki/Al-Qamishli,approved,0.95,
ds_cografya_0211,ku-kmr,Cografya,Kîjan têgih ji bo zêdebûna nifûsê ya ku ji ber koçberiyê çêdibe tê bikaranîn?,Zêdebûna nifûsê,Rêjeya zayînê,Koçberiya net,Rêjeya mirinê,C,"Koçberiya net ferqa di navbera koçberên ku tên û yên ku diçin e. Zêdebûna nifûsê hemû sedeman dihewîne, rêjeya zayînê û mirinê jî tenê beşek in.",2,verified,https://en.wikipedia.org/wiki/Net_migration_rate,approved,0.95,
ds_cografya_0212,ku-kmr,Cografya,Kîjan welat ji bo koçberên Kurdan di salên 1970î de bû armanca sereke?,Norwêc,Danîmarka,Fînlandiya,Swêd,D,"Di salên 1970î de gelek Kurd ji bo penaberiyê çûn Swêdê. Swêd ji bo penaberên Kurdan bû welatekî navdar. Norwêc, Danîmarka û Fînlandiya jî cihên din in lê Swêd ya herî girîng e.",2,verified,https://en.wikipedia.org/wiki/Kurds_in_Sweden,approved,0.95,
ds_cografya_0213,ku-kmr,Cografya,Kîjan parzemîn xwediyê nifûsa herî zêde ye?,Asya,Afrîka,Ewropa,Amerîkaya Bakur,A,"Asya bi qasî 4,7 milyar nifûsa wê heye û ji %60 nifûsa cîhanê ye. Afrîka, Ewropa û Amerîkaya Bakur hemû kêmtir nifûs hene.",1,verified,https://en.wikipedia.org/wiki/Asia,approved,0.95,
ds_cografya_0214,ku-kmr,Cografya,Kîjan bajar li Başûrê Kurdistanê yek ji bajarên herî mezin e?,Hewlêr,Silêmanî,Kerkûk,Duhok,B,"Silêmanî li Başûrê Kurdistanê bajarê duyemîn ê herî mezin e. Hewlêr mezintir e lê ji ber ku ew paytext e, Silêmanî jî yek ji bajarên herî girîng e. Kerkûk û Duhok jî mezin in.",2,verified,https://en.wikipedia.org/wiki/Sulaymaniyah,approved,0.95,
ds_cografya_0215,ku-kmr,Cografya,Kîjan têgih ji bo belavbûna nifûsê li ser rûyê erdê tê bikaranîn?,Nifûsa tevayî,Rêjeya zayînê,Dendika nifûsê,Rêjeya mirinê,C,"Dendika nifûsê hejmara mirovan di yek kîlometre çargoşe de ye. Nifûsa tevayî hemû kesan e, rêjeya zayînê û mirinê jî pîvanên din in.",1,verified,https://en.wikipedia.org/wiki/Population_density,approved,0.95,
ds_cografya_0217,ku-kmr,Cografya,Kîjan welat ji bo koçberên Kurdan di salên 1980î de bû armanca sereke?,Fransa,Almanya,Holanda,Belçîka,A,"Di salên 1980î de gelek Kurd ji bo penaberiyê çûn Fransayê. Fransa ji bo penaberên Kurdan bû welatekî navdar. Almanya, Holanda û Belçîka jî cihên din in lê Fransa ya herî girîng e.",2,verified,https://en.wikipedia.org/wiki/Kurds_in_France,approved,0.95,
ds_cografya_0218,ku-kmr,Cografya,Kîjan têgih ji bo koçkirina mirovan ji welatekî bo welatekî din tê bikaranîn?,Koçberiya hundirîn,Koçberiya derveyî,Koçberiya demkî,Koçberiya çerxî,B,"Koçberiya derveyî tê wateya koçkirina derbasî welatekî din. Koçberiya hundirîn di nav welatekî de ye, ya demkî û çerxî jî demkî ne.",1,verified,https://en.wikipedia.org/wiki/Human_migration,approved,0.95,
ds_cografya_0219,ku-kmr,Cografya,Kîjan bajar li Rojhilatê Kurdistanê yek ji bajarên herî mezin e?,Sine,Mahabad,Kirmaşan,Urmiye,C,"Kirmaşan li Rojhilatê Kurdistanê (Îran) bajarê herî qelebalix e. Sine, Mahabad û Urmiye jî bajarên mezin in lê Kirmaşan ji hemûyan mezintir e.",2,verified,https://en.wikipedia.org/wiki/Kermanshah,approved,0.95,
ds_cografya_0220,ku-kmr,Cografya,Kîjan têgih ji bo rêjeya zayînê ya ku ji bo her 1000 kesan tê pîvan tê bikaranîn?,Rêjeya mirinê,Rêjeya koçberiyê,Rêjeya nifûsê,Rêjeya zayînê,D,"Rêjeya zayînê hejmara zayînan di nav 1000 kesan de ye di salekê de. Rêjeya mirinê, koçberiyê û nifûsê pîvanên din in.",1,verified,https://en.wikipedia.org/wiki/Birth_rate,approved,0.95,
ds_cografya_0222,ku-kmr,Cografya,Kîjan welat li Ewropayê xwediyê nifûsa herî zêde ye?,Fransa,Almanya,Brîtanya,Îtalya,B,"Almanya bi qasî 84 milyon nifûsa wê heye û li Ewropayê ya herî zêde ye. Fransa, Brîtanya û Îtalya jî mezin in lê Almanya ya herî zêde ye.",1,verified,https://en.wikipedia.org/wiki/Demographics_of_Germany,approved,0.95,
ds_cografya_0223,ku-kmr,Cografya,Kîjan têgih ji bo koçkirina mirovan ji ber sedemên siyasî tê bikaranîn?,Koçberî,Zorberî,Penaberî,Ragihandin,C,"Penaberî tê wateya koçkirina ji ber zordariya siyasî, şer an jî xetereyê. Koçberî gelemperî ye, zorberî û ragihandin jî têgihên din in.",1,verified,https://en.wikipedia.org/wiki/Refugee,approved,0.95,
ds_cografya_0225,ku-kmr,Cografya,Kîjan têgih ji bo zêdebûna nifûsê ya ku ji ber zayînê çêdibe tê bikaranîn?,Zêdebûna xwezayî,Zêdebûna koçberiyê,Zêdebûna tevayî,Zêdebûna demkî,A,"Zêdebûna xwezayî ferqa di navbera zayîn û mirinan de ye. Zêdebûna koçberiyê ji ber koçberan e, ya tevayî hemû sedeman dihewîne, ya demkî jî demkî ye.",2,verified,https://en.wikipedia.org/wiki/Natural_increase,approved,0.95,
ds_cografya_0226,ku-kmr,Cografya,Kîjan çem li Bakurê Kurdistanê ye û dikeve Deryaya Reş?,Dîcle,Çemê Zê,Firat,Kura,B,"Çemê Zê li Bakurê Kurdistanê ye û dikeve Deryaya Reş. Dîcle û Firat dikevin Kendava Farsê, Kura jî li Qefqasyayê ye.",1,verified,https://en.wikipedia.org/wiki/Kura_(river),approved,0.95,
ds_cografya_0227,ku-kmr,Cografya,Kîjan bendav li ser Firatê ye û yek ji mezintirîn bendavên Tirkiyeyê ye?,Bendava Keban,Bendava Karakaya,Bendava Ataturk,Bendava Ilisu,C,Bendava Ataturk li ser Firatê ye û yek ji mezintirîn bendavên Tirkiyeyê ye. Bendava Keban jî li ser Firatê ye lê ji Ataturkê biçûktir e.,2,verified,https://en.wikipedia.org/wiki/Atatürk_Dam,approved,0.95,
ds_cografya_0228,ku-kmr,Cografya,Kîjan çem li Başûrê Kurdistanê ye û dikeve Dîcleyê?,Çemê Xabûr,Çemê Sirwan,Çemê Aras,Çemê Zap,D,"Çemê Zap li Başûrê Kurdistanê ye û dikeve Dîcleyê. Çemê Xabûr li Rojavayê Kurdistanê ye, Çemê Sirwan jî dikeve Dîcleyê lê li Rojhilatê Kurdistanê ye.",2,verified,https://en.wikipedia.org/wiki/Great_Zab,approved,0.95,
ds_cografya_0229,ku-kmr,Cografya,Kîjan gol li Bakurê Kurdistanê ye û yek ji golên herî mezin ên Tirkiyeyê ye?,Gola Wanê,Gola Tuz,Gola Beyşehir,Gola Egridir,A,Gola Wanê li Bakurê Kurdistanê ye û yek ji golên herî mezin ên Tirkiyeyê ye. Gola Tuz jî li Tirkiyeyê ye lê ne li Kurdistanê ye.,1,verified,https://en.wikipedia.org/wiki/Lake_Van,approved,0.95,
ds_cografya_0230,ku-kmr,Cografya,Kîjan çem li Rojavayê Kurdistanê ye û dikeve Firatê?,Çemê Balix,Çemê Xabûr,Çemê Ceyhan,Çemê Seyhan,B,"Çemê Xabûr li Rojavayê Kurdistanê ye û dikeve Firatê. Çemê Balix jî li Rojavayê Kurdistanê ye lê dikeve Firatê, lê Xabûr mezintir e.",2,verified,https://en.wikipedia.org/wiki/Khabur_(Euphrates),approved,0.95,
ds_cografya_0231,ku-kmr,Cografya,Kîjan bendav li ser Dîcleyê ye û li Bakurê Kurdistanê ye?,Bendava Keban,Bendava Karakaya,Bendava Ilisu,Bendava Ataturk,C,Bendava Ilisu li ser Dîcleyê ye û li Bakurê Kurdistanê ye. Bendava Keban û Karakaya li ser Firatê ne.,2,verified,https://en.wikipedia.org/wiki/Ilısu_Dam,approved,0.95,
ds_cografya_0232,ku-kmr,Cografya,Kîjan çem li Rojhilatê Kurdistanê ye û dikeve Deryaya Qezwînê?,Çemê Aras,Çemê Zap,Çemê Xabûr,Çemê Sirwan,D,Çemê Sirwan li Rojhilatê Kurdistanê ye û dikeve Deryaya Qezwînê. Çemê Aras jî li Rojhilatê Kurdistanê ye lê dikeve Deryaya Xezerê.,2,verified,https://en.wikipedia.org/wiki/Diyala_River,approved,0.95,
ds_cografya_0234,ku-kmr,Cografya,Kîjan çem li Bakurê Kurdistanê ye û dikeve Deryaya Spî?,Çemê Seyhan,Çemê Ceyhan,Çemê Firat,Çemê Dîcleyê,B,Çemê Ceyhan li Bakurê Kurdistanê ye û dikeve Deryaya Spî. Çemê Seyhan jî dikeve Deryaya Spî lê ne li Kurdistanê ye.,2,verified,https://en.wikipedia.org/wiki/Ceyhan_River,approved,0.95,
ds_cografya_0235,ku-kmr,Cografya,Kîjan bendav li ser Çemê Zê ye û li Bakurê Kurdistanê ye?,Bendava Derbendîxan,Bendava Duhok,Bendava Kralkizi,Bendava Batman,C,Bendava Kralkizi li ser Çemê Zê ye û li Bakurê Kurdistanê ye. Bendava Derbendîxan li ser Sirwanê ye.,3,verified,https://en.wikipedia.org/wiki/Kralkızı_Dam,approved,0.95,
ds_cografya_0236,ku-kmr,Cografya,Kîjan gol li Rojhilatê Kurdistanê ye û yek ji golên herî şor ên cîhanê ye?,Gola Wanê,Gola Xatûniyê,Gola Tuz,Gola Urmiyê,D,Gola Urmiyê li Rojhilatê Kurdistanê ye û yek ji golên herî şor ên cîhanê ye. Gola Wanê jî şor e lê ne ewqas şor e.,1,verified,https://en.wikipedia.org/wiki/Lake_Urmia,approved,0.95,
ds_cografya_0238,ku-kmr,Cografya,Kîjan bendav li ser Çemê Sirwanê ye û li Başûrê Kurdistanê ye?,Bendava Duhok,Bendava Derbendîxan,Bendava Mosul,Bendava Haditha,B,Bendava Derbendîxan li ser Çemê Sirwanê ye û li Başûrê Kurdistanê ye. Bendava Duhok li ser çemekî din e.,2,verified,https://en.wikipedia.org/wiki/Darbandikhan_Dam,approved,0.95,
ds_cografya_0240,ku-kmr,Cografya,Kîjan gol li Bakurê Kurdistanê ye û bi qasî 3.713 km² rûberê wî ye?,Gola Urmiyê,Gola Tuz,Gola Xatûniyê,Gola Wanê,D,Gola Wanê li Bakurê Kurdistanê ye û bi qasî 3.713 km² rûberê wî ye. Gola Urmiyê mezintir e lê li Rojhilatê Kurdistanê ye.,2,verified,https://en.wikipedia.org/wiki/Lake_Van,approved,0.95,
ds_cografya_0241,ku-kmr,Cografya,Kîjan bendav li ser Dîcleyê ye û li Başûrê Kurdistanê ye?,Bendava Mosul,Bendava Ilisu,Bendava Keban,Bendava Karakaya,A,Bendava Mosul li ser Dîcleyê ye û li Başûrê Kurdistanê ye. Bendava Ilisu li Bakurê Kurdistanê ye.,2,verified,https://en.wikipedia.org/wiki/Mosul_Dam,approved,0.95,
ds_cografya_0244,ku-kmr,Cografya,Kîjan çem li Bakurê Kurdistanê ye û dikeve Dîcleyê?,Çemê Ceyhan,Çemê Seyhan,Çemê Firat,Çemê Batman,D,Çemê Batman li Bakurê Kurdistanê ye û dikeve Dîcleyê. Çemê Ceyhan û Seyhan dikevin Deryaya Spî.,2,verified,https://en.wikipedia.org/wiki/Batman_River,approved,0.95,
ds_cografya_0245,ku-kmr,Cografya,Kîjan bendav li ser Çemê Zap e û li Başûrê Kurdistanê ye?,Bendava Bekme,Bendava Derbendîxan,Bendava Duhok,Bendava Mosul,A,Bendava Bekme li ser Çemê Zap e û li Başûrê Kurdistanê ye. Bendava Derbendîxan li ser Sirwanê ye.,3,verified,https://en.wikipedia.org/wiki/Bekhme_Dam,approved,0.95,
ds_cografya_0246,ku-kmr,Cografya,Kîjan çem li Rojavayê Kurdistanê ye û dikeve Dîcleyê?,Çemê Balix,Çemê Xabûr,Çemê Ceyhan,Çemê Seyhan,B,Çemê Xabûr li Rojavayê Kurdistanê ye û dikeve Dîcleyê. Çemê Balix dikeve Firatê.,2,verified,https://en.wikipedia.org/wiki/Khabur_(Tigris),approved,0.95,
ds_cografya_0247,ku-kmr,Cografya,Kîjan gol li Bakurê Kurdistanê ye û bi qasî 1.300 km² rûberê wî ye?,Gola Wanê,Gola Urmiyê,Gola Tuz,Gola Xatûniyê,C,Gola Tuz li Bakurê Kurdistanê ye û bi qasî 1.300 km² rûberê wî ye. Gola Wanê mezintir e lê ne li vê derê ye.,2,verified,https://en.wikipedia.org/wiki/Lake_Tuz,approved,0.95,
ds_cografya_0248,ku-kmr,Cografya,Kîjan bendav li ser Çemê Dîcleyê ye û li Bakurê Kurdistanê ye?,Bendava Derbendîxan,Bendava Mosul,Bendava Bekme,Bendava Duhok,D,Bendava Duhok li ser Çemê Dîcleyê ye û li Bakurê Kurdistanê ye. Bendava Derbendîxan li ser Sirwanê ye.,3,verified,https://en.wikipedia.org/wiki/Duhok_Dam,approved,0.95,
ds_dirok_0001,ku-kmr,Dîrok,Şerefname ji aliyê kê ve hatiye nivîsandin?,Şerefxanê Bidlîsî,Ehmedê Xanî,Melayê Cizîrî,Feqiyê Teyran,A,"Şerefname, dîroknasê kurd Şerefxanê Bidlîsî (Şeref Xan) tarafından sala 1597an de hatiye nivîsandin. Ev pirtûk dîroka kurdan a berfireh vedibêje.",1,verified,https://en.wikipedia.org/wiki/Sharafkhan_Bidlisi,approved,0.95,
ds_dirok_0005,ku-kmr,Dîrok,Şerefxanê Bidlîsî di kîjan mîrektiyê de hatiye dinyayê?,Mîrektiya Bidlîsê,Mîrektiya Cizîrê,Mîrektiya Hekarîyê,Mîrektiya Botanê,A,"Şerefxanê Bidlîsî di mîrektiya Bidlîsê de hatiye dinyayê. Navê wî jî ji vê mîrektiyê tê, û ew ji malbata mîrên Bidlîsê bû.",2,verified,https://en.wikipedia.org/wiki/Sharafkhan_Bidlisi,approved,0.95,
ds_dirok_0010,ku-kmr,Dîrok,Şerefxanê Bidlîsî ji kîjan dînî bû?,Şîa,Sunnî,Elewî,Yarsan,B,Şerefxanê Bidlîsî misilmanekî sunnî bû. Ew di pirtûka xwe de behsa dîn û baweriya kurdan jî dike.,2,verified,https://en.wikipedia.org/wiki/Sharafkhan_Bidlisi,approved,0.95,
ds_dirok_0011,ku-kmr,Dîrok,Şerefname ji aliyê kîjan malbatê ve hatiye piştgirîkirin?,Malbata Osmanî,Malbata Sefewî,Malbata Mîrên Bidlîsê,Malbata Memlûkan,C,Şerefname ji aliyê malbata Mîrên Bidlîsê ve hatiye piştgirîkirin. Şerefxanê Bidlîsî jî endamê vê malbatê bû.,2,verified,https://en.wikipedia.org/wiki/Sharafkhan_Bidlisi,approved,0.95,
ds_dirok_0012,ku-kmr,Dîrok,Şerefxanê Bidlîsî di kîjan dewletê de jiyaye?,Împaratoriya Sefewî,Împaratoriya Memlûkan,Împaratoriya Bîzansê,Împaratoriya Osmanî,D,"Şerefxanê Bidlîsî di Împaratoriya Osmanî de jiyaye. Ew di navbera her du dewletên mezin ên wê serdemê de, Osmanî û Sefewî, manevra kiriye.",2,verified,https://en.wikipedia.org/wiki/Sharafkhan_Bidlisi,approved,0.95,
ds_dirok_0014,ku-kmr,Dîrok,Şerefxanê Bidlîsî di kîjan bajarî de hatiye dinyayê?,Cizîr,Bidlîs,Hezar,Amed,B,"Şerefxanê Bidlîsî di bajarê Bidlîsê de hatiye dinyayê. Navê wî jî bi vî bajarî ve girêdayî ye, û ew ji mîrektiya Bidlîsê bû.",1,verified,https://en.wikipedia.org/wiki/Sharafkhan_Bidlisi,approved,0.95,
ds_dirok_0016,ku-kmr,Dîrok,Şerefxanê Bidlîsî ji kîjan mîrektiyê bû?,Mîrektiya Cizîrê,Mîrektiya Botanê,Mîrektiya Hekarîyê,Mîrektiya Bidlîsê,D,"Şerefxanê Bidlîsî ji mîrektiya Bidlîsê bû. Ew ji malbata mîrên vê mîrektiyê bû, û paşê bixwe jî bû mîrê Bidlîsê.",1,verified,https://en.wikipedia.org/wiki/Sharafkhan_Bidlisi,approved,0.95,
ds_dirok_0018,ku-kmr,Dîrok,Şerefxanê Bidlîsî di kîjan sala de wefat kiriye?,1613,1603,1623,1633,B,Şerefxanê Bidlîsî di sala 1603an de wefat kiriye. Ew piştî nivîsandina Şerefnameyê çend salan jiyaye.,2,verified,https://en.wikipedia.org/wiki/Sharafkhan_Bidlisi,approved,0.95,
ds_dirok_0020,ku-kmr,Dîrok,Şerefxanê Bidlîsî ji bo kîjan dewletê xebitiye?,Împaratoriya Osmanî,Împaratoriya Sefewî,Ti dewletê,Her du dewletan,D,"Şerefxanê Bidlîsî ji bo her du dewletan, Împaratoriya Osmanî û Împaratoriya Sefewî, xebitiye. Ew di navbera her du dewletan de manevra kiriye.",2,verified,https://en.wikipedia.org/wiki/Sharafkhan_Bidlisi,approved,0.95,
ds_dirok_0022,ku-kmr,Dîrok,Şerefxanê Bidlîsî di kîjan serdemê de jiyaye?,Serdema navîn,Serdema nû,Serdema kevnar,Serdema hesinî,B,"Şerefxanê Bidlîsî di serdema nû de jiyaye, bi taybetî di sedsala 16an de. Ev serdem di dîroka kurdan de serdemeke girîng bû.",2,verified,https://en.wikipedia.org/wiki/Sharafkhan_Bidlisi,approved,0.95,
ds_dirok_0024,ku-kmr,Dîrok,Şerefxanê Bidlîsî bi kîjan navî jî tê zanîn?,Şeref Beg,Şeref Paşa,Şeref Mîr,Şeref Xan,D,Şerefxanê Bidlîsî bi navê Şeref Xan jî tê zanîn. Ew wek mîrekî kurd û dîroknasekî navdar hatiye nasîn.,2,verified,https://en.wikipedia.org/wiki/Sharafkhan_Bidlisi,approved,0.95,
ds_dirok_0026,ku-kmr,Dîrok,Hawar kovara ewil a bi kîjan zimanî bû?,Tirkî,Kurdî,Erebî,Farisî,B,Hawar di sala 1932an de li Şamê bi zimanê Kurdî hate weşandin. Ew kovara ewil bû ku bi alfabeya Latînî ya Kurdî derket.,1,verified,https://en.wikipedia.org/wiki/Hawar_(magazine),approved,0.95,
ds_dirok_0027,ku-kmr,Dîrok,Kîjan kesayetî Hawar derxist û rêvebir?,Nûredîn Zaza,Qedrîcan,Celadet Alî Bedirxan,Osman Sebrî,C,"Celadet Alî Bedirxan, kurê Emîr Emin Alî Bedirxan, Hawar derxist û rêvebir. Ew yek ji avakerên alfabeya Kurdî ya Latînî bû.",1,verified,https://en.wikipedia.org/wiki/Celadet_Alî_Bedirxan,approved,0.95,
ds_dirok_0028,ku-kmr,Dîrok,Hawar di kîjan bajarî de hate weşandin?,Stenbol,Qahîre,Bexda,Şam,D,"Hawar li Şamê, paytexta Sûriyeyê, hate weşandin. Celadet Alî Bedirxan piştî koçkirina ji Tirkiyeyê li wir bi cih bûbû.",2,verified,https://en.wikipedia.org/wiki/Hawar_(magazine),approved,0.95,
ds_dirok_0029,ku-kmr,Dîrok,Hawar di sala çendan de dest pê kir?,1932,1925,1943,1950,A,Hawar di 15ê gulana 1932an de dest bi weşanê kir. Ew heta sala 1943an bi navberan derket.,1,verified,https://en.wikipedia.org/wiki/Hawar_(magazine),approved,0.95,
ds_dirok_0030,ku-kmr,Dîrok,Kîjan kesayetî bi navê Mîrê Cizîrê jî tê zanîn?,Bedirxan Paşa,Celadet Alî Bedirxan,Emin Alî Bedirxan,Sûreyya Bedirxan,B,Celadet Alî Bedirxan ji ber eslê xwe yê mîrîtî û rolên xwe yên siyasî wek Mîrê Cizîrê dihat nasîn. Ew ji malbata Bedirxaniyan bû.,2,verified,https://en.wikipedia.org/wiki/Celadet_Alî_Bedirxan,approved,0.95,
ds_dirok_0031,ku-kmr,Dîrok,"Hawar ji bilî kovarê, di warê çi de jî girîng bû?",Çandina genim,Avakirina rêyan,Alfabeya Kurdî,Çêkirina çekan,C,"Hawar ji bo pejirandina alfabeya Latînî ya Kurdî ya ku Celadet Alî Bedirxan pêşve bir, roleke bingehîn lîst. Kovar vê alfabeyê belav kir.",2,verified,https://en.wikipedia.org/wiki/Hawar_(magazine),approved,0.95,
ds_dirok_0032,ku-kmr,Dîrok,Bedirxan Paşa di kîjan sedsalê de li herêma Cizîrê hukum dikir?,Sedsala 18an,Sedsala 20an,Sedsala 17an,Sedsala 19an,D,"Bedirxan Paşa di nîvê sedsala 19an de, bi taybetî di navbera 1842 û 1847an de, li mîrektiya Cizîrê hukum dikir.",2,verified,https://en.wikipedia.org/wiki/Bedir_Khan_Beg,approved,0.95,
ds_dirok_0033,ku-kmr,Dîrok,"Piştî têkçûna serhildana Bedirxan Paşa, ew bi kîjan dewletê re têkildar bû?",Împaratoriya Osmanî,Împaratoriya Rûsî,Împaratoriya Brîtanî,Împaratoriya Fransî,A,"Bedirxan Paşa li dijî Împaratoriya Osmanî serhildan kir, lê piştî têkçûnê hate girtin û sirgûn kirin. Ew bi eslê xwe ji vê dewletê bû.",2,verified,https://en.wikipedia.org/wiki/Bedir_Khan_Beg,approved,0.95,
ds_dirok_0034,ku-kmr,Dîrok,Kîjan kesayetî kurê Bedirxan Paşa bû?,Celadet Alî Bedirxan,Emin Alî Bedirxan,Sûreyya Bedirxan,Kamiran Alî Bedirxan,B,Emin Alî Bedirxan kurê Bedirxan Paşa bû. Ew bavê Celadet û Kamiran Bedirxan e û di xebatên kurdî de rolek lîstiye.,3,verified,https://en.wikipedia.org/wiki/Bedir_Khan_Beg,approved,0.95,
ds_dirok_0035,ku-kmr,Dîrok,Hawar çend hejmar bi giştî derketin?,23,30,57,100,C,Hawar bi giştî 57 hejmar derketin. Ev hejmar di navbera salên 1932 û 1943an de hatin weşandin.,3,verified,https://en.wikipedia.org/wiki/Hawar_(magazine),approved,0.95,
ds_dirok_0036,ku-kmr,Dîrok,Celadet Alî Bedirxan bi kîjan zanyarî re hevkarî kir ji bo alfabeya Kurdî?,Vladimir Minorsky,Basil Nikitin,Thomas Bois,Roger Lescot,D,Celadet Alî Bedirxan bi zanyarê fransî Roger Lescot re hevkarî kir. Ew bi hev re li ser alfabeya Kurdî ya Latînî xebitîn.,3,verified,https://en.wikipedia.org/wiki/Roger_Lescot,approved,0.95,
ds_dirok_0037,ku-kmr,Dîrok,Hawar çi cure kovar bû?,Kovara edebî û çandî,Kovara zanistî,Kovara sporê,Kovara aborî,A,"Hawar kovara edebî û çandî bû ku di nav de helbest, çîrok, gotar û lêkolînên li ser ziman û çanda Kurdî dihatin weşandin.",1,verified,https://en.wikipedia.org/wiki/Hawar_(magazine),approved,0.95,
ds_dirok_0038,ku-kmr,Dîrok,Bedirxan Paşa bi kîjan navî jî tê zanîn?,Mîr Bedir,Bedirxan Beg,Xan Bedir,Begê Bedir,B,Bedirxan Paşa bi navê Bedirxan Beg jî tê zanîn. Ew serokê mîrektiya Cizîrê bû û bi navê xwe yê tirkî yê osmanî jî dihat nasîn.,2,verified,https://en.wikipedia.org/wiki/Bedir_Khan_Beg,approved,0.95,
ds_dirok_0039,ku-kmr,Dîrok,Kîjan nivîskar di Hawarê de bi navê Xoybûnê dihat nasîn?,Qedrîcan,Nûredîn Zaza,Celadet Alî Bedirxan,Osman Sebrî,C,"Celadet Alî Bedirxan di Hawarê de bi navê Xoybûnê dihat nasîn, ji ber ku ew endamê rêxistina Xoybûnê bû.",3,verified,https://en.wikipedia.org/wiki/Celadet_Alî_Bedirxan,approved,0.95,
ds_dirok_0040,ku-kmr,Dîrok,Hawar di kîjan welatî de hate weşandin?,Tirkiye,Iraq,Îran,Sûriye,D,"Hawar li Sûriyeyê, bi taybetî li Şamê, hate weşandin. Ev ji ber koçkirina Celadet Alî Bedirxan bû.",1,verified,https://en.wikipedia.org/wiki/Hawar_(magazine),approved,0.95,
ds_dirok_0041,ku-kmr,Dîrok,Bedirxan Paşa li dijî kîjan dewletê serhildan kir?,Împaratoriya Osmanî,Împaratoriya Farisî,Împaratoriya Rûsî,Împaratoriya Brîtanî,A,Bedirxan Paşa di salên 1840î de li dijî Împaratoriya Osmanî serhildan kir. Ew dixwest mîrektiya xwe ya Cizîrê biparêze.,2,verified,https://en.wikipedia.org/wiki/Bedir_Khan_Beg,approved,0.95,
ds_dirok_0042,ku-kmr,Dîrok,Kîjan kesayetî biraziyê Celadet Alî Bedirxan bû?,Sûreyya Bedirxan,Kamiran Alî Bedirxan,Emin Alî Bedirxan,Bedirxan Paşa,B,"Kamiran Alî Bedirxan kurê Emin Alî Bedirxan bû, ku birayê Celadet bû. Ji ber vê yekê ew biraziyê Celadet bû.",3,verified,https://en.wikipedia.org/wiki/Kamuran_Alî_Bedirxan,approved,0.95,
ds_dirok_0043,ku-kmr,Dîrok,Hawar ji bo kîjan alfabeyê wek çavkaniya sereke tê zanîn?,Alfabeya Erebî ya Kurdî,Alfabeya Kirîlî ya Kurdî,Alfabeya Latînî ya Kurdî,Alfabeya Tirkî,C,Hawar ji bo belavkirina alfabeya Latînî ya Kurdî wek çavkaniya sereke tê zanîn. Ev alfabe ji aliyê Celadet Alî Bedirxan ve hate pêşve xistin.,1,verified,https://en.wikipedia.org/wiki/Hawar_(magazine),approved,0.95,
ds_dirok_0044,ku-kmr,Dîrok,Bedirxan Paşa di kîjan herêmê de hukum dikir?,Botan,Mêrdîn,Riha,Cizîr,D,"Bedirxan Paşa li herêma Cizîrê, ku di navbera Sûriye û Tirkiyeyê de ye, hukum dikir. Ew serokê mîrektiya Cizîrê bû.",2,verified,https://en.wikipedia.org/wiki/Bedir_Khan_Beg,approved,0.95,
ds_dirok_0045,ku-kmr,Dîrok,Celadet Alî Bedirxan di kîjan bajarî de hatiye dinyayê?,Stenbol,Şam,Qahîre,Bexda,A,Celadet Alî Bedirxan di sala 1893an de li Stenbolê hatiye dinyayê. Ew ji malbata Bedirxaniyan bû.,2,verified,https://en.wikipedia.org/wiki/Celadet_Alî_Bedirxan,approved,0.95,
ds_dirok_0046,ku-kmr,Dîrok,Hawar di kîjan salê de rawestiya?,1945,1943,1950,1938,B,Hawar di sala 1943an de rawestiya. Ew bi giştî 57 hejmar derketin û piştre weşana xwe qedand.,1,verified,https://en.wikipedia.org/wiki/Hawar_(magazine),approved,0.95,
ds_dirok_0048,ku-kmr,Dîrok,Hawar bi kîjan awayî hate weşandin?,Bi alfabeya Erebî,Bi alfabeya Kirîlî,Bi alfabeya Îbranî,Bi alfabeya Latînî,D,Hawar bi alfabeya Latînî ya Kurdî hate weşandin. Ev yek ji taybetmendiyên wê yên herî girîng bû.,1,verified,https://en.wikipedia.org/wiki/Hawar_(magazine),approved,0.95,
ds_dirok_0049,ku-kmr,Dîrok,Bedirxan Paşa di kîjan sala de derbasî dinyayê bû?,1869,1875,1880,1850,A,Bedirxan Paşa di sala 1869an de li Şamê derbasî dinyayê bû. Ew piştî serhildana xwe li wir sirgûn bû.,3,verified,https://en.wikipedia.org/wiki/Bedir_Khan_Beg,approved,0.95,
ds_dirok_0050,ku-kmr,Dîrok,Kîjan kesayetî bi navê Hawarê ve têkildar e?,Qedrîcan,Celadet Alî Bedirxan,Nûredîn Zaza,Osman Sebrî,B,Celadet Alî Bedirxan bi navê Hawarê ve têkildar e ji ber ku ew derxist û rêvebir. Ew yek ji kesayetiyên herî girîng ên kovara Hawarê bû.,1,verified,https://en.wikipedia.org/wiki/Hawar_(magazine),approved,0.95,
ds_dirok_0051,ku-kmr,Dîrok,Kîjan bajarê Mezopotamyayê wekî paytexta împaratoriya Babîlê dihat naskirin?,Ur,Nînova,Babîl,Akkad,C,"Babîl bû paytexta împaratoriya Babîlê, nemaze di serdema Hamûrabî de. Ur bajarê Sumeriyan bû, Nînova paytexta Asûriyan bû, Akkad jî paytexta împaratoriya Akkadê bû.",1,verified,https://en.wikipedia.org/wiki/Babylon,approved,0.95,
ds_dirok_0052,ku-kmr,Dîrok,Kîjan zimanê herî kevn a nivîskî ya ku ji Mezopotamyayê hatiye dîtin?,Akkadî,Elamî,Aramî,Sumerî,D,"Sumerî zimanê herî kevn e ku bi nivîsî hatiye dîtin, li dora 3000 sal berî zayînê. Akkadî paşê derket, Elamî û Aramî jî zimanên din ên herêmê bûn.",1,verified,https://en.wikipedia.org/wiki/Sumerian_language,approved,0.95,
ds_dirok_0053,ku-kmr,Dîrok,Kîjan kesayetî qanûnên navdar ên Babîlê çêkirin?,Hamûrabî,Sargon,Naram-Sîn,Gudea,A,"Hamûrabî, padîşahê Babîlê, qanûnên ku bi navê wî têne zanîn çêkirin. Sargon û Naram-Sîn padîşahên Akkadê bûn, Gudea jî hukimdarê Lagashê bû.",1,verified,https://en.wikipedia.org/wiki/Hammurabi,approved,0.95,
ds_dirok_0054,ku-kmr,Dîrok,Di serdema kîjan şaristaniyê de nivîsîna bi tîpên çivîk (cuneiform) pêş ket?,Babîlî,Sumerî,Asûrî,Akkadî,B,"Nivîsîna bi tîpên çivîk ji aliyê Sumeriyan ve hate îcad kirin û pêş ket. Babîlî, Asûrî û Akkadî paşê vê nivîsînê bi kar anîn.",1,verified,https://en.wikipedia.org/wiki/Cuneiform,approved,0.95,
ds_dirok_0055,ku-kmr,Dîrok,Kîjan bajarê Sumeriyan wekî navenda perestgeha girîng a Enlil dihat naskirin?,Ur,Uruk,Nippur,Lagash,C,"Nippur bajarê pîroz ê Sumeriyan bû, ku perestgeha Enlil lê bû. Ur, Uruk û Lagash jî bajarên girîng bûn, lê Nippur ji bo Enlil dihat naskirin.",2,verified,https://en.wikipedia.org/wiki/Nippur,approved,0.95,
ds_dirok_0056,ku-kmr,Dîrok,Kîjan împaratoriya Mezopotamyayê yekem car yekîtiya siyasî ya herêmê ava kir?,Sumer,Babîl,Asûr,Akkad,D,"Împaratoriya Akkadê, ku ji aliyê Sargon ve hate avakirin, yekem împaratoriya ku Mezopotamyayê yek kir. Sumer, Babîl û Asûr paşê hatin.",2,verified,https://en.wikipedia.org/wiki/Akkadian_Empire,approved,0.95,
ds_dirok_0057,ku-kmr,Dîrok,Kîjan padîşahê Babîlê baxçeyên daleqandî yên navdar ava kirin?,Nebukadnezar II,Hamûrabî,Sargon,Aşurbanipal,A,"Nebukadnezar II bi baxçeyên daleqandî yên Babîlê tê naskirin, yek ji heft ecêbên cîhanê. Hamûrabî qanûn çêkirin, Sargon Akkadê, Aşurbanipal jî Asûrê bû.",2,verified,https://en.wikipedia.org/wiki/Nebuchadnezzar_II,approved,0.95,
ds_dirok_0058,ku-kmr,Dîrok,Kîjan bajarê Mezopotamyayê paytexta împaratoriya Asûrê bû?,Babîl,Nînova,Ur,Uruk,B,"Nînova bû paytexta împaratoriya Asûrê, nemaze di serdema Sennacherib de. Babîl paytexta Babîlê bû, Ur û Uruk jî bajarên Sumeriyan bûn.",1,verified,https://en.wikipedia.org/wiki/Nineveh,approved,0.95,
ds_dirok_0059,ku-kmr,Dîrok,Kîjan padîşahê Akkadê împaratoriya yekem a dinyayê ava kir?,Naram-Sîn,Rimush,Sargon,Manishtushu,C,"Sargon wekî avakerê împaratoriya Akkadê tê zanîn, ku yekem împaratoriya pir-neteweyî bû. Naram-Sîn neviyê wî bû, Rimush û Manishtushu jî kurên wî bûn.",1,verified,https://en.wikipedia.org/wiki/Sargon_of_Akkad,approved,0.95,
ds_dirok_0060,ku-kmr,Dîrok,Kîjan şaristaniya Mezopotamyayê ji bo îcadkirina çerxê tê naskirin?,Akkadî,Babîlî,Asûrî,Sumerî,D,"Sumeriyan çerx îcad kirin, ku ji bo wesayît û çêkirina seramîkê girîng bû. Akkadî, Babîlî û Asûrî paşê vê teknolojiyê bi kar anîn.",2,verified,https://en.wikipedia.org/wiki/Wheel,approved,0.95,
ds_dirok_0061,ku-kmr,Dîrok,Di kîjan serdemê de Babîl bû navenda çandî û zanistî ya herêmê?,Serdema Neo-Babîl,Serdema Paleo-Babîl,Serdema Sumerî,Serdema Akkadî,A,"Di serdema Neo-Babîl de, Babîl geş bû û bû navenda çandî û zanistî, bi xwendina stêrnasiyê û matematîkê. Paleo-Babîl jî girîng bû, lê Neo-Babîl zêdetir pêş ket.",3,verified,https://en.wikipedia.org/wiki/Neo-Babylonian_Empire,approved,0.95,
ds_dirok_0062,ku-kmr,Dîrok,Kîjan padîşahê Asûrê pirtûkxaneya navdar a Nînovayê ava kir?,Sargon II,Aşurbanipal,Sennacherib,Tiglath-Pileser III,B,"Aşurbanipal pirtûkxaneya navdar a Nînovayê ava kir, ku bi hezaran tekstên çivîk tê de bûn. Sargon II, Sennacherib û Tiglath-Pileser III padîşahên din bûn.",2,verified,https://en.wikipedia.org/wiki/Ashurbanipal,approved,0.95,
ds_dirok_0063,ku-kmr,Dîrok,Kîjan bajarê Sumeriyan wekî navenda zanîngeha kevnare dihat naskirin?,Uruk,Eridu,Ur,Shuruppak,C,"Ur bajarê girîng ê Sumeriyan bû, ku navenda perwerdehiyê û zanînê bû. Uruk, Eridu û Shuruppak jî bajarên din bûn, lê Ur ji bo zanîngeha xwe dihat naskirin.",2,verified,https://en.wikipedia.org/wiki/Ur,approved,0.95,
ds_dirok_0064,ku-kmr,Dîrok,Kîjan destkeftiya Sumeriyan ji bo çandiniyê bû sedema pêşketina şaristaniyê?,Çerx,Nivîsîn,Metal,Avdanî,D,"Avdanî ji bo çandiniyê girîng bû, ku destûr da Sumeriyan ku di axa hişk de çandinê bikin. Çerx, nivîsîn û metal jî girîng bûn, lê avdanî bingeh bû.",2,verified,https://en.wikipedia.org/wiki/Agriculture_in_Mesopotamia,approved,0.95,
ds_dirok_0065,ku-kmr,Dîrok,Kîjan padîşahê Babîlê qanûnên ku bi navê wî têne zanîn nivîsand?,Hamûrabî,Nebukadnezar I,Nabopolassar,Marduk-zakir-shumi,A,"Hamûrabî, padîşahê Babîlê, qanûnên navdar ên Hamûrabî nivîsand, ku yek ji kevntirîn qanûnên nivîskî ne. Nebukadnezar I, Nabopolassar û Marduk-zakir-shumi padîşahên din bûn.",1,verified,https://en.wikipedia.org/wiki/Code_of_Hammurabi,approved,0.95,
ds_dirok_0066,ku-kmr,Dîrok,Di kîjan serdemê de împaratoriya Akkadê ket xwarê?,Piştî mirina Sargon,Piştî Naram-Sîn,Piştî Gudea,Piştî Hamûrabî,B,"Împaratoriya Akkadê piştî serdestiya Naram-Sîn ket xwarê, ji ber êrişên Gutilan. Sargon ava kir, Gudea hukimdarê Lagashê bû, Hamûrabî jî Babîlê bû.",3,verified,https://en.wikipedia.org/wiki/Akkadian_Empire,approved,0.95,
ds_dirok_0067,ku-kmr,Dîrok,Kîjan bajarê Mezopotamyayê wekî navenda bazirganiya deryayî dihat naskirin?,Uruk,Eridu,Ur,Lagash,C,"Ur bajarê bazirganiya deryayî bû, ku bi Kendava Farisî ve girêdayî bû. Uruk, Eridu û Lagash jî bajarên girîng bûn, lê Ur ji bo bazirganiya xwe dihat naskirin.",2,verified,https://en.wikipedia.org/wiki/Ur,approved,0.95,
ds_dirok_0068,ku-kmr,Dîrok,Kîjan zimanê Mezopotamyayê ji bo nivîsîna fermî di serdema Babîlê de dihat bikaranîn?,Sumerî,Aramî,Elamî,Akkadî,D,"Akkadî zimanê fermî yê Babîlê bû, ku ji bo nivîsîn û qanûnan dihat bikaranîn. Sumerî zimanê olî bû, Aramî paşê belav bû, Elamî jî li rojhilat bû.",2,verified,https://en.wikipedia.org/wiki/Akkadian_language,approved,0.95,
ds_dirok_0069,ku-kmr,Dîrok,Kîjan padîşahê Asûrê Nînova ava kir wekî paytexta xwe?,Sennacherib,Sargon II,Tiglath-Pileser III,Esarhaddon,A,"Sennacherib Nînova kir paytexta Asûrê û wê ava kir. Sargon II, Tiglath-Pileser III û Esarhaddon padîşahên din bûn, lê Sennacherib Nînova ava kir.",2,verified,https://en.wikipedia.org/wiki/Sennacherib,approved,0.95,
ds_dirok_0070,ku-kmr,Dîrok,Kîjan şaristaniya Mezopotamyayê ji bo îcadkirina matematîkê ya bingehîn tê naskirin?,Sumerî,Babîlî,Akkadî,Asûrî,B,"Babîliyan matematîkê pêş xistin, wekî pergala şêstî (base-60). Sumerî dest pê kir, Akkadî û Asûrî jî paşê, lê Babîlî ji bo matematîkê têne naskirin.",2,verified,https://en.wikipedia.org/wiki/Babylonian_mathematics,approved,0.95,
ds_dirok_0071,ku-kmr,Dîrok,Di kîjan serdemê de Babîl ji aliyê kîjan miletî ve hate hilweşandin?,"Serdema Neo-Babîl, ji aliyê Asûrî","Serdema Paleo-Babîl, ji aliyê Akkadî","Serdema Neo-Babîl, ji aliyê Farisî","Serdema Paleo-Babîl, ji aliyê Sumerî",C,"Di serdema Neo-Babîl de, Farisî di bin serokatiya Kûruş de Babîl hilweşandin. Asûrî, Akkadî û Sumerî berê hatin hilweşandin.",3,verified,https://en.wikipedia.org/wiki/Fall_of_Babylon,approved,0.95,
ds_dirok_0072,ku-kmr,Dîrok,Kîjan bajarê Sumeriyan wekî navenda perestgeha Inanna dihat naskirin?,Ur,Nippur,Eridu,Uruk,D,"Uruk bajarê navenda perestgeha Inanna (Îştar) bû, ku yek ji girîngtirîn xwedawendên Sumeriyan bû. Ur, Nippur û Eridu jî bajarên din bûn.",2,verified,https://en.wikipedia.org/wiki/Uruk,approved,0.95,
ds_dirok_0073,ku-kmr,Dîrok,Kîjan padîşahê Akkadê bi navê Xwedayê xwe dihat naskirin?,Naram-Sîn,Sargon,Rimush,Manishtushu,A,"Naram-Sîn yekem padîşah bû ku xwe wekî xwedayê xwe dît. Sargon bavê wî bû, Rimush û Manishtushu kurên Sargon bûn.",2,verified,https://en.wikipedia.org/wiki/Naram-Sin,approved,0.95,
ds_dirok_0074,ku-kmr,Dîrok,Kîjan bajarê Mezopotamyayê wekî navenda olî ya Sumeriyan dihat naskirin?,Ur,Eridu,Uruk,Nippur,B,"Eridu wekî bajarê herî kevn ê Sumeriyan û navenda olî dihat naskirin, ku perestgeha Enki lê bû. Ur, Uruk û Nippur jî bajarên olî bûn, lê Eridu bingeh bû.",2,verified,https://en.wikipedia.org/wiki/Eridu,approved,0.95,
ds_dirok_0075,ku-kmr,Dîrok,Med împaratoriyê di kîjan serdemê de li Rojhilata Navîn hukum kiriye?,Sedsala 5'an û 4'an berî zayînê,Sedsala 2'an û 3'yan piştî zayînê,Sedsala 8'an û 7'an berî zayînê,Sedsala 10'an û 11'an piştî zayînê,C,"Medan di sedsala 8'an û 7'an berî zayînê de împaratoriyeke mezin ava kiribû, navenda wê jî li bakurê rojhilatê Mezopotamyayê bû.",1,verified,https://en.wikipedia.org/wiki/Medes,approved,0.95,
ds_dirok_0076,ku-kmr,Dîrok,Kîjan bajarê Medan wekî paytexta wan dihat zanîn?,Babilon,Nînova,Persepolis,Ekbatan,D,"Ekbatan, ango Hemedana îro, paytexta Medan bû û ji aliyê dîroknasan ve wekî navenda siyasî ya wan tê nasîn.",1,verified,https://en.wikipedia.org/wiki/Ecbatana,approved,0.95,
ds_dirok_0077,ku-kmr,Dîrok,Kîjan padîşahê Medan bi navê bavê Keyxusrew tê zanîn?,Kiyaksar,Fraortes,Astyages,Deioces,A,Kiyaksar kurê Fraortes bû û bavê Keyxusrew; ew wekî padîşahê Medan di sedsala 7'an berî zayînê de hukum kiriye.,2,verified,https://en.wikipedia.org/wiki/Cyaxares,approved,0.95,
ds_dirok_0078,ku-kmr,Dîrok,Medan bi kîjan şaristaniyê re şerê herî mezin kir?,Misriyan,Asûran,Yewnaniyan,Romayiyan,B,Medan bi Asûran re şerên dijwar kirin û di dawiyê de bi hevkariya Babîliyan Asûr hilweşandin.,1,verified,https://en.wikipedia.org/wiki/Medo-Babylonian_conquest_of_the_Assyrian_Empire,approved,0.95,
ds_dirok_0079,ku-kmr,Dîrok,"Kîjan şaristaniya kevn a ku li herêma Kurdistanê jî hebû, bi tîpên çivîk dinivîsand?",Fenîkiyan,Îbraniyan,Sumeriyan,Aramiyan,C,"Sumeriyan yekem car tîpên çivîk îcad kirin, ku paşê ji aliyê Akkadiyan, Babîliyan û Asûran ve hate bikaranîn.",1,verified,https://en.wikipedia.org/wiki/Cuneiform,approved,0.95,
ds_dirok_0081,ku-kmr,Dîrok,Kîjan qanûnên navdar ên Babîlê di sedsala 18'an berî zayînê de hatin nivîsandin?,Qanûnên Hammurabi,Qanûnên Nînovayê,Qanûnên Ekbatanê,Qanûnên Persepolisê,A,Qanûnên Hammurabi yek ji qanûnên herî kevn ên nivîskî yên dinyayê ne û li Babîlê hatin afirandin.,1,verified,https://en.wikipedia.org/wiki/Code_of_Hammurabi,approved,0.95,
ds_dirok_0082,ku-kmr,Dîrok,Di kîjan şer de Medan û Babîliyan bi hev re Asûr hilweşandin?,Şerê Karkemîşê,Şerê Nînovayê,Şerê Megîdoyê,Şerê Salamînê,B,"Di sala 612'an berî zayînê de, Medan û Babîliyan bi hev re Nînova, paytexta Asûran, hilweşand û ev bû dawiya împaratoriya Asûrê.",2,verified,https://en.wikipedia.org/wiki/Battle_of_Nineveh_(612_BC),approved,0.95,
ds_dirok_0083,ku-kmr,Dîrok,Kîjan padîşahê Medan bi keybanûya Babîlê re zewicî?,Astyages,Fraortes,Kiyaksar,Deioces,C,"Kiyaksar bi Amytis, keça padîşahê Babîlê, re zewicî, ku ev yek bû sedema hevkariya di navbera her du împaratoriyan de.",3,verified,https://en.wikipedia.org/wiki/Amytis_of_Media,approved,0.95,
ds_dirok_0084,ku-kmr,Dîrok,Kîjan împaratorî piştî hilweşandina Medan li herêmê derket holê?,Împaratoriya Seleukî,Împaratoriya Efxanî,Împaratoriya Sasaniyan,Împaratoriya Hexamenişî,D,"Piştî ku Keyxusrew Medan têk bir, împaratoriya Hexamenişî ava bû, ku ji aliyê kurê wî Kambîses ve hat domandin.",2,verified,https://en.wikipedia.org/wiki/Achaemenid_Empire,approved,0.95,
ds_dirok_0085,ku-kmr,Dîrok,"Kîjan bajarê kevn ê ku li Kurdistanê bû, navenda împaratoriya Medan bû?",Ekbatan,Babîl,Nînova,Ur,A,"Ekbatan, ku îro wekî Hemedan tê zanîn, paytexta Medan bû û li bakurê rojhilatê Kurdistanê ye.",1,verified,https://en.wikipedia.org/wiki/Ecbatana,approved,0.95,
ds_dirok_0086,ku-kmr,Dîrok,Kîjan padîşahê Medan bi navê Deioces jî tê zanîn?,Fraortes,Deioces,Kiyaksar,Astyages,B,Deioces yekem padîşahê Medan bû ku bi navê xwe hatiye tomar kirin û wekî damezrînerê împaratoriya Medan tê hesibandin.,2,verified,https://en.wikipedia.org/wiki/Deioces,approved,0.95,
ds_dirok_0090,ku-kmr,Dîrok,Di kîjan serdemê de Medan bi împaratoriya Hexamenişî re têkildar bûn?,Sedsala 3'yan piştî zayînê,Sedsala 6'an berî zayînê,Sedsala 1'ê piştî zayînê,Sedsala 9'an berî zayînê,B,"Di sedsala 6'an berî zayînê de, Keyxusrew Medan têk bir û împaratoriya Hexamenişî ava kir, ku Medan jî di nav de bûn.",2,verified,https://en.wikipedia.org/wiki/Medes,approved,0.95,
ds_dirok_0091,ku-kmr,Dîrok,Kîjan bajarê Mezopotamyayê wekî navenda perestgeha Enlil dihat naskirin?,Babîl,Ur,Nîppur,Eridu,C,"Nîppur navenda perestgeha Enlil bû, ku xwedayê herî girîng ê Sumeriyan bû, û ji ber vê yekê bû navenda olî ya herêmê.",3,verified,https://en.wikipedia.org/wiki/Nippur,approved,0.95,
ds_dirok_0092,ku-kmr,Dîrok,Kîjan padîşahê Medan bi navê Astyages tê zanîn?,Kiyaksar,Fraortes,Deioces,Astyages,D,Astyages padîşahê Medan bû ku di sedsala 6'an berî zayînê de hukum kir û ji aliyê Keyxusrew ve hate têk birin.,2,verified,https://en.wikipedia.org/wiki/Astyages,approved,0.95,
ds_dirok_0096,ku-kmr,Dîrok,Kîjan padîşahê Asûrê Nînova wekî paytexta xwe ava kir?,Aşurbanipal,Sargon,Hammurabi,Sennacherib,D,Sennacherib di sedsala 7'an berî zayînê de Nînova wekî paytexta împaratoriya Asûrê ava kir û wê bajarê herî mezin ê dinyayê kir.,2,verified,https://en.wikipedia.org/wiki/Sennacherib,approved,0.95,
ds_dirok_0099,ku-kmr,Dîrok,Kîjan padîşahê Medan bi navê Fraortes tê zanîn?,Kiyaksar,Astyages,Fraortes,Deioces,C,Fraortes padîşahê Medan bû ku di sedsala 7'an berî zayînê de hukum kir û kurê Deioces bû.,2,verified,https://en.wikipedia.org/wiki/Phraortes,approved,0.95,
ds_dirok_0103,ku-kmr,Dîrok,Kîjan mîrektiya kurdan ji bo demeke dirêj di navbera Împaratoriya Osmanî û Sefewiyan de wek tampon dewlet kar dikir?,Mîrektiya Baban,Mîrektiya Soran,Mîrektiya Hakkariyê,Mîrektiya Botan,C,"Mîrektiya Hakkariyê, ji ber cihê xwe yê stratejîk, di navbera Împaratoriya Osmanî û Sefewiyan de wek tampon dewlet kar dikir.",3,verified,https://en.wikipedia.org/wiki/Hakkari_(historical_region),approved,0.95,
ds_dirok_0108,ku-kmr,Dîrok,Bedirxan Paşa di bin desthilatdariya kîjan dewletê de bû?,Împaratoriya Sefewî,Împaratoriya Qacar,Împaratoriya Rûsî,Împaratoriya Osmanî,D,"Bedirxan Paşa, mîrê Botanê, di bin desthilatdariya Împaratoriya Osmanî de bû, her çend ew bi awayekî nîvserbixwe hukum dikir.",1,verified,https://en.wikipedia.org/wiki/Bedir_Khan_Beg,approved,0.95,
ds_dirok_0109,ku-kmr,Dîrok,Mîrektiya Hakkariyê bi giranî ji aliyê kîjan kesayetiyan ve dihat birêvebirin?,Mîrên Hakkariyê,Mîrên Botan,Mîrên Soran,Mîrên Babanê,A,Mîrektiya Hakkariyê ji aliyê mîrên herêmî yên ku bi navê Mîrên Hakkariyê dihatin naskirin ve dihat birêvebirin.,2,verified,https://en.wikipedia.org/wiki/Hakkari_(historical_region),approved,0.95,
ds_dirok_0111,ku-kmr,Dîrok,Mîrê Botanê Bedirxan Paşa di sala çendan de serhildana xwe li dijî Osmaniyan dest pê kir?,Di sala 1847'an de,Di sala 1850'an de,Di sala 1843'an de,Di sala 1855'an de,C,"Bedirxan Paşa di sala 1843'an de serhildana xwe li dijî Împaratoriya Osmanî dest pê kir, lê di sala 1847'an de hate têk birin.",3,verified,https://en.wikipedia.org/wiki/Bedir_Khan_Beg,approved,0.95,
ds_dirok_0114,ku-kmr,Dîrok,"Bedirxan Paşa piştî têkçûna serhildana xwe, li kîjan welatî hate sirgûnkirin?",Rûsya,Girîtistan,Misir,Fransa,B,"Bedirxan Paşa piştî têkçûna serhildana xwe di sala 1847'an de, bi tevahiya malbata xwe hate sirgûnkirin Giravên Girîtistanê.",2,verified,https://en.wikipedia.org/wiki/Bedir_Khan_Beg,approved,0.95,
ds_dirok_0115,ku-kmr,Dîrok,Mîrektiya Hakkariyê di kîjan navbera salan de hebû?,Di navbera 1500 û 1850'an de,Di navbera 1600 û 1900'an de,Di navbera 1400 û 1847'an de,Di navbera 1700 û 1920'an de,C,Mîrektiya Hakkariyê di navbera salên 1400 û 1847'an de li herêma Hakkariyê hebû.,3,verified,https://en.wikipedia.org/wiki/Hakkari_(historical_region),approved,0.95,
ds_dirok_0116,ku-kmr,Dîrok,Kîjan mîrê Botanê bi navê Mîrê Cizîrê jî tê zanîn?,Mîr Mihemed,Şerefxanê Bidlîsî,Xanê Lepzêrîn,Bedirxan Paşa,D,"Bedirxan Paşa, mîrê Botanê, bi navê Mîrê Cizîrê jî tê zanîn, ji ber ku paytexta wî bajarê Cizîrê bû.",1,verified,https://en.wikipedia.org/wiki/Bedir_Khan_Beg,approved,0.95,
ds_dirok_0121,ku-kmr,Dîrok,Kîjan mîrektiya kurdan ji aliyê Şerefxanê Bidlîsî ve di Şerefnameyê de hatiye behs kirin?,Mîrektiya Botanê,Mîrektiya Babanê,Mîrektiya Soran,Mîrektiya Hakkariyê,A,"Şerefxanê Bidlîsî di Şerefnameyê de mîrektiya Botanê bi berfirehî behs kiriye, ji ber ku ew bi xwe ji vê herêmê bû.",2,verified,https://en.wikipedia.org/wiki/Sharafkhan_Bidlisi,approved,0.95,
ds_dirok_0124,ku-kmr,Dîrok,Kîjan mîrektiya kurdan di sedsala 16'an de li herêma Hakkariyê hukum dikir?,Mîrektiya Botanê,Mîrektiya Babanê,Mîrektiya Soran,Mîrektiya Hakkariyê,D,Mîrektiya Hakkariyê di sedsala 16'an de li herêma Hakkariyê hukum dikir û di navbera Osmanî û Sefewiyan de roleke girîng lîst.,2,verified,https://en.wikipedia.org/wiki/Hakkari_(historical_region),approved,0.95,
ds_dirok_0125,ku-kmr,Dîrok,Kurdistan gazeteya ewil a kurdan di kîjan salê de li Qahîreyê derket?,1898,1908,1918,1928,A,"Kurdistan, wek yekem rojnameya kurdî, di sala 1898'ê de ji aliyê Mîqdad Mîdhat Bedirxan ve li Qahîreyê hate weşandin.",2,verified,https://en.wikipedia.org/wiki/Kurdistan_(newspaper),approved,0.95,
ds_dirok_0126,ku-kmr,Dîrok,Kîjan kesayetî Kurdistan rojnameya ewil derxist?,Celadet Alî Bedirxan,Mîqdad Mîdhat Bedirxan,Hesen Cemil Paşa,Emîn Alî Bedirxan,B,"Mîqdad Mîdhat Bedirxan, kurê Bedirxan Paşa, di sala 1898'ê de Kurdistan li Qahîreyê derxist û ev yekem rojnameya kurdî bû.",2,verified,https://en.wikipedia.org/wiki/Kurdistan_(newspaper),approved,0.95,
ds_dirok_0127,ku-kmr,Dîrok,Kurdistan rojnameyê di kîjan bajarî de dest bi weşanê kir?,Stenbol,Bexda,Qahîre,Şam,C,"Kurdistan rojnameya ewil di 1898'ê de li Qahîreyê, paytexta Misirê, hate weşandin.",1,verified,https://en.wikipedia.org/wiki/Kurdistan_(newspaper),approved,0.95,
ds_dirok_0128,ku-kmr,Dîrok,Kurdistan rojnameyê bi kîjan zimanî dihat weşandin?,Tirkî,Erebî,Farisî,Kurmancî,D,Kurdistan rojnameyê bi zimanê kurdî (Kurmancî) dihat weşandin û ji bo pêşxistina çanda kurdî roleke girîng lîst.,1,verified,https://en.wikipedia.org/wiki/Kurdistan_(newspaper),approved,0.95,
ds_dirok_0129,ku-kmr,Dîrok,Di sala çendan de Kurdistan rojnameyê weşana xwe rawestand?,1902,1905,1910,1915,A,Kurdistan rojnameyê di navbera 1898 û 1902'yan de bi giştî 31 hejmar derketin û piştre weşana xwe rawestand.,3,verified,https://en.wikipedia.org/wiki/Kurdistan_(newspaper),approved,0.95,
ds_dirok_0130,ku-kmr,Dîrok,Kurdistan rojnameya ewil a kurdan di kîjan serdemê de derket?,Serdema Sefewî,Serdema Osmanî,Serdema Memlûkan,Serdema Emevîyan,B,"Kurdistan di serdema Împaratoriya Osmanî de derket, dema ku kurdan li hember siyaseta navendî ya Osmanî dengê xwe bilind dikir.",2,verified,https://en.wikipedia.org/wiki/Kurdistan_(newspaper),approved,0.95,
ds_dirok_0131,ku-kmr,Dîrok,Kurdistan rojnameyê ji bo kîjan armancê hate derxistin?,Belavkirina îslamê,Piştgiriya dewleta Osmanî,Parastina nasnameya kurdî,Pêşxistina zimanê tirkî,C,"Kurdistan rojnameyê ji bo parastina nasnameya kurdî, ziman û çanda kurdan hate derxistin û ji bo hişyariya neteweyî ya kurdan xebitî.",2,verified,https://en.wikipedia.org/wiki/Kurdistan_(newspaper),approved,0.95,
ds_dirok_0132,ku-kmr,Dîrok,Kîjan kesayetî piştî Mîqdad Mîdhat Bedirxan weşana Kurdistan rojnameyê domand?,Celadet Alî Bedirxan,Qedrî Cemil Paşa,Sureyya Bedirxan,Ebdurehman Bedirxan,D,"Piştî ku Mîqdad Mîdhat wefat kir, birayê wî Ebdurehman Bedirxan weşana rojnameyê li Ewropayê domand.",3,verified,https://en.wikipedia.org/wiki/Kurdistan_(newspaper),approved,0.95,
ds_dirok_0133,ku-kmr,Dîrok,Kurdistan rojnameyê di kîjan warî de bandor li ser kurdan kir?,Hişyariya neteweyî,Bazirganiya navneteweyî,Çandiniyê,Pîşesaziyê,A,"Kurdistan rojnameyê bi belavkirina ramanên neteweyî û hişyarkirina kurdan li ser mafên xwe, bû sedema pêşketina hişmendiya neteweyî ya kurdan.",2,verified,https://en.wikipedia.org/wiki/Kurdistan_(newspaper),approved,0.95,
ds_dirok_0134,ku-kmr,Dîrok,Kurdistan rojnameyê bi kîjan awayî dihat belavkirin?,Bi radyoyê,Bi destnivîs û çapê,Bi televîzyonê,Bi înternetê,B,Di wê serdemê de rojname bi awayê çapê dihat belavkirin; Kurdistan jî bi vî awayî dihat weşandin.,1,verified,https://en.wikipedia.org/wiki/Kurdistan_(newspaper),approved,0.95,
ds_dirok_0135,ku-kmr,Dîrok,Kurdistan rojnameyê di kîjan welatên cuda de hate weşandin?,"Îran, Iraq û Sûriye","Rûsya, Çîn û Hindistan","Misir, Ewropa û Tirkiye","Fransa, Almanya û Spanya",C,"Kurdistan rojnameyê li Qahîreyê (Misir), paşê li Ewropayê û piştre jî li Stenbolê (Tirkiye) hate weşandin.",3,verified,https://en.wikipedia.org/wiki/Kurdistan_(newspaper),approved,0.95,
ds_dirok_0136,ku-kmr,Dîrok,Kurdistan rojnameya ewil ji aliyê kîjan malbatê ve hate derxistin?,Malbata Babanan,Malbata Soran,Malbata Hakkariyê,Malbata Bedirxaniyan,D,"Kurdistan rojnameyê ji aliyê malbata Bedirxaniyan, ku malbateke navdar a kurdan bû, hate derxistin.",2,verified,https://en.wikipedia.org/wiki/Kurdistan_(newspaper),approved,0.95,
ds_dirok_0137,ku-kmr,Dîrok,Kurdistan rojnameyê di kîjan çarçoveyê de derket?,Rojnameyeke neteweyî,Rojnameyeke olî,Rojnameyeke zanistî,Rojnameyeke werzişî,A,Kurdistan rojnameyeke neteweyî bû ku ji bo maf û nasnameya kurdan dihat weşandin.,1,verified,https://en.wikipedia.org/wiki/Kurdistan_(newspaper),approved,0.95,
ds_dirok_0138,ku-kmr,Dîrok,Kurdistan rojnameyê di kîjan bajarê Ewropayê de hate weşandin?,Parîs,Cenevre,Londra,Berlîn,B,"Piştî Qahîreyê, Kurdistan rojnameyê li Cenevreyê (Swîsre) hate weşandin.",3,verified,https://en.wikipedia.org/wiki/Kurdistan_(newspaper),approved,0.95,
ds_dirok_0139,ku-kmr,Dîrok,Kurdistan rojnameyê ji bo kîjan têkoşînê bû amûrek?,Têkoşîna azadiya ereban,Têkoşîna azadiya tirkên,Têkoşîna azadiya kurdan,Têkoşîna azadiya farisan,C,Kurdistan rojnameyê wek amûreke têkoşîna azadiya kurdan dihat bikaranîn û dengê kurdan bû.,2,verified,https://en.wikipedia.org/wiki/Kurdistan_(newspaper),approved,0.95,
ds_dirok_0140,ku-kmr,Dîrok,Kurdistan rojnameyê di kîjan salê de li Stenbolê hate weşandin?,1898,1910,1920,1908,D,"Di sala 1908'ê de, piştî destûra Osmanî, Kurdistan rojnameyê li Stenbolê dest bi weşanê kir.",3,verified,https://en.wikipedia.org/wiki/Kurdistan_(newspaper),approved,0.95,
ds_dirok_0141,ku-kmr,Dîrok,Kurdistan rojnameyê di kîjan warî de wek yekem tê zanîn?,Yekem rojnameya kurdî,Yekem rojnameya erebî,Yekem rojnameya tirkî,Yekem rojnameya farisî,A,Kurdistan wek yekem rojnameya kurdî ya dinyayê tê zanîn û di dîroka çapemeniya kurdî de cihekî taybet digire.,1,verified,https://en.wikipedia.org/wiki/Kurdistan_(newspaper),approved,0.95,
ds_dirok_0142,ku-kmr,Dîrok,Kurdistan rojnameyê ji aliyê kîjan kesayetên kurd ve hate birêvebirin?,Celadet û Kamiran Bedirxan,Mîqdad Mîdhat û Ebdurehman Bedirxan,Hesen Cemil û Qedrî Cemil,Sureyya û Mehmed Bedirxan,B,Kurdistan rojnameyê ji aliyê birayên Mîqdad Mîdhat û Ebdurehman Bedirxan ve hate birêvebirin.,2,verified,https://en.wikipedia.org/wiki/Kurdistan_(newspaper),approved,0.95,
ds_dirok_0143,ku-kmr,Dîrok,Kurdistan rojnameyê di kîjan serdemê de weşana xwe li Ewropayê domand?,Di navbera 1908 û 1910'an de,Di navbera 1920 û 1925'an de,Di navbera 1898 û 1902'an de,Di navbera 1940 û 1945'an de,C,"Kurdistan rojnameyê di navbera 1898 û 1902'yan de, piştî Qahîreyê, li Ewropayê (Cenevre û London) hate weşandin.",3,verified,https://en.wikipedia.org/wiki/Kurdistan_(newspaper),approved,0.95,
ds_dirok_0144,ku-kmr,Dîrok,Kurdistan rojnameyê bi kîjan tîpan dihat nivîsandin?,Tîpên latînî,Tîpên kîrîlî,Tîpên çînî,Tîpên erebî,D,Di wê serdemê de kurdî bi tîpên erebî dihat nivîsandin; Kurdistan rojnameyê jî bi van tîpan dihat weşandin.,2,verified,https://en.wikipedia.org/wiki/Kurdistan_(newspaper),approved,0.95,
ds_dirok_0145,ku-kmr,Dîrok,Kurdistan rojnameyê ji bo kîjan gelî hate derxistin?,Gelê kurd,Gelê ereb,Gelê tirk,Gelê faris,A,Kurdistan rojnameyê taybetmendî ji bo gelê kurd hate derxistin û ji bo hişyarkirina wan dihat weşandin.,1,verified,https://en.wikipedia.org/wiki/Kurdistan_(newspaper),approved,0.95,
ds_dirok_0146,ku-kmr,Dîrok,Kurdistan rojnameyê di kîjan warî de bû sedema pêşketinê?,Pêşketina çand û edebiyata erebî,Pêşketina çand û edebiyata kurdî,Pêşketina çand û edebiyata tirkî,Pêşketina çand û edebiyata farisî,B,"Kurdistan rojnameyê bi weşana xwe, bû sedema pêşketina çand û edebiyata kurdî û ji bo nivîskarên kurd bû platform.",2,verified,https://en.wikipedia.org/wiki/Kurdistan_(newspaper),approved,0.95,
ds_dirok_0147,ku-kmr,Dîrok,Kurdistan rojnameyê di kîjan salê de li Londonê hate weşandin?,1898,1902,1900,1910,C,Kurdistan rojnameyê di sala 1900'î de li Londonê hate weşandin.,3,verified,https://en.wikipedia.org/wiki/Kurdistan_(newspaper),approved,0.95,
ds_dirok_0148,ku-kmr,Dîrok,Kurdistan rojnameyê di kîjan çarçoveyê de wek yekem tê qebûlkirin?,Çapemeniya erebî,Çapemeniya tirkî,Çapemeniya farisî,Çapemeniya kurdî,D,Kurdistan rojnameyê wek yekem rojnameya di çapemeniya kurdî de tê qebûlkirin û ji bo rojnamegeriya kurdî bû destpêk.,1,verified,https://en.wikipedia.org/wiki/Kurdistan_(newspaper),approved,0.95,
ds_dirok_0149,ku-kmr,Dîrok,Kurdistan rojnameyê di kîjan warî de bandor li ser kurdên dîasporayê kir?,Yekkirina wan li dora nasnameya kurdî,Belavkirina wan li welatên cuda,Kêmkirina çanda wan,Dûrxistina wan ji zimanê kurdî,A,"Kurdistan rojnameyê bi weşana xwe li Ewropayê, bû sedema yekkirina kurdên dîasporayê li dora nasnameya kurdî û hişyarkirina wan.",2,verified,https://en.wikipedia.org/wiki/Kurdistan_(newspaper),approved,0.95,
ds_dirok_0150,ku-kmr,Dîrok,Şerê Cîhanê yê Yekem di kîjan sala de dest pê kir?,1912,1914,1916,1918,B,"Şerê Cîhanê yê Yekem di 28'ê tîrmeha 1914'an de dest pê kir, piştî ku Arşîdûk Franz Ferdinand hate kuştin. Ev bûyer bû sedema zincîreka bûyeran ku bû sedema şerê navneteweyî.",1,verified,https://en.wikipedia.org/wiki/World_War_I,approved,0.95,
ds_dirok_0151,ku-kmr,Dîrok,Kîjan şer di navbera 1939 û 1945'an de li çaraliyê cîhanê pêk hat?,Şerê Cîhanê yê Yekem,Şerê Sar,Şerê Cîhanê yê Duyem,Şerê Koreyê,C,Şerê Cîhanê yê Duyem di 1'ê îlona 1939'an de dest pê kir û di 2'ê îlona 1945'an de bi dawî bû. Ev şer ji ber dagirkirina Polonyayê ji aliyê Almanyayê ve dest pê kir.,1,verified,https://en.wikipedia.org/wiki/World_War_II,approved,0.95,
ds_dirok_0152,ku-kmr,Dîrok,Şerê Cîhanê yê Yekem bi kîjan peymanê bi dawî bû?,Peymana Lozanê,Peymana Sevrê,Peymana Berlînê,Peymana Versayê,D,Peymana Versayê di 28'ê hezîrana 1919'an de hate îmzekirin û bi fermî Şerê Cîhanê yê Yekem bi dawî kir. Ev peyman li ser Almanyayê cezayên giran ferz kir.,2,verified,https://en.wikipedia.org/wiki/Treaty_of_Versailles,approved,0.95,
ds_dirok_0153,ku-kmr,Dîrok,Di Şerê Cîhanê yê Duyem de kîjan bûyer bû sedema ketina Dewletên Yekbûyî yên Amerîkayê (DYA) nav şer?,Şerê Pearl Harborê,Dagirkirina Polonyayê,Şerê Stalingradê,Dagirkirina Fransayê,A,DYA di 7'ê kanûna pêşîn a 1941'an de piştî êrîşa Japonan a li ser Pearl Harborê ket nav Şerê Cîhanê yê Duyem. Ev êrîş bû sedema îlana şer a DYA'yê li dijî Japon û Almanyayê.,2,verified,https://en.wikipedia.org/wiki/Attack_on_Pearl_Harbor,approved,0.95,
ds_dirok_0154,ku-kmr,Dîrok,Şerê Stalingradê di kîjan salê de qewimî?,1941,1943,1942,1944,B,Şerê Stalingradê di 23'ê tebaxa 1942'an de dest pê kir û di 2'ê sibata 1943'an de bi dawî bû. Ev şer yek ji xwîntirîn şerên dîrokê ye û bû xaleka zivirînê ya Şerê Cîhanê yê Duyem.,2,verified,https://en.wikipedia.org/wiki/Battle_of_Stalingrad,approved,0.95,
ds_dirok_0155,ku-kmr,Dîrok,Kîjan şer di sala 1066'an de li Îngilîstanê qewimî?,Şerê Trafalgarê,Şerê Waterlooê,Şerê Hastingsê,Şerê Azincourtê,C,Şerê Hastingsê di 14'ê çiriya pêşîn a 1066'an de qewimî. Tê de artêşa Normandî ya bi serokatiya Williamê Fetihkar artêşa Îngilîzî ya bi serokatiya Harold II têk bir.,2,verified,https://en.wikipedia.org/wiki/Battle_of_Hastings,approved,0.95,
ds_dirok_0156,ku-kmr,Dîrok,Şerê Waterlooê di kîjan sala de pêk hat?,1805,1812,1820,1815,D,"Şerê Waterlooê di 18'ê hezîrana 1815'an de pêk hat. Di vî şerî de hêzên Brîtanî û Prûsî bi serokatiya Wellington û Blücher, Napoleon Bonaparte têk birin.",2,verified,https://en.wikipedia.org/wiki/Battle_of_Waterloo,approved,0.95,
ds_dirok_0157,ku-kmr,Dîrok,Di kîjan serdemê de Şerê Sed Salan qewimî?,Sedsala 14'an û 15'an,Sedsala 12'an û 13'an,Sedsala 13'an û 14'an,Sedsala 15'an û 16'an,A,"Şerê Sed Salan di navbera 1337 û 1453'an de qewimî, ango di sedsala 14'an û 15'an de. Ev şer di navbera Îngilîlistan û Fransayê de bû.",2,verified,https://en.wikipedia.org/wiki/Hundred_Years%27_War,approved,0.95,
ds_dirok_0158,ku-kmr,Dîrok,Kîjan şerê navdar di navbera Yewnanistan û Persiyayê de li derdora 490'an berî zayînê qewimî?,Şerê Termopîlê,Şerê Maratonê,Şerê Salamîsê,Şerê Plateaê,B,"Şerê Maratonê di 490'an berî zayînê de qewimî. Di vî şerî de Yewnaniyên Atînayê artêşa Persiyayê têk birin, her çend hejmara wan pir kêmtir bû.",2,verified,https://en.wikipedia.org/wiki/Battle_of_Marathon,approved,0.95,
ds_dirok_0159,ku-kmr,Dîrok,Şerê Termopîlê di navbera kîjan hêzan de qewimî?,Romayî û Kartacayan,Mongol û Çîniyan,Yewnan û Persan,Osmanî û Sefewiyan,C,Şerê Termopîlê di 480'an berî zayînê de di navbera Yewnaniyan û Persiyan de qewimî. Leonidas û 300 Spartan li dijî artêşa mezin a Persiyan şer kirin.,2,verified,https://en.wikipedia.org/wiki/Battle_of_Thermopylae,approved,0.95,
ds_dirok_0160,ku-kmr,Dîrok,Di Şerê Cîhanê yê Yekem de kîjan koma welatan wekî 'Hêzên Navendî' dihat naskirin?,"Fransa, Brîtanya, Rûsya","DYA, Îtalya, Japon","Çîn, Hindistan, Brezîlya","Almanya, Awistirya-Mecaristan, Osmanî",D,"Hêzên Navendî di Şerê Cîhanê yê Yekem de ji Almanya, Awistirya-Mecaristan, Împaratoriya Osmanî û Bulgaristanê pêk dihatin. Ev welat li dijî Hêzên Hevpeyman (Fransa, Brîtanya, Rûsya) şer kirin.",2,verified,https://en.wikipedia.org/wiki/Central_Powers,approved,0.95,
ds_dirok_0161,ku-kmr,Dîrok,Kîjan şer di sala 1805'an de qewimî û tê de Napoleon artêşa Rûs û Awistirî têk bir?,Şerê Austerlitzê,Şerê Jenaê,Şerê Borodinoê,Şerê Leipzigê,A,"Şerê Austerlitzê, ku wek 'Şerê Sê Împaratoran' jî tê zanîn, di 2'ê kanûna pêşîn a 1805'an de qewimî. Napoleon di vî şerî de artêşa Rûs û Awistirî bi serokatiya Çar Alexander I û Împarator Francis II têk bir.",3,verified,https://en.wikipedia.org/wiki/Battle_of_Austerlitz,approved,0.95,
ds_dirok_0162,ku-kmr,Dîrok,Şerê Verdunê di kîjan sala de qewimî?,1914,1916,1915,1917,B,Şerê Verdunê di 21'ê sibata 1916'an de dest pê kir û heta 18'ê kanûna pêşîn a 1916'an dom kir. Ev şer yek ji dirêjtirîn û xwîntirîn şerên Şerê Cîhanê yê Yekem bû.,2,verified,https://en.wikipedia.org/wiki/Battle_of_Verdun,approved,0.95,
ds_dirok_0163,ku-kmr,Dîrok,Kîjan şerê deryayî di 1805'an de qewimî û tê de Horatio Nelson artêşa deryayî ya Brîtanî birêvebir?,Şerê Jutlandê,Şerê Lepantoê,Şerê Trafalgarê,Şerê Midwayê,C,"Şerê Trafalgarê di 21'ê çiriya pêşîn a 1805'an de qewimî. Di vî şerî de Admiral Horatio Nelson artêşa deryayî ya Brîtanî li dijî artêşa deryayî ya Fransa û Spanyayê bi ser ket, lê ew bi xwe di şer de hate kuştin.",2,verified,https://en.wikipedia.org/wiki/Battle_of_Trafalgar,approved,0.95,
ds_dirok_0164,ku-kmr,Dîrok,Şerê Jutlandê di navbera kîjan hêzên deryayî de qewimî?,DYA û Japon,Fransa û Îtalya,Rûsya û Osmanî,Brîtanya û Almanya,D,Şerê Jutlandê di 31'ê gulan û 1'ê hezîrana 1916'an de di navbera artêşa deryayî ya Brîtanî (Royal Navy) û artêşa deryayî ya Alman (Kaiserliche Marine) de qewimî. Ev yek ji mezintirîn şerên deryayî yên Şerê Cîhanê yê Yekem bû.,3,verified,https://en.wikipedia.org/wiki/Battle_of_Jutland,approved,0.95,
ds_dirok_0165,ku-kmr,Dîrok,Di Şerê Cîhanê yê Duyem de kîjan şer bû xaleka zivirînê li eniya Rojhilat?,Şerê Stalingradê,Şerê Moskowê,Şerê Kurskê,Şerê Leningradê,A,Şerê Stalingradê (1942-1943) wek xaleka zivirînê ya eniya Rojhilat tê qebûlkirin. Têkçûna Almanan li Stalingradê destpêka paşvekişîna wan a li ser eniya Rojhilat bû.,2,verified,https://en.wikipedia.org/wiki/Battle_of_Stalingrad,approved,0.95,
ds_dirok_0166,ku-kmr,Dîrok,Kîjan şer di sala 1944'an de li Fransayê qewimî û bi navê 'D-Day' jî tê zanîn?,Şerê Bulgeyê,Şerê Normandiyayê,Şerê Anioê,Şerê Monte Cassinoê,B,"Şerê Normandiyayê, ku bi navê 'D-Day' jî tê zanîn, di 6'ê hezîrana 1944'an de dest pê kir. Ev operasyona daketina hêzên Hevpeyman li ser axa Fransayê bû ku bû destpêka rizgarkirina Ewropaya Rojava ji dagirkirina Nazî.",2,verified,https://en.wikipedia.org/wiki/Normandy_landings,approved,0.95,
ds_dirok_0167,ku-kmr,Dîrok,Şerê Bulgeyê di kîjan salê de qewimî?,1943,1945,1944,1946,C,Şerê Bulgeyê di 16'ê kanûna pêşîn a 1944'an de dest pê kir û di 25'ê kanûna paşîn a 1945'an de bi dawî bû. Ev êrîşa dawî ya mezin a Almanan li eniya Rojava bû.,2,verified,https://en.wikipedia.org/wiki/Battle_of_the_Bulge,approved,0.95,
ds_dirok_0168,ku-kmr,Dîrok,Kîjan şerê navdar di sedsala 3'an a berî zayînê de qewimî û tê de Hannibal artêşa Romayê têk bir?,Şerê Zamaê,Şerê Trebiaê,Şerê Trasimenê,Şerê Cannaeê,D,"Şerê Cannaeê di 216'an berî zayînê de qewimî. Di vî şerî de Hannibal, generalê Kartacayê, artêşa Romayê bi taktîka dorpêçkirinê têk bir. Ev şer wek yek ji mezintirîn taktîkên leşkerî yên dîrokê tê zanîn.",3,verified,https://en.wikipedia.org/wiki/Battle_of_Cannae,approved,0.95,
ds_dirok_0169,ku-kmr,Dîrok,Şerê Zamaê di navbera kîjan hêzan de qewimî?,Kartaca û Roma,Yewnanistan û Persiya,Makedonya û Roma,Kartaca û Yewnanistan,A,Şerê Zamaê di 202'an berî zayînê de di navbera Kartacayê û Romayê de qewimî. Di vî şerî de Scipio Africanus Hannibal têk bir û bi vî awayî Şerê Duyem ê Pûnîk bi dawî bû.,3,verified,https://en.wikipedia.org/wiki/Battle_of_Zama,approved,0.95,
ds_dirok_0170,ku-kmr,Dîrok,Di sala 1453'an de kîjan bûyera mezin qewimî ku bandor li ser dîroka Ewropayê kir?,Dagirkirina Romayê,Dagirkirina Konstantînopolîsê,Dagirkirina Parîsê,Dagirkirina Viyanayê,B,"Di 29'ê gulan a 1453'an de, Împaratoriya Osmanî bi serokatiya Mehmed II Konstantînopolîs dagir kir. Ev bûyer dawiya Împaratoriya Bîzansê û destpêka serdestiya Osmaniyan li herêmê bû.",2,verified,https://en.wikipedia.org/wiki/Fall_of_Constantinople,approved,0.95,
ds_dirok_0171,ku-kmr,Dîrok,Kîjan şerê navdar di sala 732'an de qewimî û tê de Franks bi serokatiya Charles Martel artêşa Umeyyan têk bir?,Şerê Poitiersê,Şerê Roncevauxê,Şerê Toursê,Şerê Aachenê,C,"Şerê Toursê, ku wek Şerê Poitiersê jî tê zanîn, di 10'ê çiriya pêşîn a 732'an de qewimî. Charles Martel di vî şerî de pêşveçûna artêşa Umeyyan a li Ewropaya Rojava rawestand.",3,verified,https://en.wikipedia.org/wiki/Battle_of_Tours,approved,0.95,
ds_dirok_0172,ku-kmr,Dîrok,Şerê Cîhanê yê Duyem di kîjan salê de bi dawî bû?,1944,1946,1947,1945,D,"Şerê Cîhanê yê Duyem di 2'ê îlona 1945'an de bi dawî bû, piştî ku Japon teslîm bû. Ev teslîmbûn piştî bombekirina atomî ya Hiroşîma û Nagasakiyê pêk hat.",1,verified,https://en.wikipedia.org/wiki/End_of_World_War_II_in_Asia,approved,0.95,
ds_dirok_0173,ku-kmr,Dîrok,Kîjan şer di navbera 1950 û 1953'an de li Nîvgirava Koreyê qewimî?,Şerê Koreyê,Şerê Viyetnamê,Şerê Çîn-Japonê,Şerê Rûs-Japonê,A,Şerê Koreyê di 25'ê hezîrana 1950'an de dest pê kir û di 27'ê tîrmeha 1953'an de bi agirbesta bi dawî bû. Ev şer di navbera Koreya Bakur (bi piştgiriya Çîn û Yekîtiya Sovyetê) û Koreya Başûr (bi piştgiriya DYA û Neteweyên Yekbûyî) de qewimî.,1,verified,https://en.wikipedia.org/wiki/Korean_War,approved,0.95,
ds_dirok_0174,ku-kmr,Dîrok,Şerê Viyetnamê di kîjan salê de bi dawî bû?,1973,1975,1974,1976,B,"Şerê Viyetnamê di 30'ê nîsana 1975'an de bi dawî bû, dema ku hêzên Komunîst ên Viyetnamê yên Bakur Saigon (paytexta Viyetnamê ya Başûr) dagir kirin. Ev bûyer dawiya Şerê Viyetnamê bû.",2,verified,https://en.wikipedia.org/wiki/Fall_of_Saigon,approved,0.95,
ds_dirok_0175,ku-kmr,Dîrok,Di sala 753'an berî zayînê de kîjan bajar hate damezrandin?,Atîna,Sparta,Roma,Korînt,C,"Li gorî kevneşopiya romayiyan, Romulus û Remus di sala 753'an berî zayînê de bajarê Romayê damezrandin. Ev dîrok ji hêla dîroknasên kevnar ve hat qebûlkirin.",1,verified,https://en.wikipedia.org/wiki/Rome,approved,0.95,
ds_dirok_0176,ku-kmr,Dîrok,Kîjan kesayetî wek yekem împaratorê Romayê tê zanîn?,Jules Cesar,Neron,Kaligula,Augustus,D,"Augustus, ku bi navê Octavian jî dihat naskirin, di sala 27'an berî zayînê de bû yekem împaratorê Romayê. Ew piştî şerê navxweyî yê ku bi mirina Jules Cesar ve dest pê kir, desthilatdar bû.",1,verified,https://en.wikipedia.org/wiki/Augustus,approved,0.95,
ds_dirok_0177,ku-kmr,Dîrok,Di kîjan sedsalê de Împaratoriya Romayê ya Rojava ket?,Sedsala 5'an,Sedsala 3'an,Sedsala 4'an,Sedsala 6'an,A,"Împaratoriya Romayê ya Rojava di sala 476'an de ket, dema ku Romulus Augustus ji aliyê Odoacer ve hate xistin. Ev di sedsala 5'an de qewimî.",1,verified,https://en.wikipedia.org/wiki/Fall_of_the_Western_Roman_Empire,approved,0.95,
ds_dirok_0178,ku-kmr,Dîrok,Kîjan peymanê di sala 445'an berî zayînê de navbera Yewnanistan û Persiyayê de aşitiyê çêkir?,Peymana Antalkidas,Peymana Kallias,Peymana Nikias,Peymana Apamea,B,Peymana Kallias di sala 445'an berî zayînê de navbera Yewnanistan û Persiyayê de hate îmzekirin. Ev peyman şerên navbera her du hêzan bi dawî anî.,2,verified,https://en.wikipedia.org/wiki/Peace_of_Callias,approved,0.95,
ds_dirok_0179,ku-kmr,Dîrok,Di Şerê Thermopylae de kîjan padîşahê Spartan artêşa xwe birêvebir?,Xerxes,Themistocles,Leonidas,Pericles,C,Leonidas di sala 480'an berî zayînê de di Şerê Thermopylae de fermandariya artêşa Spartan kir. Ew bi leşkerên xwe re li dijî artêşa mezin a Persiyayê şer kir.,2,verified,https://en.wikipedia.org/wiki/Battle_of_Thermopylae,approved,0.95,
ds_dirok_0180,ku-kmr,Dîrok,Kîjan fîlozofê Yewnanî şagirtê Platon bû?,Sokrates,Epikuros,Herakleitos,Aristoteles,D,Aristoteles di navbera 367 û 347'an berî zayînê de li Akademiya Platon xwend. Ew paşê bû fîlozofê herî navdar ê Yewnanistanê.,1,verified,https://en.wikipedia.org/wiki/Aristotle,approved,0.95,
ds_dirok_0181,ku-kmr,Dîrok,Di kîjan sala de Pompeii ji ber teqîna çiyayê Vesuvius hate veşartin?,79,64,98,117,A,Pompeii di 24'ê tebaxa sala 79'an de ji ber teqîna çiyayê Vesuvius hate veşartin. Bajar bi tebeqeyeke ax û kûlê hat nixamtin.,1,verified,https://en.wikipedia.org/wiki/Pompeii,approved,0.95,
ds_dirok_0182,ku-kmr,Dîrok,Kîjan kesayetî wek 'Bavê Dîrokê' tê zanîn?,Homeros,Herodotos,Thukydides,Hesiodos,B,Herodotos ji ber pirtûka xwe ya 'Dîrok' wek Bavê Dîrokê tê zanîn. Ew di sedsala 5'an berî zayînê de jiyaye û dîroka şerên Yewnan û Persî nivîsandiye.,1,verified,https://en.wikipedia.org/wiki/Herodotus,approved,0.95,
ds_dirok_0183,ku-kmr,Dîrok,Di kîjan sedsalê de Împaratoriya Bîzansê ji aliyê Osmaniyan ve hate hilweşandin?,Sedsala 14'an,Sedsala 16'an,Sedsala 15'an,Sedsala 17'an,C,Împaratoriya Bîzansê di sala 1453'an de ji aliyê Osmaniyan ve hate hilweşandin. Ev di sedsala 15'an de qewimî.,1,verified,https://en.wikipedia.org/wiki/Fall_of_Constantinople,approved,0.95,
ds_dirok_0184,ku-kmr,Dîrok,Kîjan şaristaniya kevn a li herêma Kurdistanê bi tîpên çivîk dinivîsand?,Mîsirî,Fenîkî,Hîtît,Sumerî,D,"Sumeriyan di navbera 3500 û 2000'an berî zayînê de tîpên çivîk îcad kirin. Ev nivîs li herêma Mezopotamyayê, ku Kurdistan jî tê de ye, dihat bikaranîn.",2,verified,https://en.wikipedia.org/wiki/Cuneiform,approved,0.95,
ds_dirok_0185,ku-kmr,Dîrok,Kîjan împaratorê Romayê dîwarê ku bi navê wî tê zanîn li Brîtanyayê ava kir?,Hadrian,Trajan,Marcus Aurelius,Septimius Severus,A,Împarator Hadrian di sala 122'an de dîwarê ku bi navê wî tê zanîn li bakurê Brîtanyayê ava kir. Ev dîwar ji bo parastina ji êrîşên gelên bakur hate çêkirin.,1,verified,https://en.wikipedia.org/wiki/Hadrian%27s_Wall,approved,0.95,
ds_dirok_0186,ku-kmr,Dîrok,Di kîjan sala de Jules Cesar ji aliyê senatoran ve hate kuştin?,49 berî zayînê,44 berî zayînê,27 berî zayînê,31 berî zayînê,B,Jules Cesar di 15'ê adara sala 44'an berî zayînê de ji aliyê komeke senatoran ve hate kuştin. Ev bûyer wek 'Ides of March' tê zanîn.,1,verified,https://en.wikipedia.org/wiki/Assassination_of_Julius_Caesar,approved,0.95,
ds_dirok_0187,ku-kmr,Dîrok,Kîjan kesayetî wek yekem dîktatorê Romayê dihat naskirin?,Gaius Marius,Pompey,Lucius Cornelius Sulla,Cato,C,Lucius Cornelius Sulla di sala 82'an berî zayînê de bû dîktatorê Romayê. Ew bi zorê desthilatdariyê girt û gelek reforman pêk anî.,3,verified,https://en.wikipedia.org/wiki/Sulla,approved,0.95,
ds_dirok_0188,ku-kmr,Dîrok,Kîjan şerê navdar di navbera Romayê û Kartacayê de qewimî?,Şerên Medî,Şerên Yewnanî,Şerên Galî,Şerên Pûnîk,D,Şerên Pûnîk di navbera 264 û 146'an berî zayînê de navbera Romayê û Kartacayê de qewimîn. Sê şerên mezin hebûn ku di encama wan de Kartaca hate hilweşandin.,1,verified,https://en.wikipedia.org/wiki/Punic_Wars,approved,0.95,
ds_dirok_0189,ku-kmr,Dîrok,Di kîjan sala de Împaratoriya Romayê ya Rojava bi dawî bû?,476,410,455,507,A,Împaratoriya Romayê ya Rojava di sala 476'an de bi dawî bû. Ev dema ku Odoacer împaratorê dawî Romulus Augustus xist.,1,verified,https://en.wikipedia.org/wiki/Romulus_Augustulus,approved,0.95,
ds_dirok_0190,ku-kmr,Dîrok,Kîjan kesayetî wek 'Bavê Tibê' tê zanîn?,Galen,Hippokrates,Aristoteles,Pythagoras,B,Hippokrates wek Bavê Tibê tê zanîn ji ber ku ew yekem kes bû ku tibê wek zanistek serbixwe damezrand. Ew di sedsala 5'an berî zayînê de jiyaye.,1,verified,https://en.wikipedia.org/wiki/Hippocrates,approved,0.95,
ds_dirok_0191,ku-kmr,Dîrok,Di kîjan sala de Xanedana Ptolemaîk a Mîsirê ji aliyê Romayê ve hate hilweşandin?,44 berî zayînê,27 berî zayînê,30 berî zayînê,14 berî zayînê,C,Xanedana Ptolemaîk di sala 30'an berî zayînê de bi mirina Kleopatra ve bi dawî bû. Piştî vê bûyerê Mîsir bû parêzgeheke Romayê.,2,verified,https://en.wikipedia.org/wiki/Ptolemaic_Kingdom,approved,0.95,
ds_dirok_0192,ku-kmr,Dîrok,Kîjan şerê navdar di sala 216'an berî zayînê de qewimî û tê de Hannibal artêşa Romayê têk bir?,Şerê Zama,Şerê Trebia,Şerê Trasimene,Şerê Cannae,D,Şerê Cannae di 2'ê tebaxa sala 216'an berî zayînê de qewimî. Hannibal bi taktîka xwe ya dorpêçkirinê artêşa Romayê têk bir.,2,verified,https://en.wikipedia.org/wiki/Battle_of_Cannae,approved,0.95,
ds_dirok_0193,ku-kmr,Dîrok,Di kîjan sedsalê de Împaratoriya Persiyayê ya Hexamenişî ji aliyê Îskenderê Mezin ve hate hilweşandin?,Sedsala 4'an berî zayînê,Sedsala 5'an berî zayînê,Sedsala 3'an berî zayînê,Sedsala 6'an berî zayînê,A,Împaratoriya Persiyayê ya Hexamenişî di sala 330'an berî zayînê de ji aliyê Îskenderê Mezin ve hate hilweşandin. Ev di sedsala 4'an berî zayînê de qewimî.,2,verified,https://en.wikipedia.org/wiki/Achaemenid_Empire,approved,0.95,
ds_dirok_0194,ku-kmr,Dîrok,Kîjan kesayetî wek 'Bavê Komediya' tê zanîn?,Sophokles,Aristophanes,Euripides,Aiskhylos,B,Aristophanes wek Bavê Komediya tê zanîn. Ew di sedsala 5'an berî zayînê de li Atînayê komediyên navdar nivîsandiye.,2,verified,https://en.wikipedia.org/wiki/Aristophanes,approved,0.95,
ds_dirok_0195,ku-kmr,Dîrok,Di kîjan sala de Împaratoriya Romayê ya Rojhilat (Bîzans) dest pê kir?,330,476,395,527,C,Împaratoriya Bîzansê di sala 395'an de dest pê kir dema ku Împaratoriya Romayê bû du parçe. Rojhilat bi paytexta Konstantînopolîsê bû Bîzans.,2,verified,https://en.wikipedia.org/wiki/Byzantine_Empire,approved,0.95,
ds_dirok_0197,ku-kmr,Dîrok,Di kîjan sala de şerê navdar ê Actium qewimî?,31 berî zayînê,27 berî zayînê,44 berî zayînê,49 berî zayînê,A,Şerê Actium di 2'ê îlona sala 31'an berî zayînê de qewimî. Di vê şer de Octavian artêşa Mark Antony û Kleopatra têk bir.,2,verified,https://en.wikipedia.org/wiki/Battle_of_Actium,approved,0.95,
ds_dirok_0199,ku-kmr,Dîrok,Di kîjan sedsalê de Împaratoriya Romayê bû du parçe?,Sedsala 3'an,Sedsala 5'an,Sedsala 4'an,Sedsala 6'an,C,Împaratoriya Romayê di sala 395'an de bû du parçe. Ev di sedsala 4'an de qewimî dema ku împarator Theodosius mir.,1,verified,https://en.wikipedia.org/wiki/Roman_Empire,approved,0.95,
ds_dirok_0201,ku-kmr,Dîrok,Kîjan keşfvan di sala 1492'an de gihîşt Amerîkayê?,Christopher Columbus,Vasco da Gama,Ferdinand Magellan,James Cook,A,Christopher Columbus di bin ala Spanyayê de di sala 1492'an de gihîşt Amerîkayê. Ev bûyer destpêka têkiliya Ewropa û Amerîkayê ye.,1,verified,https://en.wikipedia.org/wiki/Christopher_Columbus,approved,0.95,
ds_dirok_0204,ku-kmr,Dîrok,Di serdema keşfên deryayî de kîjan welatê Ewropayê yekem bû ku rêya deryayî ya Hindistanê dît?,Spanya,Fransa,Îngilîstan,Portûgal,D,"Portûgal, bi serokatiya keşfvanên wekî Vasco da Gama, yekem car rêya deryayî ya Hindistanê di sala 1498'an de dît. Ev yek destpêka serdestiya Portûgalê li ser bazirganiya deryayî bû.",2,verified,https://en.wikipedia.org/wiki/Portuguese_discoveries,approved,0.95,
ds_dirok_0205,ku-kmr,Dîrok,Kîjan keşfvanê Îtalyan bi navê Amerîkayê ve têkildar e?,Amerigo Vespucci,Marco Polo,John Cabot,Giovanni da Verrazzano,A,"Amerigo Vespucci, keşfvanê Îtalyan, yekem kes bû ku pêşniyar kir ku erdên nû yên ku Columbus dîtine, parzemînek cuda ne. Ji ber vê yekê parzemîn bi navê wî hate navandin.",2,verified,https://en.wikipedia.org/wiki/Amerigo_Vespucci,approved,0.95,
ds_dirok_0206,ku-kmr,Dîrok,Di sala 1519'an de kîjan keşfvan dest bi sefera yekem a dinyayê kir?,Hernán Cortés,Ferdinand Magellan,Francisco Pizarro,Juan Sebastián Elcano,B,"Ferdinand Magellan di sala 1519'an de dest bi sefera yekem a dinyayê kir. Her çend ew di rê de mir jî, ekîba wî di sala 1522'an de seferê bi dawî anî.",2,verified,https://en.wikipedia.org/wiki/Ferdinand_Magellan,approved,0.95,
ds_dirok_0208,ku-kmr,Dîrok,Di serdema keşfên deryayî de kîjan welatê Ewropayê yekem bû ku gihîşt Brezîlyayê?,Spanya,Fransa,Holanda,Portûgal,D,"Pedro Álvares Cabral, keşfvanê Portûgalî, di sala 1500'an de gihîşt Brezîlyayê. Ev yek bû sedema dagirkirina Brezîlyayê ji aliyê Portûgalê ve.",2,verified,https://en.wikipedia.org/wiki/Pedro_%C3%81lvares_Cabral,approved,0.95,
ds_dirok_0211,ku-kmr,Dîrok,Kîjan keşfvanê Îngilîz di sala 1497'an de gihîşt Amerîkaya Bakur?,Walter Raleigh,Henry Hudson,John Cabot,Francis Drake,C,"John Cabot, keşfvanê Îtalyan ku ji bo Îngilîstanê dixebitî, di sala 1497'an de gihîşt peravên Amerîkaya Bakur. Ev yek destpêka îdiaya Îngilîstanê li ser Amerîkaya Bakur bû.",2,verified,https://en.wikipedia.org/wiki/John_Cabot,approved,0.95,
ds_dirok_0218,ku-kmr,Dîrok,Di sala 1519'an de kîjan keşfvanê Spanyolî dest bi dagirkirina Meksîkayê kir?,Francisco Pizarro,Hernán Cortés,Vasco Núñez de Balboa,Pedro de Valdivia,B,Hernán Cortés di sala 1519'an de dest bi dagirkirina Împaratoriya Aztekan a li Meksîkayê kir. Ev yek bû sedema hilweşandina Împaratoriya Aztekan.,2,verified,https://en.wikipedia.org/wiki/Hern%C3%A1n_Cort%C3%A9s,approved,0.95,
ds_dirok_0220,ku-kmr,Dîrok,Di serdema keşfên deryayî de kîjan keşfvanê Portûgalî yekem car derbasî Kapê Hêvîyê Baş bû?,Vasco da Gama,Pedro Álvares Cabral,Diogo Cão,Bartolomeu Dias,D,Bartolomeu Dias di sala 1488'an de yekem car derbasî Kapê Hêvîyê Baş bû. Ev yek rê vekir ji bo rêya deryayî ya Hindistanê.,2,verified,https://en.wikipedia.org/wiki/Bartolomeu_Dias,approved,0.95,
ds_dirok_0222,ku-kmr,Dîrok,Di sala 1533'an de kîjan kesayetê Spanyolî Împaratoriya Înkan hilweşand?,Hernán Cortés,Francisco Pizarro,Diego de Almagro,Pedro de Valdivia,B,Francisco Pizarro di sala 1533'an de Împaratoriya Înkan hilweşand. Ev yek bû sedema dagirkirina Peruyê ji aliyê Spanyayê ve.,2,verified,https://en.wikipedia.org/wiki/Francisco_Pizarro,approved,0.95,
ds_dirok_0225,ku-kmr,Dîrok,Şoreşa Pîşesaziyê di kîjan welatî de dest pê kir?,Brîtanya,Fransa,Almanya,Îtalya,A,"Şoreşa Pîşesaziyê di sedsala 18'an de li Brîtanyayê dest pê kir, ji ber ku li wir sermaye, komir û bazara mezin hebûn.",1,verified,https://en.wikipedia.org/wiki/Industrial_Revolution,approved,0.95,
ds_dirok_0226,ku-kmr,Dîrok,Kîjan makîne di destpêka Şoreşa Pîşesaziyê de ji bo ristinê hate îcad kirin?,Makîneya hilmê,Jenny ya ristinê,Makîneya çapê,Tevnvê ya mekanîk,B,"Jenny ya ristinê, ku ji aliyê James Hargreaves ve di 1764'an de hate îcad kirin, di destpêka Şoreşa Pîşesaziyê de di pîşesaziya tekstîlê de şoreşek çêkir.",2,verified,https://en.wikipedia.org/wiki/Spinning_jenny,approved,0.95,
ds_dirok_0228,ku-kmr,Dîrok,Kîjan kesayetî makîneya hilmê ya pêşkeftî di sala 1769'an de çêkir?,Richard Arkwright,Samuel Crompton,Edmund Cartwright,James Watt,D,"James Watt di 1769'an de makîneya hilmê ya pêşkeftî çêkir, ku ji bo kargehan û veguhestinê enerjiyê peyda kir û Şoreşa Pîşesaziyê zûtir kir.",2,verified,https://en.wikipedia.org/wiki/James_Watt,approved,0.95,
ds_dirok_0229,ku-kmr,Dîrok,Di Şoreşa Pîşesaziyê de kîjan bûyerê bû sedema zêdebûna bajaran?,Koçberiya gundiyan bo kargehan,Zêdebûna çandiniyê,Kêmbûna nifûsê,Pêşketina karwanan,A,"Ji ber ku kargeh li bajaran hatin avakirin, gelek gundî ji bo kar û jiyanek baştir koçî bajaran kirin, ev jî bû sedema zêdebûna nifûsa bajaran.",1,verified,https://en.wikipedia.org/wiki/Urbanization,approved,0.95,
ds_dirok_0230,ku-kmr,Dîrok,Kîjan veguhestinê di Şoreşa Pîşesaziyê de herî zêde pêşket?,Balafiran,Trênan,Tirimpêlan,Keştiyên bazirganiyê,B,"Trên di Şoreşa Pîşesaziyê de pêşketina herî mezin kir, ji ber ku rêhesin ji bo veguhestina komir û kelûpelan rêyek bilez û erzan peyda kir.",1,verified,https://en.wikipedia.org/wiki/History_of_rail_transport,approved,0.95,
ds_dirok_0231,ku-kmr,Dîrok,Di Şoreşa Pîşesaziyê de kîjan pîşesaziyê yekem car makîneyên bi hilmê bi kar anîn?,Pîşesaziya pola,Pîşesaziya çîmentoyê,Pîşesaziya tekstîlê,Pîşesaziya kaxezê,C,"Pîşesaziya tekstîlê yekem pîşesazî bû ku makîneyên bi hilmê bi kar anîn, ji ber ku makîneyên ristin û tevnvê bi hêsanî bi hilmê dihatin xebitandin.",2,verified,https://en.wikipedia.org/wiki/Textile_industry,approved,0.95,
ds_dirok_0232,ku-kmr,Dîrok,Kîjan prosesa ku pola bi awayekî erzan dihat hilberandin di sala 1856'an de hate îcad kirin?,Prosesa Siemens,Prosesa Gilchrist,Prosesa Martin,Prosesa Bessemer,D,"Prosesa Bessemer, ku ji aliyê Henry Bessemer ve hate îcad kirin, di sala 1856'an de hilberîna pola ya bi awayekî erzan û bi girseyî mumkin kir.",2,verified,https://en.wikipedia.org/wiki/Bessemer_process,approved,0.95,
ds_dirok_0233,ku-kmr,Dîrok,Di Şoreşa Pîşesaziyê de kîjan çîna civakî ya nû derket holê?,Çîna karkeran,Çîna esilzadeyan,Çîna cotkaran,Çîna keşîşan,A,"Di Şoreşa Pîşesaziyê de çîna karkeran (proletarya) derket holê, ji ber ku gelek kes di kargehan de dest bi kar kirin û şert û mercên xebatê yên nû derketin.",1,verified,https://en.wikipedia.org/wiki/Working_class,approved,0.95,
ds_dirok_0234,ku-kmr,Dîrok,Kîjan bûyer di sala 1811'an de li Brîtanyayê qewimî û tê de karkeran makîneyan hilweşandin?,Serhildana Chartîstan,Serhildana Luddîtan,Serhildana Swing,Serhildana Peterloo,B,"Serhildana Luddîtan di sala 1811'an de li Brîtanyayê qewimî, karkerên ku ji ber makîneyan karkirina xwe winda kiribûn, dest bi hilweşandina makîneyan kirin.",2,verified,https://en.wikipedia.org/wiki/Luddite,approved,0.95,
ds_dirok_0236,ku-kmr,Dîrok,Kîjan kesayetî di sala 1776'an de pirtûka 'Lêkolîna li ser Dewlemendiya Neteweyan' nivîsand?,David Ricardo,Karl Marx,John Stuart Mill,Adam Smith,D,"Adam Smith di 1776'an de pirtûka 'Lêkolîna li ser Dewlemendiya Neteweyan' nivîsand, ku bingeha aboriya klasîk avêt û bandor li ser Şoreşa Pîşesaziyê kir.",2,verified,https://en.wikipedia.org/wiki/The_Wealth_of_Nations,approved,0.95,
ds_dirok_0237,ku-kmr,Dîrok,Di Şoreşa Pîşesaziyê de kîjan keşfê di warê bijîşkiyê de bû sedema kêmbûna mirinê?,Pênîsîlîn,Vaksîna li dijî xurê,Aspirin,X-ray,A,"Pênîsîlîn, ku di 1928'an de hate keşfkirin, di dermankirina enfeksiyonan de şoreşek çêkir û bû sedema kêmbûna mirinê, her çend ew piştî Şoreşa Pîşesaziyê bû.",3,verified,https://en.wikipedia.org/wiki/Penicillin,approved,0.95,
ds_dirok_0238,ku-kmr,Dîrok,Kîjan şer piştî Şoreşa Pîşesaziyê bû sedema pêşketina teknolojiya çekan?,Şerê Napoleon,Şerê Cîhanê yê Yekem,Şerê Spanî-Amerîkî,Şerê Qirimê,B,"Şerê Cîhanê yê Yekem, ku di 1914'an de dest pê kir, bû sedema pêşketina teknolojiya çekan, ji ber ku pîşesaziyên mezin çekên nû yên wekî tank û balafiran çêkirin.",2,verified,https://en.wikipedia.org/wiki/World_War_I,approved,0.95,
ds_dirok_0240,ku-kmr,Dîrok,Kîjan bajarê Brîtanyayê di Şoreşa Pîşesaziyê de wekî navenda tekstîlê dihat zanîn?,Londra,Edinburgh,Dublin,Manchester,D,"Manchester di Şoreşa Pîşesaziyê de navenda tekstîlê bû, ji ber ku li wir gelek kargehên ristin û tevnvê hatin avakirin.",2,verified,https://en.wikipedia.org/wiki/Manchester,approved,0.95,
ds_dirok_0241,ku-kmr,Dîrok,Di Şoreşa Pîşesaziyê de kîjan pêşketinê di çandiniyê de bû sedema zêdebûna hilberînê?,Bikaranîna makîneyan,Zivirîna çandiniyê,Zêdebûna axê,Bikaranîna kîmyewiyan,A,"Bikaranîna makîneyan di çandiniyê de, wekî makîneya dirûnê, bû sedema zêdebûna hilberînê û kêmbûna kedê.",2,verified,https://en.wikipedia.org/wiki/Agricultural_Revolution,approved,0.95,
ds_dirok_0242,ku-kmr,Dîrok,Kîjan kesayetî di sala 1814'an de lokomotîfa yekem a bi hilmê çêkir?,Isambard Brunel,George Stephenson,Robert Trevithick,Richard Trevithick,B,"George Stephenson di 1814'an de lokomotîfa yekem a bi hilmê bi navê 'Blucher' çêkir, ku ji bo veguhestina komirê dihat bikaranîn.",2,verified,https://en.wikipedia.org/wiki/George_Stephenson,approved,0.95,
ds_dirok_0244,ku-kmr,Dîrok,Kîjan pîşesazî di Şoreşa Pîşesaziyê de herî zêde komir bi kar dianî?,Pîşesaziya çerm,Pîşesaziya xwarinê,Pîşesaziya mobîlyayê,Pîşesaziya pola,D,"Pîşesaziya pola di Şoreşa Pîşesaziyê de herî zêde komir bi kar dianî, ji ber ku ji bo helandina hesin komir pêdivî bû.",1,verified,https://en.wikipedia.org/wiki/Steelmaking,approved,0.95,
ds_dirok_0246,ku-kmr,Dîrok,Kîjan keşfê di warê ragihandinê de di Şoreşa Pîşesaziyê de pêşket?,Telefon,Telgraf,Radyo,Televîzyon,B,"Telgraf, ku di 1837'an de hate îcad kirin, di Şoreşa Pîşesaziyê de pêşket, ji ber ku ew rêbaza yekem a ragihandina bilez a dûr bû.",2,verified,https://en.wikipedia.org/wiki/Electrical_telegraph,approved,0.95,
ds_dirok_0247,ku-kmr,Dîrok,Di Şoreşa Pîşesaziyê de kîjan welatê Ewropayê wekî navenda darayî ya cîhanê derket pêş?,Fransa,Hollanda,Brîtanya,Spanya,C,"Brîtanya di Şoreşa Pîşesaziyê de wekî navenda darayî ya cîhanê derket pêş, ji ber ku bank û borsayên wê yên bi hêz hebûn.",2,verified,https://en.wikipedia.org/wiki/Financial_centre,approved,0.95,
ds_dirok_0248,ku-kmr,Dîrok,Kîjan kesayetî di sala 1793'an de makîneya pembûyê ya ku ji bo veqetandina pembûyê dihat bikaranîn îcad kir?,Samuel Slater,Francis Cabot Lowell,John Kay,Eli Whitney,D,"Eli Whitney di 1793'an de makîneya pembûyê îcad kir, ku ji bo veqetandina pembûyê ji tovê wê dihat bikaranîn, ev jî hilberîna pembûyê zêde kir.",2,verified,https://en.wikipedia.org/wiki/Cotton_gin,approved,0.95,
ds_dirok_0249,ku-kmr,Dîrok,Di Şoreşa Pîşesaziyê de kîjan pêvajoyê bû sedema hilweşandina karê destan?,Pîşesaziya makîneyan,Pîşesaziya çandiniyê,Pîşesaziya keştiyan,Pîşesaziya madenê,A,"Pîşesaziya makîneyan bû sedema hilweşandina karê destan, ji ber ku makîneyan hilberînê zûtir û erzan kir, ev jî bû sedema windabûna karê destan.",2,verified,https://en.wikipedia.org/wiki/Industrialisation,approved,0.95,
ds_dirok_0250,ku-kmr,Dîrok,Dîroka devkî ji bo lêkolîna dîrokê çima girîng e?,Ji ber ku ew tenê bûyerên siyasî vedikole,Ji ber ku ew agahiyên ku di belgeyan de tune ne diparêze,Ji ber ku ew bi taybetî li ser şeran dinivîse,Ji ber ku ew tenê li ser padîşahan diaxive,B,"Dîroka devkî, bi taybetî ji bo civakên ku belgeyên nivîskî kêm in, agahiyên girîng ên ku di arşîvan de nayên dîtin diparêze û radigihîne.",1,verified,https://en.wikipedia.org/wiki/Oral_history,approved,0.95,
ds_dirok_0251,ku-kmr,Dîrok,Kîjan rêbaz di lêkolîna dîroka devkî de herî zêde tê bikaranîn?,Analîza statîstîkî,Kolana arkeolojîk,Hevpeyvîna bi şahidan re,Ceribandina laboratûwarê,C,"Hevpeyvîn bi kesên ku bûyeran dîtine an jî di wan de cih girtine, bingeha dîroka devkî ye; ev rêbaz agahiyên kesane û yekser peyda dike.",1,verified,https://en.wikipedia.org/wiki/Oral_history,approved,0.95,
ds_dirok_0252,ku-kmr,Dîrok,"Di dîroka devkî de, kîjan têgeh ji bo ravekirina alîgiriya çîrokbêj tê bikaranîn?",Objektîvîte,Neutralîte,Rastî,Subjektîvîte,D,"Subjektîvîte di dîroka devkî de tê wateya ku vegotina çîrokbêj ji perspektîf û ezmûnên wî yên kesane bandor dibe, ev jî ji bo lêkolîneran xaleke girîng e.",2,verified,https://en.wikipedia.org/wiki/Oral_history,approved,0.95,
ds_dirok_0253,ku-kmr,Dîrok,Çima dîroknasên nûjen ji bo dîroka devkî qîmetê didin?,Ji ber ku ew dengê komên ku di dîroka fermî de têne paşguh kirin radigihîne,Ji ber ku ew bûyerên kevnar bi awayekî objektîf dinivîse,Ji ber ku ew tenê li ser dîroka leşkerî disekine,Ji ber ku ew bi taybetî li ser aboriyê dinivîse,A,"Dîroka devkî derfetê dide ku dengê jin, karker, kêmnetewe û komên din ên ku di dîroka fermî de cih nagirin, bêne bihîstin û tomar kirin.",2,verified,https://en.wikipedia.org/wiki/Oral_history,approved,0.95,
ds_dirok_0254,ku-kmr,Dîrok,"Di lêkolîna dîroka devkî de, kîjan pirsên ji bo berhevkirina agahiyan herî bi bandor in?",Pirsên girtî yên ku bersiva erê an na dixwazin,Pirsên vekirî yên ku çîrokbêj azad dihêlin,Pirsên ku tenê bi dîrokên rast re têkildar in,Pirsên ku bi zanistiya siyasî ve girêdayî ne,B,"Pirsên vekirî dihêlin ku çîrokbêj bi serbestî biaxive û agahiyên nediyar û kûr derkevin holê, ev jî ji bo dîroka devkî zêdetir bikêr e.",2,verified,https://en.wikipedia.org/wiki/Oral_history,approved,0.95,
ds_dirok_0255,ku-kmr,Dîrok,Kîjan zanyar wekî pêşengê dîroka devkî ya nûjen tê zanîn?,Herodotus,Thucydides,Allan Nevins,Leopold von Ranke,C,Allan Nevins di sala 1948'an de li Zanîngeha Columbia'yê projeya dîroka devkî ya nûjen damezrand û ev rêbaz bi awayekî akademîk pêş xist.,3,verified,https://en.wikipedia.org/wiki/Allan_Nevins,approved,0.95,
ds_dirok_0256,ku-kmr,Dîrok,"Di dîroka devkî de, kîjan pirsgirêk ji bo rastbûna agahiyan herî zêde xeternak e?",Zêdebûna çavkaniyan,Kêmasiya arşîvan,Zimanê biyanî,Şaşbîrî û xemilandina bûyeran,D,"Şaşbîrî û xemilandina bûyeran ji ber ku bi demê re di bîranînên mirovan de çêdibin, dikarin rastbûna agahiyên dîroka devkî kêm bikin.",2,verified,https://en.wikipedia.org/wiki/Oral_history,approved,0.95,
ds_dirok_0257,ku-kmr,Dîrok,Ferqa di navbera dîroka fermî û dîroka devkî de çi ye?,"Dîroka fermî ji hêla saziyan ve tê nivîsandin, dîroka devkî ji hêla gel ve tê vegotin",Dîroka fermî bi taybetî li ser jinan disekine,Dîroka devkî bi taybetî li ser bûyerên leşkerî disekine,Dîroka devkî ji hêla dewletê ve tê kontrol kirin,A,"Dîroka fermî bi gelemperî ji aliyê saziyên dewletê ve tê nivîsandin û kontrol kirin, lê dîroka devkî ji hêla gel ve tê vegotin û ji nifşan re tê ragihandin.",1,verified,https://en.wikipedia.org/wiki/Oral_history,approved,0.95,
ds_dirok_0258,ku-kmr,Dîrok,"Di dîroka devkî de, kîjan amûr ji bo tomar kirina hevpeyvinan herî zêde tê bikaranîn?",Pênûs û kaxez,Hemî van amûran,Kameraya vîdyoyê,Amûra tomar kirina deng,B,"Ji bo tomar kirina hevpeyvinan, pênûs û kaxez, kameraya vîdyoyê û amûra tomar kirina deng hemî têne bikaranîn; her yek ji wan ji bo armancên cuda bikêr e.",1,verified,https://en.wikipedia.org/wiki/Oral_history,approved,0.95,
ds_dirok_0259,ku-kmr,Dîrok,"Li gorî dîroknasan, dîroka devkî di kîjan serdemê de wekî rêbazek akademîk hate qebûl kirin?",Di sedsala 18'an de,Di sedsala 19'an de,Di nîvê sedsala 20'an de,Di destpêka sedsala 21'an de,C,"Dîroka devkî di nîvê sedsala 20'an de, bi taybetî piştî damezrandina projeyên akademîk li Dewletên Yekbûyî û Ewropayê, wekî rêbazek akademîk hate qebûl kirin.",2,verified,https://en.wikipedia.org/wiki/Oral_history,approved,0.95,
ds_dirok_0260,ku-kmr,Dîrok,Kîjan pirtûk wekî yek ji berhemên destpêkê yên dîroka devkî ya kurdî tê zanîn?,Mem û Zîn,Dîroka Kurdistanê,Cejna Azadiyê,Şerefname,D,"Şerefnameya Şerefxanê Bidlîsî, ku di sedsala 16'an de hatiye nivîsandin, ji bo dîroka kurdan çavkaniyeke girîng e û di heman demê de agahiyên devkî jî dihewîne.",2,verified,https://en.wikipedia.org/wiki/Sharafnama,approved,0.95,
ds_dirok_0261,ku-kmr,Dîrok,"Di dîroka devkî de, kîjan têgeh ji bo ravekirina bandora kesayetiya lêkolîner li ser hevpeyvînê tê bikaranîn?",Refleksîvîte,Transkrîpsiyon,Arşîv,Metodolojî,A,Refleksîvîte tê wateya ku lêkolîner bi xwe jî beşek ji pêvajoya lêkolînê ye û divê bandora xwe ya kesane li ser hevpeyvînê nas bike û kontrol bike.,3,verified,https://en.wikipedia.org/wiki/Reflexivity_(social_theory),approved,0.95,
ds_dirok_0262,ku-kmr,Dîrok,Çima dîroka devkî ji bo civakên kurdan a girîng e?,Ji ber ku kurdan gelek belgeyên nivîskî hiştine,Ji ber ku kurdan bi piranî dîroka xwe bi devkî ragihandiye,Ji ber ku kurdan dîroka xwe bi zimanê erebî nivîsiye,Ji ber ku kurdan dîroka xwe bi zimanê farisî nivîsiye,B,"Ji ber ku di dîroka kurdan de belgeyên nivîskî kêm in û dîroka wan bi piranî bi devkî ji nifşan re hatiye ragihandin, dîroka devkî ji bo kurdan çavkaniyeke bingehîn e.",1,verified,https://en.wikipedia.org/wiki/Kurds,approved,0.95,
ds_dirok_0263,ku-kmr,Dîrok,"Di lêkolîna dîroka devkî de, kîjan qonax piştî hevpeyvînê tê?",Amadekirina pirsan,Dîtina şahidan,Transkrîpsiyon û analîz,Kolana arşîvan,C,"Piştî hevpeyvînê, qonaxa transkrîpsiyon û analîzê tê; di vê qonaxê de deng tê nivîsandin û agahiyên hatine berhevkirin têne analîz kirin.",1,verified,https://en.wikipedia.org/wiki/Oral_history,approved,0.95,
ds_dirok_0264,ku-kmr,Dîrok,Kîjan rêbaz ji bo rastbûna agahiyên dîroka devkî zêde dike?,Bikaranîna yek çavkaniyê,Tenê guhdarîkirina çîrokbêj,Nivîsandina bêyî kontrolê,Berhevkirina gelek çavkaniyan,D,"Berhevkirina agahiyan ji gelek çavkaniyan û berhevdana wan bi hev re, rastbûna dîroka devkî zêde dike û alîkariya tespîtkirina şaşbîriyan dike.",2,verified,https://en.wikipedia.org/wiki/Oral_history,approved,0.95,
ds_dirok_0265,ku-kmr,Dîrok,"Di dîroka devkî de, kîjan pirsgirêk ji ber ziman û wergeran derdikeve?",Wendabûna wateyê di wergerê de,Zêdebûna agahiyan,Kêmasiya şahidan,Zêdebûna belgeyan,A,"Dema ku dîroka devkî ji zimanekî bi zimanekî din tê wergerandin, dibe ku wateya resen a çîrokbêj winda bibe an jî biguhere, ev jî rastbûna agahiyan kêm dike.",2,verified,https://en.wikipedia.org/wiki/Oral_history,approved,0.95,
ds_dirok_0267,ku-kmr,Dîrok,"Di dîroka devkî de, kîjan têgeh ji bo ravekirina bîranînên kolektîf tê bikaranîn?",Bîra kesane,Bîra dîrokî,Bîra civakî,Bîra fermî,C,Bîra civakî tê wateya bîranînên ku ji hêla civakekê ve têne parve kirin û bi demê re di nav civakê de têne vegotin; ev ji bo dîroka devkî girîng e.,2,verified,https://en.wikipedia.org/wiki/Collective_memory,approved,0.95,
ds_dirok_0268,ku-kmr,Dîrok,"Di lêkolîna dîroka devkî de, kîjan qonaxa yekem e?",Analîza agahiyan,Transkrîpsiyon,Weşandina encaman,Amadekirina pirsan,D,Qonaxa yekem a lêkolîna dîroka devkî amadekirina pirsan e; pirsên baş dihêlin ku agahiyên kûr û rast bêne berhevkirin.,1,verified,https://en.wikipedia.org/wiki/Oral_history,approved,0.95,
ds_dirok_0269,ku-kmr,Dîrok,Çima dîroka devkî ji bo dîroka jinên kurd a girîng e?,Ji ber ku dîroka fermî bi piranî li ser zilaman disekine û dengê jinan paşguh dike,Ji ber ku jinan gelek belge nivîsine,Ji ber ku dîroka fermî bi taybetî li ser jinan disekine,Ji ber ku jinan dîroka xwe bi zimanê erebî nivîsiye,A,Dîroka fermî bi piranî li ser zilaman û bûyerên siyasî disekine; dîroka devkî derfetê dide ku dengê jinên kurd û ezmûnên wan bêne bihîstin û tomar kirin.,2,verified,https://en.wikipedia.org/wiki/Oral_history,approved,0.95,
ds_dirok_0270,ku-kmr,Dîrok,"Di dîroka devkî de, kîjan amûr ji bo arşîvkirina hevpeyvinan tê bikaranîn?",Pirtûkxane,Arşîva dengî,Muzexane,Laboratûwar,B,Arşîva dengî ji bo arşîvkirin û parastina tomarên dengî yên hevpeyvinan tê bikaranîn; ev arşîv ji bo lêkolîneran çavkaniyeke girîng e.,1,verified,https://en.wikipedia.org/wiki/Oral_history,approved,0.95,
ds_dirok_0271,ku-kmr,Dîrok,Kîjan rêbaz di dîroka devkî de ji bo kêmkirina şaşbîriyan tê bikaranîn?,Bikaranîna tenê yek çavkaniyê,Paşguhkirina bîranînan,Berhevdana agahiyan bi belgeyên nivîskî re,Zêdekirina pirsên girtî,C,"Berhevdana agahiyên devkî bi belgeyên nivîskî yên heyî re, alîkariya tespîtkirina şaşbîriyan dike û rastbûna agahiyan zêde dike.",2,verified,https://en.wikipedia.org/wiki/Oral_history,approved,0.95,
ds_dirok_0272,ku-kmr,Dîrok,"Di dîroka devkî de, kîjan têgeh ji bo ravekirina pêvajoya guherandina çîrokê di nav nifşan de tê bikaranîn?",Transkrîpsiyon,Refleksîvîte,Arşîvkirin,Veguherîna çîrokê,D,Veguherîna çîrokê tê wateya ku çîrok bi demê re û di nav nifşan de diguhere; ev jî ji bo dîroka devkî xaleke girîng e ku divê were hesab kirin.,3,verified,https://en.wikipedia.org/wiki/Oral_history,approved,0.95,
ds_dirok_0273,ku-kmr,Dîrok,"Li gorî dîroknasan, dîroka devkî di kîjan warî de ji dîroka nivîskî pêşdetir e?",Di parastina dengê komên marjînal de,Di rastbûna dîrokan de,Di objektîvîteya agahiyan de,Di belgekirina bûyeran de,A,"Dîroka devkî di parastina dengê komên marjînal de pêşdetir e, ji ber ku ew derfetê dide ku dengê jin, karker, kêmnetewe û komên din bêne bihîstin.",2,verified,https://en.wikipedia.org/wiki/Oral_history,approved,0.95,
ds_dirok_0274,ku-kmr,Dîrok,"Di dîroka devkî de, kîjan qonax ji bo parastina agahiyan ji bo nifşên pêşerojê tê kirin?",Amadekirina pirsan,Arşîvkirin,Analîz,Weşandin,B,Arşîvkirin ji bo parastina tomarên dîroka devkî ji bo nifşên pêşerojê tê kirin; ev qonax piştî transkrîpsiyon û analîzê tê û agahiyan ji windabûnê diparêze.,1,verified,https://en.wikipedia.org/wiki/Oral_history,approved,0.95,
ds_dirok_0275,ku-kmr,Dîrok,Riya Îpekê di kîjan serdemê de dest pê kir?,Serdema Kevir,Serdema Hesin,Serdema Bronz,Serdema Nûjen,C,"Riya Îpekê di Serdema Bronz de dest pê kir, ji ber ku bazirganiya di navbera rojhilat û rojava de di wê serdemê de pêş ket.",2,verified,https://en.wikipedia.org/wiki/Silk_Road,approved,0.95,
ds_dirok_0276,ku-kmr,Dîrok,Kîjan welat wekî destpêka Riya Îpekê tê zanîn?,Hindistan,Misir,Yewnanistan,Çîn,D,"Çîn wekî destpêka Riya Îpekê tê zanîn, ji ber ku ew derbasbûna herî kevn a bazirganiya hevrîşim bû.",1,verified,https://en.wikipedia.org/wiki/Silk_Road,approved,0.95,
ds_dirok_0277,ku-kmr,Dîrok,Di Riya Îpekê de kîjan tişt herî zêde dihat bazirganî kirin?,Hevrîşim,Zêr,Qehwe,Çerm,A,"Hevrîşim di Riya Îpekê de herî zêde dihat bazirganî kirin, ji ber ku ew ji Çînê dihat û li rojava pir biha bû.",1,verified,https://en.wikipedia.org/wiki/Silk_Road,approved,0.95,
ds_dirok_0278,ku-kmr,Dîrok,Riya Îpekê di navbera kîjan herêman de dirêj bû?,Hindistan û Afrîka,Çîn û Ewropa,Rûsya û Amerîka,Japonya û Awistralya,B,"Riya Îpekê di navbera Çîn û Ewropayê de dirêj bû, ji ber ku ew rêyek bazirganî ya dîrokî bû ku rojhilat bi rojava ve girêdidayê.",1,verified,https://en.wikipedia.org/wiki/Silk_Road,approved,0.95,
ds_dirok_0279,ku-kmr,Dîrok,Kîjan împaratorî di Riya Îpekê de roleke girîng lîst?,Împaratoriya Osmanî,Împaratoriya Bîzansê,Împaratoriya Romê,Împaratoriya Rûsî,C,"Împaratoriya Romê di Riya Îpekê de roleke girîng lîst, ji ber ku ew bazirganiya bi Çînê re dikir û hevrîşim dihat.",2,verified,https://en.wikipedia.org/wiki/Silk_Road,approved,0.95,
ds_dirok_0280,ku-kmr,Dîrok,Di Riya Îpekê de kîjan bajar wekî navenda bazirganiyê bû?,Parîs,London,Berlîn,Semerkand,D,"Semerkand di Riya Îpekê de navenda bazirganiyê bû, ji ber ku ew li ser rêya navendî bû û gelek bazirgan lê diciviyan.",2,verified,https://en.wikipedia.org/wiki/Silk_Road,approved,0.95,
ds_dirok_0281,ku-kmr,Dîrok,Riya Îpekê di kîjan sedsalê de bi dawî bû?,Sedsala 15'an,Sedsala 10'an,Sedsala 5'an,Sedsala 20'an,A,"Riya Îpekê di sedsala 15'an de bi dawî bû, ji ber ku rêyên deryayî yên nû hatin vedîtin û bazirganî guherî.",2,verified,https://en.wikipedia.org/wiki/Silk_Road,approved,0.95,
ds_dirok_0282,ku-kmr,Dîrok,Kîjan kesayetî bi Riya Îpekê re têkildar e?,Julius Caesar,Marko Polo,Napoleon,Alexander Mezin,B,"Marko Polo bi Riya Îpekê re têkildar e, ji ber ku ew bi wê rêyê çû Çînê û seferên xwe nivîsand.",1,verified,https://en.wikipedia.org/wiki/Marco_Polo,approved,0.95,
ds_dirok_0283,ku-kmr,Dîrok,Riya Îpekê çima ji bo dîrokê girîng e?,Ji ber şeran,Ji ber çandiniyê,Ji ber bazirganiyê,Ji ber avahiyan,C,"Riya Îpekê ji bo dîrokê girîng e ji ber bazirganiyê, ji ber ku ew rêyek bû ku tişt û raman di navbera rojhilat û rojava de belav dikir.",2,verified,https://en.wikipedia.org/wiki/Silk_Road,approved,0.95,
ds_dirok_0284,ku-kmr,Dîrok,Di Riya Îpekê de kîjan tişt ji rojava dihat?,Hevrîşim,Çay,Pembû,Zêr,D,"Zêr ji rojava dihat, ji ber ku ew li Ewropayê dihat hilberandin û li Çînê dihat bazirganî kirin.",2,verified,https://en.wikipedia.org/wiki/Silk_Road,approved,0.95,
ds_dirok_0285,ku-kmr,Dîrok,Riya Îpekê di kîjan warî de bandor li ser çandê kir?,Belavkirina olan,Zêdebûna şeran,Kêmbûna nifûsê,Hilweşandina bajaran,A,"Riya Îpekê di belavkirina olan de bandor kir, ji ber ku bi bazirganiyê re olên wekî Budîzm û Îslam belav bûn.",2,verified,https://en.wikipedia.org/wiki/Silk_Road,approved,0.95,
ds_dirok_0286,ku-kmr,Dîrok,Kîjan çiyayê navdar li ser Riya Îpekê ye?,Çiyayê Alp,Çiyayê Zagros,Çiyayê Himalaya,Çiyayê Andes,B,"Çiyayê Zagros li ser Riya Îpekê ye, ji ber ku ew li herêma Kurdistanê ye û rêya bazirganiyê di wir re derbas dibû.",3,verified,https://en.wikipedia.org/wiki/Zagros_Mountains,approved,0.95,
ds_dirok_0287,ku-kmr,Dîrok,Di Riya Îpekê de kîjan rêbazê veguhestinê dihat bikaranîn?,Trenên elektrîkê,Balafirên bazirganî,Karwanên deveyan,Keştiyên buharê,C,"Karwanên deveyan di Riya Îpekê de dihatin bikaranîn, ji ber ku deve li çolê bi hêsanî dimeşiyan û tiştan hilgirtin.",1,verified,https://en.wikipedia.org/wiki/Silk_Road,approved,0.95,
ds_dirok_0288,ku-kmr,Dîrok,Riya Îpekê di kîjan herêmê de derbas bû?,Amerîka,Awistralya,Japonya,Kurdistan,D,"Riya Îpekê di herêma Kurdistanê de derbas bû, ji ber ku ew li ser rêya navendî ya bazirganiyê bû.",2,verified,https://en.wikipedia.org/wiki/Silk_Road,approved,0.95,
ds_dirok_0289,ku-kmr,Dîrok,Kîjan bajarê kurdan li ser Riya Îpekê bû?,Amed,Stenbol,Qahîre,Şam,A,"Amed li ser Riya Îpekê bû, ji ber ku ew bajarekî dîrokî ye ku bazirganî tê de dihat kirin.",2,verified,https://en.wikipedia.org/wiki/Diyarbakır,approved,0.95,
ds_dirok_0290,ku-kmr,Dîrok,Riya Îpekê çima bi rêya deryayî hate guhertin?,Ji ber şeran,Ji ber keşfên nû,Ji ber qeyranan,Ji ber avhewayê,B,"Riya Îpekê bi rêya deryayî hate guhertin ji ber keşfên nû, ji ber ku keştiyên deryayî erzantir û leztir bûn.",2,verified,https://en.wikipedia.org/wiki/Silk_Road,approved,0.95,
ds_dirok_0291,ku-kmr,Dîrok,Di Riya Îpekê de kîjan tişt ji Çînê dihat?,Zêr,Qehwe,Hevrîşim,Şekir,C,"Hevrîşim ji Çînê dihat, ji ber ku ew li wir dihat hilberandin û li rojava pir biha bû.",1,verified,https://en.wikipedia.org/wiki/Silk_Road,approved,0.95,
ds_dirok_0292,ku-kmr,Dîrok,Kîjan împaratorî piştî Romayê li ser Riya Îpekê hikum kir?,Împaratoriya Mongol,Împaratoriya Osmanî,Împaratoriya Rûsî,Împaratoriya Bîzansê,D,"Împaratoriya Bîzansê piştî Romayê li ser Riya Îpekê hikum kir, ji ber ku ew li ser rêya bazirganiyê bû.",2,verified,https://en.wikipedia.org/wiki/Silk_Road,approved,0.95,
ds_dirok_0293,ku-kmr,Dîrok,Riya Îpekê di kîjan serdemê de herî zêde pêş ket?,Serdema Mongol,Serdema Kevir,Serdema Bronz,Serdema Nûjen,A,"Riya Îpekê di serdema Mongol de herî zêde pêş ket, ji ber ku Mongolan ewlehiya rêyan dabûn.",2,verified,https://en.wikipedia.org/wiki/Silk_Road,approved,0.95,
ds_dirok_0294,ku-kmr,Dîrok,Di Riya Îpekê de kîjan tişt ji Hindistanê dihat?,Hevrîşim,Biharat,Çerm,Zêr,B,"Biharat ji Hindistanê dihat, ji ber ku ew li wir dihat hilberandin û li rojava pir biha bû.",1,verified,https://en.wikipedia.org/wiki/Silk_Road,approved,0.95,
ds_dirok_0295,ku-kmr,Dîrok,Kîjan rêya deryayî li şûna Riya Îpekê derbas bû?,Rêya Pasîfîkê,Rêya Atlantîkê,Rêya Kapê Hêvîyê Baş,Rêya Arktîkê,C,"Rêya Kapê Hêvîyê Baş li şûna Riya Îpekê derbas bû, ji ber ku ew rêyek deryayî bû ku ji Ewropayê diçû Hindistanê.",2,verified,https://en.wikipedia.org/wiki/Silk_Road,approved,0.95,
ds_dirok_0296,ku-kmr,Dîrok,Riya Îpekê çima ji bo Kurdistanê girîng bû?,Ji ber çandiniyê,Ji ber avahiyan,Ji ber şeran,Ji ber bazirganiyê,D,"Riya Îpekê ji bo Kurdistanê girîng bû ji ber bazirganiyê, ji ber ku ew rêya bazirganiyê bû ku ji herêmê derbas dibû.",2,verified,https://en.wikipedia.org/wiki/Silk_Road,approved,0.95,
ds_dirok_0297,ku-kmr,Dîrok,Di Riya Îpekê de kîjan bajarê Ewropayê navenda dawî bû?,Venedîk,Parîs,London,Madrîd,A,"Venedîk di Riya Îpekê de navenda dawî bû, ji ber ku ew bajarê bazirganiyê bû ku tişt ji rojhilat dihatin.",2,verified,https://en.wikipedia.org/wiki/Silk_Road,approved,0.95,
ds_dirok_0298,ku-kmr,Dîrok,Kîjan çand di Riya Îpekê de belav bû?,Çanda Yewnanî,Çanda Budîzmê,Çanda Romayê,Çanda Misirê,B,"Çanda Budîzmê di Riya Îpekê de belav bû, ji ber ku bi bazirganiyê re ol û çand belav dibûn.",2,verified,https://en.wikipedia.org/wiki/Silk_Road,approved,0.95,
ds_dirok_0299,ku-kmr,Dîrok,Riya Îpekê di kîjan sedsalê de careke din hate vejandin?,Sedsala 18'an,Sedsala 16'an,Sedsala 21'an,Sedsala 19'an,C,"Riya Îpekê di sedsala 21'an de careke din hate vejandin, ji ber ku projeyên nû yên bazirganiyê hatin destpêkirin.",3,verified,https://en.wikipedia.org/wiki/Silk_Road,approved,0.95,
ds_edebiyat_0062,ku-kmr,Edebiyat,Kîjan nivîskarê Kurd bi romanên xwe yên li ser jiyana bajaran tê naskirin?,Mehmed Uzun,Azad Zal,Yaşar Kemal,Orhan Pamuk,B,"Azad Zal bi romanên xwe yên li ser jiyana bajaran tê naskirin. Ew di warê romana Kurdî de cihekî taybet digire. Mehmed Uzun bi romanên dîrokî tê nasîn, Yaşar Kemal Tirk e û Orhan Pamuk jî Tirk e. Ji ber vê yekê bersiva rast D ye.",3,verified,https://en.wikipedia.org/wiki/Azad_Zal,approved,0.95,
ds_edebiyat_0076,ku-kmr,Edebiyat,"Di destana Gilgameş de, Gilgameş ji bo çi li riya nemiriyê digere?",Ji bo ku bibe padîşah,Ji bo ku cîhanê bigire,Ji bo ku xwedayan bibîne,Ji bo ku hevalê xwe Enkîdu vejîne,D,"Di destana Gilgameş de, piştî mirina hevalê xwe Enkîdu, Gilgameş ji ber xema mirinê li riya nemiriyê digere da ku hevalê xwe vejîne û ji mirinê bireve.",2,verified,https://en.wikipedia.org/wiki/Epic_of_Gilgamesh,approved,0.95,
ds_edebiyat_0078,ku-kmr,Edebiyat,"Di destana Îlyadayê de, kîjan lehenga yekem car tê nasîn?",Hektor,Aşîl,Odîseus,Agamemnon,B,"Di destana Îlyadayê de, Aşîl lehenga navendî ye, ku bi hêrs û şerê xwe yê li dijî Troyayê tê naskirin.",2,verified,https://en.wikipedia.org/wiki/Iliad,approved,0.95,
ds_edebiyat_0079,ku-kmr,Edebiyat,Kîjan çîrok di nav 'Hezar û Yek Şev' de derbas dibe?,Çîroka Gilgameş,Çîroka Beowulf,Çîroka Sindbad,Çîroka Kalevala,C,"Di nav 'Hezar û Yek Şev' de, çîroka Sindbadê Deryavan yek ji çîrokên herî navdar e, ku der barê serpêhatiyên wî yên deryayî de ye.",1,verified,https://en.wikipedia.org/wiki/One_Thousand_and_One_Nights,approved,0.95,
ds_edebiyat_0081,ku-kmr,Edebiyat,Kîjan kesayet di destana 'Şahname' ya Fîrdewsî de cih digire?,Rustem,Gilgameş,Aşîl,Beowulf,A,"Rustem lehenga navendî ya destana 'Şahname' ya Fîrdewsî ye, ku bi hêz û mêraniya xwe tê naskirin.",2,verified,https://en.wikipedia.org/wiki/Shahnameh,approved,0.95,
ds_edebiyat_0082,ku-kmr,Edebiyat,"Di destana 'Beowulf' de, Beowulf bi kîjan dijmin re şer dike?",Aşîl,Grendel,Rustem,Odîseus,B,"Di destana 'Beowulf' de, Beowulf bi dijminê xwe Grendel re şer dike, ku wekî cinawirekî tê nasîn.",1,verified,https://en.wikipedia.org/wiki/Beowulf,approved,0.95,
ds_edebiyat_0084,ku-kmr,Edebiyat,"Di destana 'Odîseya' de, Odîseus çi demê vedigere malê?",Piştî mirina xwe,Piştî ku bibe padîşah,Piştî ku cîhanê bigire,Piştî şerê Troyayê,D,"Di destana 'Odîseya' de, Odîseus piştî şerê Troyayê vedigere malê, lê rêwîtiya wî bi gelek serpêhatiyan re derbas dibe.",2,verified,https://en.wikipedia.org/wiki/Odyssey,approved,0.95,
ds_edebiyat_0085,ku-kmr,Edebiyat,Kîjan berhem destaneke neteweyî ya Îraniyan e?,Şahname,Kalevala,İlyada,Beowulf,A,"Şahname destaneke neteweyî ya Îraniyan e, ku ji hêla Fîrdewsî ve hatiye nivîsandin.",2,verified,https://en.wikipedia.org/wiki/Shahnameh,approved,0.95,
ds_edebiyat_0086,ku-kmr,Edebiyat,"Di destana 'Gilgameş' de, Enkîdu kî ye?",Dijminê Gilgameş,Hevalê Gilgameş,Padîşahê Urukê,Xwedayekî,B,"Enkîdu hevalê Gilgameş e, ku ji hêla xwedayan ve hatiye afirandin da ku Gilgameş kontrol bike, lê paşê dibe hevalê wî.",2,verified,https://en.wikipedia.org/wiki/Enkidu,approved,0.95,
ds_edebiyat_0088,ku-kmr,Edebiyat,"Di destana 'Îlyadayê' de, kîjan lehenga yekem car tê nasîn?",Hektor,Odîseus,Agamemnon,Aşîl,D,"Di destana 'Îlyadayê' de, Aşîl lehenga navendî ye, ku bi hêrs û şerê xwe yê li dijî Troyayê tê naskirin.",2,verified,https://en.wikipedia.org/wiki/Iliad,approved,0.95,
ds_edebiyat_0101,ku-kmr,Edebiyat,"Di romana 'Madame Bovary' de, Emma Bovary bi kîjan taybetmendiyê tê nasîn?",Nexweşiya romantîk û nerazîbûna xwe,Dilsoziya xwe ya ji mêrê xwe re,Jiyana xwe ya hêsan a gundî,Karê xwe yê bijîşkiyê,A,Emma Bovary bi nerazîbûna xwe ya ji jiyana xwe ya asayî û xewnên xwe yên romantîk tê nasîn. Ew di nav xeyalên xwe de dijî û ji rastiya jiyana xwe direve.,2,verified,https://en.wikipedia.org/wiki/Madame_Bovary,approved,0.95,
ds_edebiyat_0102,ku-kmr,Edebiyat,Kîjan roman ji aliyê Fyodor Dostoyevskî ve hatiye nivîsandin?,Sava û Aşitî,Tawan û Ceza,Anna Karenina,Karderî,B,"Tawan û Ceza ji aliyê Fyodor Dostoyevskî ve hatiye nivîsandin. Ew romana wî ya herî navdar e û li ser tawan, wijdan û xilasiyê ye.",1,verified,https://en.wikipedia.org/wiki/Crime_and_Punishment,approved,0.95,
ds_edebiyat_0103,ku-kmr,Edebiyat,"Di romana 'Sava û Aşitî' ya Lev Tolstoy de, kîjan bûyer dîrokî wek paşxaneyê tê bikaranîn?",Şerê cîhanî yê yekem,Şoreşa Fransî,Şerê Napoleon ê li Rûsyayê,Şerê navxweyî yê Amerîkayê,C,Sava û Aşitî li ser paşxaneya Şerê Napoleon ê li Rûsyayê ye. Tolstoy di vê romanê de jiyana civaka rûsî di dema şer de vedibêje.,2,verified,https://en.wikipedia.org/wiki/War_and_Peace,approved,0.95,
ds_edebiyat_0105,ku-kmr,Edebiyat,"Di romana 'Anna Karenina' de, Anna ji ber çi têk diçe?",Ji ber evîna xwe ya qedexe,Ji ber mirina mêrê xwe,Ji ber karê xwe yê siyasî,Ji ber koçberiya xwe,A,"Anna Karenina ji ber evîna xwe ya bi Vronskî re, ku ji derveyî zewaca xwe ye, têk diçe. Ev evîna qedexe wê ji civakê û ji xwe dûr dixe.",2,verified,https://en.wikipedia.org/wiki/Anna_Karenina,approved,0.95,
ds_edebiyat_0106,ku-kmr,Edebiyat,Kîjan roman ji aliyê Charles Dickens ve hatiye nivîsandin?,Mîzrab,Hêviyên Mezin,Bekirê Londonê,Karderî,B,Hêviyên Mezin (Great Expectations) ji aliyê Charles Dickens ve hatiye nivîsandin. Ew yek ji romanên wî yên herî navdar e û li ser mezinbûn û xewnên Pip e.,1,verified,https://en.wikipedia.org/wiki/Great_Expectations,approved,0.95,
ds_edebiyat_0107,ku-kmr,Edebiyat,"Di romana 'Mîzrab' (The Hunchback of Notre-Dame) de, Quasimodo li kû dijî?",Di qesra padîşah de,Di birca Londonê de,Di katedrala Notre-Dame de,Di keleha Parisê de,C,Quasimodo di katedrala Notre-Dame de dijî. Ew zangilêjê katedralê ye û ji ber rûyê xwe yê neasayî ji civakê veşartiye.,1,verified,https://en.wikipedia.org/wiki/The_Hunchback_of_Notre-Dame,approved,0.95,
ds_edebiyat_0108,ku-kmr,Edebiyat,Kîjan roman ji aliyê Emily Brontë ve hatiye nivîsandin?,Jane Eyre,Pîrika,Hêviyên Mezin,Bilindahiyên Wuthering,D,Bilindahiyên Wuthering (Wuthering Heights) ji aliyê Emily Brontë ve hatiye nivîsandin. Ew romana wê ya yekane ye û bi evîna dijwar a Heathcliff û Catherine tê naskirin.,2,verified,https://en.wikipedia.org/wiki/Wuthering_Heights,approved,0.95,
ds_edebiyat_0109,ku-kmr,Edebiyat,"Di romana 'Jane Eyre' de, Jane Eyre li kîjan deverê dixebite?",Li dibistanekê,Li nexweşxaneyekê,Li maleke gundan,Li kargehekê,A,"Jane Eyre li dibistana Lowood dixebite, piştre jî wek mamosteya taybet li malê. Ew di romanê de wek mamoste û paşê wek rêvebera dibistanê tê nîşandan.",2,verified,https://en.wikipedia.org/wiki/Jane_Eyre,approved,0.95,
ds_edebiyat_0110,ku-kmr,Edebiyat,Kîjan roman ji aliyê Victor Hugo ve hatiye nivîsandin?,Sava û Aşitî,Mîzrab,Tawan û Ceza,Karderî,B,"Mîzrab (Les Misérables) ji aliyê Victor Hugo ve hatiye nivîsandin. Ew romaneke mezin a fransî ye û li ser dadmendî, xilasî û têkoşîna civakî ye.",1,verified,https://en.wikipedia.org/wiki/Les_Mis%C3%A9rables,approved,0.95,
ds_edebiyat_0111,ku-kmr,Edebiyat,"Di romana 'Mîzrab' de, kîjan kesayet ji ber nanê dizî tê girtin?",Cosette,Javert,Jean Valjean,Marius,C,"Jean Valjean ji ber ku ji bo birçîbûna zarokên xwişka xwe nan dizî, tê girtin û bi salan ceza dibîne. Ev bûyer destpêka çîroka wî ye.",1,verified,https://en.wikipedia.org/wiki/Les_Mis%C3%A9rables,approved,0.95,
ds_edebiyat_0112,ku-kmr,Edebiyat,Kîjan roman ji aliyê Herman Melville ve hatiye nivîsandin?,Pîrika,Jane Eyre,Wuthering Heights,Moby-Dick,D,Moby-Dick ji aliyê Herman Melville ve hatiye nivîsandin. Ew romana wî ya herî navdar e û li ser gera nehengên avê û têkoşîna bi nehengekî spî re ye.,1,verified,https://en.wikipedia.org/wiki/Moby-Dick,approved,0.95,
ds_edebiyat_0113,ku-kmr,Edebiyat,"Di romana 'Moby-Dick' de, kaptan Ahab ji bo çi li Moby-Dick digere?",Ji bo tolhildanê,Ji bo zanistê,Ji bo dewlemendiyê,Ji bo navdariyê,A,"Kaptan Ahab ji ber ku Moby-Dick lingê wî jê kiriye, ji bo tolhildanê li wî digere. Ev têkoşîna wî ya bi neheng re dibe sedema hilweşîna wî.",2,verified,https://en.wikipedia.org/wiki/Moby-Dick,approved,0.95,
ds_edebiyat_0114,ku-kmr,Edebiyat,Kîjan roman ji aliyê Mark Twain ve hatiye nivîsandin?,Oliver Twist,Huckleberry Finn,David Copperfield,Pîrika,B,Huckleberry Finn (Adventures of Huckleberry Finn) ji aliyê Mark Twain ve hatiye nivîsandin. Ew romaneke navdar a amerîkî ye û li ser serpêhatiyên Huck û Jim e.,1,verified,https://en.wikipedia.org/wiki/Adventures_of_Huckleberry_Finn,approved,0.95,
ds_edebiyat_0115,ku-kmr,Edebiyat,"Di romana 'Huckleberry Finn' de, kîjan kesayet koleyekî reviyayî ye?",Tom Sawyer,Pap,Jim,Judge Thatcher,C,Jim koleyekî reviyayî ye ku bi Huck re bi keştiyê di çemê Mississippi de diçe. Ew di romanê de sembola azadiyê ye.,2,verified,https://en.wikipedia.org/wiki/Adventures_of_Huckleberry_Finn,approved,0.95,
ds_edebiyat_0116,ku-kmr,Edebiyat,Kîjan roman ji aliyê Leo Tolstoy ve hatiye nivîsandin?,Moby-Dick,Madame Bovary,Jane Eyre,Anna Karenina,D,"Anna Karenina ji aliyê Leo Tolstoy ve hatiye nivîsandin. Ew yek ji romanên wî yên herî navdar e û li ser evîn, zewac û civakê ye.",1,verified,https://en.wikipedia.org/wiki/Anna_Karenina,approved,0.95,
ds_edebiyat_0119,ku-kmr,Edebiyat,"Di romana 'Oliver Twist' de, Oliver li kîjan bajarî dijî?",Parîs,New York,London,Dublin,C,Oliver Twist li Londonê dijî. Ew romaneke Charles Dickens e û li ser jiyana zarokekî sêwî di nav xizanî û tawanan de ye.,1,verified,https://en.wikipedia.org/wiki/Oliver_Twist,approved,0.95,
ds_edebiyat_0121,ku-kmr,Edebiyat,"Di romana 'Tawan û Ceza' de, Raskolnikov ji ber çi tawanekê dike?",Ji ber teoriya xwe ya felsefî,Ji ber xizanîyê,Ji ber tolhildanê,Ji ber zexta civakê,A,"Raskolnikov ji ber teoriya xwe ya felsefî ku dibêje hin kes li ser qanûnan in, tawanekê dike. Ew difikire ku ew dikare bi kuştina jineke pîr a ribayê re xêrekê bike.",2,verified,https://en.wikipedia.org/wiki/Crime_and_Punishment,approved,0.95,
ds_edebiyat_0122,ku-kmr,Edebiyat,Kîjan roman ji aliyê Gustave Flaubert ve hatiye nivîsandin?,Anna Karenina,Madame Bovary,Oliver Twist,Pîrika,B,Madame Bovary ji aliyê Gustave Flaubert ve hatiye nivîsandin. Ew romaneke fransî ya navdar e û li ser jiyana Emma Bovary ye.,1,verified,https://en.wikipedia.org/wiki/Madame_Bovary,approved,0.95,
ds_edebiyat_0123,ku-kmr,Edebiyat,"Di romana 'Bilindahiyên Wuthering' de, Heathcliff ji kû tê?",Ji Londonê,Ji Dublinê,Ji Liverpoolê,Ji Edinburghê,C,"Heathcliff ji Liverpoolê tê, lê di romanê de bi eslê xwe ne diyar e. Ew ji aliyê Mr. Earnshaw ve tê dîtin û tê malê.",2,verified,https://en.wikipedia.org/wiki/Wuthering_Heights,approved,0.95,
ds_edebiyat_0124,ku-kmr,Edebiyat,Kîjan roman ji aliyê Charlotte Brontë ve hatiye nivîsandin?,Bilindahiyên Wuthering,Pîrika,Madame Bovary,Jane Eyre,D,Jane Eyre ji aliyê Charlotte Brontë ve hatiye nivîsandin. Ew romana wê ya herî navdar e û li ser jiyana Jane Eyre ye.,1,verified,https://en.wikipedia.org/wiki/Jane_Eyre,approved,0.95,
ds_edebiyat_0126,ku-kmr,Edebiyat,William Shakespeare di kîjan sedsalê de jiyaye?,Sedsala 14an,Sedsala 16an,Sedsala 15an,Sedsala 17an,B,"Shakespeare di sedsala 16an û 17an de jiyaye, lê bi piranî wek nivîskarekî sedsala 16an tê nasîn. Ew di sala 1564an de ji dayik bûye û di 1616an de wefat kiriye.",1,verified,https://en.wikipedia.org/wiki/William_Shakespeare,approved,0.95,
ds_edebiyat_0127,ku-kmr,Edebiyat,Kîjan berhem ji aliyê William Shakespeare ve hatiye nivîsandin?,Dîwana Mem û Zîn,Şahname,Hamlet,Îlyada,C,"Hamlet yek ji navdarên Shakespeare e. Dîwana Mem û Zîn a Ehmedê Xanî ye, Şahname ya Fîrdewsî ye, Îlyada jî ya Homêros e.",1,verified,https://en.wikipedia.org/wiki/Hamlet,approved,0.95,
ds_edebiyat_0128,ku-kmr,Edebiyat,"Di Shakespeare de, çi tê wateya 'To be or not to be'?",Evîn an nefret,Şer an aşitî,Xewn an rastî,Jiyan an mirin,D,'To be or not to be' di Hamlet de ye û behsa pirsa jiyan û mirinê dike. Ev yek ji navdartirîn xetên Shakespeare e.,2,verified,"https://en.wikipedia.org/wiki/To_be,_or_not_to_be",approved,0.95,
ds_edebiyat_0129,ku-kmr,Edebiyat,Kîjan kesayet di Shakespeare de bi navê 'Romeo' tê naskirin?,Romeo û Juliet,Macbeth,King Lear,Othello,A,Romeo û Juliet yek ji navdartirîn berhemên Shakespeare e. Romeo û Juliet evîndarên ciwan in ku ji malbatên dijmin in.,1,verified,https://en.wikipedia.org/wiki/Romeo_and_Juliet,approved,0.95,
ds_edebiyat_0130,ku-kmr,Edebiyat,"Di Shakespeare de, kîjan berhem bi navê 'Macbeth' tê naskirin?",Komîdî,Trajedî,Dîrok,Pastoral,B,Macbeth trajediyek e ku behsa xwestina hêzê û encamên wê dike. Shakespeare ew di sedsala 17an de nivîsiye.,2,verified,https://en.wikipedia.org/wiki/Macbeth,approved,0.95,
ds_edebiyat_0131,ku-kmr,Edebiyat,Kîjan berhem ji aliyê Shakespeare ve hatiye nivîsandin û behsa zilamekî bi navê Othello dike?,Hamlet,King Lear,Othello,A Midsummer Night's Dream,C,Othello trajediyek e ku behsa çavnebariyê û pêbaweriyê dike. Othello generalekî Morî ye ku ji hêla Iago ve tê xapandin.,2,verified,https://en.wikipedia.org/wiki/Othello,approved,0.95,
ds_edebiyat_0132,ku-kmr,Edebiyat,"Di Shakespeare de, kîjan berhem bi navê 'King Lear' tê naskirin?",Komîdî,Dîrok,Romance,Trajedî,D,"King Lear trajediyek e ku behsa pîrbûnê, hêzê û têkiliyên malbatî dike. Lear padîşahek e ku hêza xwe dide keçên xwe.",2,verified,https://en.wikipedia.org/wiki/King_Lear,approved,0.95,
ds_edebiyat_0133,ku-kmr,Edebiyat,Kîjan berhem ji aliyê Shakespeare ve hatiye nivîsandin û behsa evîna du ciwanan dike?,Romeo û Juliet,Hamlet,Macbeth,Othello,A,Romeo û Juliet behsa evîna du ciwanan dike ku ji malbatên dijmin in. Ew yek ji navdartirîn berhemên Shakespeare e.,1,verified,https://en.wikipedia.org/wiki/Romeo_and_Juliet,approved,0.95,
ds_edebiyat_0134,ku-kmr,Edebiyat,"Di Shakespeare de, kîjan kesayet bi navê 'Hamlet' tê naskirin?",Padîşahê Îngilistanê,Mîrê Danîmarkayê,Generalê Romayê,Bazirganê Venedîkê,B,Hamlet mîrê Danîmarkayê ye. Ew dixwaze tola bavê xwe hilîne ku ji hêla apê wî ve hatiye kuştin.,2,verified,https://en.wikipedia.org/wiki/Hamlet,approved,0.95,
ds_edebiyat_0136,ku-kmr,Edebiyat,"Di Shakespeare de, kîjan berhem bi navê 'A Midsummer Night's Dream' tê naskirin?",Trajedî,Dîrok,Pastoral,Komîdî,D,A Midsummer Night's Dream komîdiyek e ku behsa evînê û xewnan dike. Ew yek ji komîdiyên herî navdar ê Shakespeare e.,2,verified,https://en.wikipedia.org/wiki/A_Midsummer_Night%27s_Dream,approved,0.95,
ds_edebiyat_0137,ku-kmr,Edebiyat,Kîjan kesayet di Shakespeare de bi navê 'Juliet' tê naskirin?,Evîndara Romeo,Keça King Lear,Jina Macbeth,Xwişka Hamlet,A,Juliet evîndara Romeo ye. Ew ji malbata Capulet e ku dijminê malbata Montague ya Romeo ye.,1,verified,https://en.wikipedia.org/wiki/Romeo_and_Juliet,approved,0.95,
ds_edebiyat_0138,ku-kmr,Edebiyat,"Di Shakespeare de, kîjan berhem bi navê 'The Merchant of Venice' tê naskirin?",Trajedî,Komîdî,Dîrok,Romance,B,The Merchant of Venice komîdiyek e ku behsa bazirganekî bi navê Antonio dike. Ew komîdiyek bi aliyên trajîk e.,2,verified,https://en.wikipedia.org/wiki/The_Merchant_of_Venice,approved,0.95,
ds_edebiyat_0141,ku-kmr,Edebiyat,Kîjan berhem ji aliyê Shakespeare ve hatiye nivîsandin û behsa du malbatên dijmin dike?,Romeo û Juliet,Hamlet,Macbeth,Othello,A,Romeo û Juliet behsa du malbatên dijmin dike: Montague û Capulet. Evîn di navbera van malbatan de qedexe ye.,1,verified,https://en.wikipedia.org/wiki/Romeo_and_Juliet,approved,0.95,
ds_edebiyat_0145,ku-kmr,Edebiyat,Kîjan berhem ji aliyê Shakespeare ve hatiye nivîsandin û behsa bazirganekî bi navê Antonio dike?,The Merchant of Venice,Hamlet,Macbeth,Othello,A,The Merchant of Venice behsa bazirganekî bi navê Antonio dike. Ew komîdiyek e ku behsa deyn û cezayan dike.,2,verified,https://en.wikipedia.org/wiki/The_Merchant_of_Venice,approved,0.95,
ds_edebiyat_0146,ku-kmr,Edebiyat,"Di Shakespeare de, kîjan kesayet bi navê 'Prospero' tê naskirin?",Mîrê Danîmarkayê,Sihirbazê The Tempest,Generalê Romayê,Bazirganê Venedîkê,B,Prospero sihirbazê The Tempest e. Ew li giravekê dijî û bi sihira xwe firtûneyekê çêdike.,2,verified,https://en.wikipedia.org/wiki/Prospero,approved,0.95,
ds_edebiyat_0151,ku-kmr,Edebiyat,"Di helbesta klasîk a Kurmancî de, kîjan têgeh ji bo dubarekirina dengan tê bikaranîn?",Îmge,Metn,Kafiye,Serhatî,C,Kafiye di helbestê de dubarekirina dengan e; ew yek ji hêmanên bingehîn ên helbesta klasîk e.,1,verified,https://en.wikipedia.org/wiki/Rhyme,approved,0.95,
ds_edebiyat_0157,ku-kmr,Edebiyat,"Di helbesta Ehmedê Xanî de, kîjan hêman ji bo pîvana kêşeyê tê bikaranîn?",Metr,Kafiye,Îmge,Rîwayet,A,Metr di helbestê de pîvana kêşeyê ye; ew ji bo ahengê tê bikaranîn.,2,verified,https://en.wikipedia.org/wiki/Metre_(poetry),approved,0.95,
ds_edebiyat_0160,ku-kmr,Edebiyat,"Di helbesta klasîk a Kurmancî de, kîjan têgeh ji bo rêzkirina dengan tê bikaranîn?",Îmge,Metn,Serhatî,Rîtim,D,Rîtim di helbestê de rêzkirina dengan e; ew ji bo ahengê tê bikaranîn.,1,verified,https://en.wikipedia.org/wiki/Rhythm,approved,0.95,
ds_edebiyat_0179,ku-kmr,Edebiyat,Kîjan nivîskar bi berhema xwe ya 'Faust' ve tê naskirin û di nav tevgera romantîzmê de cih digire?,Charles Dickens,Fyodor Dostoyevskî,Johann Wolfgang von Goethe,Mark Twain,C,Goethe yek ji navdarên romantîzmê ye û 'Faust' berhema wî ya herî navdar e.,2,verified,https://en.wikipedia.org/wiki/Johann_Wolfgang_von_Goethe,approved,0.95,
ds_edebiyat_0180,ku-kmr,Edebiyat,Realîzm di kîjan sedsalê de wekî tevgereke edebî derket pêş?,Sedsala 18an,Sedsala 20an,Sedsala 17an,Sedsala 19an,D,Realîzm di nîvê sedsala 19an de li Fransayê derket û li dijî romantîzma xeyalî reaksiyon bû.,1,verified,https://en.wikipedia.org/wiki/Literary_realism,approved,0.95,
ds_edebiyat_0181,ku-kmr,Edebiyat,"Di edebiyata realîzmê de, kîjan hêman zêde tê dîtin?",Rastiya rojane,Xeyalên berfireh,Mîtolojî,Efsaneyên dîrokî,A,"Realîzm li ser rastiya rojane, jiyana asayî û civakê giranî dide, ne li ser xeyal û mîtolojiyê.",1,verified,https://en.wikipedia.org/wiki/Literary_realism,approved,0.95,
ds_edebiyat_0182,ku-kmr,Edebiyat,Kîjan roman ji aliyê Gustave Flaubert ve hatiye nivîsandin û wek mînaka realîzmê tê naskirin?,Les Misérables,Madame Bovary,Moby-Dick,Oliver Twist,B,"'Madame Bovary' ya Flaubert yek ji berhemên bingehîn ên realîzmê ye, ji ber ku rastiya jiyana civakî ya fransî vedibêje.",2,verified,https://en.wikipedia.org/wiki/Madame_Bovary,approved,0.95,
ds_edebiyat_0186,ku-kmr,Edebiyat,Modernîzm di kîjan sedsalê de wekî tevgereke edebî derket holê?,Sedsala 19an,Sedsala 20an,Sedsala 18an,Sedsala 21an,B,Modernîzm di destpêka sedsala 20an de derket û li dijî realîzma kevneşopî reaksiyon bû.,1,verified,https://en.wikipedia.org/wiki/Literary_modernism,approved,0.95,
ds_edebiyat_0187,ku-kmr,Edebiyat,"Di edebiyata modernîzmê de, kîjan hêman zêde tê dîtin?",Rastiya objektîf,Zimanê sade,Şikandina rêzikên kevneşopî,Dîroka xêzî,C,"Modernîzm bi şikandina rêzikên kevneşopî, ceribandina form û zimanî tê naskirin.",1,verified,https://en.wikipedia.org/wiki/Literary_modernism,approved,0.95,
ds_edebiyat_0188,ku-kmr,Edebiyat,Kîjan roman ji aliyê James Joyce ve hatiye nivîsandin û wek mînaka modernîzmê tê naskirin?,Madame Bovary,Moby-Dick,War and Peace,Ulysses,D,"'Ulysses' ya Joyce yek ji berhemên bingehîn ên modernîzmê ye, ji ber ku teknîka herika hişê bi kar tîne.",2,verified,https://en.wikipedia.org/wiki/Ulysses_(novel),approved,0.95,
ds_edebiyat_0189,ku-kmr,Edebiyat,"Di romana 'Ulysses' de, kîjan teknîk zêde tê bikaranîn?",Herika hişê,Rêzika kronolojîk,Zimanê helbestî,Diyalogên dirêj,A,"Joyce di 'Ulysses' de teknîka herika hişê bi kar tîne, ev jî taybetmendiya modernîzmê ye.",2,verified,https://en.wikipedia.org/wiki/Ulysses_(novel),approved,0.95,
ds_edebiyat_0190,ku-kmr,Edebiyat,Kîjan roman ji aliyê Virginia Woolf ve hatiye nivîsandin û wek mînaka modernîzmê tê naskirin?,Ulysses,Mrs Dalloway,The Great Gatsby,One Hundred Years of Solitude,B,'Mrs Dalloway' ya Woolf bi teknîka herika hişê tê naskirin û yek ji berhemên modernîzmê ye.,2,verified,https://en.wikipedia.org/wiki/Mrs_Dalloway,approved,0.95,
ds_edebiyat_0191,ku-kmr,Edebiyat,"Di romana 'Mrs Dalloway' de, kîjan mijar zêde tê dîtin?",Şer û pevçûn,Aborî û bazirganî,Hiş û bîranîn,Xweza û çiya,C,"Woolf di 'Mrs Dalloway' de hiş, bîranîn û têkiliyên mirovî vedikole, ev jî taybetmendiya modernîzmê ye.",2,verified,https://en.wikipedia.org/wiki/Mrs_Dalloway,approved,0.95,
ds_edebiyat_0192,ku-kmr,Edebiyat,Kîjan roman ji aliyê Franz Kafka ve hatiye nivîsandin û wek mînaka modernîzmê tê naskirin?,Ulysses,Madame Bovary,Les Misérables,The Metamorphosis,D,'The Metamorphosis' ya Kafka bi temaşeya xwe ya surrealîst û modernîst tê naskirin.,2,verified,https://en.wikipedia.org/wiki/The_Metamorphosis,approved,0.95,
ds_edebiyat_0193,ku-kmr,Edebiyat,"Di romana 'The Metamorphosis' de, kîjan bûyer diqewime?",Gregor Samsa dibe kêzikek,Emma Bovary dimire,Odîseus vedigere malê,Gilgameş dibe padîşah,A,"Di 'The Metamorphosis' de, Gregor Samsa ji xewê şiyar dibe û dibîne ku bûye kêzikek, ev jî mînaka modernîzmê ye.",2,verified,https://en.wikipedia.org/wiki/The_Metamorphosis,approved,0.95,
ds_edebiyat_0202,ku-kmr,Edebiyat,Kîjan nivîskara Şîleyî di sala 1945an de bû yekem jina ku Xelata Nobelê ya Edebiyatê wergirt?,Selma Lagerlöf,Gabriela Mistral,Pearl S. Buck,Nadine Gordimer,B,"Gabriela Mistral, helbestvana Şîleyî, di sala 1945an de Xelata Nobelê ya Edebiyatê wergirt û bû yekem jina ku ev xelat bi dest xist. Helbestên wê bi hestên kûr ên li ser zaroktiyê û dayiktiyê têne naskirin.",1,verified,https://en.wikipedia.org/wiki/Gabriela_Mistral,approved,0.95,
ds_edebiyat_0203,ku-kmr,Edebiyat,Di sala 1954an de Xelata Nobelê ya Edebiyatê ji kîjan nivîskarê Amerîkî re hat dayîn?,William Faulkner,John Steinbeck,Ernest Hemingway,T.S. Eliot,C,"Ernest Hemingway di sala 1954an de Xelata Nobelê ya Edebiyatê wergirt. Ew bi romanên xwe yên kurt û bi şêwaza xwe ya taybet a nivîsînê tê naskirin, wek 'The Old Man and the Sea'.",1,verified,https://en.wikipedia.org/wiki/Ernest_Hemingway,approved,0.95,
ds_edebiyat_0204,ku-kmr,Edebiyat,Kîjan nivîskarê Kolombiyayî di sala 1982an de Xelata Nobelê ya Edebiyatê wergirt?,Mario Vargas Llosa,Jorge Luis Borges,Pablo Neruda,Gabriel García Márquez,D,"Gabriel García Márquez di sala 1982an de Xelata Nobelê ya Edebiyatê wergirt. Ew bi romanên xwe yên bi şêwaza realîzma efsûnî tê naskirin, wek 'One Hundred Years of Solitude'.",1,verified,https://en.wikipedia.org/wiki/Gabriel_García_Márquez,approved,0.95,
ds_edebiyat_0206,ku-kmr,Edebiyat,Di sala 2016an de Xelata Nobelê ya Edebiyatê ji kîjan stranbêj û nivîskarê Amerîkî re hat dayîn?,Leonard Cohen,Bob Dylan,Bruce Springsteen,Paul Simon,B,"Bob Dylan di sala 2016an de Xelata Nobelê ya Edebiyatê wergirt. Ew bi helbestên xwe yên di muzîka xwe de tê naskirin, ku ji bo wî xelat hat dayîn.",1,verified,https://en.wikipedia.org/wiki/Bob_Dylan,approved,0.95,
ds_edebiyat_0207,ku-kmr,Edebiyat,Kîjan nivîskara Alman di sala 2009an de Xelata Nobelê ya Edebiyatê wergirt?,Elfriede Jelinek,Günter Grass,Herta Müller,Peter Handke,C,Herta Müller di sala 2009an de Xelata Nobelê ya Edebiyatê wergirt. Ew bi romanên xwe yên li ser jiyana di bin dîktatoriya komunîst de tê naskirin.,1,verified,https://en.wikipedia.org/wiki/Herta_Müller,approved,0.95,
ds_edebiyat_0210,ku-kmr,Edebiyat,Di sala 2003an de Xelata Nobelê ya Edebiyatê ji kîjan nivîskarê Afrîkaya Başûr re hat dayîn?,Nadine Gordimer,J.M. Coetzee,Wole Soyinka,Doris Lessing,B,J.M. Coetzee di sala 2003an de Xelata Nobelê ya Edebiyatê wergirt. Ew bi romanên xwe yên ku behsa dijwariyên jiyanê û exlaqê dikin tê naskirin.,1,verified,https://en.wikipedia.org/wiki/J._M._Coetzee,approved,0.95,
ds_edebiyat_0211,ku-kmr,Edebiyat,Kîjan nivîskarê Mîsrî di sala 1988an de bû yekem nivîskarê Ereb ku Xelata Nobelê ya Edebiyatê wergirt?,Taha Hussein,Nizar Qabbani,Naguib Mahfouz,Adonis,C,Naguib Mahfouz di sala 1988an de Xelata Nobelê ya Edebiyatê wergirt û bû yekem nivîskarê Ereb ku ev xelat bi dest xist. Ew bi romana xwe ya 'The Cairo Trilogy' tê naskirin.,1,verified,https://en.wikipedia.org/wiki/Naguib_Mahfouz,approved,0.95,
ds_edebiyat_0213,ku-kmr,Edebiyat,Kîjan nivîskara Îngilîz di sala 2007an de Xelata Nobelê ya Edebiyatê wergirt?,Doris Lessing,V.S. Naipaul,Harold Pinter,Kazuo Ishiguro,A,Doris Lessing di sala 2007an de Xelata Nobelê ya Edebiyatê wergirt. Ew bi romanên xwe yên ku behsa jiyana jinên di civakên cuda de dikin tê naskirin.,1,verified,https://en.wikipedia.org/wiki/Doris_Lessing,approved,0.95,
ds_edebiyat_0214,ku-kmr,Edebiyat,Di sala 2021an de Xelata Nobelê ya Edebiyatê ji kîjan nivîskarê Tanzaniyayî re hat dayîn?,Ngũgĩ wa Thiong'o,Abdulrazak Gurnah,Chinua Achebe,Wole Soyinka,B,Abdulrazak Gurnah di sala 2021an de Xelata Nobelê ya Edebiyatê wergirt. Ew bi romanên xwe yên li ser kolonyalîzmê û koçberiyê tê naskirin.,1,verified,https://en.wikipedia.org/wiki/Abdulrazak_Gurnah,approved,0.95,
ds_edebiyat_0218,ku-kmr,Edebiyat,Di sala 1998an de Xelata Nobelê ya Edebiyatê ji kîjan nivîskarê Portekîzî re hat dayîn?,Fernando Pessoa,José Saramago,Eça de Queiroz,Miguel Torga,B,José Saramago di sala 1998an de Xelata Nobelê ya Edebiyatê wergirt. Ew bi romanên xwe yên bi şêwaza alegorîk tê naskirin.,1,verified,https://en.wikipedia.org/wiki/José_Saramago,approved,0.95,
ds_edebiyat_0220,ku-kmr,Edebiyat,Di sala 1961an de Xelata Nobelê ya Edebiyatê ji kîjan nivîskarê Yugoslavî re hat dayîn?,Miroslav Krleža,Miloš Crnjanski,Danilo Kiš,Ivo Andrić,D,Ivo Andrić di sala 1961an de Xelata Nobelê ya Edebiyatê wergirt. Ew bi romana xwe ya 'The Bridge on the Drina' tê naskirin.,1,verified,https://en.wikipedia.org/wiki/Ivo_Andrić,approved,0.95,
ds_edebiyat_0221,ku-kmr,Edebiyat,Kîjan nivîskarê Îrlandî di sala 1923an de Xelata Nobelê ya Edebiyatê wergirt?,W.B. Yeats,Samuel Beckett,George Bernard Shaw,James Joyce,A,W.B. Yeats di sala 1923an de Xelata Nobelê ya Edebiyatê wergirt. Ew bi helbestên xwe yên ku behsa nasnameya Îrlandî dikin tê naskirin.,1,verified,https://en.wikipedia.org/wiki/W._B._Yeats,approved,0.95,
ds_edebiyat_0222,ku-kmr,Edebiyat,Di sala 1969an de Xelata Nobelê ya Edebiyatê ji kîjan nivîskarê Îrlandî re hat dayîn?,W.B. Yeats,Samuel Beckett,George Bernard Shaw,Seamus Heaney,B,Samuel Beckett di sala 1969an de Xelata Nobelê ya Edebiyatê wergirt. Ew bi berhema xwe ya 'Waiting for Godot' tê naskirin.,1,verified,https://en.wikipedia.org/wiki/Samuel_Beckett,approved,0.95,
ds_edebiyat_0223,ku-kmr,Edebiyat,Kîjan nivîskara Nîjeryayî di sala 2021an de Xelata Nobelê ya Edebiyatê wergirt?,Wole Soyinka,Ben Okri,Chimamanda Ngozi Adichie,Ngũgĩ wa Thiong'o,C,Chimamanda Ngozi Adichie di sala 2021an de Xelata Nobelê ya Edebiyatê wergirt. Ew bi romanên xwe yên ku behsa nasnameya Afrîkî û jiyana nûjen dikin tê naskirin.,1,verified,https://en.wikipedia.org/wiki/Chimamanda_Ngozi_Adichie,approved,0.95,
ds_edebiyat_0224,ku-kmr,Edebiyat,Di sala 1991an de Xelata Nobelê ya Edebiyatê ji kîjan nivîskara Afrîkaya Başûr re hat dayîn?,J.M. Coetzee,Doris Lessing,Chimamanda Ngozi Adichie,Nadine Gordimer,D,Nadine Gordimer di sala 1991an de Xelata Nobelê ya Edebiyatê wergirt. Ew bi romanên xwe yên li ser apartheidê tê naskirin.,1,verified,https://en.wikipedia.org/wiki/Nadine_Gordimer,approved,0.95,
ds_edebiyat_0226,ku-kmr,Edebiyat,"Di çîroka Kurdî ya klasîk de, kîjan ajel bi xapandinê tê nasîn?",gur,rovî,hirç,kûsî,B,"Rovî di çîrokên Kurdî de bi xapandin û jîrbûna xwe tê nasîn, ev taybetmendî di gelek çîrokên gelêrî de tê dubarekirin.",1,verified,https://en.wikipedia.org/wiki/Fox,approved,0.95,
ds_edebiyat_0227,ku-kmr,Edebiyat,Kîjan berhem ji aliyê La Fontaine ve hatiye nivîsandin û tê de ajel bi zaravayê mirovan dipeyivin?,Çîrokên Grimm,Hezar û Yek Şev,Fablên La Fontaine,Şahname,C,Fablên La Fontaine berhemeke navdar e ku tê de ajel bi zaravayê mirovan dipeyivin û dersên exlaqî didin.,1,verified,https://en.wikipedia.org/wiki/Jean_de_La_Fontaine,approved,0.95,
ds_edebiyat_0228,ku-kmr,Edebiyat,"Di fabla 'Kûsî û Kevroşk' de, kîjan ajel bi leza xwe tê nasîn?",kûsî,rovî,şêr,kevroşk,D,"Kevroşk di fabla 'Kûsî û Kevroşk' de bi leza xwe tê nasîn, lê kûsî bi sebra xwe bi ser dikeve.",1,verified,https://en.wikipedia.org/wiki/The_Tortoise_and_the_Hare,approved,0.95,
ds_edebiyat_0230,ku-kmr,Edebiyat,"Di fabla 'Kevroşk û Kûsî' de, kîjan ajel bi sebra xwe bi ser dikeve?",kevroşk,kûsî,rovî,şêr,B,"Kûsî di fabla 'Kevroşk û Kûsî' de bi sebra xwe bi ser dikeve, ji ber ku kevroşk di nîvê rê de dixe xewê.",1,verified,https://en.wikipedia.org/wiki/The_Tortoise_and_the_Hare,approved,0.95,
ds_edebiyat_0231,ku-kmr,Edebiyat,"Di fabla 'Rovî û Tirî' de, roviyan çima tirî red kir?",ji ber ku tirî tal bû,ji ber ku tirî pir bilind bû,ji ber ku tirî ne gihîştî bû,ji ber ku tirî pir biha bû,C,"Di fabla 'Rovî û Tirî' de, roviyan tirî red kir ji ber ku ew pir bilind bû û roviyan nikaribû bigihîje wî.",1,verified,https://en.wikipedia.org/wiki/The_Fox_and_the_Grapes,approved,0.95,
ds_edebiyat_0234,ku-kmr,Edebiyat,"Di fabla 'Kûsî û Dûpişk' de, dûpişk çima kûsî diqelişîne?",ji ber ku kûsî wî aciz kir,ji ber ku ew xwezaya wî ye,ji ber ku ew birçî bû,ji ber ku ew bi kûsî re dijmin bû,B,"Di fabla 'Kûsî û Dûpişk' de, dûpişk kûsî diqelişîne ji ber ku ew xwezaya wî ye, her çend ew bi hev re diçûn jî.",1,verified,https://en.wikipedia.org/wiki/The_Scorpion_and_the_Frog,approved,0.95,
ds_edebiyat_0241,ku-kmr,Edebiyat,"Di fabla 'Şêr û Rovî' de, roviyan çima ji şêr re xizmet dikir?",ji ber ku ew ji şêr ditirsiya,ji ber ku ew ji şêr hez dikir,ji ber ku ew ji şêr re xwarin digeriya,ji ber ku ew ji şêr re rê nîşan dida,A,"Di fabla 'Şêr û Rovî' de, roviyan ji şêr re xizmet dikir ji ber ku ew ji şêr ditirsiya, lê paşê ew jî jê filitî.",1,verified,https://en.wikipedia.org/wiki/The_Lion_and_the_Fox,approved,0.95,
ds_edebiyat_0242,ku-kmr,Edebiyat,"Di fabla 'Kûsî û Rovî' de, kûsî çawa ji roviyan filitî?",bi bezê,bi xwe ve kişand,bi xapandinê,bi alîkariya ajelên din,B,"Di fabla 'Kûsî û Rovî' de, kûsî bi xwe ve kişand û ji roviyan filitî, ji ber ku roviyan nikaribû wî ji kavilê derxîne.",1,verified,https://en.wikipedia.org/wiki/The_Tortoise_and_the_Hare,approved,0.95,
ds_edebiyat_0243,ku-kmr,Edebiyat,"Di fabla 'Gur û Rovî' de, gur çima roviyan dixwaze?",ji ber ku ew bi roviyan re dijmin bû,ji ber ku ew ji roviyan ditirsiya,ji ber ku ew birçî bû,ji ber ku ew ji roviyan hez dikir,C,"Di fabla 'Gur û Rovî' de, gur roviyan dixwaze ji ber ku ew birçî bû, lê roviyan bi jîrbûna xwe filitî.",1,verified,https://en.wikipedia.org/wiki/The_Wolf_and_the_Fox,approved,0.95,
ds_edebiyat_0245,ku-kmr,Edebiyat,"Di fabla 'Rovî û Şêr' de, roviyan çima ji şêr re rê nîşan da?",ji ber ku ew ji şêr ditirsiya,ji ber ku ew ji şêr hez dikir,ji ber ku ew ji şêr re xwarin digeriya,ji ber ku ew ji şêr re rê nîşan dida,A,"Di fabla 'Rovî û Şêr' de, roviyan ji şêr re rê nîşan da ji ber ku ew ji şêr ditirsiya, lê paşê ew jî jê filitî.",1,verified,https://en.wikipedia.org/wiki/The_Lion_and_the_Fox,approved,0.95,
ds_edebiyat_0246,ku-kmr,Edebiyat,"Di fabla 'Kûsî û Mêşe' de, kûsî çawa ji mêşe filitî?",bi bezê,bi xwe ve kişand,bi xapandinê,bi alîkariya ajelên din,B,"Di fabla 'Kûsî û Mêşe' de, kûsî bi xwe ve kişand û ji mêşe filitî, ji ber ku mêşe nikaribû wî ji kavilê derxîne.",1,verified,https://en.wikipedia.org/wiki/The_Tortoise_and_the_Hare,approved,0.95,
ds_muzik_0001,ku-kmr,Muzîk,Dengbêj di çanda Kurdî de bi taybetî ji bo çi tê naskirin?,Stranbêj û vegêran,Nivîskar,Wênesaz,Mimar,A,"Dengbêj di çanda Kurdî de stranbêj û vegêran e ku kilam û çîrokan bi devkî radigihîne. Ew ne nivîskar, wênesaz an jî mimar e.",1,verified,https://en.wikipedia.org/wiki/Dengb%C3%AAj,approved,0.95,
ds_muzik_0002,ku-kmr,Muzîk,Kilam di kevneşopiya dengbêjiyê de bi piranî bi kîjan awayî tê vegotin?,Bi piyanoyê,Bi dengê bilind û bê amûr,Bi gîtarê,Bi def û zirneyê,B,"Kilam bi kevneşopî bi dengê bilind û bê amûr tê gotin. Dengbêj bi tenê dengan xwe kilamê dibêje, ne bi piyano, gîtar an jî def û zirneyê.",1,verified,https://en.wikipedia.org/wiki/Dengb%C3%AAj,approved,0.95,
ds_muzik_0003,ku-kmr,Muzîk,Kîjan bajar wekî navenda kevneşopiya dengbêjiyê tê hesibandin?,Stenbol,Qahîre,Amed,Tahran,C,"Amed (Diyarbekir) wekî navenda kevneşopiya dengbêjiyê tê hesibandin. Stenbol, Qahîre û Tahran ne navendên vê kevneşopiyê ne.",2,verified,https://en.wikipedia.org/wiki/Dengb%C3%AAj,approved,0.95,
ds_muzik_0004,ku-kmr,Muzîk,Dengbêj bi piranî kilamên xwe li ser kîjan mijaran dibêjin?,Astronomî,Matematîk,Teknolojî,"Evîn, dîrok û şer",D,"Dengbêj bi piranî kilamên xwe li ser evîn, dîrok û şer dibêjin. Ev mijar di nav kevneşopiya dengbêjiyê de navendî ne, ne astronomî, matematîk an jî teknolojî.",1,verified,https://en.wikipedia.org/wiki/Dengb%C3%AAj,approved,0.95,
ds_muzik_0005,ku-kmr,Muzîk,Kîjan amûr di performansa dengbêjiyê de bi gelemperî tê bikaranîn?,Ti amûrek nîne,Tembûr,Keman,Ney,A,"Di performansa dengbêjiyê de bi gelemperî ti amûrek nîne; dengbêj bi tenê dengan xwe kilamê dibêje. Tembûr, keman û ney ne amûrên taybetî yên dengbêjan in.",1,verified,https://en.wikipedia.org/wiki/Dengb%C3%AAj,approved,0.95,
ds_muzik_0006,ku-kmr,Muzîk,Dengbêjî wekî kevneşopiyek devkî çima girîng e?,Amûrên nûjen çêdike,Dîrok û çanda Kurdî diparêze,Zimanên biyanî hîn dike,Muzîka populer pêş dixe,B,"Dengbêjî wekî kevneşopiyek devkî dîrok û çanda Kurdî diparêze. Ew ne amûrên nûjen çêdike, ne zimanên biyanî hîn dike û ne jî muzîka populer pêş dixe.",2,verified,https://en.wikipedia.org/wiki/Dengb%C3%AAj,approved,0.95,
ds_muzik_0008,ku-kmr,Muzîk,Kilam di nav kevneşopiya dengbêjiyê de bi piranî bi kîjan zimanî tê gotin?,Tirkî,Farisî,Erebî,Kurmancî,D,"Kilam di nav kevneşopiya dengbêjiyê de bi piranî bi Kurmancî tê gotin. Tirkî, Farisî û Erebî ne zimanê sereke yê vê kevneşopiyê ne.",1,verified,https://en.wikipedia.org/wiki/Dengb%C3%AAj,approved,0.95,
ds_muzik_0009,ku-kmr,Muzîk,Dengbêj bi piranî kilamên xwe li kû derê dibêjin?,Di civatan de,Di şanoyan de,Di konseran de,Di radyoyê de,A,"Dengbêj bi piranî kilamên xwe di civatan de dibêjin. Şano, konser û radyo ne cihên kevneşopî yên dengbêjiyê ne.",2,verified,https://en.wikipedia.org/wiki/Dengb%C3%AAj,approved,0.95,
ds_muzik_0010,ku-kmr,Muzîk,Kîjan taybetmendî dengbêjên jin ji yên mêr vediqetîne?,Ew bi amûran dilîzin,Dengê wan yê taybet heye,Ew tenê stranên zarokan dibêjin,Ew bi koman performans dikin,B,"Dengbêjên jin jî wek mêran dengê wan yê taybet heye ku kilamên wan ji yên mêr vediqetîne. Ew ne bi amûran dilîzin, ne tenê stranên zarokan dibêjin û ne jî bi koman performans dikin.",3,verified,https://en.wikipedia.org/wiki/Dengb%C3%AAj,approved,0.95,
ds_muzik_0011,ku-kmr,Muzîk,Kilam di nav kevneşopiya dengbêjiyê de bi piranî çawa tê nivîsandin?,Bi tîpên erebî tê nivîsandin,Bi notan tê nivîsandin,Bi devkî tê vegotin,Bi tîpên latînî tê nivîsandin,C,"Kilam di nav kevneşopiya dengbêjiyê de bi piranî bi devkî tê vegotin, ne bi nivîsandinê. Ew ne bi tîpên erebî, ne bi notan û ne jî bi tîpên latînî tê nivîsandin.",2,verified,https://en.wikipedia.org/wiki/Dengb%C3%AAj,approved,0.95,
ds_muzik_0012,ku-kmr,Muzîk,Kîjan kilam bi navê 'Dayê' tê naskirin û ji aliyê kîjan dengbêjî ve tê gotin?,Evdalê Zeynikê,Reso,Karapetê Xaço,Şakiro,D,"Kilama 'Dayê' bi navê Şakiro tê naskirin. Evdalê Zeynikê, Reso û Karapetê Xaço jî dengbêj in, lê 'Dayê' bi taybetî bi Şakiro ve tê girêdan.",3,verified,https://en.wikipedia.org/wiki/%C5%9Eakiro,approved,0.95,
ds_muzik_0013,ku-kmr,Muzîk,Dengbêjî di sala 2018an de ji aliyê kîjan saziyê ve wekî mîrata çandî hate nasîn?,UNESCO,NATO,OECD,WHO,A,"Dengbêjî di sala 2018an de ji aliyê UNESCO ve wekî mîrata çandî hate nasîn. NATO, OECD û WHO ne saziyên ku vê nasînê dane.",2,verified,https://en.wikipedia.org/wiki/Dengb%C3%AAj,approved,0.95,
ds_muzik_0015,ku-kmr,Muzîk,Dengbêj bi piranî kilamên xwe ji bo kîjan armancê dibêjin?,Ji bo dansê,Ji bo reklamê,Ji bo vegotina dîrokê,Ji bo fêrbûna ziman,C,"Dengbêj bi piranî kilamên xwe ji bo vegotina dîrokê dibêjin. Dans, reklam û fêrbûna ziman ne armancên sereke yên dengbêjiyê ne.",1,verified,https://en.wikipedia.org/wiki/Dengb%C3%AAj,approved,0.95,
ds_muzik_0017,ku-kmr,Muzîk,Dengbêjî di nav çanda Kurdî de bi piranî wekî çi tê dîtin?,Mîrateyek çandî,Nûjeniyek teknolojîk,Reklamek bazirganî,Modeyek demkî,A,"Dengbêjî di nav çanda Kurdî de wekî mîrateyek çandî tê dîtin. Ew ne nûjeniyek teknolojîk, ne reklamek bazirganî û ne jî modeyek demkî ye.",1,verified,https://en.wikipedia.org/wiki/Dengb%C3%AAj,approved,0.95,
ds_muzik_0019,ku-kmr,Muzîk,Dengbêj bi piranî kilamên xwe di kîjan demê de dibêjin?,Di demên xemgîniyê de,Di demên xebatê de,Di demên şahiyê de,Di demên xewê de,C,"Dengbêj bi piranî kilamên xwe di demên şahiyê de dibêjin. Xemgînî, xebat û xew ne demên sereke yên performansa dengbêjiyê ne.",2,verified,https://en.wikipedia.org/wiki/Dengb%C3%AAj,approved,0.95,
ds_muzik_0021,ku-kmr,Muzîk,Dengbêjî di nav çanda Kurdî de bi piranî ji bo kîjan nifşî tê vegotin?,Ji bo hemû nifşan,Ji bo ciwanan,Ji bo zarokan,Ji bo pîran,A,"Dengbêjî di nav çanda Kurdî de ji bo hemû nifşan tê vegotin. Ew ne tenê ji bo ciwanan, zarokan an jî pîran e.",1,verified,https://en.wikipedia.org/wiki/Dengb%C3%AAj,approved,0.95,
ds_muzik_0023,ku-kmr,Muzîk,Dengbêj bi piranî kilamên xwe bi kîjan awayî ji bîranînê dibêjin?,Bi nivîsê,Bi notan,Bi ezber,Bi amûran,C,"Dengbêj bi piranî kilamên xwe bi ezber dibêjin. Ew ne bi nivîsê, ne bi notan û ne jî bi amûran kilamên xwe dibêjin.",2,verified,https://en.wikipedia.org/wiki/Dengb%C3%AAj,approved,0.95,
ds_muzik_0025,ku-kmr,Muzîk,"Dengbêjî di sala 2018an de wekî mîrata çandî hate nasîn, lê ev nasîn ji aliyê kîjan welatî ve hat pêşniyarkirin?",Tirkiye,Iraq,Îran,Sûriye,A,"Dengbêjî di sala 2018an de ji aliyê Tirkiyeyê ve hat pêşniyarkirin û ji aliyê UNESCO ve hate nasîn. Iraq, Îran û Sûriye ne welatên ku vê pêşniyarê kirine.",3,verified,https://en.wikipedia.org/wiki/Dengb%C3%AAj,approved,0.95,
ds_muzik_0026,ku-kmr,Muzîk,Tembûr bi piranî di kîjan çanda muzîkê de amûreke sereke ye?,Çanda Almanî,Çanda Kurdî,Çanda Japonî,Çanda Brezîlyayî,B,Tembûr di muzîka Kurdî de amûreke girîng e û bi taybetî di kilamên dengbêjan de tê bikaranîn.,1,verified,https://en.wikipedia.org/wiki/Temb%C3%BBr,approved,0.95,
ds_muzik_0027,ku-kmr,Muzîk,Kîjan amûr ji famîleya nefesan e û ji darikê tê çêkirin?,Tembûr,Def,Bilûr,Zirne,C,Bilûr amûreke nefesî ye ku ji darikê tê çêkirin û di muzîka Kurdî de cihekî taybet heye.,1,verified,https://en.wikipedia.org/wiki/Bilur,approved,0.95,
ds_muzik_0029,ku-kmr,Muzîk,Zirne bi piranî li kû derê tê lêdan?,Di dîlan û şahiyan de,Di nivîsgehan de,Di pirtûkxaneyan de,Di dibistanan de,A,Zirne amûreke dengbilind e ku bi piranî di dîlan û şahiyên gelerî de tê lêdan.,1,verified,https://en.wikipedia.org/wiki/Zurna,approved,0.95,
ds_muzik_0030,ku-kmr,Muzîk,Tembûr bi gelemperî çend têlên wê hene?,Pênc têl,Sê têl,Heft têl,Neh têl,B,"Tembûra klasîk a Kurdî bi piranî sê têl e, her çend hin guhertoyên wê yên din jî hebin.",2,verified,https://en.wikipedia.org/wiki/Temb%C3%BBr,approved,0.95,
ds_muzik_0031,ku-kmr,Muzîk,Bilûr bi kîjan rêbazê tê lêdan?,Bi tiliyan,Bi kevanê,Bi nefesê,Bi çakûç,C,"Bilûr amûreke nefesî ye, ji ber vê yekê bi nefesê tê lêdan.",1,verified,https://en.wikipedia.org/wiki/Bilur,approved,0.95,
ds_muzik_0033,ku-kmr,Muzîk,Zirne bi piranî li gel kîjan amûrê tê lêdan?,Def,Tembûr,Bilûr,Keman,A,Zirne bi piranî li gel def tê lêdan da ku rîtmek xurt peyda bibe.,2,verified,https://en.wikipedia.org/wiki/Zurna,approved,0.95,
ds_muzik_0034,ku-kmr,Muzîk,Tembûr di kîjan welatî de wekî amûreke neteweyî tê nasîn?,Fransa,Tirkiye,Kanada,Awistralya,B,Tembûr di Tirkiyeyê de bi taybetî di nav kurdan de wekî amûreke neteweyî tê nasîn.,2,verified,https://en.wikipedia.org/wiki/Temb%C3%BBr,approved,0.95,
ds_muzik_0035,ku-kmr,Muzîk,Bilûr bi piranî ji çi tê çêkirin?,Ji hesinî,Ji plastîk,Ji darikê,Ji camê,C,"Bilûra kevneşopî ji darikê tê çêkirin, lê hin guhertoyên nûjen ji plastîk jî hene.",1,verified,https://en.wikipedia.org/wiki/Bilur,approved,0.95,
ds_muzik_0037,ku-kmr,Muzîk,Zirne bi piranî di kîjan çandê de tê bikaranîn?,Çanda Rojhilata Navîn,Çanda Skandînavyayê,Çanda Amerîkaya Başûr,Çanda Awistralyayê,A,Zirne bi piranî di çanda Rojhilata Navîn û Anatoliyê de tê bikaranîn.,2,verified,https://en.wikipedia.org/wiki/Zurna,approved,0.95,
ds_muzik_0038,ku-kmr,Muzîk,Tembûr bi piranî bi kîjan awayî tê lêdan?,Bi kevanê,Bi tiliyan,Bi çakûç,Bi nefesê,B,Tembûr amûreke têl e ku bi tiliyan tê lêdan.,1,verified,https://en.wikipedia.org/wiki/Temb%C3%BBr,approved,0.95,
ds_muzik_0039,ku-kmr,Muzîk,Bilûr bi piranî di kîjan celebê muzîkê de tê bikaranîn?,Muzîka rock,Muzîka jazz,Muzîka gelêrî,Muzîka elektronîk,C,Bilûr bi piranî di muzîka gelêrî ya Kurdî de tê bikaranîn.,1,verified,https://en.wikipedia.org/wiki/Bilur,approved,0.95,
ds_muzik_0041,ku-kmr,Muzîk,Zirne bi piranî ji çi tê çêkirin?,Ji darikê,Ji hesinî,Ji plastîk,Ji camê,A,"Zirne bi piranî ji darikê tê çêkirin, lê hin guhertoyên wê ji metal jî hene.",1,verified,https://en.wikipedia.org/wiki/Zurna,approved,0.95,
ds_muzik_0042,ku-kmr,Muzîk,Tembûr bi piranî di kîjan çandê de wekî amûreke pîroz tê dîtin?,Di çanda Almanî de,Di çanda Kurdî de,Di çanda Japonî de,Di çanda Brezîlyayî de,B,Tembûr di çanda Kurdî de bi taybetî di nav elewiyan de wekî amûreke pîroz tê dîtin.,2,verified,https://en.wikipedia.org/wiki/Temb%C3%BBr,approved,0.95,
ds_muzik_0043,ku-kmr,Muzîk,Bilûr bi piranî di kîjan herêmê de tê bikaranîn?,Herêma Alpê,Herêma Amazonê,Herêma Kurdistanê,Herêma Antarktîkayê,C,Bilûr bi piranî di herêma Kurdistanê û deverên derdorê de tê bikaranîn.,2,verified,https://en.wikipedia.org/wiki/Bilur,approved,0.95,
ds_muzik_0045,ku-kmr,Muzîk,Zirne bi piranî di kîjan demê de tê lêdan?,Di rojên cejnê de,Di rojên xemgîniyê de,Di rojên xebatê de,Di rojên xewê de,A,Zirne bi piranî di rojên cejnê û şahiyan de tê lêdan.,1,verified,https://en.wikipedia.org/wiki/Zurna,approved,0.95,
ds_muzik_0046,ku-kmr,Muzîk,Tembûr bi piranî di kîjan celebê muzîkê de tê bikaranîn?,Muzîka rock,Muzîka gelêrî,Muzîka jazz,Muzîka elektronîk,B,Tembûr bi piranî di muzîka gelêrî ya Kurdî de tê bikaranîn.,1,verified,https://en.wikipedia.org/wiki/Temb%C3%BBr,approved,0.95,
ds_muzik_0047,ku-kmr,Muzîk,Bilûr bi piranî di kîjan çandê de tê bikaranîn?,Çanda Almanî,Çanda Japonî,Çanda Kurdî,Çanda Brezîlyayî,C,Bilûr bi piranî di çanda Kurdî de tê bikaranîn.,1,verified,https://en.wikipedia.org/wiki/Bilur,approved,0.95,
ds_muzik_0050,ku-kmr,Muzîk,Tembûr bi piranî di kîjan herêmê de tê bikaranîn?,Herêma Alpê,Herêma Kurdistanê,Herêma Amazonê,Herêma Antarktîkayê,B,Tembûr bi piranî di herêma Kurdistanê û deverên derdorê de tê bikaranîn.,2,verified,https://en.wikipedia.org/wiki/Temb%C3%BBr,approved,0.95,
ds_muzik_0052,ku-kmr,Muzîk,Kîjan amûr di muzîka kurdî de bi piranî ji bo dîlanan tê bikaranîn?,Bilûr,Tembûr,Def,Zirne,D,"Zirne bi piranî li gel defê di dîlanan de tê lêdan, ji ber ku dengê wê yê bilind û xurt ji bo şahiyê guncav e.",2,verified,https://en.wikipedia.org/wiki/Zurna,approved,0.95,
ds_muzik_0053,ku-kmr,Muzîk,Di opera de dengbêj bi piranî bi kîjan awayî stranan dibêjin?,Bi dengê bilind,Bi dengê normal,Bi dengê nizm,Bi dengê xweş,A,"Di operayê de dengbêj bi dengê bilind û bi teknîka taybet stranan dibêjin, da ku dengê wan di salonê de bihêz were bihîstin.",2,verified,https://en.wikipedia.org/wiki/Opera,approved,0.95,
ds_muzik_0054,ku-kmr,Muzîk,Kîjan celeb stran bi piranî ji bo zarokan tê gotin?,Strana dîlanê,Strana lorîkê,Strana şînê,Strana evînê,B,Strana lorîkê ji bo razanê û aramiya zarokan tê gotin. Stranên din ji bo mezinan in.,1,verified,https://en.wikipedia.org/wiki/Lullaby,approved,0.95,
ds_muzik_0055,ku-kmr,Muzîk,Kîjan amûr bi têlên xwe tê lêdan û di muzîka kurdî de navdar e?,Bilûr,Def,Tembûr,Zirne,C,"Tembûr amûreke têldar e û di muzîka kurdî de amûreke sereke ye. Bilûr nefesî ye, def lêdanî ye.",1,verified,https://en.wikipedia.org/wiki/Temb%C3%BBr,approved,0.95,
ds_muzik_0056,ku-kmr,Muzîk,Kîjan celeb muzîk bi piranî li gel reqasê tê lêdan?,Muzîka şînê,Muzîka klasîk,Muzîka rockê,Muzîka dîlanê,D,"Muzîka dîlanê ji bo reqasê û şahiyê tê lêdan. Muzîka şînê xemgîn e, muzîka klasîk ciddî ye.",1,verified,https://en.wikipedia.org/wiki/Dance_music,approved,0.95,
ds_muzik_0059,ku-kmr,Muzîk,Kîjan amûr bi piranî di muzîka dînî ya kurdî de tê bikaranîn?,Tembûr,Zirne,Def,Bilûr,C,"Def bi piranî di ayînên dînî de tê bikaranîn, ji ber ku dengê wê yê nerm û bi rêkûpêk ji bo meditasyonê guncav e.",2,verified,https://en.wikipedia.org/wiki/Frame_drum,approved,0.95,
ds_muzik_0061,ku-kmr,Muzîk,Kîjan amûr bi piranî di orkestraya klasîk de tê bikaranîn?,Keman,Tembûr,Bilûr,Def,A,Keman di orkestraya klasîk de amûreke sereke ye. Tembûr û def di muzîka gelêrî de ne.,2,verified,https://en.wikipedia.org/wiki/Violin,approved,0.95,
ds_muzik_0063,ku-kmr,Muzîk,Kîjan amûr bi piranî di muzîka elektronîk de tê bikaranîn?,Sentor,Tembûr,Sentezîzer,Bilûr,C,Sentezîzer amûreke elektronîk e û di muzîka elektronîk de tê bikaranîn. Tembûr û bilûr amûrên akustîk in.,2,verified,https://en.wikipedia.org/wiki/Synthesizer,approved,0.95,
ds_muzik_0064,ku-kmr,Muzîk,Kîjan celeb muzîk bi piranî li gel govendê tê lêdan?,Muzîka şînê,Muzîka klasîk,Muzîka cazê,Muzîka dîlanê,D,Muzîka dîlanê ji bo govendê û reqasê tê lêdan. Muzîka şînê ji bo xemgîniyê ye.,1,verified,https://en.wikipedia.org/wiki/Folk_dance,approved,0.95,
ds_muzik_0065,ku-kmr,Muzîk,Kîjan amûr bi piranî di muzîka cazê de tê bikaranîn?,Saksafon,Tembûr,Def,Bilûr,A,Saksafon di muzîka cazê de amûreke sereke ye. Tembûr û def di muzîka gelêrî de ne.,2,verified,https://en.wikipedia.org/wiki/Saxophone,approved,0.95,
ds_muzik_0066,ku-kmr,Muzîk,Kîjan stran bi piranî ji bo dîlanê tê gotin?,Strana şînê,Strana dîlanê,Strana lorîkê,Strana dînî,B,Strana dîlanê ji bo şahiyê û reqasê tê gotin. Strana lorîkê ji bo zarokan e.,1,verified,https://en.wikipedia.org/wiki/Folk_music,approved,0.95,
ds_muzik_0071,ku-kmr,Muzîk,Kîjan amûr bi piranî di muzîka gelêrî ya kurdî de tê bikaranîn?,Piyano,Saksafon,Tembûr,Sentezîzer,C,Tembûr di muzîka gelêrî ya kurdî de amûreke sereke ye. Piyano û saksafon di muzîka rojavayî de ne.,1,verified,https://en.wikipedia.org/wiki/Kurdish_music,approved,0.95,
ds_muzik_0076,ku-kmr,Muzîk,Şivan Perwer bi piranî bi kîjan amûrê stranên xwe dibêje?,Bilûr,Def,Zirne,Tembûr,D,Şivan Perwer wekî hunermendekî navdar ê muzîka kurdî tê zanîn û bi piranî bi tembûrê stranan dibêje. Tembûr di muzîka kurdî de amûreke sereke ye.,1,verified,https://en.wikipedia.org/wiki/%C5%9Eivan_Perwer,approved,0.95,
ds_muzik_0077,ku-kmr,Muzîk,Kîjan hunermend bi navê 'Dengbêjê Kurda' tê naskirin?,Şakiro,Şivan Perwer,Cegerxwîn,Ehmedê Xanî,A,Şakiro wekî 'Dengbêjê Kurda' tê naskirin û bi dengê xwe yê xurt û kilamên xwe yên dîrokî navdar e. Ew yek ji dengbêjên herî girîng ên sedsala 20an e.,2,verified,https://en.wikipedia.org/wiki/%C5%9Eakiro,approved,0.95,
ds_muzik_0079,ku-kmr,Muzîk,Kîjan amûr bi piranî di muzîka kurdî de ji bo dîlanan tê bikaranîn?,Tembûr,Bilûr,Zirne,Def,C,Zirne amûreke nefesî ye ku bi piranî di dîlan û govendên kurdî de tê lêdan. Dengê wê yê bilind û derbasdar ji bo şahiyan guncan e.,1,verified,https://en.wikipedia.org/wiki/Zurna,approved,0.95,
ds_muzik_0080,ku-kmr,Muzîk,Kîjan hunermend bi strana xwe ya 'Dîlber' tê naskirin?,Ayşe Şan,Ciwan Haco,Nizamettin Ariç,Şivan Perwer,D,Şivan Perwer bi strana xwe ya navdar 'Dîlber' tê naskirin. Ev stran yek ji berhemên wî yên herî populer e û di nav gel de gelek tê zanîn.,2,verified,https://en.wikipedia.org/wiki/%C5%9Eivan_Perwer,approved,0.95,
ds_muzik_0081,ku-kmr,Muzîk,Kîjan amûr ji famîleya nefesan e û di muzîka kurdî de tê bikaranîn?,Bilûr,Tembûr,Def,Keman,A,Bilûr amûreke nefesî ye ku ji darikê tê çêkirin û di muzîka kurdî de cihê wê yê girîng heye. Ew bi piranî di kilamên evînî û xemgîn de tê lêdan.,1,verified,https://en.wikipedia.org/wiki/Kaval,approved,0.95,
ds_muzik_0082,ku-kmr,Muzîk,Kîjan hunermend bi navê 'Dengbêjê Zêrîn' tê naskirin?,Karapetê Xaço,Şakiro,Reso,Meryem Xan,B,Şakiro bi navê 'Dengbêjê Zêrîn' tê naskirin. Ew bi dengê xwe yê xurt û kilamên xwe yên dîrokî di nav gel de navdar e.,2,verified,https://en.wikipedia.org/wiki/%C5%9Eakiro,approved,0.95,
ds_muzik_0083,ku-kmr,Muzîk,Kîjan amûr bi piranî di muzîka kurdî de ji bo xemgîniyê tê lêdan?,Def,Zirne,Bilûr,Dahol,C,Bilûr bi dengê xwe yê nerm û xemgîn tê naskirin. Ew bi piranî di kilamên xemgîn û evînî de tê lêdan.,1,verified,https://en.wikipedia.org/wiki/Kaval,approved,0.95,
ds_muzik_0087,ku-kmr,Muzîk,Kîjan celeb muzîk bi piranî ji bo zarokan tê gotin?,Dîlan,Dengbêjî,Lorî,Heyran,C,Lorî celebekî muzîkê ye ku bi piranî ji bo zarokan tê gotin. Ew bi rîtma xwe ya nerm û xweş tê naskirin.,1,verified,https://en.wikipedia.org/wiki/Lullaby,approved,0.95,
ds_muzik_0089,ku-kmr,Muzîk,Kîjan amûr bi piranî di muzîka kurdî de ji bo evînê tê lêdan?,Tembûr,Zirne,Def,Dahol,A,Tembûr bi piranî di kilamên evînî yên kurdî de tê lêdan. Ew amûreke sereke ye di muzîka kurdî de.,1,verified,https://en.wikipedia.org/wiki/Tanbur,approved,0.95,
ds_muzik_0093,ku-kmr,Muzîk,Kîjan celeb muzîk bi piranî di dawetê de tê lêdan?,Dîlan,Ağıt,Lorî,Zikir,A,Dîlan celebekî muzîkê ye ku bi piranî di dawetan de tê lêdan. Ew bi leza xwe ya bilind tê naskirin.,1,verified,https://en.wikipedia.org/wiki/Kurdish_music,approved,0.95,
ds_muzik_0096,ku-kmr,Muzîk,Kîjan celeb muzîk bi piranî di nav kurdan de ji bo evînê tê gotin?,Dîlan,Ağıt,Lorî,Heyran,D,Heyran celebekî muzîkê ye ku bi piranî di nav kurdan de ji bo evînê tê gotin. Ew bi xemgîniya xwe tê naskirin.,2,verified,https://en.wikipedia.org/wiki/Kurdish_music,approved,0.95,
ds_muzik_0099,ku-kmr,Muzîk,Kîjan celeb muzîk bi piranî di nav kurdan de ji bo xemgîniyê tê gotin?,Dîlan,Lorî,Kilam,Zikir,C,Kilam celebekî muzîkê ye ku bi piranî di nav kurdan de ji bo xemgîniyê tê gotin. Ew bi rîtma xwe ya nerm tê naskirin.,2,verified,https://en.wikipedia.org/wiki/Kurdish_music,approved,0.95,
ds_muzik_0101,ku-kmr,Muzîk,"Di muzîkê de, nîşana ku bilindahiya dengan diyar dike çi ye?",Not,Rîtm,Melodî,Aheng,A,"Not di muzîkê de nîşaneya deng e û bilindahî û dirêjiya dengan diyar dike. Rîtm, melodî û aheng jî hêmanên muzîkê ne lê bilindahiya dengan bi notan tê nîşankirin.",1,verified,https://en.wikipedia.org/wiki/Musical_note,approved,0.95,
ds_muzik_0102,ku-kmr,Muzîk,"Di muzîkê de, dûrahiya di navbera du dengan de çi tê gotin?",Pîvan,Aralik,Tempo,Deng,B,"Aralik di muzîkê de dûrahiya di navbera du dengan de ye. Pîvan rêjeya demê, tempo leza muzîkê û deng jî xwezaya dengan e.",1,verified,https://en.wikipedia.org/wiki/Interval_(music),approved,0.95,
ds_muzik_0103,ku-kmr,Muzîk,"Di muzîkê de, rêjdana dengan li gorî demê çi ye?",Not,Aralik,Rîtm,Aheng,C,"Rîtm di muzîkê de rêjdana dengan li gorî demê ye. Not nîşaneya dengan e, aralik dûrahiya di navbera dengan de ye û aheng jî hevahengiya dengan e.",1,verified,https://en.wikipedia.org/wiki/Rhythm,approved,0.95,
ds_muzik_0104,ku-kmr,Muzîk,"Di muzîkê de, dema ku çend dengan bi hev re têne lêdan, kîjan têgîn tê bikaranîn?",Melodî,Rîtm,Tempo,Aheng,D,"Aheng di muzîkê de dema ku çend dengan bi hev re têne lêdan tê bikaranîn. Melodî rêzika dengan e, rîtm rêjdana demê ye û tempo jî leza muzîkê ye.",2,verified,https://en.wikipedia.org/wiki/Harmony,approved,0.95,
ds_muzik_0105,ku-kmr,Muzîk,"Di muzîkê de, rêzika dengan ku bi hev re têne gotin çi ye?",Melodî,Aheng,Rîtm,Pîvan,A,"Melodî di muzîkê de rêzika dengan e ku bi hev re têne gotin. Aheng hevahengiya dengan e, rîtm rêjdana demê ye û pîvan jî rêjeya demê ye.",1,verified,https://en.wikipedia.org/wiki/Melody,approved,0.95,
ds_muzik_0106,ku-kmr,Muzîk,"Di muzîkê de, leza ku bi piranî bi 'beats per minute' tê pîvan çi ye?",Rîtm,Tempo,Aheng,Melodî,B,"Tempo di muzîkê de leza muzîkê ye û bi piranî bi 'beats per minute' tê pîvan. Rîtm rêjdana dengan e, aheng hevahengiya dengan e û melodî jî rêzika dengan e.",2,verified,https://en.wikipedia.org/wiki/Tempo,approved,0.95,
ds_muzik_0108,ku-kmr,Muzîk,"Di muzîkê de, kîjan têgîn ji bo nîşankirina bilindahiya dengan tê bikaranîn?",Pîvana demê,Pîvana lezê,Pîvana rengan,Pîvana bilindahiyê,D,"Pîvana bilindahiyê di muzîkê de ji bo nîşankirina bilindahiya dengan tê bikaranîn. Pîvana demê, lezê û rengan ne pîvanên bilindahiyê ne.",2,verified,https://en.wikipedia.org/wiki/Pitch_(music),approved,0.95,
ds_muzik_0109,ku-kmr,Muzîk,"Di muzîkê de, kîjan têgîn ji bo nîşankirina leza muzîkê tê bikaranîn?",Tempo,Rîtm,Aheng,Melodî,A,"Tempo di muzîkê de ji bo nîşankirina leza muzîkê tê bikaranîn. Rîtm rêjdana dengan e, aheng hevahengiya dengan e û melodî jî rêzika dengan e.",1,verified,https://en.wikipedia.org/wiki/Tempo,approved,0.95,
ds_muzik_0110,ku-kmr,Muzîk,"Di muzîkê de, kîjan têgîn ji bo nîşankirina rêjdana dengan tê bikaranîn?",Tempo,Rîtm,Aheng,Melodî,B,"Rîtm di muzîkê de ji bo nîşankirina rêjdana dengan tê bikaranîn. Tempo leza muzîkê ye, aheng hevahengiya dengan e û melodî jî rêzika dengan e.",1,verified,https://en.wikipedia.org/wiki/Rhythm,approved,0.95,
ds_muzik_0111,ku-kmr,Muzîk,"Di muzîkê de, kîjan têgîn ji bo nîşankirina hevahengiya dengan tê bikaranîn?",Rîtm,Tempo,Aheng,Melodî,C,"Aheng di muzîkê de ji bo nîşankirina hevahengiya dengan tê bikaranîn. Rîtm rêjdana dengan e, tempo leza muzîkê ye û melodî jî rêzika dengan e.",2,verified,https://en.wikipedia.org/wiki/Harmony,approved,0.95,
ds_muzik_0112,ku-kmr,Muzîk,"Di muzîkê de, kîjan têgîn ji bo nîşankirina rêzika dengan tê bikaranîn?",Aheng,Rîtm,Tempo,Melodî,D,"Melodî di muzîkê de ji bo nîşankirina rêzika dengan tê bikaranîn. Aheng hevahengiya dengan e, rîtm rêjdana demê ye û tempo jî leza muzîkê ye.",1,verified,https://en.wikipedia.org/wiki/Melody,approved,0.95,
ds_muzik_0127,ku-kmr,Muzîk,Wolfgang Amadeus Mozart di kîjan welatî de ji dayik bûye?,Almanya,Fransa,Awistirya,Îtalya,C,"Mozart di sala 1756an de li bajarê Salzburgê, ku wê demê beşek ji Împaratoriya Romayê ya Pîroz bû û niha li Awistiryayê ye, ji dayik bûye.",1,verified,https://en.wikipedia.org/wiki/Wolfgang_Amadeus_Mozart,approved,0.95,
ds_muzik_0128,ku-kmr,Muzîk,Ludwig van Beethoven di serî de bi kîjan cureyê muzîkê tê naskirin?,Muzîka pop,Muzîka elektronîk,Muzîka cazê,Muzîka klasîk,D,Beethoven yek ji mezintirîn bestekarên muzîka klasîk e û di serî de bi senfonî û sonatên xwe yên navdar tê naskirin.,1,verified,https://en.wikipedia.org/wiki/Ludwig_van_Beethoven,approved,0.95,
ds_muzik_0129,ku-kmr,Muzîk,Kîjan bestekarê klasîk bi opera xwe ya 'The Magic Flute' tê naskirin?,Wolfgang Amadeus Mozart,Ludwig van Beethoven,Joseph Haydn,Franz Schubert,A,Mozart operaya 'The Magic Flute' (Die Zauberflöte) di sala 1791ê de nivîsî ye û ev opera yek ji navdartirîn operayên wî ye.,2,verified,https://en.wikipedia.org/wiki/The_Magic_Flute,approved,0.95,
ds_muzik_0130,ku-kmr,Muzîk,Joseph Haydn di serî de çend senfonî nivîsîne?,41,104,9,32,B,Haydn bi qasî 104 senfonî nivîsîne û ji ber vê yekê wekî 'bavê senfoniyê' tê naskirin.,2,verified,https://en.wikipedia.org/wiki/Joseph_Haydn,approved,0.95,
ds_muzik_0131,ku-kmr,Muzîk,Wolfgang Amadeus Mozart di kîjan salê de wefat kiriye?,1809,1756,1791,1827,C,"Mozart di 5ê kanûna pêşîn a sala 1791ê de li Viyanayê wefat kiriye, di 35 saliya xwe de.",2,verified,https://en.wikipedia.org/wiki/Wolfgang_Amadeus_Mozart,approved,0.95,
ds_muzik_0132,ku-kmr,Muzîk,Ludwig van Beethoven di kîjan bajarî de ji dayik bûye?,Viyana,Salzburg,Leipzig,Bonn,D,"Beethoven di 17ê kanûna pêşîn a sala 1770ê de li bajarê Bonnê, ku niha li Almanyayê ye, ji dayik bûye.",1,verified,https://en.wikipedia.org/wiki/Ludwig_van_Beethoven,approved,0.95,
ds_muzik_0133,ku-kmr,Muzîk,Kîjan bestekarê klasîk bi navê 'Bavê Senfoniyê' tê naskirin?,Joseph Haydn,Wolfgang Amadeus Mozart,Ludwig van Beethoven,Franz Schubert,A,Joseph Haydn ji ber hejmara zêde ya senfoniyên ku nivîsîne û bandora xwe ya li ser vê formê wekî 'Bavê Senfoniyê' tê naskirin.,1,verified,https://en.wikipedia.org/wiki/Joseph_Haydn,approved,0.95,
ds_muzik_0134,ku-kmr,Muzîk,Wolfgang Amadeus Mozart di kîjan salê de ji dayik bûye?,1770,1756,1791,1732,B,Mozart di 27ê kanûna paşîn a sala 1756an de li Salzburgê ji dayik bûye.,1,verified,https://en.wikipedia.org/wiki/Wolfgang_Amadeus_Mozart,approved,0.95,
ds_muzik_0135,ku-kmr,Muzîk,Ludwig van Beethoven di kîjan salê de wefat kiriye?,1791,1809,1827,1770,C,Beethoven di 26ê adara sala 1827ê de li Viyanayê wefat kiriye.,2,verified,https://en.wikipedia.org/wiki/Ludwig_van_Beethoven,approved,0.95,
ds_muzik_0136,ku-kmr,Muzîk,Kîjan bestekarê klasîk bi navê 'Peykerê Muzîkê' (The Statue of Music) tê naskirin?,Joseph Haydn,Wolfgang Amadeus Mozart,Franz Schubert,Ludwig van Beethoven,D,Beethoven ji ber qebareya xwe ya muzîkî û bandora xwe ya li ser muzîka klasîk wekî 'Peykerê Muzîkê' tê naskirin.,2,verified,https://en.wikipedia.org/wiki/Ludwig_van_Beethoven,approved,0.95,
ds_muzik_0137,ku-kmr,Muzîk,Joseph Haydn di kîjan salê de wefat kiriye?,1809,1791,1827,1756,A,Haydn di 31ê gulana sala 1809an de li Viyanayê wefat kiriye.,2,verified,https://en.wikipedia.org/wiki/Joseph_Haydn,approved,0.95,
ds_muzik_0139,ku-kmr,Muzîk,Ludwig van Beethoven di serî de bi kîjan senfonî tê naskirin?,Senfonî 1,Senfonî 3,Senfonî 5,Senfonî 6,C,"Beethoven bi Senfonî 5an a navdar, ku bi destpêka xwe ya 'da-da-da-dum' tê naskirin, herî zêde tê naskirin.",1,verified,https://en.wikipedia.org/wiki/Symphony_No._5_(Beethoven),approved,0.95,
ds_muzik_0140,ku-kmr,Muzîk,Kîjan bestekarê klasîk bi navê 'Mozartê Duyem' tê naskirin?,Joseph Haydn,Ludwig van Beethoven,Johann Sebastian Bach,Franz Schubert,D,Franz Schubert ji ber melodiyên xwe yên xweşik û muzîka xwe ya romantîk wekî 'Mozartê Duyem' tê naskirin.,2,verified,https://en.wikipedia.org/wiki/Franz_Schubert,approved,0.95,
ds_muzik_0141,ku-kmr,Muzîk,Joseph Haydn di kîjan welatî de ji dayik bûye?,Awistirya,Almanya,Fransa,Îtalya,A,"Haydn di sala 1732an de li bajarê Rohrau, Awistiryayê ji dayik bûye.",1,verified,https://en.wikipedia.org/wiki/Joseph_Haydn,approved,0.95,
ds_muzik_0142,ku-kmr,Muzîk,Wolfgang Amadeus Mozart di serî de bi kîjan cureyê muzîkê tê naskirin?,Senfonî,Opera,Caz,Rock,B,"Mozart di serî de bi opera û senfoniyên xwe yên navdar tê naskirin, lê opera yek ji wan cureyên herî girîng ên wî ye.",1,verified,https://en.wikipedia.org/wiki/Wolfgang_Amadeus_Mozart,approved,0.95,
ds_muzik_0143,ku-kmr,Muzîk,Ludwig van Beethoven di kîjan salê de ji dayik bûye?,1756,1732,1770,1791,C,Beethoven di 17ê kanûna pêşîn a sala 1770ê de li Bonnê ji dayik bûye.,1,verified,https://en.wikipedia.org/wiki/Ludwig_van_Beethoven,approved,0.95,
ds_muzik_0144,ku-kmr,Muzîk,Kîjan bestekarê klasîk bi navê 'Bavê Muzîka Klasîk' tê naskirin?,Wolfgang Amadeus Mozart,Ludwig van Beethoven,Franz Schubert,Joseph Haydn,D,Joseph Haydn ji ber bandora xwe ya li ser formên muzîkê yên klasîk wekî 'Bavê Muzîka Klasîk' tê naskirin.,2,verified,https://en.wikipedia.org/wiki/Joseph_Haydn,approved,0.95,
ds_muzik_0145,ku-kmr,Muzîk,Wolfgang Amadeus Mozart di kîjan welatî de wefat kiriye?,Awistirya,Almanya,Fransa,Îtalya,A,"Mozart di 5ê kanûna pêşîn a sala 1791ê de li Viyanayê, Awistiryayê wefat kiriye.",1,verified,https://en.wikipedia.org/wiki/Wolfgang_Amadeus_Mozart,approved,0.95,
ds_muzik_0146,ku-kmr,Muzîk,Ludwig van Beethoven di serî de bi kîjan opera tê naskirin?,Don Giovanni,Fidelio,The Magic Flute,The Creation,B,"Beethoven tenê yek opera nivîsî, bi navê 'Fidelio', ku yek ji navdartirîn operayên wî ye.",2,verified,https://en.wikipedia.org/wiki/Fidelio,approved,0.95,
ds_muzik_0147,ku-kmr,Muzîk,Joseph Haydn di serî de bi kîjan cureyê muzîkê tê naskirin?,Opera,Caz,Senfonî,Rock,C,Haydn di serî de bi senfoniyên xwe yên navdar tê naskirin û wekî 'Bavê Senfoniyê' tê binavkirin.,1,verified,https://en.wikipedia.org/wiki/Joseph_Haydn,approved,0.95,
ds_muzik_0149,ku-kmr,Muzîk,Wolfgang Amadeus Mozart di serî de bi kîjan formê muzîkê tê naskirin?,Opera,Senfonî,Caz,Rock,A,"Mozart di serî de bi opera û senfoniyên xwe yên navdar tê naskirin, lê opera yek ji wan formên herî girîng ên wî ye.",1,verified,https://en.wikipedia.org/wiki/Wolfgang_Amadeus_Mozart,approved,0.95,
ds_muzik_0150,ku-kmr,Muzîk,Ludwig van Beethoven di kîjan welatî de wefat kiriye?,Almanya,Awistirya,Fransa,Îtalya,B,"Beethoven di 26ê adara sala 1827ê de li Viyanayê, Awistiryayê wefat kiriye.",1,verified,https://en.wikipedia.org/wiki/Ludwig_van_Beethoven,approved,0.95,
ds_muzik_0151,ku-kmr,Muzîk,Kîjan bajar wekî navenda cazê ya dinyayê tê zanîn?,New York,Chicago,New Orleans,Los Angeles,C,"New Orleans ji ber ku caz di wê bajarê de çêbûye û pêşketiye, wekî navenda cazê ya dinyayê tê zanîn. Ev bajar bi dîroka xwe ya muzîkê û çanda xwe ya taybet ve girêdayî ye.",1,verified,https://en.wikipedia.org/wiki/Jazz,approved,0.95,
ds_muzik_0152,ku-kmr,Muzîk,Blues bi piranî ji kîjan herêmê derketiye?,Ji bakurê Dewletên Yekbûyî,Ji rojhilatê Dewletên Yekbûyî,Ji rojavayê Dewletên Yekbûyî,Ji başûrê Dewletên Yekbûyî,D,"Blues di dawiya sedsala 19an de li başûrê Dewletên Yekbûyî, bi taybetî li eyaleta Mississippi, ji muzîka afroamerîkî derketiye. Ev muzîk ji xemgîniya û zehmetiyên jiyanê derketiye holê.",1,verified,https://en.wikipedia.org/wiki/Blues,approved,0.95,
ds_muzik_0153,ku-kmr,Muzîk,Kîjan amûr di muzîka cazê de bi piranî tê bikaranîn?,Saksafon,Tembûr,Bilûr,Zirne,A,"Saksafon di muzîka cazê de amûreke sereke ye. Ji ber ku saksafon dikare with dengên xwe yên nerm û bihêz cihêrengiyê çêbike, ew ji bo cazê pir guncav e.",1,verified,https://en.wikipedia.org/wiki/Saxophone,approved,0.95,
ds_muzik_0155,ku-kmr,Muzîk,"Di sala 1920yan de, kîjan celeb muzîkê li Dewletên Yekbûyî herî zêde populer bû?",Rock,Pop,Jazz,Hip-hop,C,"Di salên 1920yan de, jazz li Dewletên Yekbûyî herî zêde populer bû. Ev serdem wekî 'Jazz Age' tê zanîn, ji ber ku jazz di wê demê de gelek pêşketiye û belav bûye.",1,verified,https://en.wikipedia.org/wiki/Jazz_Age,approved,0.95,
ds_muzik_0156,ku-kmr,Muzîk,Kîjan hunermend wekî 'King of Rock and Roll' tê naskirin?,Chuck Berry,Little Richard,Buddy Holly,Elvis Presley,D,"Elvis Presley wekî 'King of Rock and Roll' tê naskirin. Ew di sala 1935an de ji dayik bûye û bi stranên xwe yên rock and roll ên navdar, wekî 'Heartbreak Hotel', navdar bû.",1,verified,https://en.wikipedia.org/wiki/Elvis_Presley,approved,0.95,
ds_muzik_0159,ku-kmr,Muzîk,Kîjan strana navdar a popê ji aliyê Michael Jackson ve tê naskirin?,Like a Virgin,I Will Always Love You,Thriller,Respect,C,Michael Jackson bi strana xwe ya 'Thriller' pir navdar bû. Ev stran di sala 1982an de derketiye û wekî yek ji stranên herî navdar ên dîroka muzîkê tê hesibandin.,1,verified,https://en.wikipedia.org/wiki/Thriller_(song),approved,0.95,
ds_muzik_0161,ku-kmr,Muzîk,Kîjan hunermend wekî 'Queen of Soul' tê naskirin?,Aretha Franklin,Whitney Houston,Diana Ross,Tina Turner,A,"Aretha Franklin wekî 'Queen of Soul' tê naskirin. Ew di sala 1942an de ji dayik bûye û bi stranên xwe yên soul ên navdar, wekî 'Respect', navdar bû.",1,verified,https://en.wikipedia.org/wiki/Aretha_Franklin,approved,0.95,
ds_muzik_0162,ku-kmr,Muzîk,Kîjan celeb muzîkê di salên 1990yan de li Seattle derketiye?,Pop,Grunge,Hip-hop,Country,B,Grunge di salên 1990yan de li Seattle derketiye. Ev celeb muzîkê ji rockê derketiye û bi gîtarên xwe yên giran û dengên xwe yên xemgîn ve tê naskirin.,1,verified,https://en.wikipedia.org/wiki/Grunge,approved,0.95,
ds_muzik_0163,ku-kmr,Muzîk,Kîjan strana navdar a cazê ji aliyê Louis Armstrong ve tê naskirin?,My Way,Fly Me to the Moon,What a Wonderful World,Take Five,C,Louis Armstrong bi strana xwe ya 'What a Wonderful World' pir navdar bû. Ev stran di sala 1967an de derketiye û wekî yek ji klasîkên cazê tê hesibandin.,1,verified,https://en.wikipedia.org/wiki/What_a_Wonderful_World,approved,0.95,
ds_muzik_0165,ku-kmr,Muzîk,Kîjan amûr di muzîka bluesê de bi piranî tê bikaranîn?,Gîtar,Piyano,Baterî,Keman,A,"Gîtar di muzîka bluesê de amûreke sereke ye. Ji ber ku gîtar dikare with dengên xwe yên nerm û bihêz cihêrengiyê çêbike, ew ji bo bluesê pir guncav e.",1,verified,https://en.wikipedia.org/wiki/Blues,approved,0.95,
ds_muzik_0166,ku-kmr,Muzîk,Kîjan koma muzîkê bi strana xwe ya 'Bohemian Rhapsody' navdar bû?,Led Zeppelin,Queen,Pink Floyd,The Doors,B,Queen bi strana xwe ya 'Bohemian Rhapsody' pir navdar bû. Ev stran di sala 1975an de derketiye û wekî yek ji stranên herî navdar ên dîroka muzîkê tê hesibandin.,1,verified,https://en.wikipedia.org/wiki/Bohemian_Rhapsody,approved,0.95,
ds_muzik_0167,ku-kmr,Muzîk,Kîjan celeb muzîkê di salên 1940yan de li Dewletên Yekbûyî herî zêde populer bû?,Rock,Pop,Jazz,Hip-hop,C,"Di salên 1940yan de, jazz li Dewletên Yekbûyî herî zêde populer bû. Ev serdem wekî 'Swing Era' tê zanîn, ji ber ku jazz di wê demê de gelek pêşketiye û belav bûye.",1,verified,https://en.wikipedia.org/wiki/Swing_music,approved,0.95,
ds_muzik_0168,ku-kmr,Muzîk,Kîjan hunermend wekî 'King of Pop' tê naskirin?,Elvis Presley,Prince,Madonna,Michael Jackson,D,"Michael Jackson wekî 'King of Pop' tê naskirin. Ew di sala 1958an de ji dayik bûye û bi stranên xwe yên pop ên navdar, wekî 'Thriller', navdar bû.",1,verified,https://en.wikipedia.org/wiki/Michael_Jackson,approved,0.95,
ds_muzik_0170,ku-kmr,Muzîk,Kîjan strana navdar a rockê ji aliyê The Rolling Stones ve tê naskirin?,Hey Jude,(I Can't Get No) Satisfaction,Stairway to Heaven,Hotel California,B,The Rolling Stones bi strana xwe ya '(I Can't Get No) Satisfaction' pir navdar bûn. Ev stran di sala 1965an de derketiye û wekî yek ji klasîkên rockê tê hesibandin.,1,verified,https://en.wikipedia.org/wiki/(I_Can%27t_Get_No)_Satisfaction,approved,0.95,
ds_muzik_0172,ku-kmr,Muzîk,Kîjan amûr di muzîka popê de bi piranî tê bikaranîn?,Tembûr,Bilûr,Zirne,Sentezker,D,"Sentezker di muzîka popê de amûreke sereke ye. Ji ber ku sentezker dikare with dengên xwe yên elektronîk cihêrengiyê çêbike, ew ji bo popê pir guncav e.",1,verified,https://en.wikipedia.org/wiki/Synthesizer,approved,0.95,
ds_muzik_0176,ku-kmr,Muzîk,Operayê de dengbêj bi piranî bi kîjan awayî stranan dibêjin?,Bi mikrofonê,Bi kasetê,Bi radyoyê,Bê mikrofon,D,"Di operayê de dengbêj bi piranî bê mikrofon stranan dibêjin. Ev yek ji ber ku dengê wan bi xwezayî û bi hêz e, û di salonên operayê de akustîk baş e.",1,verified,https://en.wikipedia.org/wiki/Opera,approved,0.95,
ds_muzik_0177,ku-kmr,Muzîk,Senfonî bi piranî ji bo kîjan amûran tê nivîsandin?,Orkestrayê,Piyanoyê,Kemançeyê,Tembûrê,A,"Senfonî bi piranî ji bo orkestrayê tê nivîsandin. Orkestra ji gelek amûran pêk tê, wek têl, nefes û perkeyên lêdanê.",1,verified,https://en.wikipedia.org/wiki/Symphony,approved,0.95,
ds_muzik_0178,ku-kmr,Muzîk,"Di operayê de, kîjan peyv ji bo strana yekdeng tê bikaranîn?",Koros,Arya,Rîtm,Melodî,B,"Di operayê de, arya ji bo strana yekdeng tê bikaranîn. Arya bi piranî ji bo nîşandana hestên leheng hatiye nivîsandin.",2,verified,https://en.wikipedia.org/wiki/Aria,approved,0.95,
ds_muzik_0179,ku-kmr,Muzîk,Kîjan bestekar bi opera xwe ya 'The Magic Flute' tê naskirin?,Joseph Haydn,Ludwig van Beethoven,Wolfgang Amadeus Mozart,Johann Sebastian Bach,C,Wolfgang Amadeus Mozart bi opera xwe ya 'The Magic Flute' (Die Zauberflöte) tê naskirin. Ev opera di sala 1791ê de hatiye nivîsandin.,2,verified,https://en.wikipedia.org/wiki/The_Magic_Flute,approved,0.95,
ds_muzik_0180,ku-kmr,Muzîk,Senfonî bi piranî ji çend beşan pêk tê?,Sê beşan,Du beşan,Pênc beşan,Çar beşan,D,"Senfonî bi piranî ji çar beşan pêk tê. Ev beş bi leza xwe ji hev cihê ne: yekem lezgîn, duyem hêdî, sêyem reqas û çarem lezgîn.",2,verified,https://en.wikipedia.org/wiki/Symphony,approved,0.95,
ds_muzik_0181,ku-kmr,Muzîk,"Di senfoniyê de, kîjan amûr bi piranî rêberiya orkestrayê dike?",Kemançe,Piyano,Tembûr,Bilûr,A,"Di senfoniyê de, kemançe bi piranî rêberiya orkestrayê dike. Kemançe bi dengê xwe yê bilind û zelal, melodiya sereke dilîze.",1,verified,https://en.wikipedia.org/wiki/Violin,approved,0.95,
ds_muzik_0182,ku-kmr,Muzîk,"Operayê de, kîjan peyv ji bo koma dengbêjan tê bikaranîn?",Arya,Koros,Solîst,Rîtm,B,"Di operayê de, koros ji bo koma dengbêjan tê bikaranîn. Koros bi piranî ji bo nîşandana hestên gel an jî komê tê bikaranîn.",2,verified,https://en.wikipedia.org/wiki/Choir,approved,0.95,
ds_muzik_0183,ku-kmr,Muzîk,Kîjan bestekar bi navê 'Bavê Senfoniyê' tê naskirin?,Wolfgang Amadeus Mozart,Ludwig van Beethoven,Joseph Haydn,Johann Sebastian Bach,C,Joseph Haydn bi navê 'Bavê Senfoniyê' tê naskirin. Wî bi qasî 104 senfonî nivîsîne û ev form di destê wî de gelek pêşketiye.,2,verified,https://en.wikipedia.org/wiki/Joseph_Haydn,approved,0.95,
ds_muzik_0190,ku-kmr,Muzîk,Kîjan bestekar bi opera xwe ya 'Carmen' tê naskirin?,Wolfgang Amadeus Mozart,Georges Bizet,Ludwig van Beethoven,Giuseppe Verdi,B,Georges Bizet bi opera xwe ya 'Carmen' tê naskirin. Ev opera di sala 1875ê de hatiye nivîsandin û yek ji navdartirîn operayên fransî ye.,2,verified,https://en.wikipedia.org/wiki/Carmen,approved,0.95,
ds_muzik_0195,ku-kmr,Muzîk,"Operayê de, kîjan peyv ji bo strana çar dengbêjan tê bikaranîn?",Trio,Dûet,Kuartet,Arya,C,"Di operayê de, kuartet ji bo strana çar dengbêjan tê bikaranîn. Kuartet bi piranî ji bo nîşandana têkiliya di navbera çar lehengên operayê de tê bikaranîn.",2,verified,https://en.wikipedia.org/wiki/Quartet,approved,0.95,
ds_muzik_0200,ku-kmr,Muzîk,"Di senfoniyê de, kîjan amûr bi piranî di beşa têlan de cih digire û bi kemanê re dişibe?",Bilûr,Tembûr,Def,Viyola,D,"Di senfoniyê de, viyola bi piranî di beşa têlan de cih digire û bi kemanê re dişibe. Viyola ji kemanê mezintir e û dengê wê kûrtir e.",1,verified,https://en.wikipedia.org/wiki/Viola,approved,0.95,
ds_muzik_0201,ku-kmr,Muzîk,Kîjan têgîn dengê ku ji ber lerzîna tiştekî çêdibe diyar dike?,Deng,Ahenk,Rîtm,Nota,A,"Deng ji ber lerzîna tiştekî çêdibe û bi guh tê bihîstin. Ahenk, rîtm û nota jî têgînên muzîkê ne lê ew deng bi xwe nîşan nadin.",1,verified,https://en.wikipedia.org/wiki/Sound,approved,0.95,
ds_muzik_0202,ku-kmr,Muzîk,"Di muzîkê de, rêjdana dengan li gorî demê çi tê gotin?",Ahenk,Rîtm,Melodî,Armonî,B,"Rîtm rêjdana dengan li gorî demê ye. Ahenk bilindahiya dengan, melodî rêzika dengan û armonî jî hevahengiya dengan diyar dike.",1,verified,https://en.wikipedia.org/wiki/Rhythm,approved,0.95,
ds_muzik_0203,ku-kmr,Muzîk,Kîjan têgîn bilindahiya dengan di muzîkê de diyar dike?,Rîtm,Tempo,Pitch,Dînamîk,C,"Pitch bilindahiya dengan diyar dike. Rîtm demê, tempo lezê û dînamîk jî bihêzbûna dengan nîşan dide.",1,verified,https://en.wikipedia.org/wiki/Pitch_(music),approved,0.95,
ds_muzik_0204,ku-kmr,Muzîk,"Di muzîkê de, hevahengiya dengan ku bi hev re têne lêdan çi ye?",Melodî,Rîtm,Kontrpuan,Armonî,D,"Armonî hevahengiya dengan e ku bi hev re têne lêdan. Melodî rêzika dengan, rîtm demê û kontrpuan jî tevliheviya melodiyan e.",2,verified,https://en.wikipedia.org/wiki/Harmony,approved,0.95,
ds_muzik_0205,ku-kmr,Muzîk,Kîjan têgîn leza muzîkê bi piranî bi 'beats per minute' pîvan dike?,Tempo,Rîtm,Metre,Dinamîk,A,"Tempo leza muzîkê bi pîvana 'beats per minute' diyar dike. Rîtm rêjdana dengan, metre pîvana demê û dînamîk jî bihêzbûna dengan e.",1,verified,https://en.wikipedia.org/wiki/Tempo,approved,0.95,
ds_muzik_0211,ku-kmr,Muzîk,Kîjan têgîn ji bo nîşankirina leza muzîkê tê bikaranîn?,Nota,Rîtm,Tempo,Dînamîk,C,"Tempo ji bo nîşankirina leza muzîkê tê bikaranîn. Nota bilindahiyê, rîtm demê û dînamîk jî bihêzbûna dengan nîşan dide.",1,verified,https://en.wikipedia.org/wiki/Tempo,approved,0.95,
ds_muzik_0213,ku-kmr,Muzîk,Kîjan têgîn ji bo nîşankirina hevahengiya dengan tê bikaranîn?,Armonî,Rîtm,Tempo,Nota,A,"Armonî ji bo nîşankirina hevahengiya dengan tê bikaranîn. Rîtm demê, tempo lezê û nota jî bilindahiyê nîşan dide.",2,verified,https://en.wikipedia.org/wiki/Harmony,approved,0.95,
ds_muzik_0218,ku-kmr,Muzîk,"Di muzîkê de, kîjan têgîn ji bo nîşankirina leza dengan tê bikaranîn?",Rîtm,Tempo,Armonî,Melodî,B,"Tempo ji bo nîşankirina leza dengan tê bikaranîn. Rîtm demê, armonî hevahengiyê û melodî jî rêzika dengan nîşan dide.",1,verified,https://en.wikipedia.org/wiki/Tempo,approved,0.95,
ds_muzik_0219,ku-kmr,Muzîk,Kîjan têgîn ji bo nîşankirina rêjdana dengan bi demê re tê bikaranîn?,Tempo,Armonî,Rîtm,Melodî,C,"Rîtm ji bo nîşankirina rêjdana dengan bi demê re tê bikaranîn. Tempo lezê, armonî hevahengiyê û melodî jî rêzika dengan nîşan dide.",1,verified,https://en.wikipedia.org/wiki/Rhythm,approved,0.95,
ds_muzik_0220,ku-kmr,Muzîk,"Di muzîkê de, kîjan têgîn ji bo nîşankirina hevahengiya çend dengan tê bikaranîn?",Rîtm,Tempo,Melodî,Armonî,D,"Armonî ji bo nîşankirina hevahengiya çend dengan tê bikaranîn. Rîtm demê, tempo lezê û melodî jî rêzika dengan nîşan dide.",2,verified,https://en.wikipedia.org/wiki/Harmony,approved,0.95,
ds_muzik_0221,ku-kmr,Muzîk,Kîjan têgîn ji bo nîşankirina rêzika melodîk a dengan tê bikaranîn?,Melodî,Rîtm,Tempo,Armonî,A,"Melodî ji bo nîşankirina rêzika melodîk a dengan tê bikaranîn. Rîtm demê, tempo lezê û armonî jî hevahengiya dengan nîşan dide.",1,verified,https://en.wikipedia.org/wiki/Melody,approved,0.95,
ds_muzik_0222,ku-kmr,Muzîk,"Di muzîkê de, kîjan têgîn ji bo nîşankirina bilindahiya taybet a dengan tê bikaranîn?",Rîtm,Pitch,Tempo,Armonî,B,"Pitch ji bo nîşankirina bilindahiya taybet a dengan tê bikaranîn. Rîtm demê, tempo lezê û armonî jî hevahengiya dengan nîşan dide.",2,verified,https://en.wikipedia.org/wiki/Pitch_(music),approved,0.95,
ds_muzik_0226,ku-kmr,Muzîk,Kîjan amûr bi piranî di muzîka halkê ya kurdî de ji bo dengbêjiyê tê bikaranîn?,Keman,Tembûr,Piyano,Gîtar,B,"Tembûr di muzîka kurdî de amûra herî navdar e û bi piranî ji bo dengbêjiyê tê bikaranîn. Keman, piyano û gîtar jî têne bikaranîn lê tembûr ji bo dengbêjiyê ya herî taybet e.",1,verified,https://en.wikipedia.org/wiki/Tembûr,approved,0.95,
ds_muzik_0227,ku-kmr,Muzîk,Kîjan celeb muzîk bi piranî ji bo şînê tê gotin?,Strana dîlanê,Strana zarokan,Strana xemgîn,Strana evînê,C,"Strana xemgîn bi piranî ji bo şînê tê gotin. Strana dîlanê ji bo dawetê ye, strana zarokan ji bo zarokan e û strana evînê ji bo evînê ye.",1,verified,https://en.wikipedia.org/wiki/Folk_music,approved,0.95,
ds_muzik_0238,ku-kmr,Muzîk,Kîjan celeb muzîkê di salên 1930yan de li Dewletên Yekbûyî herî zêde populer bû?,Rock,Swing,Pop,Hip-hop,B,"Swing di salên 1930yan de li Dewletên Yekbûyî herî zêde populer bû. Rock di salên 1950yan de, pop di salên 1980yan de û hip-hop di salên 1990yan de populer bûn.",2,verified,https://en.wikipedia.org/wiki/Swing_music,approved,0.95,
ds_muzik_0240,ku-kmr,Muzîk,Kîjan celeb muzîkê di salên 1990yan de li Dewletên Yekbûyî herî zêde populer bû?,Caz,Blues,Klasîk,Hip-hop,D,"Hip-hop di salên 1990yan de li Dewletên Yekbûyî herî zêde populer bû. Caz di salên 1920yan de, blues di salên 1940yan de û klasîk di sedsala 18an de populer bûn.",2,verified,https://en.wikipedia.org/wiki/Hip_hop_music,approved,0.95,
ds_sinema_0027,ku-kmr,Sînema,Kîjan fîlmê Bahman Ghobadi li ser jiyana du zarokan ên ku di qada şer de li Kurdistanê dijîn e?,Half Moon,Turtles Can Fly,A Time for Drunken Horses,No One Knows About Persian Cats,C,Fîlma 'A Time for Drunken Horses' (Demê Hespên Serxweş) di sala 2000î de derketiye û çîroka du birayên êtîm ên ku li ser sînorê Îran û Îraqê dijîn vedibêje. Ev fîlm di festîvalên navneteweyî de gelek xelat wergirtine.,2,verified,https://en.wikipedia.org/wiki/A_Time_for_Drunken_Horses,approved,0.95,
ds_sinema_0032,ku-kmr,Sînema,Kîjan fîlmê Bahman Ghobadi di sala 2000î de derketiye?,Turtles Can Fly,Half Moon,No One Knows About Persian Cats,A Time for Drunken Horses,D,Fîlma 'A Time for Drunken Horses' di sala 2000î de derketiye. Ev fîlm yekem fîlma dirêj a Bahman Ghobadi ye û li ser jiyana zarokên kurd ên li ser sînorê Îran û Îraqê ye.,2,verified,https://en.wikipedia.org/wiki/A_Time_for_Drunken_Horses,approved,0.95,
ds_sinema_0037,ku-kmr,Sînema,Fîlma 'A Time for Drunken Horses' a Bahman Ghobadi çîroka kîjan kesan vedibêje?,Zarokên êtîm ên kurd,Muzîkjenên kurd,Leşkerên kurd,Gundiyên kurd,A,Fîlma 'A Time for Drunken Horses' çîroka du birayên êtîm ên kurd vedibêje ku li ser sînorê Îran û Îraqê dijîn. Yek ji birayan nexweş e û birayê wî yê mezin hewl dide ku dermanekî ji bo wî peyda bike.,2,verified,https://en.wikipedia.org/wiki/A_Time_for_Drunken_Horses,approved,0.95,
ds_sinema_0038,ku-kmr,Sînema,Kîjan fîlmê Bahman Ghobadi di festîvala fîlman a Berlînê de xelat wergirtiye?,Turtles Can Fly,A Time for Drunken Horses,Half Moon,No One Knows About Persian Cats,B,Fîlma 'A Time for Drunken Horses' di Festîvala Fîlman a Berlînê de di sala 2000î de Xelata Mezin a Juriya wergirtiye. Ev yek ji serkeftinên herî mezin ên sînemaya kurdî ye.,3,verified,https://en.wikipedia.org/wiki/A_Time_for_Drunken_Horses,approved,0.95,
ds_sinema_0045,ku-kmr,Sînema,Bahman Ghobadi di kîjan fîlmê xwe de li ser jiyana zarokên êtîm ên kurd fîlm çêkiriye?,A Time for Drunken Horses,Turtles Can Fly,Half Moon,No One Knows About Persian Cats,A,Fîlma 'A Time for Drunken Horses' çîroka du birayên êtîm ên kurd vedibêje. Ev fîlm di sala 2000î de derketiye û yekem fîlma dirêj a Bahman Ghobadi ye.,2,verified,https://en.wikipedia.org/wiki/A_Time_for_Drunken_Horses,approved,0.95,
ds_sinema_0048,ku-kmr,Sînema,Bahman Ghobadi di kîjan fîlmê xwe de li ser jiyana gundiyên kurd fîlm çêkiriye?,Turtles Can Fly,Half Moon,No One Knows About Persian Cats,A Time for Drunken Horses,D,Fîlma 'A Time for Drunken Horses' li ser jiyana gundiyên kurd ên li ser sînorê Îran û Îraqê ye. Ev fîlm di sala 2000î de derketiye û yekem fîlma dirêj a Bahman Ghobadi ye.,2,verified,https://en.wikipedia.org/wiki/A_Time_for_Drunken_Horses,approved,0.95,
ds_sinema_0053,ku-kmr,Sînema,Kîjan derhênera kurd fîlma 'Dort Augen' derxistiye?,Yüksel Yavuz,Nizamettin Ariç,Hiner Saleem,Mahmut Kaya,A,Yüksel Yavuz derhênerê kurd e ku fîlma 'Dort Augen' derxistiye. Ev fîlm li ser jiyana kurdan e.,3,verified,https://en.wikipedia.org/wiki/Yüksel_Yavuz,approved,0.95,
ds_sinema_0054,ku-kmr,Sînema,"Di fîlma 'Kilama Kurda' de, kîjan derhênerê kurd derhênerî kiriye?",Hiner Saleem,Nizamettin Ariç,Yılmaz Güney,Şerif Gören,B,Fîlma 'Kilama Kurda' ji aliyê Nizamettin Ariç ve hatiye derhênerîkirin. Ev fîlm yek ji fîlmên pêşîn ên kurdî ye.,1,verified,https://en.wikipedia.org/wiki/Nizamettin_Ariç,approved,0.95,
ds_sinema_0059,ku-kmr,Sînema,Kîjan fîlma Nizamettin Ariç li ser jiyana kurdan e?,Sès,Tir,Kilama Kurda,Yol,C,Fîlma 'Kilama Kurda' ya Nizamettin Ariç li ser jiyana kurdan e. Ev fîlm bi kurdî hatiye kişandin.,1,verified,https://en.wikipedia.org/wiki/Nizamettin_Ariç,approved,0.95,
ds_sinema_0063,ku-kmr,Sînema,"Di fîlma 'A Time for Drunken Horses' a Bahman Ghobadi de, kîjan zarok lîstiye?",Soran Ebrahim,Hossein Alizadeh,Ayoub Ahmadi,Sadegh Safaei,C,"Di fîlma 'A Time for Drunken Horses' a Bahman Ghobadi de, Ayoub Ahmadi lîstiye. Ev fîlm li ser jiyana zarokên kurd e.",3,verified,https://en.wikipedia.org/wiki/A_Time_for_Drunken_Horses,approved,0.95,
ds_sinema_0068,ku-kmr,Sînema,Kîjan fîlma Bahman Ghobadi li ser jiyana zarokên penaber ên kurd e?,Turtles Can Fly,Half Moon,No One Knows About Persian Cats,A Time for Drunken Horses,D,Fîlma 'A Time for Drunken Horses' a Bahman Ghobadi li ser jiyana zarokên penaber ên kurd e. Ev fîlm li ser jiyana zarokên êtîm e.,2,verified,https://en.wikipedia.org/wiki/A_Time_for_Drunken_Horses,approved,0.95,
ds_sinema_0077,ku-kmr,Sînema,"Di kîjan salê de fîlma yekem a bi deng, 'The Jazz Singer', derket?",1927,1929,1931,1925,A,Fîlma 'The Jazz Singer' di sala 1927an de derket û bi vî awayî destpêka serdema fîlmên bi deng hat kirin.,1,verified,https://en.wikipedia.org/wiki/The_Jazz_Singer,approved,0.95,
ds_sinema_0080,ku-kmr,Sînema,Kîjan derhênerê amerîkî fîlma 'The Birth of a Nation' derxist?,Cecil B. DeMille,Charlie Chaplin,Buster Keaton,D.W. Griffith,D,D.W. Griffith derhênerê vî fîlmî yê nakokî ye ku di sala 1915an de derket û ji bo teknîkên xwe yên sînemayî tê zanîn.,2,verified,https://en.wikipedia.org/wiki/The_Birth_of_a_Nation,approved,0.95,
ds_sinema_0081,ku-kmr,Sînema,Di kîjan salê de fîlma 'Metropolis' a Fritz Lang derket?,1927,1929,1925,1931,A,Fîlma 'Metropolis' di sala 1927an de derket û weke yek ji yekem fîlmên zanistî-xeyalî yên dirêj tê zanîn.,1,verified,https://en.wikipedia.org/wiki/Metropolis_(1927_film),approved,0.95,
ds_sinema_0082,ku-kmr,Sînema,Kîjan derhênerê îngilîz fîlma 'The Lodger: A Story of the London Fog' derxist?,Michael Powell,Alfred Hitchcock,David Lean,Carol Reed,B,Alfred Hitchcock derhênerê vî fîlmî yê bêdeng e ku di sala 1927an de derket û weke yek ji berhemên wî yên destpêkê tê zanîn.,2,verified,https://en.wikipedia.org/wiki/The_Lodger:_A_Story_of_the_London_Fog,approved,0.95,
ds_sinema_0084,ku-kmr,Sînema,Kîjan derhênerê rûs fîlma 'The Man with a Movie Camera' derxist?,Sergei Eisenstein,Vsevolod Pudovkin,Alexander Dovzhenko,Dziga Vertov,D,Dziga Vertov derhênerê vî belgefîlmî yê ezmûnî ye ku di sala 1929an de derket û ji bo teknîkên montajê yên xwe tê zanîn.,3,verified,https://en.wikipedia.org/wiki/Man_with_a_Movie_Camera,approved,0.95,
ds_sinema_0085,ku-kmr,Sînema,Di kîjan salê de fîlma 'Gone with the Wind' derket?,1939,1940,1938,1941,A,Ev fîlma epîk a amerîkî di sala 1939an de derket û weke yek ji fîlmên herî bi dahatî yên wê serdemê tê zanîn.,1,verified,https://en.wikipedia.org/wiki/Gone_with_the_Wind_(film),approved,0.95,
ds_sinema_0086,ku-kmr,Sînema,Kîjan derhênerê japonî fîlma 'Rashomon' derxist?,Kenji Mizoguchi,Akira Kurosawa,Yasujirō Ozu,Masaki Kobayashi,B,Akira Kurosawa derhênerê vî fîlmî ye ku di sala 1950î de derket û sînemaya japonî da nasandin cîhanê.,2,verified,https://en.wikipedia.org/wiki/Rashomon,approved,0.95,
ds_sinema_0087,ku-kmr,Sînema,Di kîjan salê de fîlma 'Bicycle Thieves' a Vittorio De Sica derket?,1950,1946,1948,1952,C,Ev fîlma îtalyan a neorealîst di sala 1948an de derket û weke yek ji berhemên herî girîng ên vî tevgerî tê zanîn.,2,verified,https://en.wikipedia.org/wiki/Bicycle_Thieves,approved,0.95,
ds_sinema_0088,ku-kmr,Sînema,Kîjan derhênera amerîkî fîlma 'The Hurt Locker' derxist?,Sofia Coppola,Ava DuVernay,Greta Gerwig,Kathryn Bigelow,D,Kathryn Bigelow derhênera vî fîlmî ye û bi wî fîlmî bû yekem jina ku Xelata Oscarê ji bo derhêneriya herî baş wergirt.,2,verified,https://en.wikipedia.org/wiki/The_Hurt_Locker,approved,0.95,
ds_sinema_0089,ku-kmr,Sînema,Di kîjan salê de fîlma 'The Godfather' a Francis Ford Coppola derket?,1972,1971,1973,1974,A,Fîlma 'The Godfather' di sala 1972an de derket û weke yek ji fîlmên herî girîng ên dîroka sînemayê tê zanîn.,1,verified,https://en.wikipedia.org/wiki/The_Godfather,approved,0.95,
ds_sinema_0090,ku-kmr,Sînema,Kîjan derhênerê polonî fîlma 'The Pianist' derxist?,Andrzej Wajda,Roman Polanski,Krzysztof Kieślowski,Paweł Pawlikowski,B,Roman Polanski derhênerê vî fîlmî ye ku di sala 2002yan de derket û li ser jiyana Władysław Szpilman e.,2,verified,https://en.wikipedia.org/wiki/The_Pianist_(2002_film),approved,0.95,
ds_sinema_0091,ku-kmr,Sînema,Di kîjan salê de fîlma 'Citizen Kane' a Orson Welles derket?,1942,1940,1941,1943,C,Ev fîlma efsanewî di sala 1941ê de derket û bi gelemperî weke yek ji fîlmên herî baş ên dîrokê tê hesibandin.,1,verified,https://en.wikipedia.org/wiki/Citizen_Kane,approved,0.95,
ds_sinema_0094,ku-kmr,Sînema,Kîjan derhênerê îranî fîlma 'A Separation' derxist?,Abbas Kiarostami,Asghar Farhadi,Jafar Panahi,Mohsen Makhmalbaf,B,Asghar Farhadi derhênerê vî fîlmî ye ku di sala 2011ê de derket û Xelata Oscarê ya fîlma biyanî ya herî baş wergirt.,2,verified,https://en.wikipedia.org/wiki/A_Separation,approved,0.95,
ds_sinema_0096,ku-kmr,Sînema,Kîjan derhênerê meksîkî fîlma 'Birdman' derxist?,Alfonso Cuarón,Guillermo del Toro,Carlos Reygadas,Alejandro González Iñárritu,D,Alejandro González Iñárritu derhênerê vî fîlmî ye ku di sala 2014an de derket û Xelata Oscarê ji bo derhêneriya herî baş wergirt.,2,verified,https://en.wikipedia.org/wiki/Birdman_(film),approved,0.95,
ds_sinema_0097,ku-kmr,Sînema,Di kîjan salê de fîlma 'Psycho' a Alfred Hitchcock derket?,1960,1959,1961,1962,A,Fîlma 'Psycho' di sala 1960î de derket û weke yek ji fîlmên herî bibandor ên şêwaza thriller tê zanîn.,1,verified,https://en.wikipedia.org/wiki/Psycho_(1960_film),approved,0.95,
ds_sinema_0099,ku-kmr,Sînema,Di kîjan salê de fîlma 'The Bicycle Thief' a Vittorio De Sica derket?,1947,1949,1948,1950,C,Ev fîlma îtalyan di sala 1948an de derket û weke yek ji berhemên herî girîng ên neorealîzmê tê zanîn.,2,verified,https://en.wikipedia.org/wiki/Bicycle_Thieves,approved,0.95,
ds_sinema_0100,ku-kmr,Sînema,Kîjan derhênerê amerîkî fîlma 'Schindler's List' derxist?,Martin Scorsese,Francis Ford Coppola,George Lucas,Steven Spielberg,D,Steven Spielberg derhênerê vî fîlmî ye ku di sala 1993an de derket û li ser holokostê ye.,1,verified,https://en.wikipedia.org/wiki/Schindler%27s_List,approved,0.95,
ds_sinema_0102,ku-kmr,Sînema,Kîjan têgeha sînemayê ji bo rêza wêneyan a ku piştî kişandinê tê birîn û li hev tê zeliqandin tê bikaranîn?,Senaryo,Montaj,Kadraj,Diyalog,B,"Montaj (editing) pêvajoya hilbijartin, birîn û lihevxistina wêneyan e ji bo çêkirina fîlmekî. Senaryo çîroka fîlmê ye, kadraj wêneya ku di kamerayê de tê dîtin e, diyalog jî axaftina karakteran e.",1,verified,https://en.wikipedia.org/wiki/Film_editing,approved,0.95,
ds_sinema_0104,ku-kmr,Sînema,"Di fîlmekî de, kîjan kes berpirsiyarê biryara cihê kamerayê û tevgera aktoran e?",Senarîst,Montajker,Kameraman,Derhêner,D,"Derhêner (rejîsor) berpirsiyarê vîzyona fîlmê ye û biryar dide ka kamera li ku be û aktor çawa bilivin. Senarîst çîrokê dinivîse, montajker wêneyan dibire û dizeliqîne, kameraman jî wêneyan digire.",1,verified,https://en.wikipedia.org/wiki/Film_director,approved,0.95,
ds_sinema_0106,ku-kmr,Sînema,Di kîjan salê de fîlma yekem a bi navê 'La Sortie de l'usine Lumière à Lyon' ji aliyê Auguste û Louis Lumière ve hate kişandin?,1905,1895,1915,1925,B,Fîlma 'La Sortie de l'usine Lumière à Lyon' di sala 1895an de ji aliyê birayên Lumière ve hate kişandin. Ev fîlm yek ji fîlmên yekem ên dîrokê ye û destpêka sînemayê nîşan dide.,2,verified,https://en.wikipedia.org/wiki/Workers_Leaving_the_Lumi%C3%A8re_Factory,approved,0.95,
ds_sinema_0107,ku-kmr,Sînema,Kîjan têgeha sînemayê ji bo rêbaza ku tê de kameraya ji cihê xwe diçe û wêneyê dişopîne tê bikaranîn?,Kadra sabît,Kadra statîk,Kadra tevger,Kadra rast,C,"Kadra tevger (moving shot) wêneyekî ku kamera bi tevgera xwe re çêdike ye. Ev tevger dikare bi kameraya destan, bi dolly an jî bi crane ve be. Kadra sabît jî wêneyekî ku kamera di cihê xwe de disekine ye.",2,verified,https://en.wikipedia.org/wiki/Shot_(filmmaking),approved,0.95,
ds_sinema_0109,ku-kmr,Sînema,Kîjan têgeha sînemayê ji bo pêvajoya hilbijartina wêneyan û lihevxistina wan ji bo çêkirina fîlmekî tê bikaranîn?,Montaj,Kadraj,Senaryo,Diyalog,A,"Montaj (editing) pêvajoya hilbijartina wêneyan, birîna wan û lihevxistina wan e ji bo çêkirina fîlmekî. Ev pêvajo ji bo kontrolkirina rîtm û çîrokbêjiya fîlmê girîng e. Kadraj wêneya ku tê dîtin e, senaryo çîrok e, diyalog jî axaftin e.",1,verified,https://en.wikipedia.org/wiki/Film_editing,approved,0.95,
ds_sinema_0110,ku-kmr,Sînema,"Di fîlmekî de, kîjan kes berpirsiyarê nivîsandina çîrok û diyalogan e?",Derhêner,Senarîst,Montajker,Kameraman,B,"Senarîst (screenwriter) kesê ku çîrok, diyalog û senaryoya fîlmê dinivîse ye. Derhêner vîzyona fîlmê kontrol dike, montajker wêneyan dibire, kameraman jî wêneyan digire. Senaryo bingeha fîlmê ye.",1,verified,https://en.wikipedia.org/wiki/Screenwriter,approved,0.95,
ds_sinema_0112,ku-kmr,Sînema,"Di kîjan salê de fîlma 'The Jazz Singer' a ku yekem fîlma bi deng e, derket?",1937,1947,1957,1927,D,Fîlma 'The Jazz Singer' di sala 1927an de derket û wek yekem fîlma bi deng tê zanîn. Ev fîlm destpêka serdema fîlmên bi deng e û sînemaya bêdeng guherand.,2,verified,https://en.wikipedia.org/wiki/The_Jazz_Singer,approved,0.95,
ds_sinema_0115,ku-kmr,Sînema,Kîjan têgeha sînemayê ji bo rêbaza ku tê de kamera bi tevgera xwe re wêneyekî nû çêdike tê bikaranîn?,Kadra statîk,Kadra sabît,Kadra tevger,Kadra rast,C,"Kadra tevger (moving shot) wêneyekî ku kamera bi tevgera xwe re çêdike ye. Ev tevger dikare bi dolly, crane an jî bi destan be. Kadra statîk an jî sabît jî wêneyekî ku kamera di cihê xwe de disekine ye.",2,verified,https://en.wikipedia.org/wiki/Shot_(filmmaking),approved,0.95,
ds_sinema_0118,ku-kmr,Sînema,"Di fîlmekî de, kîjan kes berpirsiyarê birîna wêneyan û lihevxistina wan e?",Derhêner,Montajker,Senarîst,Kameraman,B,"Montajker (editor) berpirsiyarê birîna wêneyan, hilbijartina wan û lihevxistina wan e ji bo çêkirina fîlmekî. Derhêner vîzyona fîlmê kontrol dike, senarîst çîrokê dinivîse, kameraman jî wêneyan digire.",1,verified,https://en.wikipedia.org/wiki/Film_editor,approved,0.95,
ds_sinema_0126,ku-kmr,Sînema,Nîzoya ronahiyê ya ku di sînemayê de ji bo afirandina wêneyan tê bikaranîn çi ye?,Pêla deng,Tîrêja ronahiyê,Pêla avê,Tîrêja germê,B,"Di sînemayê de, wêne bi tîrêjên ronahiyê yên ku li ser fîlmê an jî senzorê dikevin tê afirandin. Tîrêja ronahiyê pêkhateya bingehîn a wêneyê sînemayê ye.",1,verified,https://en.wikipedia.org/wiki/Film,approved,0.95,
ds_sinema_0127,ku-kmr,Sînema,Kîjan derhênerê îtalyan fîlma 'Bicycle Thieves' derxistiye?,Federico Fellini,Roberto Rossellini,Vittorio De Sica,Luchino Visconti,C,'Bicycle Thieves' fîlmekî navdar ê neorealîzmê ye ku di sala 1948an de ji aliyê Vittorio De Sica ve hatiye derxistin. Ev fîlm çîroka bav û kurê ku li pey bisîkleteke diziyayî digerin vedibêje.,2,verified,https://en.wikipedia.org/wiki/Bicycle_Thieves,approved,0.95,
ds_sinema_0128,ku-kmr,Sînema,"Fîlma 'Rome, Open City' a ku yek ji destpêkên neorealîzma îtalyan e, ji aliyê kîjan derhênerî ve hatiye kişandin?",Michelangelo Antonioni,Pier Paolo Pasolini,Bernardo Bertolucci,Roberto Rossellini,D,"'Rome, Open City' di sala 1945an de ji aliyê Roberto Rossellini ve hatiye derxistin û wekî yek ji fîlmên bingehîn ên neorealîzma îtalyan tê qebûlkirin. Fîlm li ser berxwedana îtalyan a li dijî dagirkeriya nazî ye.",2,verified,"https://en.wikipedia.org/wiki/Rome,_Open_City",approved,0.95,
ds_sinema_0130,ku-kmr,Sînema,Kîjan fîlmê François Truffaut yek ji fîlmên destpêkê yên Pêla Nû ya Fransî ye?,Breathless,The 400 Blows,Last Year at Marienbad,Hiroshima mon amour,B,'The 400 Blows' (Les Quatre Cents Coups) di sala 1959an de ji aliyê François Truffaut ve hatiye derxistin û wekî yek ji fîlmên bingehîn ên Pêla Nû ya Fransî tê hesibandin. Fîlm çîroka xortekî bi navê Antoine Doinel vedibêje.,2,verified,https://en.wikipedia.org/wiki/The_400_Blows,approved,0.95,
ds_sinema_0132,ku-kmr,Sînema,Fîlma 'Breathless' (À bout de souffle) a Jean-Luc Godard di kîjan salê de derketiye?,1955,1965,1970,1960,D,'Breathless' di sala 1960î de ji aliyê Jean-Luc Godard ve hatiye derxistin. Ev fîlm yek ji fîlmên herî navdar ên Pêla Nû ya Fransî ye û bi teknîka xwe ya 'jump cut' tê nasîn.,2,verified,https://en.wikipedia.org/wiki/Breathless_(1960_film),approved,0.95,
ds_sinema_0138,ku-kmr,Sînema,Fîlma 'The 400 Blows' a François Truffaut çîroka kîjan kesî vedibêje?,Kesekî mezin ê dewlemend,Xortekî bi navê Antoine Doinel,Jinekî bi navê Gelsomina,Mêrekî bi navê Zampanò,B,'The 400 Blows' çîroka xortekî bi navê Antoine Doinel vedibêje ku li Parîsê dijî û bi gelek pirsgirêkan re rû bi rû dimîne. Fîlm yek ji fîlmên bingehîn ên Pêla Nû ya Fransî ye.,2,verified,https://en.wikipedia.org/wiki/The_400_Blows,approved,0.95,
ds_sinema_0139,ku-kmr,Sînema,Kîjan derhênerê îtalyan fîlma 'Umberto D.' derxistiye?,Federico Fellini,Roberto Rossellini,Vittorio De Sica,Luchino Visconti,C,'Umberto D.' di sala 1952an de ji aliyê Vittorio De Sica ve hatiye derxistin. Ev fîlm yek ji fîlmên dawî yên neorealîzma îtalyan e û çîroka mêrekî kal û kûçikê wî vedibêje.,2,verified,https://en.wikipedia.org/wiki/Umberto_D.,approved,0.95,
ds_sinema_0140,ku-kmr,Sînema,Fîlma 'Breathless' a Jean-Luc Godard bi kîjan teknîkê tê nasîn?,Teknîka 'long take',Teknîka 'slow motion',Teknîka 'stop motion',Teknîka 'jump cut',D,"'Breathless' bi teknîka xwe ya 'jump cut' tê nasîn. Ev teknîk tê de wêne bi awayekî nişkêve û bêyî domdariyê tên birîn, ku bûye yek ji nîşanên Pêla Nû ya Fransî.",2,verified,https://en.wikipedia.org/wiki/Breathless_(1960_film),approved,0.95,
ds_sinema_0141,ku-kmr,Sînema,Kîjan fîlmê Roberto Rossellini yek ji fîlmên destpêkê yên neorealîzma îtalyan e?,"Rome, Open City",Bicycle Thieves,La dolce vita,The 400 Blows,A,"'Rome, Open City' di sala 1945an de ji aliyê Roberto Rossellini ve hatiye derxistin û wekî yek ji fîlmên destpêkê yên neorealîzma îtalyan tê qebûlkirin. Fîlm li ser berxwedana îtalyan a li dijî naziyan e.",2,verified,"https://en.wikipedia.org/wiki/Rome,_Open_City",approved,0.95,
ds_sinema_0143,ku-kmr,Sînema,Fîlma 'Bicycle Thieves' a Vittorio De Sica çîroka kîjan kesan vedibêje?,Jinekî û keça wê,Xortekî û hevala wî,Bavekî û kurê wî,Mêrekî û jina wî,C,'Bicycle Thieves' çîroka bavekî û kurê wî vedibêje ku li pey bisîkleteke diziyayî digerin. Ev fîlm yek ji fîlmên herî navdar ên neorealîzma îtalyan e.,2,verified,https://en.wikipedia.org/wiki/Bicycle_Thieves,approved,0.95,
ds_sinema_0144,ku-kmr,Sînema,Kîjan derhênerê fransî fîlma 'Jules and Jim' derxistiye?,Jean-Luc Godard,Alain Resnais,Claude Chabrol,François Truffaut,D,'Jules and Jim' di sala 1962an de ji aliyê François Truffaut ve hatiye derxistin. Ev fîlm yek ji fîlmên navdar ên Pêla Nû ya Fransî ye û çîroka sê hevalan vedibêje.,2,verified,https://en.wikipedia.org/wiki/Jules_and_Jim,approved,0.95,
ds_sinema_0150,ku-kmr,Sînema,Kîjan fîlmê Jean-Luc Godard yek ji fîlmên herî navdar ên Pêla Nû ya Fransî ye?,The 400 Blows,Breathless,Jules and Jim,Hiroshima mon amour,B,'Breathless' (À bout de souffle) di sala 1960î de ji aliyê Jean-Luc Godard ve hatiye derxistin û yek ji fîlmên herî navdar ên Pêla Nû ya Fransî ye. Fîlm bi teknîka xwe ya 'jump cut' tê nasîn.,2,verified,https://en.wikipedia.org/wiki/Breathless_(1960_film),approved,0.95,
ds_sinema_0151,ku-kmr,Sînema,Kîjan derhênerê amerîkî di sala 1972an de fîlma 'The Godfather' derxist?,Stanley Kubrick,Martin Scorsese,Francis Ford Coppola,Steven Spielberg,C,Francis Ford Coppola derhênerê fîlma 'The Godfather' e. Fîlm di sala 1972an de derket û bû yek ji fîlmên herî navdar ên dîroka sînemayê.,1,verified,https://en.wikipedia.org/wiki/The_Godfather,approved,0.95,
ds_sinema_0152,ku-kmr,Sînema,Fîlma 'Schindler's List' a Steven Spielberg di kîjan salê de derket?,1990,1995,1998,1993,D,Fîlma 'Schindler's List' a Steven Spielberg di sala 1993an de derket. Ev fîlm li ser Oskar Schindler e ku di dema Holokostê de gelek cihû rizgar kirin.,2,verified,https://en.wikipedia.org/wiki/Schindler%27s_List,approved,0.95,
ds_sinema_0156,ku-kmr,Sînema,Fîlma 'Bicycle Thieves' a Vittorio De Sica di kîjan salê de derket?,1944,1946,1950,1948,D,Fîlma 'Bicycle Thieves' a Vittorio De Sica di sala 1948an de derket. Ev fîlm yek ji nimûneyên herî navdar ên neorealîzma îtalyan e.,2,verified,https://en.wikipedia.org/wiki/Bicycle_Thieves,approved,0.95,
ds_sinema_0160,ku-kmr,Sînema,Fîlma 'Psycho' a Alfred Hitchcock di kîjan salê de derket?,1958,1962,1964,1960,D,Fîlma 'Psycho' a Alfred Hitchcock di sala 1960î de derket. Ev fîlm yek ji fîlmên herî navdar ên tirsê ye û bi dîmena serşokê tê nasîn.,1,verified,https://en.wikipedia.org/wiki/Psycho_(1960_film),approved,0.95,
ds_sinema_0168,ku-kmr,Sînema,Fîlma 'The Birth of a Nation' a D.W. Griffith di kîjan salê de derket?,1913,1917,1919,1915,D,"Fîlma 'The Birth of a Nation' a D.W. Griffith di sala 1915an de derket. Ev fîlm ji ber naveroka xwe ya nijadperest tê rexnekirin, lê ji aliyê teknîkî ve girîng e.",3,verified,https://en.wikipedia.org/wiki/The_Birth_of_a_Nation,approved,0.95,
ds_sinema_0172,ku-kmr,Sînema,Fîlma 'Breathless' a Jean-Luc Godard di kîjan salê de derket?,1958,1962,1964,1960,D,Fîlma 'Breathless' a Jean-Luc Godard di sala 1960î de derket. Ev fîlm yek ji fîlmên herî navdar ên Pêla Nû ya Fransî ye.,2,verified,https://en.wikipedia.org/wiki/Breathless_(1960_film),approved,0.95,
ds_sinema_0176,ku-kmr,Sînema,Fîlma 'Spirited Away' a Hayao Miyazaki di kîjan salê de derket?,1997,2004,2008,2001,D,Fîlma 'Spirited Away' a Hayao Miyazaki di sala 2001ê de derket. Ev fîlm bi xelata Oskarê ji bo fîlma herî baş a animasyonê hate xelatkirin û navdariya Miyazaki zêde kir.,1,verified,https://en.wikipedia.org/wiki/Spirited_Away,approved,0.95,
ds_sinema_0177,ku-kmr,Sînema,Kîjan stûdyoya animasyonê fîlma 'Toy Story' ya yekem derxist?,Pixar,DreamWorks,Blue Sky Studios,Illumination,A,Fîlma 'Toy Story' a yekem di sala 1995an de ji aliyê stûdyoya Pixar ve hate derxistin. Ev fîlm yekem fîlma dirêj a ku bi tevahî bi kompîturê hatiye çêkirin e.,1,verified,https://en.wikipedia.org/wiki/Toy_Story,approved,0.95,
ds_sinema_0178,ku-kmr,Sînema,"Di animasyona 'The Lion King' de, kîjan karakter bavê Simba ye?",Scar,Mufasa,Timon,Zazu,B,Mufasa bavê Simba ye û qiralê êrîşan e di fîlma 'The Lion King' de. Scar birayê Mufasa ye ku dixwaze qiraliyê bi dest bixe.,1,verified,https://en.wikipedia.org/wiki/The_Lion_King,approved,0.95,
ds_sinema_0179,ku-kmr,Sînema,Kîjan derhêner fîlma belgesel a 'Waltz with Bashir' derxist?,Werner Herzog,Errol Morris,Ari Folman,Michael Moore,C,Ari Folman derhênerê îsraêlî fîlma belgesel a 'Waltz with Bashir' derxist. Ev fîlm bi teknîka animasyonê hatiye çêkirin û li ser serpêhatiyên Folman ên di şerê Libnanê de ye.,2,verified,https://en.wikipedia.org/wiki/Waltz_with_Bashir,approved,0.95,
ds_sinema_0183,ku-kmr,Sînema,"Di animasyona 'Shrek' de, kîjan karakter bi dengbêjiya Mike Myers tê nasîn?",Donkey,Fiona,Shrek,Lord Farquaad,C,Shrek bi dengbêjiya Mike Myers tê nasîn di fîlma 'Shrek' de. Donkey bi dengbêjiya Eddie Murphy tê nasîn.,1,verified,https://en.wikipedia.org/wiki/Shrek,approved,0.95,
ds_sinema_0185,ku-kmr,Sînema,"Di animasyona 'The Incredibles' de, kîjan karakter navê wî yê rastî Bob Parr e?",Mr. Incredible,Dash,Frozone,Syndrome,A,"Bob Parr bi navê superqehreman 'Mr. Incredible' tê nasîn. Dash kurê wî ye, Frozone hevalê wî ye û Syndrome dijminê wî ye.",1,verified,https://en.wikipedia.org/wiki/The_Incredibles,approved,0.95,
ds_sinema_0186,ku-kmr,Sînema,Kîjan derhênerê belgeselê fîlma 'Grizzly Man' li ser jiyana Timothy Treadwell derxist?,Ken Burns,Werner Herzog,Errol Morris,Alex Gibney,B,Werner Herzog derhênerê alman fîlma 'Grizzly Man' derxist. Ev belgesel li ser jiyana Timothy Treadwell e ku bi hirçên grizzly re dijî.,2,verified,https://en.wikipedia.org/wiki/Grizzly_Man,approved,0.95,
ds_sinema_0187,ku-kmr,Sînema,"Di animasyona 'Frozen' de, kîjan karakter xwişka Elsa ye?",Kristoff,Olaf,Anna,Hans,C,"Anna xwişka Elsa ye di fîlma 'Frozen' de. Kristoff hevalê Anna ye, Olaf berfîk e û Hans prensek e.",1,verified,https://en.wikipedia.org/wiki/Frozen_(2013_film),approved,0.95,
ds_sinema_0188,ku-kmr,Sînema,"Fîlma belgesel a 'An Inconvenient Truth' a ku li ser guherîna avhewayê ye, ji aliyê kîjan kesî ve hatiye pêşkêşkirin?",Barack Obama,Bill Clinton,John Kerry,Al Gore,D,"Fîlma 'An Inconvenient Truth' ji aliyê Al Gore, cîgirê serokê berê yê Dewletên Yekbûyî, ve hatiye pêşkêşkirin. Ev belgesel li ser guherîna avhewayê û bandorên wê ye.",2,verified,https://en.wikipedia.org/wiki/An_Inconvenient_Truth,approved,0.95,
ds_sinema_0189,ku-kmr,Sînema,"Di animasyona 'Up' de, kîjan karakter zarokekî biçûk e ku bi Carl Fredricksen re diçe Amerîkaya Başûr?",Russell,Dug,Kevin,Charles Muntz,A,"Russell zarokekî biçûk e ku bi Carl Fredricksen re diçe Amerîkaya Başûr di fîlma 'Up' de. Dug kûçik e, Kevin çûk e û Charles Muntz dijmin e.",1,verified,https://en.wikipedia.org/wiki/Up_(2009_film),approved,0.95,
ds_sinema_0191,ku-kmr,Sînema,"Di animasyona 'Ratatouille' de, kîjan karakter mişkekî ku xwesteka wî ya xwarinçêkirinê ye?",Linguini,Colette,Remy,Anton Ego,C,"Remy mişkekî ku xwesteka wî ya xwarinçêkirinê ye di fîlma 'Ratatouille' de. Linguini xortekî ku bi Remy re xebat dike ye, Colette aşpêj e û Anton Ego rexnegirê xwarinê ye.",1,verified,https://en.wikipedia.org/wiki/Ratatouille_(film),approved,0.95,
ds_sinema_0193,ku-kmr,Sînema,"Di animasyona 'Moana' de, kîjan karakter xwedawendê volkanê ye?",Te Fiti,Maui,Moana,Tamatoa,A,"Te Fiti xwedawenda volkanê ye di fîlma 'Moana' de. Maui nîv-xwedawendekî ku dixwaze dilê Te Fiti vegerîne, Moana keçekî ku bi rê dikeve û Tamatoa kevjalekî devî ye.",1,verified,https://en.wikipedia.org/wiki/Moana_(2016_film),approved,0.95,
ds_sinema_0194,ku-kmr,Sînema,Fîlma belgesel a 'Senna' li ser jiyana kîjan ajokarê yarîşê ye?,Michael Schumacher,Ayrton Senna,Alain Prost,Niki Lauda,B,"Fîlma 'Senna' li ser jiyana Ayrton Senna, ajokarê yarîşê yê brazîlî ye. Ev belgesel jiyana wî ji destpêka kariyera wî heta mirina wî di yarîşa San Marîno de vedibêje.",2,verified,https://en.wikipedia.org/wiki/Senna_(film),approved,0.95,
ds_sinema_0195,ku-kmr,Sînema,"Di animasyona 'Zootopia' de, kîjan karakter rovî ye ku bi polîsa Judy Hopps re xebat dike?",Chief Bogo,Flash,Nick Wilde,Clawhauser,C,"Nick Wilde rovî ye ku bi Judy Hopps re xebat dike di fîlma 'Zootopia' de. Chief Bogo serokê polîsan e, Flash tembelxane ye û Clawhauser polîsekî qelew e.",1,verified,https://en.wikipedia.org/wiki/Zootopia,approved,0.95,
ds_sinema_0196,ku-kmr,Sînema,Kîjan belgeselvanê amerîkî fîlma 'Shoah' li ser Holokostê derxist?,Marcel Ophüls,Leni Riefenstahl,Alain Resnais,Claude Lanzmann,D,Claude Lanzmann derhênerê fransî fîlma 'Shoah' derxist. Ev belgesel bi dirêjahiya xwe ya 9 saetan ve li ser Holokostê ye û bi hevpeyivînên bi şahidan û kesên din re hatiye çêkirin.,3,verified,https://en.wikipedia.org/wiki/Shoah_(film),approved,0.95,
ds_sinema_0197,ku-kmr,Sînema,"Di animasyona 'Coco' de, kîjan karakter lawikê ku dixwaze bibe muzîkjen e?",Miguel,Héctor,Ernesto de la Cruz,Dante,A,"Miguel lawikê ku dixwaze bibe muzîkjen e di fîlma 'Coco' de. Héctor kesekî ku di Axa Miriyan de ye, Ernesto de la Cruz muzîkjenê navdar e û Dante kûçikê Miguel e.",1,verified,https://en.wikipedia.org/wiki/Coco_(2017_film),approved,0.95,
ds_sinema_0200,ku-kmr,Sînema,Kîjan belgeselvanê îngilîz fîlma 'The Act of Killing' derxist?,Adam Curtis,Nick Broomfield,Louis Theroux,Joshua Oppenheimer,D,Joshua Oppenheimer derhênerê amerîkî fîlma 'The Act of Killing' derxist. Ev belgesel li ser komkujiyên li Îndonezyayê ye û bi kesên ku komkujî kirine re hevpeyivîn dike.,3,verified,https://en.wikipedia.org/wiki/The_Act_of_Killing,approved,0.95,
ds_sinema_0201,ku-kmr,Sînema,Kîjan derhênerê amerîkî fîlma 'Pulp Fiction' di sala 1994an de derxist?,Quentin Tarantino,Steven Spielberg,Martin Scorsese,Francis Ford Coppola,A,"Quentin Tarantino derhênerê fîlma 'Pulp Fiction' e. Ev fîlm di sala 1994an de derket û di festîvala Cannesê de Xelata Palmiyeya Zêrîn wergirt. Steven Spielberg, Martin Scorsese û Francis Ford Coppola jî derhênerên navdar in lê ev fîlm ne ya wan e.",1,verified,https://en.wikipedia.org/wiki/Pulp_Fiction,approved,0.95,
ds_sinema_0202,ku-kmr,Sînema,Fîlma 'The Godfather' a Francis Ford Coppola di kîjan salê de derket?,1968,1972,1975,1980,B,Fîlma 'The Godfather' di sala 1972an de derket û bû yek ji fîlmên herî navdar ên dîroka sînemayê. Ev fîlm li ser jiyana malbata mafyayê ya Corleone ye û bi rolên Marlon Brando û Al Pacino tê nasîn.,1,verified,https://en.wikipedia.org/wiki/The_Godfather,approved,0.95,
ds_sinema_0203,ku-kmr,Sînema,Kîjan derhênerê japonî fîlma 'Seven Samurai' derxist?,Hayao Miyazaki,Yasujirō Ozu,Akira Kurosawa,Takashi Miike,C,"Akira Kurosawa derhênerê fîlma 'Seven Samurai' ye. Ev fîlm di sala 1954an de derket û wekî yek ji fîlmên herî bandordar ên dîroka sînemayê tê qebûlkirin. Hayao Miyazaki bi fîlmên animasyonê tê nasîn, Yasujirō Ozu jî derhênerê fîlmên malbatî ye.",1,verified,https://en.wikipedia.org/wiki/Seven_Samurai,approved,0.95,
ds_sinema_0204,ku-kmr,Sînema,"Di fîlma 'Pulp Fiction' de, kîjan aktor rola Jules Winnfield lîstiye?",John Travolta,Bruce Willis,Uma Thurman,Samuel L. Jackson,D,"Samuel L. Jackson di fîlma 'Pulp Fiction' a Quentin Tarantino de rola Jules Winnfield lîstiye. Ev rol yek ji rolên herî navdar ên kariyera wî ye. John Travolta rola Vincent Vega lîstiye, Bruce Willis rola Butch Coolidge û Uma Thurman jî rola Mia Wallace lîstiye.",1,verified,https://en.wikipedia.org/wiki/Pulp_Fiction,approved,0.95,
ds_sinema_0208,ku-kmr,Sînema,"Di fîlma 'Schindler's List' a Steven Spielberg de, kîjan aktor rola Oskar Schindler lîstiye?",Ben Kingsley,Ralph Fiennes,Daniel Day-Lewis,Liam Neeson,D,Liam Neeson di fîlma 'Schindler's List' a Steven Spielberg de rola Oskar Schindler lîstiye. Ev fîlm di sala 1993yan de derket û li ser jiyana Schindler ê ku di dema Holokostê de gelek cihûyan rizgar kir. Ben Kingsley rola Itzhak Stern lîstiye û Ralph Fiennes rola Amon Göth lîstiye.,1,verified,https://en.wikipedia.org/wiki/Schindler%27s_List,approved,0.95,
ds_sinema_0210,ku-kmr,Sînema,Fîlma 'Rashomon' a Akira Kurosawa di kîjan salê de derket?,1945,1950,1955,1960,B,Fîlma 'Rashomon' di sala 1950î de derket û bû yek ji fîlmên herî girîng ên dîroka sînemayê. Ev fîlm bi teknîka xwe ya nû ya vegotina çîrokê ji perspektîfên cuda tê nasîn. Kurosawa bi vî fîlmî Xelata Lionê Zêrîn a Festîvala Venedîkê wergirt.,1,verified,https://en.wikipedia.org/wiki/Rashomon,approved,0.95,
ds_sinema_0212,ku-kmr,Sînema,"Di fîlma 'Citizen Kane' a Orson Welles de, kîjan peyva dawîn a Charles Foster Kane ye?",Xanadu,Power,Love,Rosebud,D,"Di fîlma 'Citizen Kane' de, peyva dawîn a Charles Foster Kane 'Rosebud' e. Ev peyv bi sîmgehî temenê wî yê windabûyî nîşan dide. Fîlm di sala 1941ê de derket û bi gelemperî wekî yek ji fîlmên herî baş ên dîroka sînemayê tê qebûlkirin.",1,verified,https://en.wikipedia.org/wiki/Citizen_Kane,approved,0.95,
ds_sinema_0216,ku-kmr,Sînema,Fîlma 'Gone with the Wind' di kîjan salê de derket?,1935,1945,1950,1939,D,Fîlma 'Gone with the Wind' di sala 1939an de derket û bû yek ji fîlmên herî navdar ên dîroka sînemayê. Ev fîlm li ser jiyana Scarlett O'Hara ya di dema Şerê Navxweyî yê Amerîkayê de ye. Fîlm Xelata Oscarê ji bo fîlma herî baş wergirt.,1,verified,https://en.wikipedia.org/wiki/Gone_with_the_Wind_(film),approved,0.95,
ds_sinema_0218,ku-kmr,Sînema,"Di fîlma 'Metropolis' a Fritz Lang de, kîjan robotê ku wekî Maria hatiye çêkirin?",Robot-Freder,Robot-Maria,Robot-Rotwang,Robot-Joh,B,"Di fîlma 'Metropolis' a Fritz Lang de, robotekî ku wekî Maria hatiye çêkirin heye. Ev robot ji aliyê zanyar Rotwang ve hatiye çêkirin û di fîlmê de roleke girîng dilîze. Fîlm di sala 1927an de derket û yek ji fîlmên herî girîng ên sînemaya bêdeng e.",1,verified,https://en.wikipedia.org/wiki/Metropolis_(1927_film),approved,0.95,
ds_sinema_0222,ku-kmr,Sînema,"Di fîlma 'The Shawshank Redemption' de, kîjan aktor rola Andy Dufresne lîstiye?",Morgan Freeman,Tim Robbins,Bob Gunton,William Sadler,B,Tim Robbins di fîlma 'The Shawshank Redemption' de rola Andy Dufresne lîstiye. Ev fîlm di sala 1994an de derket û li ser jiyana zilamekî ku bi xeletî hatiye girtin e. Morgan Freeman rola Ellis 'Red' Redding lîstiye.,1,verified,https://en.wikipedia.org/wiki/The_Shawshank_Redemption,approved,0.95,
ds_sinema_0223,ku-kmr,Sînema,Kîjan derhênerê amerîkî fîlma 'The Godfather Part II' derxist?,Martin Scorsese,Steven Spielberg,Francis Ford Coppola,Quentin Tarantino,C,Francis Ford Coppola derhênerê fîlma 'The Godfather Part II' e. Ev fîlm di sala 1974an de derket û Xelata Oscarê ji bo fîlma herî baş wergirt. Fîlm hem çîroka Michael Corleone û hem jî çîroka bavê wî Vito Corleone ya ciwan vedibêje.,1,verified,https://en.wikipedia.org/wiki/The_Godfather_Part_II,approved,0.95,
ds_sinema_0231,ku-kmr,Sînema,Kîjan têgeh di senaryoyê de ji bo nîşana ku berî klimaksê pevçûn digihîje asta herî bilind tê bikaranîn?,Ekspozîsyon,Çareserî,Klimaks,Pêşgotin,C,"Klimaks, xala herî bilind a pevçûnê ye ku tê de çîrok digihîje asta herî zêde ya alozî û hestyarî. Ekspozîsyon destpêk, çareserî dawî û pêşgotin jî pêşkêşiyek e.",1,verified,https://en.wikipedia.org/wiki/Climax_(narrative),approved,0.95,
ds_sinema_0232,ku-kmr,Sînema,"Di senaryoyê de, kîjan hêman ji bo afirandina atmosferê û hestyarîkirina temaşevanan tê bikaranîn?",Diyalog,Monolog,Senaryo,Muzîk,D,"Muzîk, bi taybetî di fîlman de, ji bo zêdekirina hestyarî û atmosferê tê bikaranîn. Diyalog û monolog peyv in, senaryo jî nivîsa çîrokê ye.",1,verified,https://en.wikipedia.org/wiki/Film_score,approved,0.95,
ds_sinema_0236,ku-kmr,Sînema,"Di senaryoyê de, kîjan hêman ji bo nîşandana dem û cihê çîrokê tê bikaranîn?",Karakter,Diyalog,Monolog,Sazgeh,D,"Sazgeh an jî setting, dem û cihê çîrokê nîşan dide. Karakter kesên çîrokê ne, diyalog û monolog jî peyv in.",1,verified,https://en.wikipedia.org/wiki/Setting_(narrative),approved,0.95,
ds_sinema_0249,ku-kmr,Sînema,Kîjan têgeh ji bo nîşandana bûyerekê ya ku di pêşerojê de qewimiye tê bikaranîn?,Flashforward,Flashback,Pêşketin,Epîlog,A,"Flashforward an jî pêşverû, bûyerek ku di pêşerojê de qewimiye nîşan dide. Flashback paşerojê nîşan dide, pêşketin qonaxa pevçûnê ye û epîlog jî dawî ye.",2,verified,https://en.wikipedia.org/wiki/Flashforward,approved,0.95,
ds_teknoloji_0001,ku-kmr,Teknolojî,"Ji bo gihîştina malperekê, kîjan protokol tê bikaranîn?",HTTP,FTP,SMTP,SSH,A,"HTTP (Hypertext Transfer Protocol) ji bo veguhestina pelên malperê tê bikaranîn. FTP ji bo pelan, SMTP ji bo e-nameyê û SSH ji bo têketina dûr e.",1,verified,https://en.wikipedia.org/wiki/HTTP,approved,0.95,
ds_teknoloji_0002,ku-kmr,Teknolojî,Kîjan amûr ji bo girêdana du torên cuda tê bikaranîn?,Switch,Router,Hub,Modem,B,Router (rêker) du torên cuda bi hev ve girêdide û daneyan di navbera wan de rê dike. Switch tenê di nav tora herêmî de girêdanê çêdike.,1,verified,https://en.wikipedia.org/wiki/Router_(computing),approved,0.95,
ds_teknoloji_0003,ku-kmr,Teknolojî,"Di navnîşana IP-ê de, kîjan rêje pîvana veguhestina daneyan di torê de nîşan dide?",Latency,Packet loss,Bandwidth,Jitter,C,"Bandwidth (firehiya bandê) rêjeya herî zêde ya veguhestina daneyan di torê de ye. Latency derengiya veguhestinê ye, packet loss windabûna pakêtan e û jitter guherîna derengiyê ye.",2,verified,https://en.wikipedia.org/wiki/Bandwidth_(computing),approved,0.95,
ds_teknoloji_0004,ku-kmr,Teknolojî,Kîjan teknolojî ji bo şîfrekirina daneyan di navbera du aliyan de tê bikaranîn?,HTML,CSS,JavaScript,SSL/TLS,D,"SSL/TLS protokolên şîfrekirinê ne ku daneyên di navbera server û klîentê de diparêzin. HTML, CSS û JavaScript zimanên avakirina malperê ne, ne protokolên şîfrekirinê ne.",2,verified,https://en.wikipedia.org/wiki/Transport_Layer_Security,approved,0.95,
ds_teknoloji_0005,ku-kmr,Teknolojî,Kîjan protokol ji bo veguhestina e-nameyan tê bikaranîn?,SMTP,HTTP,FTP,DNS,A,"SMTP (Simple Mail Transfer Protocol) ji bo şandina e-nameyan tê bikaranîn. HTTP ji bo malperan, FTP ji bo pelan û DNS ji bo navnîşankirina domênan e.",1,verified,https://en.wikipedia.org/wiki/Simple_Mail_Transfer_Protocol,approved,0.95,
ds_teknoloji_0006,ku-kmr,Teknolojî,Kîjan amûr navnîşana IP-ê ya malperekê ji navê domênê peyda dike?,Web server,DNS server,Mail server,Proxy server,B,"DNS (Domain Name System) server navê domênê (mînak: wikipedia.org) vediguherîne navnîşana IP-ê ya ku komputer dikare tê bigihîje. Web server malperan dişîne, mail server e-nameyan birêve dibe û proxy server daneyan di navbera klîent û serverê de derbas dike.",2,verified,https://en.wikipedia.org/wiki/Domain_Name_System,approved,0.95,
ds_teknoloji_0007,ku-kmr,Teknolojî,Kîjan protokol ji bo gihîştina pelan ji ser dûr ve tê bikaranîn?,HTTP,SMTP,FTP,POP3,C,"FTP (File Transfer Protocol) ji bo veguhestina pelan di navbera komputeran de tê bikaranîn. HTTP ji bo malperan, SMTP ji bo e-nameyê û POP3 ji bo wergirtina e-nameyan e.",1,verified,https://en.wikipedia.org/wiki/File_Transfer_Protocol,approved,0.95,
ds_teknoloji_0008,ku-kmr,Teknolojî,"Di torê de, kîjan cîhaz ji bo girêdana gelek komputeran di nav tora herêmî de tê bikaranîn?",Router,Modem,Firewall,Switch,D,"Switch (guhêzker) di nav tora herêmî (LAN) de gelek komputeran bi hev ve girêdide û daneyan di navbera wan de rê dike. Router ji bo girêdana toran, modem ji bo girêdana înternetê û firewall ji bo parastinê ye.",1,verified,https://en.wikipedia.org/wiki/Network_switch,approved,0.95,
ds_teknoloji_0009,ku-kmr,Teknolojî,Kîjan protokol ji bo wergirtina e-nameyan ji serverê tê bikaranîn?,POP3,SMTP,HTTP,FTP,A,"POP3 (Post Office Protocol 3) ji bo wergirtina e-nameyan ji serverê tê bikaranîn. SMTP ji bo şandina e-nameyan e, HTTP ji bo malperan û FTP ji bo pelan e.",1,verified,https://en.wikipedia.org/wiki/Post_Office_Protocol,approved,0.95,
ds_teknoloji_0010,ku-kmr,Teknolojî,Kîjan teknolojî ji bo girêdana bêtêl a înternetê tê bikaranîn?,Ethernet,Wi-Fi,Fiber optic,Coaxial cable,B,"Wi-Fi teknolojiyek bêtêl e ku ji bo girêdana înternetê bi pêlên radyoyê tê bikaranîn. Ethernet, fiber optic û kabloya koaksiyal hemû girêdanên bi têl in.",1,verified,https://en.wikipedia.org/wiki/Wi-Fi,approved,0.95,
ds_teknoloji_0012,ku-kmr,Teknolojî,Kîjan amûr ji bo parastina torê ji êrîşên derve tê bikaranîn?,Switch,Router,Hub,Firewall,D,"Firewall (dîwarê agir) tora parastî ji êrîşên derve diparêze û trafîka tora kontrol dike. Switch, router û hub ji bo girêdan û rêkirina daneyan in, ne ji bo parastinê ne.",1,verified,https://en.wikipedia.org/wiki/Firewall_(computing),approved,0.95,
ds_teknoloji_0013,ku-kmr,Teknolojî,Kîjan protokol ji bo veguhestina daneyan di navbera server û klîentê de bi awayekî ewle tê bikaranîn?,HTTPS,HTTP,FTP,SMTP,A,"HTTPS (HTTP Secure) guhertoya ewle ya HTTP ye ku daneyan bi şîfrekirinê diparêze. HTTP ne ewle ye, FTP ji bo pelan e û SMTP ji bo e-nameyan e.",1,verified,https://en.wikipedia.org/wiki/HTTPS,approved,0.95,
ds_teknoloji_0015,ku-kmr,Teknolojî,Kîjan protokol ji bo girêdana bi serverê ji dûr ve û birêvebirina wê tê bikaranîn?,HTTP,FTP,SSH,SMTP,C,"SSH (Secure Shell) ji bo têketina ewle ya serverê ji dûr ve û birêvebirina wê tê bikaranîn. HTTP ji bo malperan, FTP ji bo pelan û SMTP ji bo e-nameyan e.",2,verified,https://en.wikipedia.org/wiki/Secure_Shell,approved,0.95,
ds_teknoloji_0017,ku-kmr,Teknolojî,Kîjan protokol ji bo veguhestina daneyan di navbera komputeran de bi awayekî pêbawer tê bikaranîn?,TCP,UDP,IP,ICMP,A,"TCP (Transmission Control Protocol) ji bo veguhestina daneyan bi awayekî pêbawer tê bikaranîn, ji ber ku ew piştrast dike ku hemû pakêt digihîjin armancê. UDP ne pêbawer e, IP ji bo navnîşankirinê ye û ICMP ji bo peyamên çewtiyê ye.",2,verified,https://en.wikipedia.org/wiki/Transmission_Control_Protocol,approved,0.95,
ds_teknoloji_0018,ku-kmr,Teknolojî,"Kîjan protokol ji bo veguhestina daneyan bi awayekî lez û bez tê bikaranîn, lê ne pêbawer e?",TCP,UDP,IP,HTTP,B,"UDP (User Datagram Protocol) ji bo veguhestina daneyan bi awayekî lez tê bikaranîn, lê ew piştrast nake ku hemû pakêt digihîjin armancê. TCP pêbawer e, IP ji bo navnîşankirinê ye û HTTP ji bo malperan e.",2,verified,https://en.wikipedia.org/wiki/User_Datagram_Protocol,approved,0.95,
ds_teknoloji_0019,ku-kmr,Teknolojî,Kîjan amûr ji bo veguhestina daneyan di navbera torên cuda de tê bikaranîn?,Switch,Hub,Gateway,Repeater,C,"Gateway (dergeh) ji bo veguhestina daneyan di navbera torên cuda de tê bikaranîn û protokolên cuda vediguherîne. Switch di nav tora herêmî de girêdanê çêdike, hub daneyan dişîne hemû aliyan û repeater îşaretê xurt dike.",3,verified,https://en.wikipedia.org/wiki/Gateway_(telecommunications),approved,0.95,
ds_teknoloji_0020,ku-kmr,Teknolojî,"Kîjan protokol ji bo veguhestina daneyan di navbera server û klîentê de tê bikaranîn, lê ne ewle ye?",HTTPS,SSH,SSL,HTTP,D,"HTTP (Hypertext Transfer Protocol) ji bo veguhestina daneyan tê bikaranîn lê ne ewle ye. HTTPS guhertoya ewle ye, SSH ji bo têketina dûr e û SSL protokola şîfrekirinê ye.",1,verified,https://en.wikipedia.org/wiki/HTTP,approved,0.95,
ds_teknoloji_0022,ku-kmr,Teknolojî,"Kîjan protokol ji bo veguhestina deng û wêneyan di wextê rast de tê bikaranîn, wekî di telefonên înternetê de?",HTTP,VoIP,FTP,SMTP,B,"VoIP (Voice over IP) ji bo veguhestina deng û wêneyan di wextê rast de tê bikaranîn, wekî di telefonên înternetê de. HTTP ji bo malperan, FTP ji bo pelan û SMTP ji bo e-nameyan e.",2,verified,https://en.wikipedia.org/wiki/Voice_over_IP,approved,0.95,
ds_teknoloji_0024,ku-kmr,Teknolojî,"Kîjan protokol ji bo veguhestina daneyan di navbera server û klîentê de bi awayekî ewle tê bikaranîn, lê ne ji bo malperan e?",HTTP,SMTP,POP3,SFTP,D,"SFTP (SSH File Transfer Protocol) ji bo veguhestina pelan bi awayekî ewle tê bikaranîn. HTTP ji bo malperan e, SMTP ji bo şandina e-nameyan e û POP3 ji bo wergirtina e-nameyan e.",2,verified,https://en.wikipedia.org/wiki/SSH_File_Transfer_Protocol,approved,0.95,
ds_teknoloji_0025,ku-kmr,Teknolojî,Kîjan teknolojî ji bo girêdana komputeran bi kabloya bêtêl re tê bikaranîn?,Bluetooth,Ethernet,Fiber optic,Coaxial cable,A,"Bluetooth teknolojiyek bêtêl e ku ji bo girêdana komputeran bi kabloya bêtêl re tê bikaranîn, wekî di navbera telefon û komputerê de. Ethernet, fiber optic û kabloya koaksiyal hemû girêdanên bi têl in.",1,verified,https://en.wikipedia.org/wiki/Bluetooth,approved,0.95,
ds_teknoloji_0026,ku-kmr,Teknolojî,"Ji bo parastina hesabên înternetê, kîjan rêbaz herî bi ewle ye?",Şîfreyek kurt,Şîfreyek dirêj û aloz,Navê bikarhêner,Dîroka jidayikbûnê,B,Şîfreyên dirêj û aloz ji bo hesaban parastina herî baş peyda dikin ji ber ku dijwartir e ku êrîşkar wan texmîn bikin.,1,verified,https://en.wikipedia.org/wiki/Password_strength,approved,0.95,
ds_teknoloji_0027,ku-kmr,Teknolojî,Kîjan protokol ji bo şîfrekirina daneyan di navbera malper û gerokê de tê bikaranîn?,HTTP,FTP,HTTPS,SMTP,C,"HTTPS daneyan di navbera malper û gerokê de şîfre dike, lewra ew ji HTTP ewletir e.",1,verified,https://en.wikipedia.org/wiki/HTTPS,approved,0.95,
ds_teknoloji_0029,ku-kmr,Teknolojî,Kîjan amûr ji bo parastina komputerê ji nermalava xirab tê bikaranîn?,Antîvîrus,Browser,Server,Router,A,Antîvîrus nermalava xirab wek vîrus û trojanan dibîne û wan ji komputerê radike.,1,verified,https://en.wikipedia.org/wiki/Antivirus_software,approved,0.95,
ds_teknoloji_0030,ku-kmr,Teknolojî,"Di torê de, kîjan rêbaz ji bo rastkirina nasnameya bikarhêner tê bikaranîn?",Peldank,Şîfre,Çapker,Mîkrofon,B,Şîfre rêbazek e ku nasnameya bikarhênerê rast dike berî ku ew bigihîje pergalekê.,1,verified,https://en.wikipedia.org/wiki/Password,approved,0.95,
ds_teknoloji_0031,ku-kmr,Teknolojî,Kîjan protokol ji bo gihîştina pelan ji ser dûr ve bi ewlehî tê bikaranîn?,HTTP,FTP,SSH,SMTP,C,SSH (Secure Shell) protokolek e ku ji bo gihîştina pelan ji ser dûr ve bi ewlehî tê bikaranîn.,2,verified,https://en.wikipedia.org/wiki/Secure_Shell,approved,0.95,
ds_teknoloji_0033,ku-kmr,Teknolojî,Kîjan teknolojî ji bo nasnameya dîjîtal a bikarhêner tê bikaranîn?,Sertîfîkaya dîjîtal,Peldank,Çapker,Mîkrofon,A,Sertîfîkaya dîjîtal nasnameya bikarhêner an serverê rast dike û ji bo ewlekariya daneyan tê bikaranîn.,2,verified,https://en.wikipedia.org/wiki/Public_key_certificate,approved,0.95,
ds_teknoloji_0034,ku-kmr,Teknolojî,"Di torê de, kîjan rêje ji bo pîvana ewlekariya şîfreyê tê bikaranîn?",Peldank,Dirêjahî,Çapker,Mîkrofon,B,Dirêjahiya şîfreyê ewlekariya wê zêde dike; şîfreyên dirêj dijwartir in ku bên şikandin.,1,verified,https://en.wikipedia.org/wiki/Password_strength,approved,0.95,
ds_teknoloji_0035,ku-kmr,Teknolojî,Kîjan protokol ji bo veguhestina e-nameyan bi ewlehî tê bikaranîn?,HTTP,FTP,SMTPS,SNMP,C,"SMTPS e-nameyan bi şîfrekirinê vediguhezîne, lewra ew ji SMTP ewletir e.",2,verified,https://en.wikipedia.org/wiki/SMTPS,approved,0.95,
ds_teknoloji_0036,ku-kmr,Teknolojî,"Di şîfrekirinê de, kîjan têgeh ji bo daneyên ku hatine şîfrekirin tê bikaranîn?",Plaintext,Cleartext,Hash,Ciphertext,D,Ciphertext daneyên ku hatine şîfrekirin e; ew ji bo kesên nedestûrdar nexwendî ye.,2,verified,https://en.wikipedia.org/wiki/Ciphertext,approved,0.95,
ds_teknoloji_0038,ku-kmr,Teknolojî,"Di torê de, kîjan rêbaz ji bo parastina daneyan ji êrîşên derve tê bikaranîn?",Peldank,Firewall,Çapker,Mîkrofon,B,Firewall daneyan ji êrîşên derve diparêze û trafîka torê kontrol dike.,1,verified,https://en.wikipedia.org/wiki/Firewall_(computing),approved,0.95,
ds_teknoloji_0039,ku-kmr,Teknolojî,Kîjan protokol ji bo veguhestina daneyan bi awayekî ewle di navbera server û klîentê de tê bikaranîn?,UDP,ICMP,TLS,ARP,C,TLS (Transport Layer Security) daneyan di navbera server û klîentê de şîfre dike û ewlekariyê peyda dike.,2,verified,https://en.wikipedia.org/wiki/Transport_Layer_Security,approved,0.95,
ds_teknoloji_0040,ku-kmr,Teknolojî,"Di torê de, kîjan têgeh ji bo nasnameya cîhazekê tê bikaranîn?",Peldank,Çapker,Mîkrofon,IP address,D,IP address nasnameya cîhazekê di torê de ye; ew ji bo veguhestina daneyan tê bikaranîn.,1,verified,https://en.wikipedia.org/wiki/IP_address,approved,0.95,
ds_teknoloji_0041,ku-kmr,Teknolojî,Kîjan rêbaz ji bo rastkirina nasnameya bikarhêner bi du qonaxan tê bikaranîn?,2FA,Peldank,Çapker,Mîkrofon,A,"2FA (Two-Factor Authentication) ji bo rastkirina nasnameyê du qonaxan bikar tîne, ewlekariyê zêde dike.",2,verified,https://en.wikipedia.org/wiki/Multi-factor_authentication,approved,0.95,
ds_teknoloji_0042,ku-kmr,Teknolojî,"Di şîfrekirinê de, kîjan têgeh ji bo veguhertina daneyan bi rêbazek matematîkî tê bikaranîn?",Peldank,Hash,Çapker,Mîkrofon,B,Hash veguhertina daneyan bi rêbazek matematîkî ye ku daneyan vediguherîne rêzek tîpan.,2,verified,https://en.wikipedia.org/wiki/Hash_function,approved,0.95,
ds_teknoloji_0043,ku-kmr,Teknolojî,Kîjan protokol ji bo veguhestina daneyan di navbera torên cuda de bi ewlehî tê bikaranîn?,HTTP,FTP,IPsec,SMTP,C,IPsec protokolek e ku daneyan di navbera torên cuda de şîfre dike û ewlekariyê peyda dike.,2,verified,https://en.wikipedia.org/wiki/IPsec,approved,0.95,
ds_teknoloji_0044,ku-kmr,Teknolojî,"Di torê de, kîjan rêje ji bo pîvana leza veguhestina daneyan tê bikaranîn?",Peldank,Çapker,Mîkrofon,Bandwidth,D,Bandwidth rêjeya veguhestina daneyan di torê de ye; ew leza torê nîşan dide.,1,verified,https://en.wikipedia.org/wiki/Bandwidth_(computing),approved,0.95,
ds_teknoloji_0045,ku-kmr,Teknolojî,Kîjan amûr ji bo şîfrekirina daneyan di navbera du aliyan de tê bikaranîn?,VPN,Peldank,Çapker,Mîkrofon,A,VPN (Virtual Private Network) daneyan di navbera du aliyan de şîfre dike û ewlekariyê peyda dike.,1,verified,https://en.wikipedia.org/wiki/Virtual_private_network,approved,0.95,
ds_teknoloji_0047,ku-kmr,Teknolojî,"Kîjan protokol ji bo veguhestina daneyan di navbera server û klîentê de bi ewlehî tê bikaranîn, lê ne ji bo malperan e?",HTTP,FTP,SFTP,SMTP,C,"SFTP (SSH File Transfer Protocol) pelan bi ewlehî di navbera server û klîentê de vediguhezîne, lê ne ji bo malperan e.",2,verified,https://en.wikipedia.org/wiki/SSH_File_Transfer_Protocol,approved,0.95,
ds_teknoloji_0048,ku-kmr,Teknolojî,"Di torê de, kîjan rêbaz ji bo parastina daneyan ji êrîşên DDoS tê bikaranîn?",Peldank,Çapker,Mîkrofon,Rate limiting,D,"Rate limiting rêjeya daxwazên ku server qebûl dike sînordar dike, ji ber vê yekê êrîşên DDoS têne rawestandin.",2,verified,https://en.wikipedia.org/wiki/Rate_limiting,approved,0.95,
ds_teknoloji_0049,ku-kmr,Teknolojî,Kîjan teknolojî ji bo nasnameya dîjîtal a bikarhêner bi karanîna taybetmendiyên laşî tê bikaranîn?,Biometric,Peldank,Çapker,Mîkrofon,A,Biometric taybetmendiyên laşî wek tiliyan an rûyê bikarhêner ji bo nasnameyê bikar tîne.,2,verified,https://en.wikipedia.org/wiki/Biometrics,approved,0.95,
ds_teknoloji_0054,ku-kmr,Teknolojî,"Di bernamekirinê de, kîjan têgeh ji bo komkirina komek fermanan di bin navekî de tê bikaranîn?",Guherbar,Fonksiyon,Döngü,Koşul,B,"Fonksiyon (function) di bernamekirinê de ji bo komkirina komek fermanan di bin navekî de tê bikaranîn. Guherbar, döngü û koşul jî têgehên din in lê ne ji bo komkirinê ne.",1,verified,https://en.wikipedia.org/wiki/Function_(computer_programming),approved,0.95,
ds_teknoloji_0055,ku-kmr,Teknolojî,"Di bernamekirinê de, ji bo hilanîna navnîşek nirxan di bîra komputerê de kîjan têgeh tê bikaranîn?",Guherbar,Döngü,Array,Koşul,C,"Array di bernamekirinê de ji bo hilanîna navnîşek nirxan di bîra komputerê de tê bikaranîn. Guherbar, döngü û koşul jî têgehên din in lê ne ji bo hilanîna navnîşan in.",1,verified,https://en.wikipedia.org/wiki/Array_(data_structure),approved,0.95,
ds_teknoloji_0059,ku-kmr,Teknolojî,"Di bernamekirinê de, kîjan têgeh ji bo hilanîna rêzek tîpan (nivîsê) tê bikaranîn?",Guherbar,Döngü,Rêzok,Koşul,C,"Rêzok (string) di bernamekirinê de ji bo hilanîna rêzek tîpan (nivîsê) tê bikaranîn. Guherbar, döngü û koşul jî têgehên din in lê ne ji bo hilanîna nivîsê ne.",1,verified,https://en.wikipedia.org/wiki/String_(computer_science),approved,0.95,
ds_teknoloji_0060,ku-kmr,Teknolojî,"Di bernamekirinê de, kîjan têgeh ji bo hilanîna nirxekê ya rast an derew tê bikaranîn?",Guherbar,Döngü,Koşul,Boolean,D,"Boolean di bernamekirinê de ji bo hilanîna nirxekê ya rast an derew tê bikaranîn. Guherbar, döngü û koşul jî têgehên din in lê ne ji bo hilanîna nirxên rast/derew in.",1,verified,https://en.wikipedia.org/wiki/Boolean_data_type,approved,0.95,
ds_teknoloji_0061,ku-kmr,Teknolojî,"Di bernamekirinê de, kîjan têgeh ji bo hilanîna jimareyekê ya tevayî tê bikaranîn?",Jimareya tevayî,Guherbar,Döngü,Koşul,A,"Jimareya tevayî (integer) di bernamekirinê de ji bo hilanîna jimareyekê ya tevayî tê bikaranîn. Guherbar, döngü û koşul jî têgehên din in lê ne ji bo hilanîna jimareyan in.",1,verified,https://en.wikipedia.org/wiki/Integer_(computer_science),approved,0.95,
ds_teknoloji_0062,ku-kmr,Teknolojî,"Di bernamekirinê de, kîjan têgeh ji bo hilanîna jimareyekê ya bi dehek tê bikaranîn?",Guherbar,Jimareya bi dehek,Döngü,Koşul,B,"Jimareya bi dehek (float) di bernamekirinê de ji bo hilanîna jimareyekê ya bi dehek tê bikaranîn. Guherbar, döngü û koşul jî têgehên din in lê ne ji bo hilanîna jimareyên bi dehek in.",1,verified,https://en.wikipedia.org/wiki/Floating-point_arithmetic,approved,0.95,
ds_teknoloji_0063,ku-kmr,Teknolojî,"Di bernamekirinê de, kîjan têgeh ji bo hilanîna nirxekê ya domdar (ku nayê guhertin) tê bikaranîn?",Guherbar,Döngü,Domdar,Koşul,C,"Domdar (constant) di bernamekirinê de ji bo hilanîna nirxekê ya domdar (ku nayê guhertin) tê bikaranîn. Guherbar, döngü û koşul jî têgehên din in lê ne ji bo hilanîna nirxên domdar in.",1,verified,https://en.wikipedia.org/wiki/Constant_(computer_programming),approved,0.95,
ds_teknoloji_0065,ku-kmr,Teknolojî,"Di bernamekirinê de, kîjan têgeh ji bo hilanîna navnîşek nirxan bi rêzê tê bikaranîn?",Navnîş,Guherbar,Döngü,Koşul,A,"Navnîş (list) di bernamekirinê de ji bo hilanîna navnîşek nirxan bi rêzê tê bikaranîn. Guherbar, döngü û koşul jî têgehên din in lê ne ji bo hilanîna navnîşan in.",1,verified,https://en.wikipedia.org/wiki/List_(abstract_data_type),approved,0.95,
ds_teknoloji_0066,ku-kmr,Teknolojî,"Di bernamekirinê de, kîjan têgeh ji bo hilanîna komek nirxan bêyî dubarekirinê tê bikaranîn?",Guherbar,Kom,Döngü,Koşul,B,"Kom (set) di bernamekirinê de ji bo hilanîna komek nirxan bêyî dubarekirinê tê bikaranîn. Guherbar, döngü û koşul jî têgehên din in lê ne ji bo hilanîna koman in.",2,verified,https://en.wikipedia.org/wiki/Set_(abstract_data_type),approved,0.95,
ds_teknoloji_0068,ku-kmr,Teknolojî,"Di bernamekirinê de, kîjan têgeh ji bo hilanîna nirxekê ya ku dikare bibe rast an derew tê bikaranîn?",Guherbar,Döngü,Koşul,Mantiqî,D,"Mantiqî (logical) di bernamekirinê de ji bo hilanîna nirxekê ya ku dikare bibe rast an derew tê bikaranîn. Guherbar, döngü û koşul jî têgehên din in lê ne ji bo hilanîna nirxên mantiqî ne.",1,verified,https://en.wikipedia.org/wiki/Boolean_data_type,approved,0.95,
ds_teknoloji_0071,ku-kmr,Teknolojî,"Di bernamekirinê de, kîjan têgeh ji bo hilanîna nirxekê ya ku dikare bibe navnîşek tîpan tê bikaranîn?",Guherbar,Döngü,Nivîs,Koşul,C,"Nivîs (text) di bernamekirinê de ji bo hilanîna nirxekê ya ku dikare bibe navnîşek tîpan tê bikaranîn. Guherbar, döngü û koşul jî têgehên din in lê ne ji bo hilanîna nivîsê ne.",1,verified,https://en.wikipedia.org/wiki/String_(computer_science),approved,0.95,
ds_teknoloji_0072,ku-kmr,Teknolojî,"Di bernamekirinê de, kîjan têgeh ji bo hilanîna nirxekê ya ku dikare bibe navnîşek nirxan tê bikaranîn?",Guherbar,Döngü,Koşul,Navnîş,D,"Navnîş (list) di bernamekirinê de ji bo hilanîna nirxekê ya ku dikare bibe navnîşek nirxan tê bikaranîn. Guherbar, döngü û koşul jî têgehên din in lê ne ji bo hilanîna navnîşan in.",1,verified,https://en.wikipedia.org/wiki/List_(abstract_data_type),approved,0.95,
ds_teknoloji_0073,ku-kmr,Teknolojî,"Di bernamekirinê de, kîjan têgeh ji bo hilanîna nirxekê ya ku dikare bibe komek nirxan tê bikaranîn?",Kom,Guherbar,Döngü,Koşul,A,"Kom (set) di bernamekirinê de ji bo hilanîna nirxekê ya ku dikare bibe komek nirxan tê bikaranîn. Guherbar, döngü û koşul jî têgehên din in lê ne ji bo hilanîna koman in.",2,verified,https://en.wikipedia.org/wiki/Set_(abstract_data_type),approved,0.95,
ds_teknoloji_0076,ku-kmr,Teknolojî,"Di bingeha daneyan de, kîjan ziman ji bo pirsyarkirina daneyan tê bikaranîn?",HTML,CSS,HTTP,SQL,D,"SQL zimanê standard e ji bo birêvebirina bingeha daneyan a pêwendîdar, di nav de pirsyarkirina daneyan.",1,verified,https://en.wikipedia.org/wiki/SQL,approved,0.95,
ds_teknoloji_0077,ku-kmr,Teknolojî,Kîjan strukturê daneyan bi prensîba LIFO dixebite?,Stêk (Stack),Peldank (Queue),Lîsteya girêdayî,Dara binerd,A,"Stêk prensîba LIFO dişopîne, ango dawî tê yekem derdikeve, wekî komika pelan.",1,verified,https://en.wikipedia.org/wiki/Stack_(abstract_data_type),approved,0.95,
ds_teknoloji_0081,ku-kmr,Teknolojî,"Di bingeha daneyan de, kîjan ziman ji bo birêvebirina bingeha daneyan û kontrolkirina mafên bikarhêneran tê bikaranîn?",SQL,Python,Java,C++,A,"SQL ne tenê ji bo pirsyarkirinê ye, lê di heman demê de ji bo birêvebirina strukturê bingeha daneyan û mafên bikarhêneran jî tê bikaranîn.",2,verified,https://en.wikipedia.org/wiki/SQL,approved,0.95,
ds_teknoloji_0082,ku-kmr,Teknolojî,"Di strukturên daneyan de, kîjan têgeh ji bo navnîşek ku her element xwediyê du girêdanan e (berê û paşê) tê bikaranîn?",Lîsteya yekgirêdayî,Lîsteya duqat-girêdayî,Stêk,Dara binerd,B,Lîsteya duqat-girêdayî di her elementê de du girêdanan dihewîne: yek ber bi elementa berê û yek jî ber bi elementa paşê ve.,2,verified,https://en.wikipedia.org/wiki/Doubly_linked_list,approved,0.95,
ds_teknoloji_0083,ku-kmr,Teknolojî,"Di bingeha daneyan de, kîjan têgeh ji bo kêmkirina dubarekirina daneyan tê bikaranîn?",Denormalîzasyon,Indekskirin,Normalîzasyon,Partîsyonkirin,C,Normalîzasyon pêvajoya organîzekirina bingeha daneyan e ji bo kêmkirina dubarekirinê û başkirina yekparebûna daneyan.,3,verified,https://en.wikipedia.org/wiki/Database_normalization,approved,0.95,
ds_teknoloji_0084,ku-kmr,Teknolojî,"Di strukturên daneyan de, kîjan têgeh ji bo navnîşek ku element tenê ji serî tê zêdekirin û jêbirin tê bikaranîn?",Peldank (Queue),Lîsteya girêdayî,Dara binerd,Stêk (Stack),D,"Stêk tenê ji serî elementan zêde dike û jê dibe, bi prensîba LIFO.",1,verified,https://en.wikipedia.org/wiki/Stack_(abstract_data_type),approved,0.95,
ds_teknoloji_0085,ku-kmr,Teknolojî,"Di bingeha daneyan de, kîjan têgeh tê wateya tabloyek ku daneyên demkî dihewîne?",Nêrîn,Tablo,Indeks,Trigger,A,Nêrîn tabloyek virtual e ku ji pirsyarkirina tabloyên din tê afirandin û daneyên demkî dihewîne.,2,verified,https://en.wikipedia.org/wiki/View_(SQL),approved,0.95,
ds_teknoloji_0086,ku-kmr,Teknolojî,"Di strukturên daneyan de, kîjan têgeh ji bo navnîşek ku element li dawiyê tê zêdekirin û ji serî tê jêbirin tê bikaranîn?",Stêk (Stack),Peldank (Queue),Lîsteya girêdayî,Dara binerd,B,"Peldank prensîba FIFO dişopîne: yekem tê, yekem derdikeve.",1,verified,https://en.wikipedia.org/wiki/Queue_(abstract_data_type),approved,0.95,
ds_teknoloji_0087,ku-kmr,Teknolojî,"Di bingeha daneyan de, kîjan têgeh ji bo bilezkirina lêgerîna daneyan tê bikaranîn?",Trigger,Nêrîn,Indeks,Stored Procedure,C,Indeks strukturên daneyan in ku lêgerîna daneyan di tabloyan de bileztir dikin.,2,verified,https://en.wikipedia.org/wiki/Database_index,approved,0.95,
ds_teknoloji_0088,ku-kmr,Teknolojî,"Di strukturên daneyan de, kîjan têgeh ji bo navnîşek ku element li gorî rêzekê têne rêzkirin tê bikaranîn?",Lîsteya girêdayî,Ferhengok,Stêk,Lîsteya rêzkirî,D,"Lîsteya rêzkirî elementan li gorî rêzek taybetî dihewîne, wekî rêza alfabetîk an jî hejmarî.",2,verified,https://en.wikipedia.org/wiki/List_(abstract_data_type),approved,0.95,
ds_teknoloji_0089,ku-kmr,Teknolojî,"Di bingeha daneyan de, kîjan têgeh ji bo otomatîk kirina çalakiyekê dema ku bûyerek diqewime tê bikaranîn?",Trigger,Indeks,Nêrîn,Stored Procedure,A,"Trigger kodek otomatîk e ku dema bûyerek taybet diqewime (wekî têketin, rojanekirin) tê aktîvkirin.",3,verified,https://en.wikipedia.org/wiki/Database_trigger,approved,0.95,
ds_teknoloji_0091,ku-kmr,Teknolojî,"Di bingeha daneyan de, kîjan têgeh ji bo berhevkirina daneyan ji çend tabloyan di pirsyarkirinekê de tê bikaranîn?",SELECT,INSERT,JOIN,DELETE,C,JOIN di SQL de ji bo berhevkirina daneyan ji çend tabloyan li gorî şertek tê bikaranîn.,2,verified,https://en.wikipedia.org/wiki/Join_(SQL),approved,0.95,
ds_teknoloji_0092,ku-kmr,Teknolojî,"Di strukturên daneyan de, kîjan têgeh ji bo navnîşek ku element bi rêbazek grafîkî têne girêdan tê bikaranîn?",Dara binerd,Stêk,Peldank,Graf,D,"Graf strukturên daneyan in ku ji girêk û keviyan pêk tên, ku têkiliyên di navbera elementan de nîşan didin.",3,verified,https://en.wikipedia.org/wiki/Graph_(abstract_data_type),approved,0.95,
ds_teknoloji_0093,ku-kmr,Teknolojî,"Di bingeha daneyan de, kîjan têgeh ji bo kêmkirina mezinahiya bingeha daneyan tê bikaranîn?",Kompresyon,Indekskirin,Normalîzasyon,Partîsyonkirin,A,Kompresyon mezinahiya bingeha daneyan kêm dike bi karanîna teknîkên cuda yên pêçanê.,3,verified,https://en.wikipedia.org/wiki/Data_compression,approved,0.95,
ds_teknoloji_0094,ku-kmr,Teknolojî,"Di strukturên daneyan de, kîjan têgeh ji bo navnîşek ku element bi rêbazek FIFO têne birêvebirin tê bikaranîn?",Stêk (Stack),Peldank (Queue),Lîsteya girêdayî,Dara binerd,B,"Peldank prensîba FIFO dişopîne, ango yekem tê yekem derdikeve.",1,verified,https://en.wikipedia.org/wiki/Queue_(abstract_data_type),approved,0.95,
ds_teknoloji_0096,ku-kmr,Teknolojî,"Di strukturên daneyan de, kîjan têgeh ji bo navnîşek ku element bi rêbazek LIFO têne birêvebirin tê bikaranîn?",Peldank (Queue),Lîsteya girêdayî,Graf,Stêk (Stack),D,"Stêk prensîba LIFO dişopîne, ango dawî tê yekem derdikeve.",1,verified,https://en.wikipedia.org/wiki/Stack_(abstract_data_type),approved,0.95,
ds_teknoloji_0098,ku-kmr,Teknolojî,"Di strukturên daneyan de, kîjan têgeh ji bo navnîşek ku element bi rêbazek hiyerarşîk têne organîzekirin û her element xwediyê du zarokan e?",Graf,Dara duduyî,Lîsteya girêdayî,Ferhengok,B,Dara duduyî taybetmendiyek dara binerd e ku her element (girêk) herî zêde du zarokên wê hene.,2,verified,https://en.wikipedia.org/wiki/Binary_tree,approved,0.95,
ds_teknoloji_0100,ku-kmr,Teknolojî,"Di strukturên daneyan de, kîjan têgeh ji bo navnîşek ku element bi rêbazek rêzkirî têne hilanîn û lêgerîna wan bi lez tê kirin?",Lîsteya girêdayî,Peldank,Stêk,Dara lêgerînê,D,"Dara lêgerînê strukturên daneyan in ku lêgerîna elementan bi lez û bez pêk tînin, wekî dara lêgerîna duduyî.",3,verified,https://en.wikipedia.org/wiki/Binary_search_tree,approved,0.95,
ds_teknoloji_0101,ku-kmr,Teknolojî,Kîjan pergalê xebitandinê ji aliyê şîrketa Microsoft ve hatiye çêkirin?,Windows,Linux,Android,macOS,A,"Windows ji aliyê Microsoft ve hatiye çêkirin. Linux pergaleke xebitandinê ya çavkaniya vekirî ye, Android ji aliyê Google ve hatiye çêkirin û macOS ji aliyê Apple ve hatiye çêkirin.",1,verified,https://en.wikipedia.org/wiki/Microsoft_Windows,approved,0.95,
ds_teknoloji_0102,ku-kmr,Teknolojî,Kîjan pergalê xebitandinê ji bo têlefonên mobîl ên bi navê Android hatiye çêkirin?,Windows,Android,Linux,iOS,B,Android pergaleke xebitandinê ya mobîl e ku ji aliyê Google ve hatiye pêşve xistin. Ew li ser kernelê Linuxê ava bûye û ji bo têlefonên mobîl hatiye çêkirin.,1,verified,https://en.wikipedia.org/wiki/Android_(operating_system),approved,0.95,
ds_teknoloji_0103,ku-kmr,Teknolojî,Kîjan pergalê xebitandinê ji aliyê şîrketa Apple ve ji bo komputerên Mac hatiye çêkirin?,Linux,Windows,macOS,Android,C,macOS pergaleke xebitandinê ye ku ji aliyê Apple ve ji bo komputerên Mac hatiye çêkirin. Ew ji BSD-ê hatiye pêşve xistin û bi navgîniya grafîkî ya xwe tê nasîn.,1,verified,https://en.wikipedia.org/wiki/MacOS,approved,0.95,
ds_teknoloji_0104,ku-kmr,Teknolojî,Kîjan pergalê xebitandinê bi gelemperî ji bo serveran tê bikaranîn û çavkaniya wê vekirî ye?,Windows,macOS,iOS,Linux,D,Linux pergaleke xebitandinê ya çavkaniya vekirî ye ku bi gelemperî ji bo serveran tê bikaranîn. Ew ji aliyê civaka global ve tê pêşve xistin û ji bo gelek cîhazên cuda tê adaptekirin.,2,verified,https://en.wikipedia.org/wiki/Linux,approved,0.95,
ds_teknoloji_0105,ku-kmr,Teknolojî,"Di komputerê de, kîjan beş wekî 'mejiyê' komputerê tê hesibandin?",CPU,Hard disk,RAM,Karta grafîkê,A,"CPU (Yekîneya Navendî ya Pêvajoyê) wekî mejiyê komputerê tê hesibandin ji ber ku ew hemî fermanan pêvajoyê dike û xebata komputerê kontrol dike. RAM bîra demkî ye, hard disk hilanîna daîmî ye û karta grafîkê ji bo wêneyan e.",1,verified,https://en.wikipedia.org/wiki/Central_processing_unit,approved,0.95,
ds_teknoloji_0106,ku-kmr,Teknolojî,Kîjan cîhaz ji bo hilanîna daneyan bi awayekî daîmî tê bikaranîn?,RAM,Hard disk,CPU,Karta dengê,B,"Hard disk ji bo hilanîna daneyan bi awayekî daîmî tê bikaranîn. RAM bîra demkî ye ku dema komputer tê girtin vala dibe, CPU pêvajoyê dike û karta dengê ji bo deng e.",1,verified,https://en.wikipedia.org/wiki/Hard_disk_drive,approved,0.95,
ds_teknoloji_0107,ku-kmr,Teknolojî,Kîjan pergalê xebitandinê bi gelemperî li ser komputerên ku ji bo kar û nivîsgehê têne bikaranîn tê sazkirin?,Android,iOS,Windows,Tizen,C,Windows bi gelemperî li ser komputerên nivîsgehê tê sazkirin ji ber ku bi gelek nermalavên karsaziyê re lihevhatî ye. Android û iOS ji bo têlefonan in û Tizen ji bo televîzyonan e.,2,verified,https://en.wikipedia.org/wiki/Microsoft_Windows,approved,0.95,
ds_teknoloji_0108,ku-kmr,Teknolojî,Kîjan pergalê xebitandinê ji bo cîhazên mobîl ên Apple tê bikaranîn?,Android,Windows Phone,Linux,iOS,D,"iOS pergaleke xebitandinê ye ku ji aliyê Apple ve ji bo iPhone û iPad hatiye çêkirin. Android ji aliyê Google ve ye, Windows Phone ji aliyê Microsoft ve ye û Linux ji bo serveran e.",1,verified,https://en.wikipedia.org/wiki/IOS,approved,0.95,
ds_teknoloji_0109,ku-kmr,Teknolojî,Kîjan pergalê xebitandinê bi gelemperî ji bo televîzyonên jîr tê bikaranîn?,Tizen,Windows,macOS,iOS,A,Tizen pergaleke xebitandinê ye ku ji aliyê Samsung ve ji bo televîzyonên jîr hatiye çêkirin. Windows û macOS ji bo komputeran in û iOS ji bo têlefonên Apple ye.,2,verified,https://en.wikipedia.org/wiki/Tizen,approved,0.95,
ds_teknoloji_0110,ku-kmr,Teknolojî,Kîjan beşê komputerê ji bo hilanîna daneyan dema ku komputer vekirî ye tê bikaranîn?,Hard disk,RAM,CPU,Karta torê,B,"RAM (Bîra Xebatê ya Rast) ji bo hilanîna daneyan dema ku komputer vekirî ye tê bikaranîn. Ew bîra demkî ye ku zû tê xwendin û nivîsandin, lê dema komputer tê girtin vala dibe.",2,verified,https://en.wikipedia.org/wiki/Random-access_memory,approved,0.95,
ds_teknoloji_0111,ku-kmr,Teknolojî,Kîjan pergalê xebitandinê ji bo serverên webê yên herî zêde tê bikaranîn?,Windows,macOS,Linux,Android,C,"Linux ji bo serverên webê herî zêde tê bikaranîn ji ber ku ew pergaleke xebitandinê ya çavkaniya vekirî ye, bi îstîqrar e û ji hêla gelek şîrketan ve tê piştgirî kirin. Ew ji bo serveran pir maqûl e.",2,verified,https://en.wikipedia.org/wiki/Linux,approved,0.95,
ds_teknoloji_0112,ku-kmr,Teknolojî,Kîjan cîhaz ji bo girêdana komputerê bi înternetê re tê bikaranîn?,Karta dengê,Karta grafîkê,Karta bîrê,Karta torê,D,"Karta torê (Network Interface Card) ji bo girêdana komputerê bi înternetê re tê bikaranîn. Ew daneyan di navbera komputer û torê de veguhezîne. Karta dengê ji bo deng, karta grafîkê ji bo wêneyan û karta bîrê ji bo hilanîna bîrê ye.",1,verified,https://en.wikipedia.org/wiki/Network_interface_controller,approved,0.95,
ds_teknoloji_0113,ku-kmr,Teknolojî,Kîjan pergalê xebitandinê ji bo komputerên desta (laptop) yên herî sivik tê bikaranîn?,ChromeOS,Windows,Linux,Android,A,ChromeOS pergaleke xebitandinê ye ku ji aliyê Google ve hatiye çêkirin û ji bo komputerên desta yên sivik hatiye çêkirin. Ew li ser geroka Chrome-ê ava bûye û piraniya xebatan bi înternetê re dike.,2,verified,https://en.wikipedia.org/wiki/ChromeOS,approved,0.95,
ds_teknoloji_0114,ku-kmr,Teknolojî,Kîjan beşê komputerê ji bo nîşandana wêneyan li ser ekranê tê bikaranîn?,CPU,Karta grafîkê,RAM,Hard disk,B,"Karta grafîkê (GPU) ji bo nîşandana wêneyan li ser ekranê tê bikaranîn. Ew wêneyan pêvajoyê dike û dişîne ekranê. CPU pêvajoya giştî dike, RAM bîra demkî ye û hard disk hilanîna daîmî ye.",1,verified,https://en.wikipedia.org/wiki/Graphics_processing_unit,approved,0.95,
ds_teknoloji_0115,ku-kmr,Teknolojî,Kîjan pergalê xebitandinê ji bo serverên ku karên krîtîk pêk tînin tê bikaranîn?,Windows,macOS,Unix,Android,C,Unix pergaleke xebitandinê ye ku ji bo serverên krîtîk tê bikaranîn ji ber ku ew pir bi îstîqrar û ewle ye. Ew ji bo gelek salan di serveran de tê bikaranîn û bingeha gelek pergalên din e.,2,verified,https://en.wikipedia.org/wiki/Unix,approved,0.95,
ds_teknoloji_0116,ku-kmr,Teknolojî,Kîjan cîhaz ji bo zêdekirina bîra komputerê tê bikaranîn?,Hard disk,CPU,Karta torê,RAM,D,"RAM (Bîra Xebatê ya Rast) ji bo zêdekirina bîra komputerê tê bikaranîn. Zêdekirina RAM-ê leza komputerê zêde dike ji ber ku komputer dikare bêtir daneyan di bîra demkî de bihêle. Hard disk hilanîna daîmî ye, CPU pêvajoyê dike û karta torê ji bo torê ye.",1,verified,https://en.wikipedia.org/wiki/Random-access_memory,approved,0.95,
ds_teknoloji_0117,ku-kmr,Teknolojî,Kîjan pergalê xebitandinê ji bo cîhazên ku tê de daneyên bi hev re têne parvekirin tê bikaranîn?,Windows Server,macOS,Android,iOS,A,Windows Server pergaleke xebitandinê ye ku ji aliyê Microsoft ve ji bo serveran hatiye çêkirin. Ew ji bo parvekirina daneyan di nav torê de hatiye çêkirin û gelek karûbarên serverê pêşkêş dike.,2,verified,https://en.wikipedia.org/wiki/Windows_Server,approved,0.95,
ds_teknoloji_0119,ku-kmr,Teknolojî,Kîjan pergalê xebitandinê ji bo cîhazên ku bi têkiliya derveyî re dixebitin tê bikaranîn?,Windows,Linux,Android,macOS,C,Android pergaleke xebitandinê ye ku ji bo cîhazên mobîl ên bi têkiliya derveyî re dixebitin hatiye çêkirin. Ew ji bo têlefon û tabletên bi ekrana têkiliyê hatiye pêşve xistin. Windows û macOS ji bo komputeran in û Linux ji bo serveran e.,2,verified,https://en.wikipedia.org/wiki/Android_(operating_system),approved,0.95,
ds_teknoloji_0121,ku-kmr,Teknolojî,Kîjan pergalê xebitandinê ji bo komputerên ku bi pîvanên mezin ên daneyan re dixebitin tê bikaranîn?,Linux,Windows,macOS,Android,A,Linux ji bo komputerên ku bi pîvanên mezin ên daneyan re dixebitin tê bikaranîn ji ber ku ew pir bi îstîqrar e û dikare bi gelek daneyan re bi awayekî efektîf xebitîne. Ew ji bo server û supercomputeran jî tê bikaranîn.,2,verified,https://en.wikipedia.org/wiki/Linux,approved,0.95,
ds_teknoloji_0123,ku-kmr,Teknolojî,Kîjan pergalê xebitandinê ji bo cîhazên ku bi têkiliya deng re dixebitin tê bikaranîn?,Windows,Linux,Android,macOS,C,Android pergaleke xebitandinê ye ku ji bo cîhazên bi têkiliya deng re dixebitin hatiye çêkirin. Ew ji bo têlefon û tabletên ku bi deng têne kontrol kirin hatiye pêşve xistin. Windows û macOS ji bo komputeran in û Linux ji bo serveran e.,3,verified,https://en.wikipedia.org/wiki/Android_(operating_system),approved,0.95,
ds_teknoloji_0124,ku-kmr,Teknolojî,Kîjan beşê komputerê ji bo hilanîna daneyan bi awayekî demkî dema ku bername tê xebitandin tê bikaranîn?,Hard disk,CPU,Karta torê,RAM,D,"RAM (Bîra Xebatê ya Rast) ji bo hilanîna daneyan bi awayekî demkî dema ku bername tê xebitandin tê bikaranîn. Ew daneyan ji bo demek kurt dihêle ku CPU zû bigihîje wan. Hard disk hilanîna daîmî ye, CPU pêvajoyê dike û karta torê ji bo torê ye.",2,verified,https://en.wikipedia.org/wiki/Random-access_memory,approved,0.95,
ds_teknoloji_0125,ku-kmr,Teknolojî,Kîjan pergalê xebitandinê ji bo komputerên ku ji bo fêrbûna zarokan têne bikaranîn tê pêşniyar kirin?,Ubuntu,Windows,Linux,Android,A,"Ubuntu pergaleke xebitandinê ya çavkaniya vekirî ye ku ji bo komputerên fêrbûnê tê pêşniyar kirin ji ber ku ew belaş e, bi hêsanî tê bikaranîn û gelek nermalavên perwerdehiyê pê re têne. Windows û macOS jî têne bikaranîn lê Ubuntu ji bo fêrbûnê bêtir guncav e.",2,verified,https://en.wikipedia.org/wiki/Ubuntu,approved,0.95,
ds_teknoloji_0126,ku-kmr,Teknolojî,"Di makîneya fêrbûnê de, kîjan têgeh ji bo daneyên ku ji bo perwerdekirina modelê têne bikaranîn tê gotin?",Daneyên ceribandinê,Daneyên perwerdeyê,Daneyên rastkirinê,Daneyên hilberînê,B,"Daneyên perwerdeyê koma daneyan e ku model ji wan fêr dibe û parametreyên xwe li gorî wan sererast dike. Daneyên ceribandinê ji bo nirxandina performansa modelê têne bikaranîn, ne ji bo fêrbûnê.",1,verified,"https://en.wikipedia.org/wiki/Training,_validation,_and_test_data_sets",approved,0.95,
ds_teknoloji_0128,ku-kmr,Teknolojî,"Di fêrbûna neçavdêrîkirî de, kîjan têgeh ji bo koma kiryarên ku model bêyî etîketan pêk tîne tê bikaranîn?",Pêşbîniyê,Veguhastinê,Rastkirinê,Komkirinê,D,"Di fêrbûna neçavdêrîkirî de, model di daneyan de avahî û rêxistinê dibîne bêyî ku etîketên berê hebin. Komkirin (clustering) rêbazek e ku tê de model daneyan li gorî wekheviyê di nav komên cuda de dabeş dike.",2,verified,https://en.wikipedia.org/wiki/Unsupervised_learning,approved,0.95,
ds_teknoloji_0129,ku-kmr,Teknolojî,"Di yapay zekayê de, kîjan têgeh ji bo pêvajoya ku model bi ceribandin û xeletiyê fêr dibe û xelatê distîne tê bikaranîn?",Fêrbûna bi xurtkirinê,Fêrbûna bi çavdêrî,Fêrbûna bi veguhastinê,Fêrbûna bi kûrkirinê,A,Fêrbûna bi xurtkirinê (reinforcement learning) celebek fêrbûnê ye ku tê de model (ajans) bi kiryarên xwe re xelat an ceza distîne û ji van encaman fêr dibe da ku stratejiya xwe baştir bike. Ev rêbaz bi gelemperî di lîstikan û robotîkê de tê bikaranîn.,2,verified,https://en.wikipedia.org/wiki/Reinforcement_learning,approved,0.95,
ds_teknoloji_0130,ku-kmr,Teknolojî,"Di fêrbûna kûr de, kîjan strukturê bi gelemperî ji bo pêvajokirina wêneyan tê bikaranîn?",Tora neuralî ya pêşverû,Tora neuralî ya konvulsiyonî,Tora neuralî ya dubare,Tora neuralî ya belavbûyî,B,Tora neuralî ya konvulsiyonî (CNN) bi taybetî ji bo pêvajokirina wêneyan hatiye sêwirandin. Ew bi karanîna qatên konvulsiyonê taybetmendiyên dîtbarî yên wekî kenar û şêweyan ji wêneyan derdixe û ji bo nasîna wêneyan pir bi bandor e.,2,verified,https://en.wikipedia.org/wiki/Convolutional_neural_network,approved,0.95,
ds_teknoloji_0132,ku-kmr,Teknolojî,"Di pêvajokirina zimanê xwezayî de, kîjan têgeh ji bo veguhertina nivîsê di nav rêzek hejmaran de tê bikaranîn?",Veguhertina dengan,Veguhertina wêneyan,Veguhertina kodê,Veguhertina nivîsê,D,Veguhertina nivîsê (text embedding) pêvajoyek e ku tê de peyv an hevokên nivîsê di nav vektorên hejmarî de têne temsîl kirin. Ev rêbaz rê dide modelan ku daneyên nivîsê bi awayekî matematîkî pêvajoyê bikin û têkiliyên di navbera peyvan de fam bikin.,2,verified,https://en.wikipedia.org/wiki/Word_embedding,approved,0.95,
ds_teknoloji_0134,ku-kmr,Teknolojî,"Di makîneya fêrbûnê de, kîjan têgeh ji bo pîvana ku model çiqas baş li ser daneyên nû yên nedîtî performansê dide tê bikaranîn?",Leza modelê,Rastbûna modelê,Mezinahiya modelê,Nexşeya modelê,B,Rastbûna modelê (accuracy) rêjeya pêşbîniyên rast ên modelê li hember hemî pêşbîniyan e. Ev pîvan nîşan dide ku model çiqas baş dikare ji daneyên ku berê nedîtine re pêşbîniyên rast bike.,1,verified,https://en.wikipedia.org/wiki/Accuracy_and_precision,approved,0.95,
ds_teknoloji_0135,ku-kmr,Teknolojî,"Di fêrbûna kûr de, kîjan têgeh ji bo pêvajoya ku model bi rêya qatên neuralî ve daneyan ji bo derxistina taybetmendiyan derbas dike tê bikaranîn?",Veguhestina paşverû,Veguhestina alî,Veguhestina pêşverû,Veguhestina navxweyî,C,Veguhestina pêşverû (forward propagation) pêvajoya ku tê de daneyên têketinê di nav qatên tora neuralî de derbas dibin û li her qatê têne veguherandin heta ku hilberîna dawî çêdibe. Ev pêvajo bingeha hesabkirina pêşbîniyên modelê ye.,2,verified,https://en.wikipedia.org/wiki/Backpropagation,approved,0.95,
ds_teknoloji_0136,ku-kmr,Teknolojî,"Di fêrbûna kûr de, kîjan rêbaz ji bo sererastkirina parametreyên modelê li gorî xeletiya hilberînê tê bikaranîn?",Veguhestina pêşverû,Veguhestina rastkirinê,Veguhestina çewtkirinê,Veguhestina paşverû,D,"Veguhestina paşverû (backpropagation) rêbazek e ku tê de xeletiya di navbera pêşbîniya modelê û encama rast de tê hesabkirin û ev xeletî ji qata dawî ber bi qata pêşîn ve tê belavkirin. Di vê pêvajoyê de, parametreyên modelê têne sererast kirin da ku xeletî kêm bibe.",2,verified,https://en.wikipedia.org/wiki/Backpropagation,approved,0.95,
ds_teknoloji_0137,ku-kmr,Teknolojî,"Di makîneya fêrbûnê de, kîjan têgeh ji bo rewşa ku model ji daneyên perwerdeyê pir baş fêr dibe lê ji daneyên nû re baş performansê nade tê bikaranîn?",Zêde-fêrbûn,Kêm-fêrbûn,Rast-fêrbûn,Çewt-fêrbûn,A,Zêde-fêrbûn (overfitting) rewşek e ku tê de model bi awayekî zêde li ser daneyên perwerdeyê tê sazkirin û ji daneyên nû yên nedîtî re performansa wê kêm dibe. Ev ji ber ku model di daneyên perwerdeyê de deng û taybetmendiyên taybet jî fêr dibe.,2,verified,https://en.wikipedia.org/wiki/Overfitting,approved,0.95,
ds_teknoloji_0138,ku-kmr,Teknolojî,"Di makîneya fêrbûnê de, kîjan têgeh ji bo rewşa ku model nikare ji daneyên perwerdeyê jî bi awayekî rast fêr bibe tê bikaranîn?",Zêde-fêrbûn,Kêm-fêrbûn,Rast-fêrbûn,Bê-fêrbûn,B,"Kêm-fêrbûn (underfitting) rewşek e ku tê de model pir sade ye û nikare avahiya daneyan bi awayekî rast bigire. Di vê rewşê de, performansa modelê hem li ser daneyên perwerdeyê hem jî li ser daneyên nû kêm e.",2,verified,https://en.wikipedia.org/wiki/Overfitting,approved,0.95,
ds_teknoloji_0139,ku-kmr,Teknolojî,"Di fêrbûna kûr de, kîjan têgeh ji bo rêjeya ku di her gavê de parametreyên modelê têne sererast kirin tê bikaranîn?",Rêjeya pêşbîniyê,Rêjeya xeletiyê,Rêjeya fêrbûnê,Rêjeya lezê,C,"Rêjeya fêrbûnê (learning rate) pîvanek e ku diyar dike ku di her gavê de parametreyên modelê çiqas têne guhertin. Rêjeya fêrbûnê ya mezin dibe sedema guhertinên mezin û dibe ku model ji çareseriya çêtirîn derbas bibe, lê rêjeya piçûk dibe sedema hêdîbûna fêrbûnê.",2,verified,https://en.wikipedia.org/wiki/Learning_rate,approved,0.95,
ds_teknoloji_0140,ku-kmr,Teknolojî,"Di makîneya fêrbûnê de, kîjan têgeh ji bo koma daneyan ku ji bo nirxandina performansa modelê ya dawî tê bikaranîn tê gotin?",Daneyên perwerdeyê,Daneyên rastkirinê,Daneyên hilberînê,Daneyên ceribandinê,D,"Daneyên ceribandinê (test data) koma daneyan e ku ji bo nirxandina performansa modelê ya dawî tê bikaranîn. Ev daneyên ku model di qonaxa perwerdeyê de qet nedîtine, ji bo pîvandina rastiya modelê li ser daneyên nû têne bikaranîn.",1,verified,"https://en.wikipedia.org/wiki/Training,_validation,_and_test_data_sets",approved,0.95,
ds_teknoloji_0141,ku-kmr,Teknolojî,"Di fêrbûna kûr de, kîjan têgeh ji bo pêvajoya ku tê de model bi awayekî otomatîk taybetmendiyên ji daneyan derdixe tê bikaranîn?",Derxistina taybetmendiyan,Veguhestina taybetmendiyan,Rastkirina taybetmendiyan,Hilberîna taybetmendiyan,A,"Derxistina taybetmendiyan (feature extraction) pêvajoya ku tê de model bi awayekî otomatîk taybetmendiyên bingehîn ji daneyên xav derdixe. Di fêrbûna kûr de, ev pêvajo bi qatên neuralî ve tê kirin û hewcedariya bi derxistina destan a taybetmendiyan ji holê radike.",2,verified,https://en.wikipedia.org/wiki/Feature_engineering,approved,0.95,
ds_teknoloji_0143,ku-kmr,Teknolojî,"Di makîneya fêrbûnê de, kîjan têgeh ji bo pîvana ku model di navbera du koman de çiqas baş cuda dike tê bikaranîn?",Pîvana rastbûnê,Pîvana lezê,Pîvana cudakirinê,Pîvana mezinahiyê,C,Pîvana cudakirinê (discrimination) pîvanek e ku nîşan dide model çiqas baş dikare di navbera du an zêdetir koman de cuda bike. Ev pîvan bi gelemperî di karên dabeşkirinê de tê bikaranîn û ji bo nirxandina performansa modelê girîng e.,3,verified,https://en.wikipedia.org/wiki/Discriminative_model,approved,0.95,
ds_teknoloji_0144,ku-kmr,Teknolojî,"Di fêrbûna kûr de, kîjan têgeh ji bo pêvajoya ku tê de model ji bo her qatekê nirxên navîn hesab dike û ji bo qata din re derbas dike tê bikaranîn?",Aktîvasyonê,Veguhestinê,Kombînasyonê,Normalîzasyonê,D,Normalîzasyonê (normalization) pêvajoyek e ku tê de nirxên di nav qatên tora neuralî de têne sererast kirin da ku di nav rêzek diyarkirî de bin. Ev rêbaz ji bo stabîlkirina fêrbûnê û bilezkirina pêvajoyê tê bikaranîn.,3,verified,https://en.wikipedia.org/wiki/Batch_normalization,approved,0.95,
ds_teknoloji_0145,ku-kmr,Teknolojî,"Di yapay zekayê de, kîjan têgeh ji bo pêvajoya ku tê de model ji bo daneyên nû pêşbîniyan dike lê ev pêşbîniyên bi awayekî rast nayên kontrol kirin tê bikaranîn?",Pêşbîniya bêkontrol,Pêşbîniya rast,Pêşbîniya çewt,Pêşbîniya navxweyî,A,Pêşbîniya bêkontrol (unsupervised prediction) pêvajoyek e ku tê de model ji daneyên bê etîket pêşbîniyan dike bêyî ku encamên rast ji berê ve bêne zanîn. Ev rêbaz bi gelemperî di fêrbûna neçavdêrîkirî de tê bikaranîn.,2,verified,https://en.wikipedia.org/wiki/Unsupervised_learning,approved,0.95,
ds_teknoloji_0149,ku-kmr,Teknolojî,"Di fêrbûna kûr de, kîjan têgeh ji bo pêvajoya ku tê de model bi awayekî serbixwe ji daneyan fêr dibe û avahiya daneyan kifş dike tê bikaranîn?",Fêrbûna bêçavdêrî,Fêrbûna bi çavdêrî,Fêrbûna bi xurtkirinê,Fêrbûna bi veguhastinê,A,Fêrbûna bêçavdêrî (unsupervised learning) pêvajoyek e ku tê de model ji daneyên bê etîket fêr dibe û avahî an rêxistina di daneyan de kifş dike. Ev rêbaz ji bo kifşkirina nimûneyan û komkirina daneyan tê bikaranîn.,1,verified,https://en.wikipedia.org/wiki/Unsupervised_learning,approved,0.95,
ds_teknoloji_0151,ku-kmr,Teknolojî,"Ji bo çêkirina rûpelekê ya webê, kîjan zimanê nîşankirinê tê bikaranîn?",SQL,Python,HTML,PHP,C,"HTML zimanê nîşankirinê ye ku ji bo avakirina strukturên rûpelên webê tê bikaranîn. SQL ji bo bingeha daneyan, Python û PHP jî zimanên bernamekirinê ne.",1,verified,https://en.wikipedia.org/wiki/HTML,approved,0.95,
ds_teknoloji_0152,ku-kmr,Teknolojî,"Di navnîşana URL-ê de, kîjan beş protokola tê bikaranîn nîşan dide?",www,ku,html,https,D,"Di URL-ê de, protokol wekî 'https' li destpêkê tê nivîsandin û rêbaza gihîştina çavkaniyê diyar dike. 'www' navnîşana malperê ye, 'ku' ziman an welat e, 'html' jî formatê pelê ye.",2,verified,https://en.wikipedia.org/wiki/URL,approved,0.95,
ds_teknoloji_0153,ku-kmr,Teknolojî,Kîjan protokol ji bo veguhestina rûpelên webê ji serverê bo gerokê tê bikaranîn?,HTTP,FTP,SMTP,SSH,A,"HTTP protokola veguhestina rûpelên webê ye. FTP ji bo pelan, SMTP ji bo e-nameyan, SSH jî ji bo têkiliya ewle bi serverê re ye.",1,verified,https://en.wikipedia.org/wiki/HTTP,approved,0.95,
ds_teknoloji_0154,ku-kmr,Teknolojî,"Di geroka webê de, kîjan ziman ji bo şêwazdana rûpelan tê bikaranîn?",HTML,CSS,JavaScript,XML,B,"CSS (Cascading Style Sheets) ji bo şêwazdana rûpelên webê tê bikaranîn. HTML strukturê, JavaScript fonksiyonê, XML jî daneyan rêxistin dike.",1,verified,https://en.wikipedia.org/wiki/CSS,approved,0.95,
ds_teknoloji_0155,ku-kmr,Teknolojî,"Di navnîşana IP-ê de, kîjan rêje ji bo pîvana leza veguhestina daneyan tê bikaranîn?",Bendwidth,Packet,Latency,Router,C,"Bandwidth pîvana leza veguhestina daneyan e. Latency derengiyê, packet yekeya daneyan, router jî cîhazê torê ye.",2,verified,https://en.wikipedia.org/wiki/Bandwidth_(computing),approved,0.95,
ds_teknoloji_0156,ku-kmr,Teknolojî,Kîjan teknolojî ji bo şîfrekirina daneyan di navbera malper û gerokê de tê bikaranîn?,FTP,SMTP,DNS,SSL,D,"SSL (Secure Sockets Layer) protokola ewlekariyê ye ku daneyan di navbera malper û gerokê de şîfre dike. FTP, SMTP, DNS protokolên din in.",2,verified,https://en.wikipedia.org/wiki/Transport_Layer_Security,approved,0.95,
ds_teknoloji_0157,ku-kmr,Teknolojî,"Di zimanê webê de, kîjan têgeh ji bo navnîşana yekta ya çavkaniyekê tê bikaranîn?",HTML,URL,HTTP,CSS,A,"URL (Uniform Resource Locator) navnîşana yekta ya çavkaniyekê ye. HTML zimanê nîşankirinê, HTTP protokol, CSS jî şêwazdana rûpelan e.",1,verified,https://en.wikipedia.org/wiki/URL,approved,0.95,
ds_teknoloji_0158,ku-kmr,Teknolojî,"Di torê de, kîjan cîhaz ji bo birêvebirina trafîka daneyan di navbera torên cuda de tê bikaranîn?",Switch,Router,Modem,Hub,B,"Router ji bo girêdana torên cuda û birêvebirina trafîkê tê bikaranîn. Switch di nav tora herêmî de, modem ji bo înternetê, hub jî ji bo girêdana cîhazan e.",1,verified,https://en.wikipedia.org/wiki/Router_(computing),approved,0.95,
ds_teknoloji_0162,ku-kmr,Teknolojî,Kîjan protokol ji bo veguhestina pelan di navbera komputeran de tê bikaranîn?,HTTP,FTP,SMTP,DNS,B,"FTP (File Transfer Protocol) ji bo veguhestina pelan tê bikaranîn. HTTP ji bo rûpelên webê, SMTP ji bo e-nameyan, DNS jî ji bo navnîşan e.",1,verified,https://en.wikipedia.org/wiki/File_Transfer_Protocol,approved,0.95,
ds_teknoloji_0163,ku-kmr,Teknolojî,"Di webê de, kîjan têgeh ji bo hilanîna demkî ya rûpelan di gerokê de tê bikaranîn?",Cache,Session,Cookie,Script,C,"Cache hilanîna demkî ya rûpelan e. Cookie daneyên bikarhêner, Session daneyên danişînê, Script jî koda bernamekirinê ye.",2,verified,https://en.wikipedia.org/wiki/Cache_(computing),approved,0.95,
ds_teknoloji_0164,ku-kmr,Teknolojî,"Di torê de, kîjan cîhaz ji bo girêdana komputeran di nav tora herêmî de tê bikaranîn?",Router,Modem,Firewall,Switch,D,"Switch di nav tora herêmî de komputeran girê dide. Router toran girê dide, Modem înternetê peyda dike, Firewall jî parastinê dike.",1,verified,https://en.wikipedia.org/wiki/Network_switch,approved,0.95,
ds_teknoloji_0165,ku-kmr,Teknolojî,"Di navnîşana webê de, kîjan pêvek ji bo nîşankirina rûpelekê ya taybet tê bikaranîn?",Path,Protocol,Domain,Port,A,"Path (rê) di URL-ê de cîhê rûpelekê ya taybet nîşan dide. Protocol rêbaza gihîştinê, Domain navnîşana malperê, Port jî deriyê têkiliyê ye.",2,verified,https://en.wikipedia.org/wiki/URL,approved,0.95,
ds_teknoloji_0168,ku-kmr,Teknolojî,"Di webê de, kîjan têgeh ji bo veguhestina rûpelekê ji navnîşanekê bo navnîşaneke din tê bikaranîn?",Request,Response,Cache,Redirect,D,"Redirect veguhestina rûpelekê ji navnîşanekê bo navnîşaneke din e. Request daxwaz, Response bersiv, Cache jî hilanîna demkî ye.",2,verified,https://en.wikipedia.org/wiki/URL_redirection,approved,0.95,
ds_teknoloji_0169,ku-kmr,Teknolojî,"Di torê de, kîjan amûr ji bo parastina torê ji êrîşên derve tê bikaranîn?",Firewall,Router,Switch,Modem,A,"Firewall ji bo parastina torê ji êrîşên derve tê bikaranîn. Router toran girê dide, Switch tora herêmî, Modem jî înternetê peyda dike.",1,verified,https://en.wikipedia.org/wiki/Firewall_(computing),approved,0.95,
ds_teknoloji_0170,ku-kmr,Teknolojî,"Di navnîşana IP-ê de, kîjan têgeh ji bo nasnameya cîhazekê di torê de tê bikaranîn?",MAC Address,IP Address,URL,DNS,B,"IP Address nasnameya cîhazekê di torê de ye. MAC Address nasnameya fizîkî ya cîhazê, URL navnîşana webê, DNS jî pergala navnîşan e.",2,verified,https://en.wikipedia.org/wiki/IP_address,approved,0.95,
ds_teknoloji_0172,ku-kmr,Teknolojî,"Di webê de, kîjan têgeh ji bo daneyên ku gerokê ji bo bikarhêner hildide tê bikaranîn?",Cache,Session,Script,Cookie,D,"Cookie daneyên ku gerokê ji bo bikarhêner hildide. Cache hilanîna rûpelan, Session daneyên danişînê, Script jî koda bernamekirinê ye.",2,verified,https://en.wikipedia.org/wiki/HTTP_cookie,approved,0.95,
ds_teknoloji_0173,ku-kmr,Teknolojî,"Di torê de, kîjan têgeh ji bo pêvajoya ku navnîşana IP-ê ji navê domênê tê peydakirin tê bikaranîn?",DNS,HTTP,FTP,SMTP,A,"DNS (Domain Name System) navnîşana IP-ê ji navê domênê peyda dike. HTTP ji bo webê, FTP ji bo pelan, SMTP ji bo e-nameyan e.",1,verified,https://en.wikipedia.org/wiki/Domain_Name_System,approved,0.95,
ds_teknoloji_0175,ku-kmr,Teknolojî,"Di navnîşana webê de, kîjan beş ji bo nîşankirina malperê tê bikaranîn?",Path,Protocol,Domain,Port,C,"Domain (navnîşan) di URL-ê de malperê nîşan dide. Path rûpelê, Protocol rêbaza gihîştinê, Port jî deriyê têkiliyê ye.",1,verified,https://en.wikipedia.org/wiki/Domain_name,approved,0.95,
ds_teknoloji_0176,ku-kmr,Teknolojî,"Ji bo têlefonekî jîr, kîjan pergalê xebitandinê ji aliyê Google ve hatiye çêkirin?",iOS,Windows,Linux,Android,D,"Android pergalek xebitandinê ye ku ji aliyê Google ve hatiye çêkirin û bi piranî li ser têlefonên jîr tê bikaranîn. iOS ya Apple e, Windows ya Microsoft e û Linux jî ji bo serveran tê bikaranîn.",1,verified,https://en.wikipedia.org/wiki/Android_(operating_system),approved,0.95,
ds_teknoloji_0177,ku-kmr,Teknolojî,"Di têlefonekî jîr de, kîjan beş ji bo hilanîna wêneyan û pelan tê bikaranîn?",Bîra hundirîn,Bîra xebitandinê,Pêvajoyê,Bataryayê,A,"Bîra hundirîn (storage) ji bo hilanîna daîmî ya wêneyan, pelan û sepanan tê bikaranîn. Bîra xebitandinê demkî ye, pêvajoyê hesaban dike û bataryayê jî enerjiyê dide.",1,verified,https://en.wikipedia.org/wiki/Smartphone,approved,0.95,
ds_teknoloji_0178,ku-kmr,Teknolojî,Kîjan sepan ji bo şandina peyamên nivîskî bi înternetê tê bikaranîn?,Photoshop,WhatsApp,Excel,VLC,B,"WhatsApp sepanek e ji bo şandina peyamên nivîskî, deng û wêneyan bi înternetê tê bikaranîn. Photoshop ji bo wêneyan e, Excel ji bo tabloyan e û VLC ji bo lîstina vîdyoyan e.",1,verified,https://en.wikipedia.org/wiki/WhatsApp,approved,0.95,
ds_teknoloji_0179,ku-kmr,Teknolojî,"Ji bo barkirina sepanan li ser têlefonekî Android, kîjan dikan tê bikaranîn?",App Store,Steam,Google Play,Epic Games,C,"Google Play dikanek e ji bo barkirina sepanan li ser cîhazên Android. App Store ya Apple e, Steam û Epic Games ji bo lîstikên komputerê ne.",1,verified,https://en.wikipedia.org/wiki/Google_Play,approved,0.95,
ds_teknoloji_0180,ku-kmr,Teknolojî,Kîjan teknolojî ji bo têkiliya bêtêl a li ser dûrahiya kurt di navbera têlefon û guhikan de tê bikaranîn?,Wi-Fi,NFC,GPS,Bluetooth,D,"Bluetooth teknolojiyek bêtêl e ji bo têkiliya li ser dûrahiya kurt, wekî di navbera têlefon û guhikan de. Wi-Fi ji bo înternetê ye, NFC ji bo danûstandinên nêzîk e û GPS ji bo cihnasiyê ye.",2,verified,https://en.wikipedia.org/wiki/Bluetooth,approved,0.95,
ds_teknoloji_0182,ku-kmr,Teknolojî,"Ji bo şandina wêneyan ji têlefonekî bo komputerê, kîjan rêbaz herî bilez e?",Bi posteyê,Bi kabloya USB,Bi kaxezê,Bi dengî,B,"Kabloya USB rêbazek bilez e ji bo veguhestina pelan di navbera têlefon û komputerê de. Poste hêdî ye, kaxez ne mumkin e û deng jî ji bo wêneyan ne guncav e.",1,verified,https://en.wikipedia.org/wiki/USB,approved,0.95,
ds_teknoloji_0183,ku-kmr,Teknolojî,Kîjan têgeh ji bo nermalava ku li ser têlefonê tê sazkirin û karekî taybet dike tê bikaranîn?,Pêvajoyê,Bataryayê,Sepan,Ekranê,C,"Sepan (app) nermalava ku li ser têlefonê tê sazkirin û karekî taybet dike, wekî sepanên peyamên nivîskî an lîstikan. Pêvajoyê, bataryayê û ekranê beşên hardware ne.",1,verified,https://en.wikipedia.org/wiki/Mobile_app,approved,0.95,
ds_teknoloji_0186,ku-kmr,Teknolojî,"Ji bo vekirina têlefonekî jîr, kîjan rêbaz herî ewle ye?",Şîfreyê,Nasnameya rûyê,Koda PIN,Koda kilîtê,B,"Nasnameya rûyê (face recognition) rêbazek ewle ye ji ber ku rûyê mirov yekta ye û dijwar e ku were kopîkirin. Şîfre, PIN û koda kilîtê jî dikarin bên dîtin an dizîn.",2,verified,https://en.wikipedia.org/wiki/Facial_recognition_system,approved,0.95,
ds_teknoloji_0187,ku-kmr,Teknolojî,"Di têlefonekî jîr de, kîjan sepan ji bo guhdarîkirina muzîkê tê bikaranîn?",Gmail,Google Maps,Spotify,Calculator,C,"Spotify sepanek e ji bo guhdarîkirina muzîkê bi înternetê. Gmail ji bo e-nameyan e, Google Maps ji bo nexşeyan e û calculator ji bo hesaban e.",1,verified,https://en.wikipedia.org/wiki/Spotify,approved,0.95,
ds_teknoloji_0188,ku-kmr,Teknolojî,Kîjan têgeh ji bo pêvajoya ku têlefon bi torê ve girêdide tê bikaranîn?,Modem,Router,Antenna,Sîm-kart,D,Sîm-kart (SIM card) ji bo nasnameya bikarhêner di torê de tê bikaranîn û têlefon bi torê ve girêdide. Modem û router ji bo înternetê ne û antenna ji bo pêlên radyoyê ye.,2,verified,https://en.wikipedia.org/wiki/SIM_card,approved,0.95,
ds_teknoloji_0189,ku-kmr,Teknolojî,"Di têlefonekî jîr de, kîjan beş ji bo nîşandana wêneyan tê bikaranîn?",Ekranê,Bataryayê,Pêvajoyê,Bîra hundirîn,A,"Ekranê (screen) ji bo nîşandana wêneyan û nivîsan tê bikaranîn. Bataryayê enerjiyê dide, pêvajoyê hesaban dike û bîra hundirîn daneyan hildide.",1,verified,https://en.wikipedia.org/wiki/Smartphone,approved,0.95,
ds_teknoloji_0190,ku-kmr,Teknolojî,Kîjan sepan ji bo şandina e-nameyan li ser têlefonê tê bikaranîn?,Instagram,Gmail,TikTok,Snapchat,B,"Gmail sepanek e ji bo şandina e-nameyan. Instagram, TikTok û Snapchat ji bo medyaya civakî ne, ne ji bo e-nameyan.",1,verified,https://en.wikipedia.org/wiki/Gmail,approved,0.95,
ds_teknoloji_0191,ku-kmr,Teknolojî,"Di têlefonekî jîr de, kîjan teknolojî ji bo cihnasiyê tê bikaranîn?",Bluetooth,NFC,GPS,Wi-Fi,C,"GPS (Global Positioning System) ji bo cihnasiyê tê bikaranîn. Bluetooth ji bo têkiliya kurt e, NFC ji bo danûstandinên nêzîk e û Wi-Fi ji bo înternetê ye.",1,verified,https://en.wikipedia.org/wiki/Global_Positioning_System,approved,0.95,
ds_teknoloji_0193,ku-kmr,Teknolojî,"Di têlefonekî jîr de, kîjan têgeh ji bo mîqdara daneyên ku di torê de tê veguhestin tê bikaranîn?",Bandwidth,Latency,Resolution,Storage,A,"Bandwidth mîqdara daneyên ku di torê de tê veguhestin diyar dike. Latency derengiyê ye, resolution kalîteya wêneyê ye û storage jî hilanîna daneyan e.",2,verified,https://en.wikipedia.org/wiki/Bandwidth_(computing),approved,0.95,
ds_teknoloji_0194,ku-kmr,Teknolojî,Kîjan têgeh ji bo pêvajoya ku têlefon bi komputerê ve tê girêdan û daneyan vediguhezîne tê bikaranîn?,HDMI,USB,Ethernet,VGA,B,"USB (Universal Serial Bus) ji bo girêdana têlefonê bi komputerê ve û veguhestina daneyan tê bikaranîn. HDMI ji bo vîdyoyê ye, Ethernet ji bo torê ye û VGA ji bo ekranê ye.",1,verified,https://en.wikipedia.org/wiki/USB,approved,0.95,
ds_teknoloji_0195,ku-kmr,Teknolojî,"Di têlefonekî jîr de, kîjan sepan ji bo wergirtina nûçeyan tê bikaranîn?",Calculator,Compass,BBC News,Flashlight,C,"BBC News sepanek e ji bo wergirtina nûçeyan. Calculator ji bo hesaban e, compass ji bo arasteyê ye û flashlight ji bo ronahiyê ye.",1,verified,https://en.wikipedia.org/wiki/BBC_News,approved,0.95,
ds_teknoloji_0196,ku-kmr,Teknolojî,Kîjan teknolojî ji bo veguhestina daneyan bi leza bilind di navbera têlefon û torê de tê bikaranîn?,Bluetooth,NFC,Infrared,5G,D,"5G teknolojiyek e ji bo veguhestina daneyan bi leza bilind di torê de. Bluetooth ji bo dûrahiya kurt e, NFC ji bo danûstandinên nêzîk e û infrared jî ji bo têkiliya kurt e.",2,verified,https://en.wikipedia.org/wiki/5G,approved,0.95,
ds_teknoloji_0197,ku-kmr,Teknolojî,"Di têlefonekî jîr de, kîjan beş ji bo kişandina wêneyan tê bikaranîn?",Kamera,Mîkrofon,Speaker,Sensora tiliyan,A,"Kamera ji bo kişandina wêneyan tê bikaranîn. Mîkrofon ji bo deng e, speaker ji bo dengdanê ye û sensora tiliyan ji bo nasnameyê ye.",1,verified,https://en.wikipedia.org/wiki/Camera_phone,approved,0.95,
ds_teknoloji_0198,ku-kmr,Teknolojî,"Ji bo barkirina lîstikan li ser têlefonê, kîjan sepan tê bikaranîn?",Gmail,Google Play Games,Maps,Photos,B,"Google Play Games sepanek e ji bo barkirina lîstikan li ser cîhazên Android. Gmail ji bo e-nameyan e, Maps ji bo nexşeyan e û Photos ji bo wêneyan e.",1,verified,https://en.wikipedia.org/wiki/Google_Play_Games,approved,0.95,
ds_teknoloji_0200,ku-kmr,Teknolojî,Kîjan sepan ji bo veguhertina nivîsan ji zimanekî bo zimanekî din tê bikaranîn?,Calculator,Compass,Flashlight,Google Translate,D,"Google Translate sepanek e ji bo veguhertina nivîsan ji zimanekî bo zimanekî din. Calculator ji bo hesaban e, compass ji bo arasteyê ye û flashlight ji bo ronahiyê ye.",1,verified,https://en.wikipedia.org/wiki/Google_Translate,approved,0.95,
ds_teknoloji_0204,ku-kmr,Teknolojî,Kîjan zanyarê komputerê yê îngilîz di sala 1936an de konsepta makîneya Turing pêşniyar kir?,John von Neumann,Claude Shannon,Grace Hopper,Alan Turing,D,"Alan Turing di gotara xwe ya 1936an de makîneya Turing pêşniyar kir, ku ev yek bingeha teoriya hesabkirinê ye. Von Neumann, Shannon û Hopper jî di warê komputerê de girîng in, lê konsepta makîneya Turing bi taybetî ji Turing e.",1,verified,https://en.wikipedia.org/wiki/Alan_Turing,approved,0.95,
ds_teknoloji_0205,ku-kmr,Teknolojî,"Di sala 1945an de, kîjan kes pêşniyar kir ku bername û daneyan di heman bîra komputerê de bêne hilanîn?",John von Neumann,Alan Turing,Konrad Zuse,Bill Gates,A,"John von Neumann di 1945an de pêşniyar kir ku bername û daneyan di heman bîra komputerê de bêne hilanîn, ku ev wekî mîmariya von Neumann tê zanîn. Turing û Zuse jî di vî warî de girîng in, lê von Neumann ev konsept bi awayekî berfireh pêşkêş kir.",2,verified,https://en.wikipedia.org/wiki/John_von_Neumann,approved,0.95,
ds_teknoloji_0206,ku-kmr,Teknolojî,Kîjan kes di sala 1843an de yekem algorîtmayê ji bo makîneya Analytical Engine nivîsand?,Charles Babbage,Ada Lovelace,Alan Turing,Grace Hopper,B,"Ada Lovelace di 1843an de algorîtmayek ji bo makîneya Analytical Engine nivîsand, ku ev wekî yekem bernameya komputerê tê hesibandin. Babbage makîneyê tasar kir, lê Lovelace algorîtmayê nivîsand. Turing û Hopper jî paşê hatin.",2,verified,https://en.wikipedia.org/wiki/Ada_Lovelace,approved,0.95,
ds_teknoloji_0207,ku-kmr,Teknolojî,"Di sala 1937an de, kîjan kes teoriya dîjîtal a veguherîna sînyalan pêşkêş kir?",Alan Turing,John Bardeen,Claude Shannon,George Boole,C,"Claude Shannon di teza xwe ya masterê de destnîşan kir ku veguherîna sînyalan dikare bi cebira Boole ve were model kirin, ku ev yek bingeha sêwirana dîjîtal a nûjen avêt. Turing, Bardeen û Boole jî girîng in, lê Shannon ev têkilî pêşkêş kir.",3,verified,https://en.wikipedia.org/wiki/Claude_Shannon,approved,0.95,
ds_teknoloji_0208,ku-kmr,Teknolojî,Kîjan komputerê elektronîk a yekem a mezin di sala 1946an de hate çêkirin?,UNIVAC I,IBM 701,Colossus,ENIAC,D,"ENIAC di 1946an de hate çêkirin û wekî yekem komputerê elektronîk a mezin a gelemperî tê hesibandin. UNIVAC I û IBM 701 paşê hatin. Colossus jî elektronîk bû, lê ji bo karanîna taybet hate çêkirin.",1,verified,https://en.wikipedia.org/wiki/ENIAC,approved,0.95,
ds_teknoloji_0210,ku-kmr,Teknolojî,Kîjan pergalê xebitandinê ya pêşîn a bi navê Unix di sala 1969an de hate pêşve xistin?,Windows,Unix,Linux,macOS,B,"Unix di 1969an de ji aliyê Ken Thompson û Dennis Ritchie ve hate pêşve xistin. Windows, Linux û macOS paşê hatin û ji Unixê îlham girtin, lê Unix yekem bû.",1,verified,https://en.wikipedia.org/wiki/Unix,approved,0.95,
ds_teknoloji_0211,ku-kmr,Teknolojî,"Di sala 1972an de, kîjan zimanê bernamekirinê yê C ji aliyê Dennis Ritchie ve hate afirandin?",C++,Java,C,Python,C,"Dennis Ritchie di 1972an de zimanê C afirand, ku ev yek ji bo pêşketina pergalên xebitandinê û bernameyên din bingehîn bû. C++ paşê ji C hate pêşve xistin. Java û Python jî paşê hatin.",1,verified,https://en.wikipedia.org/wiki/C_(programming_language),approved,0.95,
ds_teknoloji_0212,ku-kmr,Teknolojî,Kîjan şîrketê di sala 1981an de yekem komputerê kesane ya bi navê IBM PC derxist?,Apple,Microsoft,Commodore,IBM,D,"IBM di 1981an de IBM PC derxist, ku ev yek standardek ji bo komputerên kesane danî. Apple jî komputerên kesane derxistibû, lê IBM PC bi standarda xwe ya vekirî bû sedema mezinbûna bazara PC-yê. Microsoft nermalavê dabû IBM, lê şîrketê komputerê çênekir.",1,verified,https://en.wikipedia.org/wiki/IBM_Personal_Computer,approved,0.95,
ds_teknoloji_0214,ku-kmr,Teknolojî,Kîjan zanyarê komputerê di sala 1989an de World Wide Web îcad kir?,Vint Cerf,Tim Berners-Lee,Robert Kahn,Marc Andreessen,B,"Tim Berners-Lee di 1989an de World Wide Web îcad kir, ku ev yek bingeha înterneta nûjen e. Vint Cerf û Robert Kahn protokolên TCP/IP pêşve xistin, lê Web ji Berners-Lee ye. Andreessen jî geroka Mosaic çêkir.",1,verified,https://en.wikipedia.org/wiki/Tim_Berners-Lee,approved,0.95,
ds_teknoloji_0215,ku-kmr,Teknolojî,"Di sala 1991ê de, kîjan kes Linuxê wekî pergalek xebitandinê ya çavkaniya vekirî derxist?",Richard Stallman,Bill Gates,Linus Torvalds,Steve Jobs,C,"Linus Torvalds di 1991ê de Linux derxist, ku ev yek bû bingeha gelek pergalên xebitandinê yên çavkaniya vekirî. Stallman GNU proje pêşve xist, lê kernelê Linux ji Torvalds e. Gates û Jobs jî di vî warî de girîng in, lê ne bi Linuxê ve girêdayî ne.",1,verified,https://en.wikipedia.org/wiki/Linus_Torvalds,approved,0.95,
ds_teknoloji_0217,ku-kmr,Teknolojî,"Di sala 1998an de, kîjan şîrketê yekem motora lêgerînê ya bi navê Google damezrand?",Google,Yahoo,Bing,Altavista,A,"Google di 1998an de ji aliyê Larry Page û Sergey Brin ve hate damezrandin. Yahoo û Altavista jî motora lêgerînê bûn, lê Google bi algorîtmaya xwe ya PageRank bû serketî. Bing paşê ji hêla Microsoft ve hate afirandin.",1,verified,https://en.wikipedia.org/wiki/Google,approved,0.95,
ds_teknoloji_0218,ku-kmr,Teknolojî,Kîjan têlefona jîr a yekem di sala 2007an de ji aliyê Apple ve hate derxistin?,Android,iPhone,BlackBerry,Nokia N95,B,"iPhone di 2007an de ji aliyê Apple ve hate derxistin û wekî yekem têlefona jîr a bi ekrana têkiliyê ya nûjen tê hesibandin. Android paşê ji hêla Google ve hate pêşve xistin. BlackBerry û Nokia N95 jî têlefonên jîr bûn, lê iPhone standardek nû danî.",1,verified,https://en.wikipedia.org/wiki/IPhone_(1st_generation),approved,0.95,
ds_teknoloji_0220,ku-kmr,Teknolojî,Kîjan asîstanê dengî yê yekem di sala 2011ê de ji aliyê Apple ve hate derxistin?,Alexa,Google Assistant,Cortana,Siri,D,"Siri di 2011ê de bi iPhone 4S ve hate derxistin û wekî yekem asîstanê dengî yê bi berfirehî tê nasîn. Alexa ji Amazon paşê, Google Assistant jî paşê hate pêşve xistin. Cortana jî ji Microsoft bû.",2,verified,https://en.wikipedia.org/wiki/Siri,approved,0.95,
ds_teknoloji_0221,ku-kmr,Teknolojî,"Di sala 2015an de, kîjan şîrketê yekem saeta jîr a bi navê Apple Watch derxist?",Apple,Samsung,Fitbit,Garmin,A,"Apple di 2015an de Apple Watch derxist, ku ev yek bû sedema populerbûna saetên jîr. Samsung jî saetên jîr derxistibû, lê Apple Watch bi ekosîstema xwe ya bi iPhone-ê re serketî bû. Fitbit û Garmin jî di vî warî de girîng in.",2,verified,https://en.wikipedia.org/wiki/Apple_Watch,approved,0.95,
ds_teknoloji_0222,ku-kmr,Teknolojî,Kîjan teknolojiya torê ya nifşa pêncemîn (5G) di sala 2019an de dest pê kir?,4G,5G,3G,Wi-Fi 6,B,"5G di 2019an de dest pê kir û nifşa pêncemîn a teknolojiya torê ya mobîl e. 4G û 3G berê hatin. Wi-Fi 6 jî teknolojiyek torê ya herêmî ye, lê ne nifşa pêncemîn a torê ya mobîl e.",1,verified,https://en.wikipedia.org/wiki/5G,approved,0.95,
ds_teknoloji_0224,ku-kmr,Teknolojî,Kîjan modela zimanê mezin a ji aliyê OpenAI ve di sala 2022an de hate derxistin?,LaMDA,BERT,GPT-2,ChatGPT,D,"ChatGPT di 2022an de ji aliyê OpenAI ve hate derxistin û bû sedema populerbûna modelên zimanê mezin. LaMDA ji Google, BERT jî ji Google ye. GPT-2 jî ji OpenAI ye, lê di 2019an de hate derxistin.",2,verified,https://en.wikipedia.org/wiki/ChatGPT,approved,0.95,
ds_teknoloji_0225,ku-kmr,Teknolojî,"Di sala 2023yan de, kîjan şîrketê yekem komputerê ya bi navê Vision Pro derxist?",Apple,Meta,Microsoft,Samsung,A,"Apple di 2023yan de Vision Pro derxist, ku ev yek komputerê rastiya tevlihev e. Meta jî di vî warî de girîng e, lê Vision Pro bi taybetî ji Apple e. Microsoft û Samsung jî di vî warî de ceribandin kirine, lê ne bi vî navî ne.",3,verified,https://en.wikipedia.org/wiki/Apple_Vision_Pro,approved,0.95,
ds_teknoloji_0228,ku-kmr,Teknolojî,"Ji bo destnîşankirina cihê rast ê li ser rûyê Erdê, kîjan pergal peykên taybet bi kar tîne?",Wi-Fi,Bluetooth,Radar,GPS,D,"Pergala GPSê (Global Positioning System) ji bo destnîşankirina cihê rast li ser rûyê Erdê komek peykan bi kar tîne. Wi-Fi, Bluetooth û radar ji bo vê armancê nayên bikaranîn.",1,verified,https://en.wikipedia.org/wiki/Global_Positioning_System,approved,0.95,
ds_teknoloji_0236,ku-kmr,Teknolojî,Kîjan peyk ji bo destnîşankirina cihê rast ê li ser rûyê Erdê ji bo rêveçûna balafiran û keştiyan tê bikaranîn?,Peyka ragihandinê,Peyka meteorolojîk,Peyka keşfê,Peyka GPSê,D,"Peykên GPSê ji bo destnîşankirina cihê rast li ser rûyê Erdê ji bo rêveçûna balafiran, keştiyan û otomobîlan têne bikaranîn. Peykên ragihandinê, meteorolojîk û keşfê ji bo armancên din têne bikaranîn.",2,verified,https://en.wikipedia.org/wiki/Global_Positioning_System,approved,0.95,
ds_teknoloji_0242,ku-kmr,Teknolojî,Kîjan peyk ji bo destnîşankirina cihê rast ê li ser rûyê Erdê ji bo rêveçûna otomobîlan tê bikaranîn?,Peyka ragihandinê,Peyka GPSê,Peyka meteorolojîk,Peyka keşfê,B,"Peykên GPSê ji bo destnîşankirina cihê rast li ser rûyê Erdê ji bo rêveçûna otomobîlan, balafiran û keştiyan têne bikaranîn. Peykên ragihandinê, meteorolojîk û keşfê ji bo armancên din têne bikaranîn.",1,verified,https://en.wikipedia.org/wiki/Global_Positioning_System,approved,0.95,
ds_teknoloji_0248,ku-kmr,Teknolojî,Kîjan peyk ji bo destnîşankirina cihê rast ê li ser rûyê Erdê ji bo rêveçûna keştiyan tê bikaranîn?,Peyka ragihandinê,Peyka meteorolojîk,Peyka keşfê,Peyka GPSê,D,"Peykên GPSê ji bo destnîşankirina cihê rast li ser rûyê Erdê ji bo rêveçûna keştiyan, balafiran û otomobîlan têne bikaranîn. Peykên ragihandinê, meteorolojîk û keşfê ji bo armancên din têne bikaranîn.",2,verified,https://en.wikipedia.org/wiki/Global_Positioning_System,approved,0.95,
ds_teknoloji_0251,ku-kmr,Teknolojî,"Ji bo pîvana hêza elektrîkê di nav têlekê de, kîjan yekeyê pîvanê tê bikaranîn?",Volt,Ohm,Amper,Watt,C,"Amper, di nav têlekê de her saniyeyê çiqas barê elektrîkê derbas dibe dipîve. Volt cudahiya potansiyelê ye, Ohm berxwedanê dipîve û Watt jî hêza giştî ye.",1,verified,https://en.wikipedia.org/wiki/Ampere,approved,0.95,
ds_teknoloji_0252,ku-kmr,Teknolojî,Kîjan pêkhate di çerxa elektrîkê de berxwedana herikîna elektronan zêde dike?,Kondansator,Dîod,Transistor,Resistor,D,"Resistor bi taybetî ji bo kêmkirina herikîna elektrîkê û kontrolkirina asta voltajê di çerxê de hatiye çêkirin. Kondansator enerjiyê hildide, dîod herikînê tenê di yek alî de derbas dike, transistor jî wekî guhêzbar an amplifier dixebite.",1,verified,https://en.wikipedia.org/wiki/Resistor,approved,0.95,
ds_teknoloji_0253,ku-kmr,Teknolojî,"Di fîzîkê de, têgeha ku ji bo karkirina hêzekê li ser tiştekî tê bikaranîn çi ye?",Kar,Enerjî,Hêz,Zext,A,"Kar di fîzîkê de wekî hilberîna hêzê û dûrahiya ku tişt di berikê de diçe tê pênasekirin. Enerjî jêhatîbûna karkirinê ye, hêz paldan an kişandina li ser tiştekî ye, zext jî hêza li ser yekeyek rûberê ye.",1,verified,https://en.wikipedia.org/wiki/Work_(physics),approved,0.95,
ds_teknoloji_0256,ku-kmr,Teknolojî,"Di fîzîkê de, têgeha ku berxwedana tiştekî li hember guherîna leza wî tê bikaranîn çi ye?",Giranî,Girse,Momentûm,Inertiya,D,"Inertiya taybetmendiya tiştekî ye ku li hember guherîna rewşa wî ya tevgerê berxwe dide. Girse mîqdara madeyê di tiştekî de ye, giranî hêza kişandina erdê ye û momentûm jî hilberîna girse û lezê ye.",2,verified,https://en.wikipedia.org/wiki/Inertia,approved,0.95,
ds_teknoloji_0257,ku-kmr,Teknolojî,Kîjan qanûnê fîzîkê diyar dike ku ji bo her çalakiyekê bertekeke wekhev û berevajî heye?,Qanûna Newton a sêyem,Qanûna Newton a yekem,Qanûna Newton a duyem,Qanûna gravîtasyona gerdûnî,A,"Qanûna sêyem a Newton diyar dike ku ji bo her çalakiyekê bertekeke wekhev û berevajî heye. Qanûna yekem behsa inertiyê dike, qanûna duyem têkiliya hêz, girse û lezê diyar dike û qanûna gravîtasyonê jî kişandina di navbera girseyan de diyar dike.",1,verified,https://en.wikipedia.org/wiki/Newton%27s_laws_of_motion,approved,0.95,
ds_teknoloji_0258,ku-kmr,Teknolojî,"Di çerxa elektrîkê de, kîjan pêkhate dikare enerjiya elektrîkê di zeviyek elektrîkê de bi demkî hilîne?",Resistor,Kondansator,Induktor,Transformator,B,"Kondansator enerjiya elektrîkê di navbera du plakayên xwe de di zeviyek elektrîkê de hildide û dikare wê paşê berde. Resistor enerjiyê wek germê winda dike, induktor enerjiyê di zeviyek magnetîkî de hildide û transformator jî voltaja guhertî nake lê veguherîne.",2,verified,https://en.wikipedia.org/wiki/Capacitor,approved,0.95,
ds_teknoloji_0259,ku-kmr,Teknolojî,Kîjan celebê pêlê ji bo veguhestina deng hewceyê navgînekê ye?,Pêla elektromagnetîk,Pêla ronahiyê,Pêla mekanîk,Pêla radyoyê,C,"Pêlên mekanîk, wekî pêlên deng, ji bo belavbûnê hewceyê navgînekê ne wek hewa, av an hişk. Pêlên elektromagnetîk, ronahî û pêlên radyoyê dikarin di valahiyê de jî belav bibin.",1,verified,https://en.wikipedia.org/wiki/Mechanical_wave,approved,0.95,
ds_teknoloji_0260,ku-kmr,Teknolojî,"Di fîzîkê de, têgeha ku ji bo pîvana leza veguherîna enerjiyê tê bikaranîn çi ye?",Kar,Hêz,Enerjî,Hêz (Power),D,"Hêz (power) di fîzîkê de wekî rêjeya veguherîna enerjiyê an jî karkirina di yekeyek demê de tê pênasekirin. Kar mîqdara enerjiya veguherandî ye, hêz paldan an kişandin e û enerjî jî jêhatîbûna karkirinê ye.",1,verified,https://en.wikipedia.org/wiki/Power_(physics),approved,0.95,
ds_teknoloji_0261,ku-kmr,Teknolojî,Kîjan pêkhate di çerxa elektrîkê de herikîna elektrîkê tenê di yek alî de derbas dike?,Dîod,Resistor,Kondansator,Transistor,A,"Dîod pêkhateyek nîvkanûk e ku herikîna elektrîkê tenê di yek alî de derbas dike û di aliyê din de asteng dike. Resistor herikînê kêm dike, kondansator enerjiyê hildide û transistor jî wekî guhêzbar an amplifier dixebite.",1,verified,https://en.wikipedia.org/wiki/Diode,approved,0.95,
ds_teknoloji_0262,ku-kmr,Teknolojî,"Di fîzîkê de, têgeha ku ji bo pîvana mîqdara madeyê di tiştekî de tê bikaranîn çi ye?",Giranî,Girse,Inertiya,Momentûm,B,"Girse mîqdara madeyê di tiştekî de ye û bi kîlogramê tê pîvan. Giranî hêza kişandina erdê ye, inertiya berxwedana li hember guherîna tevgerê ye û momentûm jî hilberîna girse û lezê ye.",1,verified,https://en.wikipedia.org/wiki/Mass,approved,0.95,
ds_teknoloji_0263,ku-kmr,Teknolojî,"Kîjan qanûnê fîzîkê diyar dike ku enerjî nayê afirandin û nayê windakirin, lê tenê dikare were guherandin?",Qanûna Newton a yekem,Qanûna termodînamîkê ya duyem,Qanûna termodînamîkê ya yekem,Qanûna gravîtasyona gerdûnî,C,"Qanûna yekem a termodînamîkê, ku wekî qanûna parastina enerjiyê jî tê zanîn, diyar dike ku enerjî nayê afirandin an windakirin, lê tenê dikare were guherandin. Qanûna duyem a termodînamîkê behsa entropiyê dike û qanûnên Newton jî behsa tevger û hêzan dikin.",2,verified,https://en.wikipedia.org/wiki/First_law_of_thermodynamics,approved,0.95,
ds_teknoloji_0266,ku-kmr,Teknolojî,"Di fîzîkê de, têgeha ku ji bo pîvana hêza kişandina erdê li ser tiştekî tê bikaranîn çi ye?",Girse,Giranî,Inertiya,Momentûm,B,"Giranî hêza kişandina erdê ye ku li ser tiştekî bi girseya wî ve girêdayî ye. Girse mîqdara madeyê ye, inertiya berxwedana li hember guherîna tevgerê ye û momentûm jî hilberîna girse û lezê ye.",1,verified,https://en.wikipedia.org/wiki/Weight,approved,0.95,
ds_teknoloji_0268,ku-kmr,Teknolojî,Kîjan qanûnê fîzîkê diyar dike ku herikîna elektrîkê di nav têlekê de bi voltajê re rasterast û bi berxwedanê re berevajî ye?,Qanûna Kirchhoff a yekem,Qanûna Kirchhoff a duyem,Qanûna Faraday,Qanûna Ohm,D,Qanûna Ohm diyar dike ku herikîna elektrîkê (I) di nav têlekê de bi voltajê (V) re rasterast û bi berxwedanê (R) re berevajî ye: I = V/R. Qanûnên Kirchhoff ji bo analîza çerxan têne bikaranîn û qanûna Faraday jî behsa induksiyona elektromagnetîk dike.,1,verified,https://en.wikipedia.org/wiki/Ohm%27s_law,approved,0.95,
ds_teknoloji_0269,ku-kmr,Teknolojî,"Di fîzîkê de, têgeha ku ji bo pîvana hilberîna girse û lezê tê bikaranîn çi ye?",Momentûm,Giranî,Girse,Inertiya,A,"Momentûm hilberîna girse û leza tiştekî ye û wekî p = mv tê hesab kirin. Giranî hêza kişandina erdê ye, girse mîqdara madeyê ye û inertiya jî berxwedana li hember guherîna tevgerê ye.",2,verified,https://en.wikipedia.org/wiki/Momentum,approved,0.95,
ds_teknoloji_0270,ku-kmr,Teknolojî,Kîjan celebê pêlê dikare di valahiyê de belav bibe û ji bo veguhestinê hewceyê navgînekê nake?,Pêla deng,Pêla elektromagnetîk,Pêla mekanîk,Pêla avê,B,"Pêlên elektromagnetîk, wekî ronahî û pêlên radyoyê, dikarin di valahiyê de belav bibin ji ber ku ew ji zeviyên elektrîk û magnetîkî pêk tên. Pêlên deng, mekanîk û avê ji bo belavbûnê hewceyê navgînekê ne.",1,verified,https://en.wikipedia.org/wiki/Electromagnetic_radiation,approved,0.95,
ds_teknoloji_0271,ku-kmr,Teknolojî,"Di çerxa elektrîkê de, kîjan pêkhate dikare voltaja elektrîkê veguherîne astek din?",Resistor,Kondansator,Transformator,Induktor,C,"Transformator bi induksiyona elektromagnetîk voltaja elektrîkê ya AC-ê vediguherîne astek bilindtir an nizmtir. Resistor herikînê kêm dike, kondansator enerjiyê hildide û induktor jî enerjiyê di zeviyek magnetîkî de hildide.",2,verified,https://en.wikipedia.org/wiki/Transformer,approved,0.95,
ds_teknoloji_0272,ku-kmr,Teknolojî,Kîjan celebê enerjiyê di navika atomê de tê hilanîn?,Enerjiya kîmyayî,Enerjiya germî,Enerjiya mekanîk,Enerjiya nukleer,D,"Enerjiya nukleer di navika atomê de tê hilanîn û di dema reaksiyonên nukleer de tê berdan. Enerjiya kîmyayî di girêdanên kîmyayî de ye, enerjiya germî bi germahiyê ve girêdayî ye û enerjiya mekanîk jî bi tevger an cihê tiştan ve girêdayî ye.",1,verified,https://en.wikipedia.org/wiki/Nuclear_energy,approved,0.95,
ds_teknoloji_0273,ku-kmr,Teknolojî,"Di fîzîkê de, têgeha ku ji bo pîvana leza guherîna lezê tê bikaranîn çi ye?",Lezbûn,Lez,Hêz,Kar,A,"Lezbûn (acceleration) rêjeya guherîna lezê di yekeyek demê de ye. Lez dûrahiya ku di yekeyek demê de tê derbas kirin e, hêz paldan an kişandin e û kar jî hilberîna hêz û dûrahiyê ye.",1,verified,https://en.wikipedia.org/wiki/Acceleration,approved,0.95,
ds_teknoloji_0274,ku-kmr,Teknolojî,"Ji bo pîvana hêza elektrîkê ya giştî di çerxekê de, kîjan amûr tê bikaranîn?",Ampermetre,Wattmetre,Voltmetre,Ohmmetre,B,"Wattmetre bi taybetî ji bo pîvana hêza elektrîkê ya giştî, ango rêjeya veguherîna enerjiyê di çerxekê de, tê bikaranîn. Ampermetre herikînê dipîve, voltmetre voltajê dipîve û ohmmetre jî berxwedanê dipîve.",2,verified,https://en.wikipedia.org/wiki/Wattmeter,approved,0.95,
ds_teknoloji_0276,ku-kmr,Teknolojî,"Hejmara ku bi tenê bi xwe û bi yekê ve tê dabeşkirin, bi kurdî çi tê gotin?",Hejmara cot,Hejmara giştpîvan,Hejmara rasyonel,Hejmara seretayî,D,"Hejmara seretayî tenê bi xwe û bi yekê ve tê dabeşkirin. Wek mînak 2, 3, 5 û 7 hemû hejmarên seretayî ne.",1,verified,https://en.wikipedia.org/wiki/Prime_number,approved,0.95,
ds_teknoloji_0277,ku-kmr,Teknolojî,Kîjan hejmar di navbera 1 û 100 de hejmara seretayî ye?,23,15,21,27,A,"23 tenê bi 1 û bi xwe ve tê dabeşkirin, loma ew hejmara seretayî ye. 15, 21 û 27 bi hejmarên din ve jî têne dabeşkirin.",1,verified,https://en.wikipedia.org/wiki/Prime_number,approved,0.95,
ds_teknoloji_0281,ku-kmr,Teknolojî,Kîjan têgeh di matematîkê de ji bo rêjeya di navbera dora çember û pîvana wê ya herî zêde tê bikaranîn?,Pi,Euler,Fibonacci,Pisagor,A,Pi (π) rêjeya di navbera dora çember û pîvana wê ya herî zêde ye. Ew hejmareke bêdawî ye û nêzîkî 3.14159 e.,2,verified,https://en.wikipedia.org/wiki/Pi,approved,0.95,
ds_teknoloji_0283,ku-kmr,Teknolojî,Kîjan hejmar di rêza Fibonacci de piştî 21 tê?,25,28,34,42,C,"Di rêza Fibonacci de, her hejmar berhevoka herdu hejmarên berê ye. Piştî 13 û 21, hejmara din 34 e (13+21=34).",2,verified,https://en.wikipedia.org/wiki/Fibonacci_number,approved,0.95,
ds_teknoloji_0286,ku-kmr,Teknolojî,Kîjan têgeh di matematîkê de ji bo jimara ku ji hejmareke din re tê zêdekirin da ku encam sifir be tê bikaranîn?,Hejmara çendbûyî,Hejmara berevajî,Hejmara rasyonel,Hejmara mutleq,B,"Hejmara berevajî (additive inverse) jimareke ku dema bi hejmara xwe re tê zêdekirin, encam sifir e. Wek mînak, berevajiya 5 -5 e.",2,verified,https://en.wikipedia.org/wiki/Additive_inverse,approved,0.95,
ds_teknoloji_0288,ku-kmr,Teknolojî,Kîjan hejmar di matematîkê de hejmara sifir e?,1,-1,10,0,D,Sifir hejmara ku di navbera hejmarên neyînî û erênî de ye. Ew hejmara bêalî ya zêdekirinê ye.,1,verified,https://en.wikipedia.org/wiki/0,approved,0.95,
ds_teknoloji_0292,ku-kmr,Teknolojî,Kîjan têgeh di matematîkê de ji bo rêjeya di navbera du hejmaran de tê bikaranîn?,Berhev,Cudahî,Hilber,Rêje,D,"Rêje (ratio) di navbera du hejmaran de tê bikaranîn û bi gelemperî wek kesr tê nivîsandin. Wek mînak, rêjeya 2 û 3 wek 2:3 e.",1,verified,https://en.wikipedia.org/wiki/Ratio,approved,0.95,
ds_teknoloji_0296,ku-kmr,Teknolojî,Kîjan têgeh di matematîkê de ji bo jimara ku ji hejmareke din re tê zêdekirin tê bikaranîn?,Kêmker,Dabeşker,Pirjimar,Zêdeker,D,"Zêdeker (addend) hejmara ku ji hejmareke din re tê zêdekirin e. Wek mînak, di 3 + 4 de, 3 û 4 herdu zêdeker in.",1,verified,https://en.wikipedia.org/wiki/Addition,approved,0.95,
ds_teknoloji_0298,ku-kmr,Teknolojî,Kîjan têgeh di matematîkê de ji bo jimara ku ji hejmareke din re tê kêmkirin tê bikaranîn?,Zêdeker,Kêmker,Pirjimar,Dabeşker,B,"Kêmker (subtrahend) hejmara ku ji hejmareke din re tê kêmkirin e. Wek mînak, di 7 - 3 de, kêmker 3 e.",1,verified,https://en.wikipedia.org/wiki/Subtraction,approved,0.95,
ds_teknoloji_0299,ku-kmr,Teknolojî,"Di geometriyê de, kîjan têgeh ji bo xeta ku çemberê di yek xalî de dikeve tê bikaranîn?",Kêş,Nîvçap,Tanget,Çap,C,Tanget (tangent) xeta ku çemberê di yek xalî de dikeve. Ew bi gelemperî ji bo çêkirina goşeyan tê bikaranîn.,2,verified,https://en.wikipedia.org/wiki/Tangent,approved,0.95,
ds_teknoloji_0300,ku-kmr,Teknolojî,Kîjan têgeh di matematîkê de ji bo jimara ku ji hejmareke din re tê pirjimarkirin tê bikaranîn?,Zêdeker,Kêmker,Dabeşker,Pirjimar,D,"Pirjimar (multiplier) hejmara ku ji hejmareke din re tê pirjimarkirin e. Wek mînak, di 4 × 5 de, pirjimar 5 e.",1,verified,https://en.wikipedia.org/wiki/Multiplication,approved,0.95,
ds_ziman_0001,ku-kmr,Ziman,Di kurmancî de izafeya nêr çawa tê nivîsandin?,-ê,-a,-ên,-î,A,"Di kurmancî de, ji bo navdêrên nêr ên yekjimar, izafe bi '-ê' tê nîşankirin. Mînak: 'kurê min' (kur -ê min).",1,verified,https://en.wikipedia.org/wiki/Kurmanji,approved,0.95,
ds_ziman_0002,ku-kmr,Ziman,Kîjan peyv di kurmancî de bi awayekî rast bi izafeya mê hatiye nivîsandin?,dîya min,dêya min,dîha min,dêha min,B,"Ji bo navdêrên mê yên ku bi dengdarekê diqedin, izafe '-ya' ye. 'Dê' bi 'ya' ve dibe 'dêya'.",1,verified,https://en.wikipedia.org/wiki/Kurmanji,approved,0.95,
ds_ziman_0003,ku-kmr,Ziman,"Di kurmancî de, ji bo pirjimara nêr û mê, kîjan izafe tê bikaranîn?",-a,-ê,-ên,-î,C,"Ji bo pirjimara hemû navdêran, izafe '-ên' e. Mînak: 'zarokên min' (zarok -ên min).",1,verified,https://en.wikipedia.org/wiki/Kurmanji,approved,0.95,
ds_ziman_0004,ku-kmr,Ziman,"Di kurmancî de, navdêrên mê yên ku bi dengdarekê diqedin, izafe çawa digirin?",-a,-ê,-yê,-ya,D,"Navdêrên mê yên ku bi dengdarekê (a, e, i, o, u) diqedin, izafeya wan '-ya' ye. Mînak: 'bavê min' ne, lê 'dêya min' rast e.",1,verified,https://en.wikipedia.org/wiki/Kurmanji,approved,0.95,
ds_ziman_0005,ku-kmr,Ziman,"Di kurmancî de, navdêrên nêr ên ku bi dengdarekê diqedin, izafe çawa digirin?",-yê,-ê,-a,-ya,A,"Navdêrên nêr ên ku bi dengdarekê diqedin, izafeya wan '-yê' ye. Mînak: 'bavê min' ne, lê 'bavê min' rast e. (Bav bi konsonantê diqede, lê mînakên bi dengdar: 'şehrê'?)",1,verified,https://en.wikipedia.org/wiki/Kurmanji,approved,0.95,
ds_ziman_0006,ku-kmr,Ziman,"Di kurmancî de, kîjan rêzika izafeyê ji bo 'kitêb' (mê) rast e?",kitêbê min,kitêba min,kitêbên min,kitêbî min,B,"'Kitêb' navdêreke mê ye, ji ber vê yekê izafeya wê '-a' ye. 'Kitêba min' tê wateya 'my book'.",1,verified,https://en.wikipedia.org/wiki/Kurmanji,approved,0.95,
ds_ziman_0007,ku-kmr,Ziman,"Di kurmancî de, kîjan rêzika izafeyê ji bo 'mêr' (nêr) rast e?",mêra min,mêrên min,mêrê min,mêri min,C,"'Mêr' navdêreke nêr e, ji ber vê yekê izafeya wê '-ê' ye. 'Mêrê min' tê wateya 'my husband'.",1,verified,https://en.wikipedia.org/wiki/Kurmanji,approved,0.95,
ds_ziman_0008,ku-kmr,Ziman,"Di kurmancî de, kîjan rêzika izafeyê ji bo 'zarok' (nêr/mê) rast e?",zaroka min,zarokê min,zarokî min,zarokên min,D,"'Zarok' dikare nêr an mê be, lê di pirjimarê de izafe '-ên' e. 'Zarokên min' tê wateya 'my children'.",1,verified,https://en.wikipedia.org/wiki/Kurmanji,approved,0.95,
ds_ziman_0009,ku-kmr,Ziman,"Di kurmancî de, kîjan rêzika izafeyê ji bo 'dê' (mê) rast e?",dêya min,dêa min,dêê min,dêyê min,A,"'Dê' bi dengdarekê diqede, ji ber vê yekê izafeya wê '-ya' ye. 'Dêya min' tê wateya 'my mother'.",1,verified,https://en.wikipedia.org/wiki/Kurmanji,approved,0.95,
ds_ziman_0010,ku-kmr,Ziman,"Di kurmancî de, kîjan rêzika izafeyê ji bo 'bav' (nêr) rast e?",bava min,bavê min,bavên min,bavî min,B,"'Bav' bi konsonantekê diqede û nêr e, ji ber vê yekê izafeya wê '-ê' ye. 'Bavê min' tê wateya 'my father'.",1,verified,https://en.wikipedia.org/wiki/Kurmanji,approved,0.95,
ds_ziman_0011,ku-kmr,Ziman,"Di kurmancî de, kîjan rêzika izafeyê ji bo 'xwişk' (mê) rast e?",xwişkê min,xwişkên min,xwişka min,xwişkî min,C,"'Xwişk' navdêreke mê ye, ji ber vê yekê izafeya wê '-a' ye. 'Xwişka min' tê wateya 'my sister'.",1,verified,https://en.wikipedia.org/wiki/Kurmanji,approved,0.95,
ds_ziman_0012,ku-kmr,Ziman,"Di kurmancî de, kîjan rêzika izafeyê ji bo 'bira' (nêr) rast e?",biraa min,biraê min,biraî min,birayê min,D,"'Bira' bi dengdarekê diqede û nêr e, ji ber vê yekê izafeya wê '-yê' ye. 'Birayê min' tê wateya 'my brother'.",1,verified,https://en.wikipedia.org/wiki/Kurmanji,approved,0.95,
ds_ziman_0025,ku-kmr,Ziman,"Di kurmancî de, kîjan rêzika izafeyê ji bo 'kitêb' (mê) ya pirjimar rast e?",kitêbên min,kitêba min,kitêbê min,kitêbî min,A,"'Kitêb' navdêreke mê ye, lê di pirjimarê de izafe '-ên' e. 'Kitêbên min' tê wateya 'my books'.",1,verified,https://en.wikipedia.org/wiki/Kurmanji,approved,0.95,
ds_ziman_0028,ku-kmr,Ziman,"Ji bo kiryarekê ku dê di pêşerojê de biqewime, em kîjan demê bi kar tînin?",Dema borî,Dema niha,Dema raborî,Dema bê,D,"Dema bê ji bo kiryarên ku dê di pêşerojê de biqewimin tê bikaranîn. Di kurmancî de ev dem bi alîkariya 'ê' an 'dê' û raderê tê avakirin, wek 'ez ê biçim' an 'ew dê bê'.",1,verified,https://en.wikipedia.org/wiki/Future_tense,approved,0.95,
ds_ziman_0029,ku-kmr,Ziman,"Di kurmancî de, kîjan forma lêkerê ji bo dema niha ya berdewam e?",Ez diçim,Ez çûm,Ezê biçim,Ez çûbûm,A,"Forma 'ez diçim' dema niha ya berdewam e, ku kiryara niha nîşan dide. 'Ez çûm' dema borî ye, 'ezê biçim' dema bê ye, û 'ez çûbûm' jî dema dûdar a borî ye.",1,verified,https://en.wikipedia.org/wiki/Present_continuous,approved,0.95,
ds_ziman_0031,ku-kmr,Ziman,"Di kurmancî de, dema bê bi kîjan alîkariyê tê avakirin?",Bi lêkera 'bûn',Bi lêkera 'kirin',Bi lêkera 'dê' an 'ê',Bi lêkera 'hatin',C,"Dema bê di kurmancî de bi alîkariya lêkera 'dê' an 'ê' û radera lêkerê tê avakirin, wek 'ez ê bixwim' an 'ew dê bêje'. Lêkerên 'bûn', 'kirin' û 'hatin' ji bo avakirinên din tên bikaranîn.",2,verified,https://en.wikipedia.org/wiki/Future_tense,approved,0.95,
ds_ziman_0034,ku-kmr,Ziman,"Ji bo kiryarekê ku dê biqewime, kîjan hevok rast e?",Ez hatim,Ez ê werim,Ez tême,Ez hatibûm,B,"Hevoka 'ez ê werim' dema bê ye, ji ber ku bi alîkariya 'ê' û radera lêkerê hatiye avakirin. 'Ez hatim' dema borî ye, 'ez tême' dema niha ye, û 'ez hatibûm' jî dema dûdar a borî ye.",1,verified,https://en.wikipedia.org/wiki/Future_tense,approved,0.95,
ds_ziman_0036,ku-kmr,Ziman,Kîjan hevok di dema bê de ye?,Me xwar,Em dixwin,Me xwariye,Em ê bixwin,D,"Hevoka 'em ê bixwin' dema bê ye, ji ber ku bi alîkariya 'ê' û radera lêkerê hatiye avakirin. 'Me xwar' dema borî ye, 'em dixwin' dema niha ye, û 'me xwariye' jî dema borî ya temam e.",1,verified,https://en.wikipedia.org/wiki/Future_tense,approved,0.95,
ds_ziman_0038,ku-kmr,Ziman,"Ji bo kiryarekê ku berê qediyaye û hê jî bandora wê heye, em kîjan demê bi kar tînin?",Dema borî ya sade,Dema borî ya temam,Dema niha ya berdewam,Dema bê ya berdewam,B,"Dema borî ya temam (an jî dema dûdar) ji bo kiryarên ku berê qediyane lê bandora wan hê jî heye tê bikaranîn. Di kurmancî de, ev bi paşgira '-îye' an '-iye' tê avakirin, wek 'ez hatime' an 'ew çûye'.",2,verified,https://en.wikipedia.org/wiki/Present_perfect,approved,0.95,
ds_ziman_0044,ku-kmr,Ziman,"Di kurmancî de, dema bê ya lêkera 'kirin' çawa ye?",Ez dikim,Ez kirim,Ez kiribûm,Ez ê bikim,D,"Dema bê ya lêkera 'kirin' bi forma 'ez ê bikim' tê nîşankirin. 'Ez dikim' dema niha ye, 'ez kirim' dema borî ye, û 'ez kiribûm' jî dema dûdar a borî ye.",1,verified,https://en.wikipedia.org/wiki/Future_tense,approved,0.95,
ds_ziman_0045,ku-kmr,Ziman,Kîjan hevok di dema borî ya temam de ye?,Me xwariye,Me dixwar,Me xwar,Em ê bixwin,A,"Hevoka 'me xwariye' dema borî ya temam e, ku kiryara qediyayî û bandora wê nîşan dide. 'Me dixwar' dema borî ya berdewam e, 'me xwar' dema borî ya sade ye, û 'em ê bixwin' dema bê ye.",2,verified,https://en.wikipedia.org/wiki/Present_perfect,approved,0.95,
ds_ziman_0047,ku-kmr,Ziman,"Ji bo kiryarekê ku dê di pêşerojê de berdewam be, kîjan hevok rast e?",Ez ê diçim,Ez diçim,Ez ê biçim,Ez çûm,C,"Hevoka 'ez ê biçim' dema bê ye, ku kiryara pêşerojê nîşan dide. 'Ez ê diçim' ne rast e, 'ez diçim' dema niha ye, û 'ez çûm' dema borî ye.",2,verified,https://en.wikipedia.org/wiki/Future_tense,approved,0.95,
ds_ziman_0051,ku-kmr,Ziman,"Di kurmancî de, ji bo ku em bibêjin ""min kitêb xwend"", kîjan awayê rast e?",Min kitêb xwend.,Ez kitêbê dixwînim.,Min kitêbê xwend.,Ez kitêbê xwendim.,C,"Di kurmancî de, dema borî ya ergatîf bi kirdeya oblik (min) û lêkera gerguhêz re tê bikaranîn. Lêker bi kirdeyê re nahevdeng e; ew bi bireserê re hevdeng e. Ji ber vê yekê ""min kitêb xwend"" rast e, ne ""min kitêbê xwend"".",1,verified,https://en.wikipedia.org/wiki/Ergative_case,approved,0.95,
ds_ziman_0052,ku-kmr,Ziman,"Di kurmancî de, kîjan hevok ji bo ""I saw the man"" rast e?",Ez zilamî dibînim.,Min zilamî dît.,Ez zilam dîtim.,Min zilam dît.,D,"Di kurmancî de, dema borî ya gerguhêz bi ergatîfê tê avakirin. Kirde di forma oblik de ye (min) û bireser di forma xwerû de dimîne (zilam). Lêker jî bi bireserê re hevdeng e, ji ber vê yekê ""min zilam dît"" rast e.",1,verified,https://en.wikipedia.org/wiki/Ergative_case,approved,0.95,
ds_ziman_0055,ku-kmr,Ziman,"Di kurmancî de, kîjan awayê rast e ji bo ""I gave the book to the man""?",Ez kitêbê didim mêran.,Min kitêbê da mêran.,Min kitêb da mêr.,Ez kitêbê didim mêr.,C,"Di kurmancî de, dema borî ya gerguhêz bi ergatîfê tê avakirin. Kirde di forma oblik de ye (min) û bireser di forma xwerû de ye (kitêb). Biresera nerast (mêr) jî di forma oblik de ye.",1,verified,https://en.wikipedia.org/wiki/Ergative_case,approved,0.95,
ds_ziman_0076,ku-kmr,Ziman,"Ji bo tiştekî ku em tê de xwarinê çêdikin, em çi dibêjin?",ode,zewq,hewş,metbex,D,"Metbex, xwarin çêkirin û amadekirinê de cihê sereke ye. Ode, zewq û hewş ne ji bo çêkirina xwarinê ne.",1,verified,https://en.wikipedia.org/wiki/Kitchen,approved,0.95,
ds_ziman_0080,ku-kmr,Ziman,Kîjan peyv ji bo tiştê ku em bi wî derî vedikin an jî digirin e?,pirtûk,qelem,kaxez,mifte,D,"Mifte, ji bo vekirin û girtina derî û qilifan tê bikaranîn. Pirtûk, qelem û kaxez ne ji bo vê yekê ne.",1,verified,https://en.wikipedia.org/wiki/Lock_and_key,approved,0.95,
ds_ziman_0084,ku-kmr,Ziman,"Ji bo rûniştina li ser, em çi bi kar tînin?",mase,nivîn,derî,kursî,D,"Kursî, ji bo rûniştinê hatiye çêkirin. Mase, nivîn û derî ne ji bo rûniştinê ne.",1,verified,https://en.wikipedia.org/wiki/Chair,approved,0.95,
ds_ziman_0097,ku-kmr,Ziman,"Di kurmancî de, ji bo tiştê ku em bi wî xwarinê di metbexê de hûr dikin, çi tê gotin?",kêr,çetel,kevçî,tebeq,A,"Kêr, ji bo hûrkirina xwarinê tê bikaranîn. Çetel, kevçî û tebeq ne ji bo hûrkirinê ne.",1,verified,https://en.wikipedia.org/wiki/Knife,approved,0.95,
ds_ziman_0101,ku-kmr,Ziman,"Kîjan ajal di kurmancî de wek ""rovî"" tê nasîn?",Rovî,Gur,Kûçik,Pisîk,A,"Rovî di kurmancî de wek ""rovî"" tê gotin. Ev peyv ji bo ajalê ku bi kurtî û dûvikek dirêj tê nasîn tê bikaranîn. Gur jî ajalek e lê navê wî yê kurmancî ""gur"" e, ne rovî.",1,verified,https://en.wikipedia.org/wiki/Fox,approved,0.95,
ds_ziman_0102,ku-kmr,Ziman,"Di kurmancî de, ji bo ajalê ku bi navê ""hirç"" tê zanîn, kîjan peyv rast e?",Şêr,Hirç,Piling,Kevroşk,B,"Hirç di kurmancî de ajalek mezin û bi hêz e ku bi navê ""hirç"" tê gotin. Şêr, piling û kevroşk jî ajal in lê navên wan ên kurmancî ne ""hirç"" in. Hirç bi taybetî di çiyayan de dijî.",1,verified,https://en.wikipedia.org/wiki/Bear,approved,0.95,
ds_ziman_0103,ku-kmr,Ziman,"Kîjan peyva kurmancî ji bo ajalê ku di avê de dijî û bi navê ""masî"" tê zanîn e?",Mar,Kurbeşk,Masî,Dûpişk,C,"Masî di kurmancî de ajalê ku di avê de dijî ye. Ev peyv ji bo hemû cûrên masiyan tê bikaranîn. Mar, kurbeşk û dûpişk jî ajal in lê ew di avê de najîn û navên wan ên kurmancî ne ""masî"" ne.",1,verified,https://en.wikipedia.org/wiki/Fish,approved,0.95,
ds_ziman_0104,ku-kmr,Ziman,"Di kurmancî de, ji bo ajalê ku bi navê ""çêlek"" tê zanîn, kîjan peyv rast e?",Mih,Bizin,Hesp,Çêlek,D,"Çêlek di kurmancî de ajalê ku şîr dide ye. Ev peyv ji bo ajalê mê ya ku di gundan de tê xwedîkirin tê bikaranîn. Mih, bizin û hesp jî ajal in lê navên wan ên kurmancî ne ""çêlek"" in.",1,verified,https://en.wikipedia.org/wiki/Cattle,approved,0.95,
ds_ziman_0105,ku-kmr,Ziman,"Kîjan ajal di kurmancî de wek ""kew"" tê nasîn?",Kew,Elok,Qaz,Mirîşk,A,"Kew di kurmancî de çûkek ku bi navê ""kew"" tê gotin e. Ev çûk bi piranî li çiyayan dijî û bi dengê xwe yê xweş tê nasîn. Elok, qaz û mirîşk jî çûk in lê navên wan ên kurmancî ne ""kew"" in.",2,verified,https://en.wikipedia.org/wiki/Partridge,approved,0.95,
ds_ziman_0106,ku-kmr,Ziman,"Di kurmancî de, ji bo ajalê ku bi navê ""gur"" tê zanîn, kîjan peyv rast e?",Rovî,Gur,Çeqel,Kûçik,B,"Gur di kurmancî de ajalek kovî ye ku bi navê ""gur"" tê gotin. Ev ajal bi piranî li daristanan dijî û bi hêza xwe tê nasîn. Rovî, çeqel û kûçik jî ajal in lê navên wan ên kurmancî ne ""gur"" in.",1,verified,https://en.wikipedia.org/wiki/Wolf,approved,0.95,
ds_ziman_0109,ku-kmr,Ziman,"Kîjan ajal di kurmancî de wek ""piling"" tê nasîn?",Piling,Şêr,Hirç,Gur,A,"Piling di kurmancî de ajalek kovî ye ku bi navê ""piling"" tê gotin. Ev ajal bi piranî li Asyayê dijî û bi xêzên li ser laşê xwe tê nasîn. Şêr, hirç û gur jî ajal in lê navên wan ên kurmancî ne ""piling"" in.",2,verified,https://en.wikipedia.org/wiki/Tiger,approved,0.95,
ds_ziman_0111,ku-kmr,Ziman,"Kîjan peyva kurmancî ji bo ajalê ku bi navê ""şêr"" tê zanîn e?",Piling,Hirç,Şêr,Gur,C,"Şêr di kurmancî de ajalek kovî ye ku bi navê ""şêr"" tê gotin. Ev ajal bi piranî li Afrîkayê dijî û bi yalê xwe tê nasîn. Piling, hirç û gur jî ajal in lê navên wan ên kurmancî ne ""şêr"" in.",1,verified,https://en.wikipedia.org/wiki/Lion,approved,0.95,
ds_ziman_0115,ku-kmr,Ziman,"Kîjan peyva kurmancî ji bo ajalê ku bi navê ""hesp"" tê zanîn e?",Kert,Mih,Hesp,Çêlek,C,"Hesp di kurmancî de ajalek mezin e ku bi navê ""hesp"" tê gotin. Ev ajal bi piranî ji bo siwarbûnê tê bikaranîn û bi leza xwe tê nasîn. Kert, mih û çêlek jî ajal in lê navên wan ên kurmancî ne ""hesp"" in.",1,verified,https://en.wikipedia.org/wiki/Horse,approved,0.95,
ds_ziman_0126,ku-kmr,Ziman,"Di kurmancî de, ji bo hejmara 21ê, kîjan awayê nivîsînê rast e?",bîst yek,bîst û yek,bîstûyek,bîst û yekem,B,"Di kurmancî de hejmarên 21-29 bi awayê 'bîst û yek', 'bîst û du' hwd. têne nivîsîn. 'Bîst û yekem' rêzimanî ye, ne hejmara sade ye.",1,verified,https://en.wikipedia.org/wiki/Kurdish_alphabets,approved,0.95,
ds_ziman_0176,ku-kmr,Ziman,"Di kurmancî de, ji bo 'ji ber ku' wateya kîjan peyva jêrîn e?",loma,dîsa,paşê,lewra,D,"'Lewra' bi wateya 'ji ber ku' yan 'çimkî' tê bikaranîn. 'Loma' encamê nîşan dide, 'dîsa' dubarekirinê û 'paşê' jî demê nîşan dide.",1,verified,https://en.wikipedia.org/wiki/Kurmanji,approved,0.95,
ds_ziman_0177,ku-kmr,Ziman,Kîjan peyva kurmancî ji bo 'big' an 'great' tê bikaranîn?,mezin,piçûk,kin,zirav,A,"'Mezin' di kurmancî de ji bo tiştên bi qasî 'big' an 'great' tê bikaranîn. 'Piçûk' dijberê wê ye, 'kin' ji bo dirêjahiyê û 'zirav' jî ji bo qalindiyê tê bikaranîn.",1,verified,https://en.wikipedia.org/wiki/Kurmanji,approved,0.95,
ds_ziman_0187,ku-kmr,Ziman,Kîjan peyv ji bo 'today' di kurmancî de tê bikaranîn?,duh,sibê,îro,şev,C,"'Îro' di kurmancî de tê wateya 'today'. 'Duh' tê wateya 'yesterday', 'sibê' 'tomorrow' û 'şev' jî 'night' e.",1,verified,https://en.wikipedia.org/wiki/Kurmanji,approved,0.95,
ds_ziman_0188,ku-kmr,Ziman,"Di kurmancî de, ji bo 'always' kîjan peyv tê bikaranîn?",carinan,tu car,niha,hertim,D,"'Hertim' di kurmancî de tê wateya 'always'. 'Carinan' tê wateya 'sometimes', 'tu car' 'never' û 'niha' jî 'now' e.",1,verified,https://en.wikipedia.org/wiki/Kurmanji,approved,0.95,
ds_ziman_0191,ku-kmr,Ziman,Kîjan peyv ji bo 'yesterday' di kurmancî de tê bikaranîn?,îro,sibê,duh,êvarî,C,"'Duh' di kurmancî de tê wateya 'yesterday'. 'Îro' 'today' e, 'sibê' 'tomorrow' e û 'êvarî' jî 'evening' e.",1,verified,https://en.wikipedia.org/wiki/Kurmanji,approved,0.95,
ds_ziman_0193,ku-kmr,Ziman,Kîjan peyv ji bo 'here' di kurmancî de tê bikaranîn?,li vir,li wir,li ku,li derve,A,"'Li vir' di kurmancî de tê wateya 'here'. 'Li wir' tê wateya 'there', 'li ku' 'where' û 'li derve' jî 'outside' e.",1,verified,https://en.wikipedia.org/wiki/Kurmanji,approved,0.95,
ds_ziman_0226,ku-kmr,Ziman,"Di kurmancî de, dengê ku ji dev derdikeve û bi tîpa 'x'ê tê nivîsîn, kîjan e?",H,X,K,Q,B,"Dengê 'x' yê kurmancî wek dengê 'kh' yê di nav kurdî de ye, ne wek 'h' an 'k' yê. Ev deng di alfabeya kurdî de bi tîpa 'x'ê tê nivîsîn.",1,verified,https://en.wikipedia.org/wiki/Kurdish_alphabets,approved,0.95,
ds_ziman_0227,ku-kmr,Ziman,Kîjan tîp di alfabeya kurmancî de tune ye?,Ç,Ş,Ğ,Ê,C,"Di alfabeya kurmancî de tîpên wek 'ğ', 'ı', 'ö', 'ü' nîn in. 'Ç', 'Ş' û 'Ê' tîpên kurdî ne.",1,verified,https://en.wikipedia.org/wiki/Kurdish_alphabets,approved,0.95,
ds_ziman_0228,ku-kmr,Ziman,"Di kurmancî de, ji bo dengê 'c' yê nerm, kîjan tîp tê bikaranîn?",Ç,J,Z,C,D,"Di kurmancî de, tîpa 'c' dengê 'c' yê nerm e, wek di peyva 'cîran' de. 'Ç' dengê 'ç' yê req e, 'J' dengê 'j' yê fransî ye, 'Z' jî dengê 'z' yê normal e.",1,verified,https://en.wikipedia.org/wiki/Kurdish_alphabets,approved,0.95,
ds_ziman_0229,ku-kmr,Ziman,Kîjan peyv bi tîpa 'q'ê tê nivîsîn?,Qelem,Kelek,Gul,Zer,A,"Peyva 'qelem' bi tîpa 'q'ê dest pê dike. 'Kelek' bi 'k'ê, 'Gul' bi 'g'ê û 'Zer' bi 'z'ê tê nivîsîn.",1,verified,https://en.wikipedia.org/wiki/Kurdish_alphabets,approved,0.95,
ds_ziman_0230,ku-kmr,Ziman,"Di kurmancî de, kîjan tîp ji bo dengê 'h' yê nerm tê bikaranîn?",X,H,K,G,B,"Tîpa 'h' di kurmancî de dengê 'h' yê nerm e, wek di peyva 'hevîr' de. 'X' dengê 'kh' ye, 'K' dengê 'k' yê req e, 'G' jî dengê 'g' yê nerm e.",1,verified,https://en.wikipedia.org/wiki/Kurdish_alphabets,approved,0.95,
ds_ziman_0231,ku-kmr,Ziman,Kîjan peyv bi tîpa 'ş'ê tê nivîsîn?,Roj,Av,Şev,Erd,C,"Peyva 'şev' bi tîpa 'ş'ê dest pê dike. 'Roj' bi 'r'ê, 'Av' bi 'a' û 'Erd' bi 'e' tê nivîsîn.",1,verified,https://en.wikipedia.org/wiki/Kurdish_alphabets,approved,0.95,
ds_ziman_0232,ku-kmr,Ziman,"Di kurmancî de, ji bo dengê 'ç' yê req, kîjan tîp tê bikaranîn?",C,J,Z,Ç,D,"Tîpa 'ç' di kurmancî de dengê 'ç' yê req e, wek di peyva 'çiya' de. 'C' dengê 'c' yê nerm e, 'J' dengê 'j' yê fransî ye, 'Z' jî dengê 'z' yê normal e.",1,verified,https://en.wikipedia.org/wiki/Kurdish_alphabets,approved,0.95,
ds_ziman_0233,ku-kmr,Ziman,Kîjan peyv bi tîpa 'r'ê tê nivîsîn?,Roj,Şev,Av,Erd,A,"Peyva 'roj' bi tîpa 'r'ê dest pê dike. 'Şev' bi 'ş'ê, 'Av' bi 'a' û 'Erd' bi 'e' tê nivîsîn.",1,verified,https://en.wikipedia.org/wiki/Kurdish_alphabets,approved,0.95,
ds_ziman_0234,ku-kmr,Ziman,"Di kurmancî de, kîjan tîp ji bo dengê 'l' yê nerm tê bikaranîn?",N,L,R,D,B,"Tîpa 'l' di kurmancî de dengê 'l' yê nerm e, wek di peyva 'lavlavk' de. 'N' dengê 'n' ye, 'R' dengê 'r' ye, 'D' jî dengê 'd' ye.",1,verified,https://en.wikipedia.org/wiki/Kurdish_alphabets,approved,0.95,
ds_ziman_0236,ku-kmr,Ziman,"Di kurmancî de, ji bo dengê 'n' yê nerm, kîjan tîp tê bikaranîn?",M,L,R,N,D,"Tîpa 'n' di kurmancî de dengê 'n' yê nerm e, wek di peyva 'nan' de. 'M' dengê 'm' ye, 'L' dengê 'l' ye, 'R' jî dengê 'r' ye.",1,verified,https://en.wikipedia.org/wiki/Kurdish_alphabets,approved,0.95,
ds_ziman_0238,ku-kmr,Ziman,"Di kurmancî de, kîjan tîp ji bo dengê 's' yê nerm tê bikaranîn?",Ş,S,Z,C,B,"Tîpa 's' di kurmancî de dengê 's' yê nerm e, wek di peyva 'sêv' de. 'Ş' dengê 'ş' ye, 'Z' dengê 'z' ye, 'C' jî dengê 'c' yê nerm e.",1,verified,https://en.wikipedia.org/wiki/Kurdish_alphabets,approved,0.95,
ds_ziman_0240,ku-kmr,Ziman,"Di kurmancî de, ji bo dengê 'v' yê nerm, kîjan tîp tê bikaranîn?",W,F,B,V,D,"Tîpa 'v' di kurmancî de dengê 'v' yê nerm e, wek di peyva 'av' de. 'W' dengê 'w' ye, 'F' dengê 'f' ye, 'B' jî dengê 'b' ye.",1,verified,https://en.wikipedia.org/wiki/Kurdish_alphabets,approved,0.95,
ds_ziman_0242,ku-kmr,Ziman,"Di kurmancî de, kîjan tîp ji bo dengê 'j' yê fransî tê bikaranîn?",C,J,Ç,Z,B,"Tîpa 'j' di kurmancî de dengê 'j' yê fransî ye, wek di peyva 'roj' de. 'C' dengê 'c' yê nerm e, 'Ç' dengê 'ç' yê req e, 'Z' jî dengê 'z' yê normal e.",1,verified,https://en.wikipedia.org/wiki/Kurdish_alphabets,approved,0.95,
ds_cand_0009,ku-kmr,Çand,Kîjan dîrokî bi Newrozê ve girêdayî ye?,Serhildana Kawayê Hesinkar,Şoreşa Fransî,Şerê Cîhanê yê Yekem,Ronesansa Ewropayê,A,"Serhildana Kawayê Hesinkar bi Newrozê ve girêdayî ye. Li gor efsaneyan, Kawa li dijî zalim Dehaq serî hilda û Newroz ji wê serhildanê pêk hat.",3,verified,https://en.wikipedia.org/wiki/Kaveh_the_Blacksmith,approved,0.95,
ds_cand_0015,ku-kmr,Çand,Kîjan efsane bi Newrozê ve girêdayî ye?,Efsaneya Gilgameş,Efsaneya Romulus,Efsaneya Kawayê Hesinkar,Efsaneya Osiris,C,"Efsaneya Kawayê Hesinkar bi Newrozê ve girêdayî ye. Li gor vê efsaneyê, Kawa li dijî zalim Dehaq serî hilda û Newroz ji wê serhildanê pêk hat.",3,verified,https://en.wikipedia.org/wiki/Kaveh_the_Blacksmith,approved,0.95,
ds_cand_0028,ku-kmr,Çand,"Di dawetên kurdan de, kîjan amûra muzîkê ya kevneşopî tê bikaranîn?",Piyano,Keman,Gîtar,Tembûr,D,"Tembûr (an jî tembûr) amûreke muzîkê ya kevneşopî ya kurdan e ku di dawet û govendan de tê lêxistin. Piyano, keman û gîtar ne kevneşopî ne.",1,verified,https://en.wikipedia.org/wiki/Temb%C3%BBr,approved,0.95,
ds_cand_0036,ku-kmr,Çand,"Di dawetên kurdan de, kîjan amûra muzîkê bi gelemperî tê lêxistin?",Piyano,Keman,Gîtar,Def,D,Def (dahol) amûreke muzîkê ya kevneşopî ye ku di dawetên kurdan de tê lêxistin. Ew bi gelemperî bi tembûrê re tê bikaranîn.,1,verified,https://en.wikipedia.org/wiki/Kurdish_music,approved,0.95,
ds_cand_0041,ku-kmr,Çand,"Di dawetên kurdan de, kîjan amûra muzîkê bi gelemperî bi tembûrê re tê lêxistin?",Def,Piyano,Keman,Gîtar,A,Def (dahol) bi gelemperî bi tembûrê re tê lêxistin ji ber ku ew rîtma govendê zêde dike. Amûrên din ne kevneşopî ne.,2,verified,https://en.wikipedia.org/wiki/Kurdish_music,approved,0.95,
ds_cand_0077,ku-kmr,Çand,Kîjan amûra muzîkê bi gelemperî di govendê de tê bikaranîn?,Tembûr,Piyano,Gîtar,Keman,A,Tembûr amûreke muzîkê ya kevneşopî ye ku di govendê de pir tê bikaranîn. Ew bi taybetî di muzîka kurdî de cihekî giring digire.,1,verified,https://en.wikipedia.org/wiki/Tembur,approved,0.95,
ds_cand_0086,ku-kmr,Çand,"Di govendê de, kîjan amûra muzîkê ya biçûk bi gelemperî tê lêxistin?",Def,Erbane,Tembûr,Bilûr,B,Erbane amûreke muzîkê ya biçûk e ku di govendê de tê lêxistin. Ew bi gelemperî ji bo rîtmê tê bikaranîn û bi destan tê lêxistin.,2,verified,https://en.wikipedia.org/wiki/Daf,approved,0.95,
ds_cand_0090,ku-kmr,Çand,Kîjan amûra muzîkê ya ku ji qamîşan tê çêkirin di govendê de tê bikaranîn?,Tembûr,Bilûr,Def,Erbane,B,Bilûr amûreke muzîkê ye ku ji qamîşan tê çêkirin û di govendê de tê bikaranîn. Ew bi dengê xwe yê xweş û xemilandî tê nasîn.,2,verified,https://en.wikipedia.org/wiki/Kaval,approved,0.95,
ds_cand_0096,ku-kmr,Çand,Kîjan amûra muzîkê ya ku bi têlan tê lêxistin di govendê de tê bikaranîn?,Bilûr,Def,Erbane,Tembûr,D,Tembûr amûreke muzîkê ye ku bi têlan tê lêxistin û di govendê de tê bikaranîn. Ew bi dengê xwe yê kûr û xemilandî tê nasîn.,1,verified,https://en.wikipedia.org/wiki/Tembur,approved,0.95,
ds_cand_0157,ku-kmr,Çand,Kîjan amûra muzîkê di govenda kurdî de zêdetir tê bikaranîn?,Tembûr,Keman,Pîyano,Gîtar,A,Tembûr di govenda kurdî de amûra muzîkê ya sereke ye. Ew bi têlan tê lêxistin û dengê wê bi tevgerên govendê re li hev dike.,1,verified,https://en.wikipedia.org/wiki/Tembur,approved,0.95,
ds_cand_0165,ku-kmr,Çand,"Di çanda kurdî de, kîjan amûra muzîkê ya ku ji qamîşan tê çêkirin di govendê de tê bikaranîn?",Bilûr,Tembûr,Def,Erbane,A,Bilûr ji qamîşan tê çêkirin û di govendê de tê bikaranîn. Ew amûreke kevneşopî ye ku dengê wê bi tevgerên govendê re li hev dike.,2,verified,https://en.wikipedia.org/wiki/Bilur,approved,0.95,
ds_cand_0169,ku-kmr,Çand,"Di çanda kurdî de, kîjan amûra muzîkê ya biçûk bi gelemperî di govendê de tê lêxistin?",Def,Tembûr,Bilûr,Erbane,A,Def amûreke muzîkê ya biçûk e ku di govendê de tê lêxistin. Ew bi destan tê lêxistin û rîtma govendê bi şahî û coşiyê zêde dike.,2,verified,https://en.wikipedia.org/wiki/Def_(instrument),approved,0.95,
ds_cand_0178,ku-kmr,Çand,"Di dokumaya kurdî de, kîjan amûr bi gelemperî tê bikaranîn?",Mekîk,Teşî,Dûzen,Şûjîn,B,"Teşî di dokumaya kurdî de amûra herî kevneşopî ye, ji ber ku ew ji bo ristina hirî û pembû tê bikaranîn. Mekîk jî tê bikaranîn lê teşî yekem e.",2,verified,https://en.wikipedia.org/wiki/Spindle_(textiles),approved,0.95,
ds_cand_0181,ku-kmr,Çand,"Di dokumaya kurdî de, kîjan materyal bi gelemperî tê bikaranîn?",Hirî,Pembû,Hevrîşim,Ketan,A,"Hirî di dokumaya kurdî de materyalê herî berbelav e, ji ber ku li herêma çiyayî pez pir tê xwedîkirin. Pembû û hevrîşim jî tê bikaranîn lê hirî yekem e.",1,verified,https://en.wikipedia.org/wiki/Wool,approved,0.95,
ds_cand_0190,ku-kmr,Çand,"Di çanda kurdî de, kilîm bi gelemperî ji kîjan materyalî tê çêkirin?",Pembû,Hirî,Hevrîşim,Ketan,B,"Kilîm di çanda kurdî de bi gelemperî ji hirî tê çêkirin, ji ber ku hirî li herêma çiyayî pir tê dîtin. Pembû û hevrîşim jî tê bikaranîn lê hirî yekem e.",1,verified,https://en.wikipedia.org/wiki/Wool,approved,0.95,
ds_cand_0197,ku-kmr,Çand,"Di dokumaya kurdî de, kîjan navê amûrê ye ku ji bo ristina hirî tê bikaranîn?",Teşî,Mekîk,Dûzen,Şûjîn,A,"Teşî di dokumaya kurdî de ji bo ristina hirî tê bikaranîn, ji ber ku ew rê dide ku hirî bibe têl. Mekîk ji bo dokumayê ye lê teşî ji bo ristinê ye.",1,verified,https://en.wikipedia.org/wiki/Spindle_(textiles),approved,0.95,
ds_cand_0205,ku-kmr,Çand,Kîjan cejn bi qurbanîkirina heywanan tê pîrozkirin?,Cejna Qurbanê,Cejna Remezanê,Newroz,Cejna Mîladê,A,Cejna Qurbanê bi qurbanîkirina heywanan tê pîrozkirin. Ev cejn di meha Zilhecê de pêk tê û ji bo bîranîna bûyera Îbrahîm pêşkêşkirina qurbanê ye.,1,verified,https://en.wikipedia.org/wiki/Eid_al-Adha,approved,0.95,
ds_cand_0207,ku-kmr,Çand,Cejna Qurbanê di kîjan meha hicrî de tê pîrozkirin?,Meha Remezanê,Meha Zilqedê,Meha Zilhecê,Meha Şewalê,C,"Cejna Qurbanê di meha Zilhecê de, di roja 10emîn de tê pîrozkirin. Ev meh dawiya sala hicrî ye û cejna qurbanê jî di vê mehê de ye.",2,verified,https://en.wikipedia.org/wiki/Eid_al-Adha,approved,0.95,
ds_cand_0209,ku-kmr,Çand,Kîjan cejn bi bîranîna Îbrahîm û kurê wî ve girêdayî ye?,Cejna Qurbanê,Cejna Remezanê,Newroz,Cejna Mîladê,A,"Cejna Qurbanê bi bîranîna Îbrahîm ve girêdayî ye, yê ku amade bû kurê xwe qurban bike. Ev cejn ji bo pêşkêşkirina qurbanê tê pîrozkirin.",2,verified,https://en.wikipedia.org/wiki/Eid_al-Adha,approved,0.95,
ds_cand_0218,ku-kmr,Çand,"Di çanda kurdî de, kîjan cejn bi qurbanîkirina heywanan ve tê nîşankirin?",Cejna Remezanê,Cejna Qurbanê,Newroz,Cejna Mîladê,B,Cejna Qurbanê bi qurbanîkirina heywanan ve tê nîşankirin. Ev cejn di meha Zilhecê de tê pîrozkirin û ji bo bîranîna Îbrahîm e.,1,verified,https://en.wikipedia.org/wiki/Eid_al-Adha,approved,0.95,
ds_ziman_1001,ku-kmr,Ziman,"Di kurdî de ""mala me"" çawa tê nivîsîn?",Mala me,Mal a me,Malê me,Mal û me,A,"Di kurmancî de, dema ku navdêr bi cînavkê ve tê girêdan, îzafe bi cînavkê re tê bikaranîn. ""Mala me"" rast e, ji ber ku ""-a"" îzafeya mê ye û ""me"" jî cînavka xwedîtiyê ye.",1,verified,https://en.wikipedia.org/wiki/Kurmanji,approved,0.95,
ds_ziman_1002,ku-kmr,Ziman,"Kîjan navdêr nêr e û îzafeya wî ""-ê"" ye?",Mêvan,Çiya,Derya,Ziman,B,"""Çiya"" (dağ) di kurmancî de navdêrekî nêr e, ji ber vê yekê îzafeya wî ""-ê"" ye. Mînak: ""çiyayê bilind"". ""Mêvan"" û ""ziman"" jî nêr in, lê îzafeya wan ""-ê"" ye, ne ""-ê"".",2,verified,https://en.wikipedia.org/wiki/Kurmanji,approved,0.95,
ds_ziman_1003,ku-kmr,Ziman,"Di kurmancî de ""kitêba min"" tê çi wateyê?",Kitêba te,Kitêba wî,Kitêba min,Kitêba me,C,"""Kitêba min"" tê wateya ""benim kitabım"". ""Min"" cînavka xwedîtiyê ya yekem yekjimar e. Di vê avahiyê de, îzafeya mê ""-a"" bi cînavkê re tê bikaranîn.",1,verified,https://en.wikipedia.org/wiki/Kurmanji,approved,0.95,
ds_ziman_1005,ku-kmr,Ziman,"Di kurmancî de ""kurê wî"" tê çi wateyê?",Onun oğlu,Onların oğlu,Senin oğlun,Benim oğlum,A,"""Kurê wî"" tê wateya ""onun oğlu"". ""Wî"" cînavka xwedîtiyê ya kesê sêyem yekjimar e (nêr). Îzafeya nêr ""-ê"" bi vê cînavkê re tê bikaranîn.",1,verified,https://en.wikipedia.org/wiki/Kurmanji,approved,0.95,
ds_ziman_1006,ku-kmr,Ziman,Kîjan avahî îzafeya nêr a yekjimar e?,Mala,Malê,Malên,Malek,B,"""Malê"" îzafeya nêr a yekjimar e. Di kurmancî de, dema navdêrekî nêr bi rengdêrekê ve tê girêdan, îzafeya ""-ê"" tê bikaranîn. Mînak: ""malê mezin"" (büyük ev).",2,verified,https://en.wikipedia.org/wiki/Kurmanji,approved,0.95,
ds_ziman_1007,ku-kmr,Ziman,"Di kurmancî de ""pirtûka xwendinê"" tê çi wateyê?",Yazma kitabı,Çizim kitabı,Okuma kitabı,Oyun kitabı,C,"""Pirtûka xwendinê"" tê wateya ""okuma kitabı"". Di vê avahiyê de, ""pirtûk"" (kitap) bi ""xwendinê"" (okuma) ve bi îzafeya mê ""-a"" û îzafeya nêr ""-ê"" ve tê girêdan.",2,verified,https://en.wikipedia.org/wiki/Kurmanji,approved,0.95,
ds_ziman_1010,ku-kmr,Ziman,Kîjan avahî îzafeya mê a pirjimar e?,Mala,Malên,Malê,Malek,B,"""Malên"" îzafeya mê a pirjimar e. Di kurmancî de, dema navdêrekî mê yê pirjimar bi rengdêrekê ve tê girêdan, îzafeya ""-ên"" tê bikaranîn. Mînak: ""malên mezin"" (büyük evler).",2,verified,https://en.wikipedia.org/wiki/Kurmanji,approved,0.95,
ds_ziman_0014,ku-kmr,Ziman,Kîjan avahî îzafeya nêr a pirjimar e?,Kurê,Kurên,Kura,Kurî,B,"""Kurên"" îzafeya nêr a pirjimar e. Di kurmancî de, dema navdêrekî nêr yê pirjimar bi rengdêrekê ve tê girêdan, îzafeya ""-ên"" tê bikaranîn. Mînak: ""kurên mezin"" (büyük oğullar).",2,verified,https://en.wikipedia.org/wiki/Kurmanji,approved,0.95,
ds_ziman_0018,ku-kmr,Ziman,Kîjan avahî îzafeya mê a yekjimar e?,Malê,Mala,Malên,Malek,B,"""Mala"" îzafeya mê a yekjimar e. Di kurmancî de, dema navdêrekî mê bi rengdêrekê ve tê girêdan, îzafeya ""-a"" tê bikaranîn. Mînak: ""mala mezin"" (büyük ev).",2,verified,https://en.wikipedia.org/wiki/Kurmanji,approved,0.95,
ds_ziman_0026,ku-kmr,Ziman,Di kurmancî de dema niha ji bo kiryara ku niha diqewime çi tê bikaranîn?,got,dibêje,dibêjit,bêje,B,"Dema niha ya kurmancî bi pêşgira 'di-' û paşgira '-e' tê çêkirin, wek 'dibêje'. 'Got' dema borî ye, 'dibêjit' ne rast e û 'bêje' ferman e.",1,verified,https://en.wikipedia.org/wiki/Kurmanji,approved,0.95,
ds_ziman_0027,ku-kmr,Ziman,Kîjan form ji bo dema niha ya kurmancî rast e?,ez çûm,ez diçûm,ez diçim,ez herim,C,"Dema niha ya 'çûn' bi 'ez diçim' tê gotin. 'Ez çûm' dema borî ye, 'ez diçûm' dema borî ya berdewam e û 'ez herim' dema bê ya xwestekî ye.",1,verified,https://en.wikipedia.org/wiki/Kurmanji,approved,0.95,
ds_ziman_1028,ku-kmr,Ziman,Di kurmancî de dema niha ji bo lêkera 'xwendin' çi ye?,xwend,bixwîne,dixwend,dixwîne,D,"Dema niha ya 'xwendin' bi pêşgira 'di-' û paşgira '-e' tê çêkirin, loma 'dixwîne' rast e. 'Xwend' dema borî ye, 'bixwîne' ferman e û 'dixwend' dema borî ya berdewam e.",1,verified,https://en.wikipedia.org/wiki/Kurmanji,approved,0.95,
ds_ziman_1029,ku-kmr,Ziman,Kîjan hevok dema niha ya kurmancî nîşan dide?,Ew nanî dixwe,Ew nanî xwar,Ew nanî dixwar,Ew nanî bixwe,A,"Hevoka 'Ew nanî dixwe' dema niha ye, ji ber ku lêkera 'xwarin' bi pêşgira 'di-' û paşgira '-e' hatiye bikaranîn. Yên din dema borî, dema borî ya berdewam û ferman in.",1,verified,https://en.wikipedia.org/wiki/Kurmanji,approved,0.95,
ds_ziman_0030,ku-kmr,Ziman,Di kurmancî de dema niha ji bo lêkera 'nivîsîn' çawa tê nivîsîn?,nivîsand,dinivîse,binivîse,dinivîsand,B,"Dema niha ya 'nivîsîn' bi pêşgira 'di-' û paşgira '-e' tê çêkirin, loma 'dinivîse' rast e. 'Nivîsand' dema borî ye, 'binivîse' ferman e û 'dinivîsand' dema borî ya berdewam e.",1,verified,https://en.wikipedia.org/wiki/Kurmanji,approved,0.95,
ds_ziman_1031,ku-kmr,Ziman,Kîjan form ji bo dema niha ya kurmancî ya 'hatin' rast e?,hat,dihat,tê,bê,C,"Dema niha ya 'hatin' bi 'tê' tê gotin. 'Hat' dema borî ye, 'dihat' dema borî ya berdewam e û 'bê' ferman e.",2,verified,https://en.wikipedia.org/wiki/Kurmanji,approved,0.95,
ds_ziman_0032,ku-kmr,Ziman,Di kurmancî de dema niha ji bo lêkera 'dan' çi ye?,da,dida,bide,dide,D,"Dema niha ya 'dan' bi pêşgira 'di-' û paşgira '-e' tê çêkirin, loma 'dide' rast e. 'Da' dema borî ye, 'dida' dema borî ya berdewam e û 'bide' ferman e.",1,verified,https://en.wikipedia.org/wiki/Kurmanji,approved,0.95,
ds_ziman_1034,ku-kmr,Ziman,Di kurmancî de dema niha ji bo lêkera 'kirin' çawa tê nivîsîn?,kir,dike,dikir,bike,B,"Dema niha ya 'kirin' bi pêşgira 'di-' û paşgira '-e' tê çêkirin, loma 'dike' rast e. 'Kir' dema borî ye, 'dikir' dema borî ya berdewam e û 'bike' ferman e.",1,verified,https://en.wikipedia.org/wiki/Kurmanji,approved,0.95,
ds_ziman_0035,ku-kmr,Ziman,Kîjan form ji bo dema niha ya kurmancî ya 'girtin' rast e?,girt,digirt,digire,bigire,C,"Dema niha ya 'girtin' bi pêşgira 'di-' û paşgira '-e' tê çêkirin, loma 'digire' rast e. 'Girt' dema borî ye, 'digirt' dema borî ya berdewam e û 'bigire' ferman e.",1,verified,https://en.wikipedia.org/wiki/Kurmanji,approved,0.95,
ds_ziman_1036,ku-kmr,Ziman,Di kurmancî de dema niha ji bo lêkera 'vekirin' çi ye?,vekir,vedikir,veke,vedike,D,"Dema niha ya 'vekirin' bi pêşgira 'di-' û paşgira '-e' tê çêkirin, loma 'vedike' rast e. 'Vekir' dema borî ye, 'vedikir' dema borî ya berdewam e û 'veke' ferman e.",2,verified,https://en.wikipedia.org/wiki/Kurmanji,approved,0.95,
ds_ziman_1038,ku-kmr,Ziman,Di kurmancî de dema niha ji bo lêkera 'şandin' çawa tê nivîsîn?,şand,dişîne,dişand,bişîne,B,"Dema niha ya 'şandin' bi pêşgira 'di-' û paşgira '-e' tê çêkirin, loma 'dişîne' rast e. 'Şand' dema borî ye, 'dişand' dema borî ya berdewam e û 'bişîne' ferman e.",2,verified,https://en.wikipedia.org/wiki/Kurmanji,approved,0.95,
ds_ziman_0039,ku-kmr,Ziman,Kîjan form ji bo dema niha ya kurmancî ya 'anîn' rast e?,anî,dianî,tîne,bîne,C,"Dema niha ya 'anîn' bi 'tîne' tê gotin. 'Anî' dema borî ye, 'dianî' dema borî ya berdewam e û 'bîne' ferman e.",2,verified,https://en.wikipedia.org/wiki/Kurmanji,approved,0.95,
ds_ziman_1051,ku-kmr,Ziman,"Di kurmancî de dema borî ya lêkera ""xwendin"" ji bo kesê yekem ê yekjimar çawa tê nivîsîn?",Ez xwendim,Ez xwend,Min xwend,Min xwendim,C,"Di kurmancî de lêkera gerguhêz di dema borî de bi ergatîvê tê bikaranîn; kirde bi ""min"" tê nîşankirin û lêker jî bi awayê xwe yê borî yê sade dimîne. ""Min xwend"" rast e.",1,verified,https://en.wikipedia.org/wiki/Ergative_case,approved,0.95,
ds_ziman_1052,ku-kmr,Ziman,"Kîjan hevok di kurmancî de dema borî ya lêkera ""nivîsîn"" bi awayê rast nîşan dide?",Ez nivîsîm,Tu nivîsî,Em nivîsîn,Wî nivîsî,D,"Di ergatîva kurmancî de, dema borî ya lêkera gerguhêz bi kirdeyê xwerû nayê; kirde bi çemandina çemandî tê û lêker bi kesê sêyem ê yekjimar re li hev dike. ""Wî nivîsî"" rast e.",2,verified,https://en.wikipedia.org/wiki/Ergative_case,approved,0.95,
ds_ziman_0053,ku-kmr,Ziman,"Di kurmancî de dema borî ya lêkera ""hatin"" ji bo kesê duyem ê yekjimar çawa ye?",Tu hatî,Te hat,Tu hat,Te hatî,A,"Lêkera negerguhêz di kurmancî de di dema borî de bi ergatîvê nayê; kirde bi forma xwerû tê û lêker bi kesê xwe re dikeve. ""Tu hatî"" rast e.",1,verified,https://en.wikipedia.org/wiki/Ergative_case,approved,0.95,
ds_ziman_0054,ku-kmr,Ziman,"Kîjan hevok di kurmancî de dema borî ya lêkera ""kirin"" bi ergatîvê rast e?",Ez kirim,Min kir,Tu kirî,Em kirin,B,"Di kurmancî de lêkera gerguhêz di dema borî de bi ergatîvê tê; kirde bi çemandina çemandî (min) tê û lêker bi kesê sêyem ê yekjimar re dimîne. ""Min kir"" rast e.",1,verified,https://en.wikipedia.org/wiki/Ergative_case,approved,0.95,
ds_ziman_1055,ku-kmr,Ziman,"Di kurmancî de dema borî ya lêkera ""dan"" ji bo kesê sêyem ê pirjimar çawa tê nivîsîn?",Ew dan,Wan dan,Wan da,Ew da,C,"Lêkera gerguhêz ""dan"" di dema borî de bi ergatîvê tê; kirdeyê pirjimar bi ""wan"" tê û lêker bi forma xwe ya yekjimar a sêyem re dimîne. ""Wan da"" rast e.",2,verified,https://en.wikipedia.org/wiki/Ergative_case,approved,0.95,
ds_ziman_0056,ku-kmr,Ziman,"Kîjan hevok di kurmancî de dema borî ya lêkera ""birin"" ji bo kesê yekem ê pirjimar rast e?",Em birin,Me birin,Em bir,Me bir,D,"Di ergatîvê de, kirdeyê pirjimar ê yekem bi ""me"" tê û lêker bi kesê sêyem ê yekjimar re dimîne. ""Me bir"" rast e.",2,verified,https://en.wikipedia.org/wiki/Ergative_case,approved,0.95,
ds_ziman_0057,ku-kmr,Ziman,"Di kurmancî de dema borî ya lêkera ""vexwarin"" ji bo kesê duyem ê pirjimar çawa ye?",We vexwar,Hûn vexwarin,We vexwarin,Hûn vexwar,A,"Lêkera gerguhêz di dema borî de bi ergatîvê tê; kirdeyê duyem ê pirjimar bi ""we"" tê û lêker bi forma xwe ya yekjimar re dimîne. ""We vexwar"" rast e.",2,verified,https://en.wikipedia.org/wiki/Ergative_case,approved,0.95,
ds_ziman_0058,ku-kmr,Ziman,"Kîjan hevok di kurmancî de dema borî ya lêkera ""şandin"" ji bo kesê sêyem ê yekjimar rast e?",Ew şand,Wî şand,Ew şandiye,Wî şandiye,B,"Di ergatîvê de, kirdeyê sêyem ê yekjimar ê nêr bi ""wî"" tê û lêker bi forma xwe ya borî ya sade re dimîne. ""Wî şand"" rast e.",2,verified,https://en.wikipedia.org/wiki/Ergative_case,approved,0.95,
ds_ziman_0059,ku-kmr,Ziman,"Di kurmancî de dema borî ya lêkera ""anîn"" ji bo kesê sêyem ê yekjimar a mê çawa tê nivîsîn?",Ew anî,Ew aniye,Wê anî,Wê aniye,C,"Ergatîv di kurmancî de ji bo kirdeyê mê yê sêyem ê yekjimar ""wê"" bi kar tîne û lêker bi forma xwe ya borî ya sade re dimîne. ""Wê anî"" rast e.",2,verified,https://en.wikipedia.org/wiki/Ergative_case,approved,0.95,
ds_ziman_0060,ku-kmr,Ziman,"Kîjan hevok di kurmancî de dema borî ya lêkera ""dîtin"" ji bo kesê yekem ê yekjimar rast e?",Ez dîtim,Min dîtim,Ez dît,Min dît,D,"Di ergatîvê de, kirdeyê yekem ê yekjimar bi ""min"" tê û lêker bi kesê sêyem ê yekjimar re dimîne. ""Min dît"" rast e.",1,verified,https://en.wikipedia.org/wiki/Ergative_case,approved,0.95,
ds_ziman_0061,ku-kmr,Ziman,"Di kurmancî de dema borî ya lêkera ""gotin"" ji bo kesê duyem ê yekjimar çawa ye?",Te got,Tu gotî,Te gotiye,Tu got,A,"Lêkera gerguhêz ""gotin"" di dema borî de bi ergatîvê tê; kirdeyê duyem ê yekjimar bi ""te"" tê û lêker bi forma xwe ya borî ya sade re dimîne. ""Te got"" rast e.",1,verified,https://en.wikipedia.org/wiki/Ergative_case,approved,0.95,
ds_ziman_0062,ku-kmr,Ziman,"Kîjan hevok di kurmancî de dema borî ya lêkera ""xwarin"" ji bo kesê yekem ê pirjimar rast e?",Em xwarin,Me xwar,Me xwarin,Em xwar,B,"Di ergatîvê de, kirdeyê yekem ê pirjimar bi ""me"" tê û lêker bi forma xwe ya yekjimar re dimîne. ""Me xwar"" rast e.",2,verified,https://en.wikipedia.org/wiki/Ergative_case,approved,0.95,
ds_ziman_0063,ku-kmr,Ziman,"Di kurmancî de dema borî ya lêkera ""avêtin"" ji bo kesê duyem ê pirjimar çawa tê nivîsîn?",Hûn avêtin,We avêtin,We avêt,Hûn avêt,C,"Ergatîv ji bo kirdeyê duyem ê pirjimar ""we"" bi kar tîne û lêker bi forma xwe ya yekjimar re dimîne. ""We avêt"" rast e.",2,verified,https://en.wikipedia.org/wiki/Ergative_case,approved,0.95,
ds_ziman_0064,ku-kmr,Ziman,"Kîjan hevok di kurmancî de dema borî ya lêkera ""girtin"" ji bo kesê sêyem ê pirjimar rast e?",Ew girtin,Ew girt,Wan girtin,Wan girt,D,"Di ergatîvê de, kirdeyê sêyem ê pirjimar bi ""wan"" tê û lêker bi forma xwe ya yekjimar re dimîne. ""Wan girt"" rast e.",2,verified,https://en.wikipedia.org/wiki/Ergative_case,approved,0.95,
ds_ziman_0065,ku-kmr,Ziman,"Di kurmancî de dema borî ya lêkera ""vekirin"" ji bo kesê yekem ê yekjimar çawa ye?",Min vekir,Ez vekirim,Min vekiriye,Ez vekir,A,"Lêkera gerguhêz ""vekirin"" di dema borî de bi ergatîvê tê; kirdeyê yekem ê yekjimar bi ""min"" tê û lêker bi forma xwe ya borî ya sade re dimîne. ""Min vekir"" rast e.",1,verified,https://en.wikipedia.org/wiki/Ergative_case,approved,0.95,
ds_ziman_0066,ku-kmr,Ziman,"Kîjan hevok di kurmancî de dema borî ya lêkera ""nivîsîn"" ji bo kesê sêyem ê pirjimar rast e?",Ew nivîsîn,Wan nivîsî,Ew nivîsî,Wan nivîsîn,B,"Di ergatîvê de, kirdeyê pirjimar bi ""wan"" tê û lêker bi forma xwe ya yekjimar re dimîne. ""Wan nivîsî"" rast e.",2,verified,https://en.wikipedia.org/wiki/Ergative_case,approved,0.95,
ds_ziman_0067,ku-kmr,Ziman,"Di kurmancî de dema borî ya lêkera ""kirîn"" ji bo kesê duyem ê yekjimar çawa tê nivîsîn?",Tu kirî,Te kirîye,Te kirî,Tu kirîyî,C,"Ergatîv ji bo kirdeyê duyem ê yekjimar ""te"" bi kar tîne û lêker bi forma xwe ya borî ya sade re dimîne. ""Te kirî"" rast e.",2,verified,https://en.wikipedia.org/wiki/Ergative_case,approved,0.95,
ds_ziman_0068,ku-kmr,Ziman,"Kîjan hevok di kurmancî de dema borî ya lêkera ""firotin"" ji bo kesê yekem ê pirjimar rast e?",Em firotin,Me firotiye,Em firot,Me firot,D,"Di ergatîvê de, kirdeyê yekem ê pirjimar bi ""me"" tê û lêker bi forma xwe ya borî ya sade re dimîne. ""Me firot"" rast e.",2,verified,https://en.wikipedia.org/wiki/Ergative_case,approved,0.95,
ds_ziman_0069,ku-kmr,Ziman,"Di kurmancî de dema borî ya lêkera ""pirsîn"" ji bo kesê sêyem ê yekjimar a mê çawa ye?",Wê pirsî,Ew pirsî,Wê pirsîye,Ew pirsîye,A,"Ergatîv ji bo kirdeyê mê yê sêyem ê yekjimar ""wê"" bi kar tîne û lêker bi forma xwe ya borî ya sade re dimîne. ""Wê pirsî"" rast e.",2,verified,https://en.wikipedia.org/wiki/Ergative_case,approved,0.95,
ds_ziman_0070,ku-kmr,Ziman,"Kîjan hevok di kurmancî de dema borî ya lêkera ""xwendin"" ji bo kesê sêyem ê pirjimar rast e?",Ew xwendin,Wan xwend,Ew xwend,Wan xwendin,B,"Di ergatîvê de, kirdeyê pirjimar bi ""wan"" tê û lêker bi forma xwe ya yekjimar re dimîne. ""Wan xwend"" rast e.",2,verified,https://en.wikipedia.org/wiki/Ergative_case,approved,0.95,
ds_ziman_0071,ku-kmr,Ziman,"Di kurmancî de dema borî ya lêkera ""dîtin"" ji bo kesê duyem ê pirjimar çawa tê nivîsîn?",Hûn dîtin,We dîtin,We dît,Hûn dît,C,"Ergatîv ji bo kirdeyê duyem ê pirjimar ""we"" bi kar tîne û lêker bi forma xwe ya yekjimar re dimîne. ""We dît"" rast e.",2,verified,https://en.wikipedia.org/wiki/Ergative_case,approved,0.95,
ds_ziman_0073,ku-kmr,Ziman,"Di kurmancî de dema borî ya lêkera ""anîn"" ji bo kesê duyem ê yekjimar çawa ye?",Te anî,Tu anî,Te aniye,Tu aniye,A,"Lêkera gerguhêz ""anîn"" di dema borî de bi ergatîvê tê; kirdeyê duyem ê yekjimar bi ""te"" tê û lêker bi forma xwe ya borî ya sade re dimîne. ""Te anî"" rast e.",1,verified,https://en.wikipedia.org/wiki/Ergative_case,approved,0.95,
ds_ziman_0075,ku-kmr,Ziman,"Di kurmancî de dema borî ya lêkera ""girtin"" ji bo kesê sêyem ê yekjimar a mê çawa tê nivîsîn?",Ew girt,Wê girtiye,Wê girt,Ew girtiye,C,"Ergatîv ji bo kirdeyê mê yê sêyem ê yekjimar ""wê"" bi kar tîne û lêker bi forma xwe ya borî ya sade re dimîne. ""Wê girt"" rast e.",2,verified,https://en.wikipedia.org/wiki/Ergative_case,approved,0.95,
ds_ziman_1076,ku-kmr,Ziman,"Di kurmancî de ""bi"" û ""di"" çi cudahî heye?",Herdu jî tenê cih nîşan didin,"""di"" amûrê, ""bi"" cihê nîşan dide",Herdu jî tenê demê nîşan didin,"""bi"" amûrê, ""di"" cihê nîşan dide",D,"""Bi"" bi gelemperî amûr an rêbazê nîşan dide, lê ""di"" cihê ku tiştek lê ye nîşan dide.",1,verified,https://en.wikipedia.org/wiki/Kurdish_grammar,approved,0.95,
ds_ziman_0078,ku-kmr,Ziman,Kîjan hevok oblik hâlê bi kar tîne?,Ez diçim malê,Min pirtûk da wî,Ew li malê ye,Em bi hev re diçin,B,"""Wî"" di vê hevokê de oblik hâl e, ji ber ku kiryara lêkerê bi wî ve girêdayî ye.",2,verified,https://en.wikipedia.org/wiki/Kurdish_grammar,approved,0.95,
ds_ziman_1084,ku-kmr,Ziman,"Di kurmancî de ""li ser"" çi nîşan dide?",Cihê jêrîn,Cihê hundir,Cihê derve,Cihê jorîn,D,"""Li ser"" tê wateya ""li ser"" an ""li jor"" û cihê jorîn nîşan dide.",1,verified,https://en.wikipedia.org/wiki/Kurdish_grammar,approved,0.95,
ds_ziman_0094,ku-kmr,Ziman,"Di kurmancî de ""li gel"" çi nîşan dide?",Cihê jorîn,Hevaltî an pê re bûn,Cihê jêrîn,Sedem,B,"""Li gel"" tê wateya ""bi ... re"" an ""li gel"" û hevaltiyê nîşan dide.",1,verified,https://en.wikipedia.org/wiki/Kurdish_grammar,approved,0.95,
ds_ziman_1101,ku-kmr,Ziman,"Ji bo rûniştina malê, kîjan mobîlya bi gelemperî tê bikaranîn?",Kursî,Mase,Dolab,Nivîn,A,"Kursî ji bo rûniştinê ye; mase, dolab û nivîn jî mobîlya ne lê ji bo rûniştinê ne.",1,verified,https://en.wikipedia.org/wiki/Chair,approved,0.95,
ds_ziman_1102,ku-kmr,Ziman,"Di metbexê de, kîjan amûr ji bo birîna tiştan tê bikaranîn?",Kefçî,Kêr,Çetel,Sênî,B,"Kêr ji bo birînê ye; kefçî, çetel û sênî ji bo xwarin û servîsê ne.",1,verified,https://en.wikipedia.org/wiki/Knife,approved,0.95,
ds_ziman_1103,ku-kmr,Ziman,Kîjan peyv ji bo cihê ku mirov tê de radize û dinivîse ye?,Mase,Dolab,Nivîn,Raf,C,"Nivîn cihê razanê ye; mase, dolab û raf ji bo tiştên din in.",1,verified,https://en.wikipedia.org/wiki/Bed,approved,0.95,
ds_ziman_1104,ku-kmr,Ziman,"Ji bo pijandina xwarinê, kîjan amûr di metbexê de tê bikaranîn?",Televîzyon,Komputer,Pirtûk,Firneq,D,"Firneq ji bo pijandinê ye; televîzyon, komputer û pirtûk ne ji bo pijandinê ne.",1,verified,https://en.wikipedia.org/wiki/Oven,approved,0.95,
ds_ziman_1105,ku-kmr,Ziman,Kîjan tişt ji bo vexwarina avê tê bikaranîn?,Kûp,Berş,Sênî,Tepsi,A,"Kûp ji bo vexwarinê ye; berş, sênî û tepsi ji bo tiştên din in.",1,verified,https://en.wikipedia.org/wiki/Cup,approved,0.95,
ds_ziman_1106,ku-kmr,Ziman,"Di hundirê malê de, kîjan cih ji bo xwarinê tê bikaranîn?",Serşok,Metbex,Odeya razanê,Bexçe,B,"Metbex cihê çêkirin û xwarina xwarinê ye; serşok, odeya razanê û bexçe ne ji bo xwarinê ne.",1,verified,https://en.wikipedia.org/wiki/Kitchen,approved,0.95,
ds_ziman_0107,ku-kmr,Ziman,Kîjan peyv ji bo cihê ku mirov tê de xwe dişo ye?,Dolab,Mase,Serşok,Nivîn,C,"Serşok cihê şuştinê ye; dolab, mase û nivîn ne ji bo şuştinê ne.",1,verified,https://en.wikipedia.org/wiki/Bathroom,approved,0.95,
ds_ziman_0108,ku-kmr,Ziman,"Ji bo girtina tiştan di dolabê de, kîjan tişt tê bikaranîn?",Kursî,Mase,Nivîn,Ref,D,"Ref ji bo girtina tiştan e; kursî, mase û nivîn ne ji bo hilanînê ne.",1,verified,https://en.wikipedia.org/wiki/Shelf_(storage),approved,0.95,
ds_ziman_1109,ku-kmr,Ziman,Kîjan tişt ji bo ronahiyê di malê de tê bikaranîn?,Lamb,Mase,Dolab,Ref,A,"Lamb ji bo ronahiyê ye; mase, dolab û ref ne ji bo ronahiyê ne.",1,verified,https://en.wikipedia.org/wiki/Lamp,approved,0.95,
ds_ziman_0110,ku-kmr,Ziman,"Di malê de, kîjan cih ji bo rûniştina mêvanan tê bikaranîn?",Serşok,Odeya rûniştinê,Dolab,Metbex,B,"Odeya rûniştinê ji bo mêvanan e; serşok, dolab û metbex ne ji bo mêvanan in.",1,verified,https://en.wikipedia.org/wiki/Living_room,approved,0.95,
ds_ziman_1111,ku-kmr,Ziman,Kîjan amûr ji bo paqijkirina erdê tê bikaranîn?,Kêr,Çetel,Mijk,Kefçî,C,"Mijk ji bo paqijkirinê ye; kêr, çetel û kefçî ji bo xwarinê ne.",1,verified,https://en.wikipedia.org/wiki/Broom,approved,0.95,
ds_ziman_0112,ku-kmr,Ziman,"Di metbexê de, kîjan tişt ji bo danîna xwarinê tê bikaranîn?",Kûp,Berş,Kêr,Sênî,D,"Sênî ji bo danîna xwarinê ye; kûp, berş û kêr ji bo tiştên din in.",1,verified,https://en.wikipedia.org/wiki/Plate_(dishware),approved,0.95,
ds_ziman_0113,ku-kmr,Ziman,Kîjan tişt ji bo vekirina deriyê malê tê bikaranîn?,Mifte,Kûp,Sênî,Kursî,A,"Mifte ji bo vekirina derî ye; kûp, sênî û kursî ne ji bo vekirinê ne.",1,verified,https://en.wikipedia.org/wiki/Key_(lock),approved,0.95,
ds_ziman_0114,ku-kmr,Ziman,"Di malê de, kîjan cih ji bo hilanîna xwarinan tê bikaranîn?",Serşok,Dolaba xwarinê,Odeya razanê,Bexçe,B,"Dolaba xwarinê ji bo hilanîna xwarinan e; serşok, odeya razanê û bexçe ne ji bo hilanînê ne.",1,verified,https://en.wikipedia.org/wiki/Pantry,approved,0.95,
ds_ziman_1115,ku-kmr,Ziman,Kîjan peyv ji bo cihê ku mirov tê de xwarinê çêdike ye?,Odeya rûniştinê,Serşok,Metbex,Dolab,C,"Metbex cihê çêkirina xwarinê ye; odeya rûniştinê, serşok û dolab ne ji bo çêkirinê ne.",1,verified,https://en.wikipedia.org/wiki/Kitchen,approved,0.95,
ds_ziman_0116,ku-kmr,Ziman,"Ji bo danîna pirtûkan, kîjan mobîlya tê bikaranîn?",Kursî,Mase,Nivîn,Dolaba pirtûkan,D,"Dolaba pirtûkan ji bo pirtûkan e; kursî, mase û nivîn ne ji bo pirtûkan in.",1,verified,https://en.wikipedia.org/wiki/Bookshelf,approved,0.95,
ds_ziman_0117,ku-kmr,Ziman,Kîjan tişt ji bo pîvana demê di malê de tê bikaranîn?,Seyet,Mase,Dolab,Ref,A,"Seyet ji bo pîvana demê ye; mase, dolab û ref ne ji bo pîvana demê ne.",1,verified,https://en.wikipedia.org/wiki/Clock,approved,0.95,
ds_ziman_0118,ku-kmr,Ziman,"Di serşokê de, kîjan tişt ji bo şuştina destan tê bikaranîn?",Kûp,Sabûn,Sênî,Kêr,B,"Sabûn ji bo şuştinê ye; kûp, sênî û kêr ne ji bo şuştinê ne.",1,verified,https://en.wikipedia.org/wiki/Soap,approved,0.95,
ds_ziman_0119,ku-kmr,Ziman,Kîjan peyv ji bo cihê ku mirov tê de xwarinê dixwe ye?,Serşok,Dolab,Odeya xwarinê,Nivîn,C,"Odeya xwarinê ji bo xwarinê ye; serşok, dolab û nivîn ne ji bo xwarinê ne.",1,verified,https://en.wikipedia.org/wiki/Dining_room,approved,0.95,
ds_ziman_0120,ku-kmr,Ziman,"Ji bo ronahiya derve, kîjan tişt tê bikaranîn?",Mase,Dolab,Ref,Çira,D,"Çira ji bo ronahiya derve ye; mase, dolab û ref ne ji bo ronahiyê ne.",1,verified,https://en.wikipedia.org/wiki/Lantern,approved,0.95,
ds_ziman_0121,ku-kmr,Ziman,"Di malê de, kîjan cih ji bo hilanîna kincan tê bikaranîn?",Dolaba kincan,Metbex,Serşok,Bexçe,A,"Dolaba kincan ji bo kincan e; metbex, serşok û bexçe ne ji bo kincan in.",1,verified,https://en.wikipedia.org/wiki/Wardrobe,approved,0.95,
ds_ziman_0122,ku-kmr,Ziman,Kîjan tişt ji bo çêkirina çayê tê bikaranîn?,Kûp,Çaydan,Sênî,Kêr,B,"Çaydan ji bo çêkirina çayê ye; kûp, sênî û kêr ne ji bo çêkirina çayê ne.",1,verified,https://en.wikipedia.org/wiki/Teapot,approved,0.95,
ds_ziman_0123,ku-kmr,Ziman,"Di metbexê de, kîjan tişt ji bo pijandina nan tê bikaranîn?",Televîzyon,Komputer,Firneq,Pirtûk,C,"Firneq ji bo pijandina nan e; televîzyon, komputer û pirtûk ne ji bo pijandinê ne.",1,verified,https://en.wikipedia.org/wiki/Oven,approved,0.95,
ds_ziman_0124,ku-kmr,Ziman,Kîjan peyv ji bo cihê ku mirov tê de xwe vedişêre ye?,Metbex,Serşok,Dolab,Odeya razanê,D,"Odeya razanê ji bo veşartinê ye; metbex, serşok û dolab ne ji bo veşartinê ne.",1,verified,https://en.wikipedia.org/wiki/Bedroom,approved,0.95,
ds_ziman_0125,ku-kmr,Ziman,Kîjan ajal bi şev dizivire û di rojê de xwe vedişêre?,şevrevînk,rovî,ker,berx,A,Şevrevînk ajalek e ku bi şev çalak e û rojê de xwe vedişêre. Rovî bi şev jî dizivire lê di rojê de jî tê dîtin; ker û berx ajalên kedî ne ku bi roj çalak in.,1,verified,https://en.wikipedia.org/wiki/Bat,approved,0.95,
ds_ziman_1126,ku-kmr,Ziman,"Di kurmancî de peyva ""dar"" ji bo çi tê bikaranîn?",ajalek e ku difire,riwekek e ku fêkî dide,çiyayekî bilind,cureyekî avê,B,"Peyva ""dar"" di kurmancî de ji bo riwekên mezin û bi qurm tê bikaranîn, wek dara sêvê. Ew ne ajal, ne çiya û ne jî av e.",1,verified,https://en.wikipedia.org/wiki/Tree,approved,0.95,
ds_ziman_0127,ku-kmr,Ziman,Kîjan peyv ji bo çiyayekî bilind ê Kurdistanê ye?,Çiyayê Agirî,Çiyayê Şingal,Çiyayê Zagros,Çiyayê Qendîl,C,"Çiyayê Zagros zincîreçiyayekî mezin e ku li Kurdistan û Îranê dirêj dibe. Çiyayê Agirî, Şingal û Qendîl jî çiyayên Kurdistanê ne lê Zagros ji wan hemûyan bilindtir û dirêjtir e.",2,verified,https://en.wikipedia.org/wiki/Zagros_Mountains,approved,0.95,
ds_ziman_0128,ku-kmr,Ziman,"Di kurmancî de ""av"" çi ye?",tiştekî hişk e ku di erdê de ye,ajalek e ku di avê de dijî,riwekek e ku li ber avê şîn dibe,şilek e ku ji bo jiyanê pêwîst e,D,"Av şilek e ku ji bo jiyana mirovan, ajal û riwekan pêwîst e. Ew ne hişk e, ne ajal e û ne jî riwek e.",1,verified,https://en.wikipedia.org/wiki/Water,approved,0.95,
ds_ziman_0129,ku-kmr,Ziman,"Kîjan ajal di kurmancî de wek ""mih"" tê binavkirin?",pez,dewar,ker,hesp,A,"Mih di kurmancî de ajalekî kedî ye ji famîleya pez. Dewar, ker û hesp ne mih in; ew ajalên din in.",1,verified,https://en.wikipedia.org/wiki/Sheep,approved,0.95,
ds_ziman_0130,ku-kmr,Ziman,"Di kurmancî de peyva ""roj"" çi wateyê dide?",heyv,tara rojê,stêrk,ewr,B,"Peyva ""roj"" di kurmancî de hem ji bo tara rojê û hem jî ji bo yekê ji 24 saetan tê bikaranîn. Ew ne heyv, ne stêrk û ne jî ewr e.",1,verified,https://en.wikipedia.org/wiki/Sun,approved,0.95,
ds_ziman_0131,ku-kmr,Ziman,Kîjan ajal xwe bi avê ve girêdide û di avê de dijî?,çivîk,mar,masî,kûsî,C,"Masî ajalek e ku di avê de dijî û bi avê ve girêdayî ye. Çivîk difire, mar li erdê dijî û kûsî hem li erdê hem jî di avê de dijî lê masî her tim di avê de ye.",1,verified,https://en.wikipedia.org/wiki/Fish,approved,0.95,
ds_ziman_0132,ku-kmr,Ziman,"Di kurmancî de ""ezman"" ji bo çi tê bikaranîn?",erdê ku em lê dijîn,çiyayên bilind,deryayên mezin,cihê ku stêrk tê de ne,D,"Ezman di kurmancî de cihê ku stêrk, roj û heyv tê de ne. Ew ne erd, ne çiya û ne jî derya ye.",1,verified,https://en.wikipedia.org/wiki/Sky,approved,0.95,
ds_ziman_0133,ku-kmr,Ziman,"Kîjan riwek di kurmancî de wek ""genim"" tê binavkirin?",genim,ceh,nîsk,nok,A,"Genim di kurmancî de riwekek e ku ji bo nan çêkirinê tê bikaranîn. Ceh, nîsk û nok jî riwek in lê ne genim in.",1,verified,https://en.wikipedia.org/wiki/Wheat,approved,0.95,
ds_ziman_0134,ku-kmr,Ziman,"Di kurmancî de peyva ""ba"" çi ye?",ava ku diherrike,hewayê ku diherrike,erdê ku diheje,agirê ku dişewite,B,"Ba di kurmancî de hewayê ku diherrike ye. Ew ne av, ne erd û ne jî agir e.",1,verified,https://en.wikipedia.org/wiki/Wind,approved,0.95,
ds_ziman_0135,ku-kmr,Ziman,Kîjan ajal bi piranî di çol û beyaran de dijî?,ker,mih,hêştir,ga,C,"Hêştir ajalek e ku bi piranî li çol û beyaran dijî û li wir tê bikaranîn. Ker, mih û ga jî li gundan tên xwedîkirin lê hêştir ji wan bêtir bi çolê ve girêdayî ye.",1,verified,https://en.wikipedia.org/wiki/Camel,approved,0.95,
ds_ziman_0136,ku-kmr,Ziman,"Di kurmancî de ""daristan"" çi ye?",cihê ku av lê pir e,cihê ku çiya lê bilind in,cihê ku bajar lê mezin in,cihê ku dar lê pir in,D,"Daristan cihê ku darên gelek lê hene. Ew ne cihê avê, ne cihê çiyayan û ne jî cihê bajaran e.",1,verified,https://en.wikipedia.org/wiki/Forest,approved,0.95,
ds_ziman_0137,ku-kmr,Ziman,"Kîjan ajal di kurmancî de wek ""gur"" tê binavkirin?",gur,rovî,kûçik,pisîk,A,"Gur di kurmancî de ajalekî kovî ye ku di çolê de dijî. Rovî, kûçik û pisîk jî ajal in lê ne gur in.",1,verified,https://en.wikipedia.org/wiki/Wolf,approved,0.95,
ds_ziman_0138,ku-kmr,Ziman,"Di kurmancî de peyva ""xew"" çi wateyê dide?",revîna ajalan,nivistina mirovan,xwarina riwekan,vexwarina avê,B,"Xew di kurmancî de rewşa nivistinê ye. Ew ne revîn, ne xwarin û ne jî vexwarin e.",1,verified,https://en.wikipedia.org/wiki/Sleep,approved,0.95,
ds_ziman_0139,ku-kmr,Ziman,Kîjan peyv ji bo ajalê ku di nav daran de dijî û difire?,mar,masî,çivîk,kûsî,C,"Çivîk ajalek e ku difire û di nav daran de dijî. Mar, masî û kûsî nafirin, lewma çivîk bersiva rast e.",1,verified,https://en.wikipedia.org/wiki/Bird,approved,0.95,
ds_ziman_0140,ku-kmr,Ziman,"Di kurmancî de ""erd"" çi ye?",ezmanê ku li jor e,avê ku diherrike,agirê ku dişewite,rûyê ku em lê dijîn,D,"Erd di kurmancî de rûyê ku em lê dijîn e. Ew ne ezman, ne av û ne jî agir e.",1,verified,https://en.wikipedia.org/wiki/Earth,approved,0.95,
ds_ziman_0141,ku-kmr,Ziman,"Kîjan ajal di kurmancî de wek ""hesp"" tê binavkirin?",hesp,ker,ga,mih,A,"Hesp di kurmancî de ajalekî kedî ye ku ji bo siwarbûnê tê bikaranîn. Ker, ga û mih jî ajal in lê ne hesp in.",1,verified,https://en.wikipedia.org/wiki/Horse,approved,0.95,
ds_ziman_0142,ku-kmr,Ziman,"Di kurmancî de peyva ""baran"" çi ye?",ba ku diherrike,ava ku ji ezman dikeve,berfa ku dihele,ewrê ku diçe,B,"Baran di kurmancî de ava ku ji ezman dikeve. Ew ne ba, ne berf û ne jî ewr e.",1,verified,https://en.wikipedia.org/wiki/Rain,approved,0.95,
ds_ziman_0146,ku-kmr,Ziman,"Di kurmancî de peyva ""berf"" çi ye?",ba ku diherrike,ava ku dihele,ewrê ku diçe,barana ku diqewime,B,"Berf di kurmancî de ava ku dihele ye. Ew ne ba, ne ewr û ne jî baran e.",1,verified,https://en.wikipedia.org/wiki/Snow,approved,0.95,
ds_ziman_0150,ku-kmr,Ziman,Di kurmancî de hejmara 7 çawa tê nivîsîn?,heşt,heft,neh,şeş,B,"Di kurmancî de hejmara 7 'heft' e. 'Heşt' 8, 'neh' 9 û 'şeş' 6 e.",1,verified,https://en.wikipedia.org/wiki/Kurdish_language,approved,0.95,
ds_ziman_0151,ku-kmr,Ziman,Kîjan hejmar di kurmancî de wek 'bîst' tê nivîsîn?,30,40,20,50,C,"'Bîst' di kurmancî de hejmara 20 ye. 30 'sî', 40 'çil' û 50 'pêncî' ye.",1,verified,https://en.wikipedia.org/wiki/Kurdish_language,approved,0.95,
ds_ziman_0152,ku-kmr,Ziman,Di kurmancî de hejmara 100 çawa tê nivîsîn?,hez,milyon,deh,sed,D,"Hejmara 100 di kurmancî de 'sed' e. 'Hez' 1000, 'milyon' 1000000 û 'deh' 10 e.",1,verified,https://en.wikipedia.org/wiki/Kurdish_language,approved,0.95,
ds_ziman_0153,ku-kmr,Ziman,Di kurmancî de hejmara 4 çawa tê nivîsîn?,çar,pênc,sê,du,A,"Hejmara 4 di kurmancî de 'çar' e. 'Pênc' 5, 'sê' 3 û 'du' 2 ye.",1,verified,https://en.wikipedia.org/wiki/Kurdish_language,approved,0.95,
ds_ziman_0154,ku-kmr,Ziman,Kîjan hejmar di kurmancî de wek 'nehem' tê nivîsîn?,10,9,11,12,B,"'Nehem' di kurmancî de hejmara 9 e. 10 'dehem', 11 'yazdehem' û 12 'dazdehem' e.",2,verified,https://en.wikipedia.org/wiki/Kurdish_language,approved,0.95,
ds_ziman_0157,ku-kmr,Ziman,Kîjan hejmar di kurmancî de wek 'pêncem' tê nivîsîn?,5,6,7,8,A,"'Pêncem' di kurmancî de hejmara 5 e. 6 'şeşem', 7 'heftem' û 8 'heştem' e.",2,verified,https://en.wikipedia.org/wiki/Kurdish_language,approved,0.95,
ds_ziman_0175,ku-kmr,Ziman,Di kurmancî de ji bo kurê birayê mirov çi tê gotin?,Xwarza,Kurmet,Pismam,Birazî,C,"Di kurmancî de 'pismam' ji bo kurê birayê bav an jî diya mirov tê bikaranîn. 'Xwarza' ji bo kurê xwişka mirov e, 'birazî' jî ji bo kurê bira an xwişka mirov e.",2,verified,https://en.wikipedia.org/wiki/Kinship_terminology,approved,0.95,
ds_ziman_1176,ku-kmr,Ziman,Kîjan peyva kurmancî ji bo 'dayika bav' tê bikaranîn?,Xatûn,Xalojin,Dayik,Dapîr,D,"'Dapîr' di kurmancî de ji bo dayika bav an jî dayika dayikê tê bikaranîn. 'Xatûn' ji bo jina bi hurmet e, 'xalojin' jî ji bo jina xalê ye.",1,verified,https://en.wikipedia.org/wiki/Grandparent,approved,0.95,
ds_ziman_1177,ku-kmr,Ziman,Di kurmancî de ji bo kurê xwişka mirov kîjan peyv tê bikaranîn?,Xwarza,Pismam,Birazî,Kurmet,A,"'Xwarza' ji bo kurê xwişka mirov tê gotin. 'Pismam' ji bo kurê birayê bav e, 'birazî' jî ji bo kurê bira an xwişka mirov e, lê 'xwarza' bi taybetî ji bo kurê xwişkê ye.",2,verified,https://en.wikipedia.org/wiki/Nephew,approved,0.95,
ds_ziman_0178,ku-kmr,Ziman,Kîjan peyva kurmancî ji bo 'bavê dayikê' tê bikaranîn?,Xal,Bapîr,Ap,Kurmet,B,"'Bapîr' di kurmancî de ji bo bavê bav an jî bavê dayikê tê bikaranîn. 'Xal' ji bo birayê dayikê ye, 'ap' jî ji bo birayê bav e.",1,verified,https://en.wikipedia.org/wiki/Grandparent,approved,0.95,
ds_ziman_0179,ku-kmr,Ziman,Di kurmancî de ji bo jina birayê mirov çi tê gotin?,Bûk,Dê,Jinbira,Xwişk,C,"'Jinbira' ji bo jina birayê mirov tê bikaranîn. 'Bûk' ji bo jina kurê mirov e, 'dê' ji bo dayikê ye, 'xwişk' jî ji bo xwişka mirov e.",2,verified,https://en.wikipedia.org/wiki/Sister-in-law,approved,0.95,
ds_ziman_0180,ku-kmr,Ziman,Kîjan peyva kurmancî ji bo 'keça birayê mirov' tê bikaranîn?,Xwarzê,Keçmet,Pismam,Birazê,D,"'Birazê' ji bo keça bira an jî xwişka mirov tê bikaranîn. 'Xwarzê' ji bo keça xwişkê ye, 'pismam' jî ji bo kurê birayê bav e.",2,verified,https://en.wikipedia.org/wiki/Niece,approved,0.95,
ds_ziman_0181,ku-kmr,Ziman,Di kurmancî de ji bo birayê dayikê kîjan peyv tê bikaranîn?,Xal,Ap,Bav,Bira,A,"'Xal' di kurmancî de ji bo birayê dayikê tê gotin. 'Ap' ji bo birayê bav e, 'bav' ji bo bavê mirov e, 'bira' jî ji bo birayê mirov e.",1,verified,https://en.wikipedia.org/wiki/Uncle,approved,0.95,
ds_ziman_0183,ku-kmr,Ziman,Di kurmancî de ji bo kurê apê mirov kîjan peyv tê bikaranîn?,Xwarza,Birazî,Pismam,Kurmet,C,"'Pismam' ji bo kurê apê mirov (birayê bav) tê bikaranîn. 'Xwarza' ji bo kurê xwişkê ye, 'birazî' jî ji bo kurê bira an xwişka mirov e.",2,verified,https://en.wikipedia.org/wiki/Cousin,approved,0.95,
ds_ziman_0185,ku-kmr,Ziman,Di kurmancî de ji bo jina xalê mirov kîjan peyv tê bikaranîn?,Xalojin,Apjin,Dapîr,Xatûn,A,"'Xalojin' ji bo jina xalê mirov tê gotin. 'Apjin' ji bo jina apê mirov e, 'dapîr' ji bo dayika bav an dayikê ye.",2,verified,https://en.wikipedia.org/wiki/Aunt,approved,0.95,
ds_ziman_1187,ku-kmr,Ziman,Di kurmancî de ji bo kurê kurê mirov kîjan peyv tê bikaranîn?,Birazî,Xwarza,Nevî,Pismam,C,"'Nevî' ji bo kurê kurê mirov an jî kurê keça mirov tê bikaranîn. 'Birazî' ji bo kurê bira an xwişkê ye, 'xwarza' jî ji bo kurê xwişkê ye.",1,verified,https://en.wikipedia.org/wiki/Grandchild,approved,0.95,
ds_ziman_0189,ku-kmr,Ziman,Di kurmancî de ji bo birayê bavê mirov kîjan peyv tê bikaranîn?,Ap,Xal,Bav,Bira,A,"'Ap' di kurmancî de ji bo birayê bavê mirov tê gotin. 'Xal' ji bo birayê dayikê ye, 'bav' ji bo bavê mirov e, 'bira' jî ji bo birayê mirov e.",1,verified,https://en.wikipedia.org/wiki/Uncle,approved,0.95,
ds_ziman_1191,ku-kmr,Ziman,Di kurmancî de ji bo kurê xalê mirov kîjan peyv tê bikaranîn?,Xwarza,Pismam,Kurmet,Birazî,C,"'Kurmet' ji bo kurê xalê mirov an jî kurê xalojinê tê bikaranîn. 'Xwarza' ji bo kurê xwişkê ye, 'pismam' jî ji bo kurê apê ye.",2,verified,https://en.wikipedia.org/wiki/Cousin,approved,0.95,
ds_ziman_1193,ku-kmr,Ziman,Di kurmancî de ji bo zarokên bira û xwişkan kîjan peyv tê bikaranîn?,Birazî,Nevî,Xwarzê,Kurmet,A,"'Birazî' ji bo kurê bira an xwişka mirov tê bikaranîn. 'Nevî' ji bo zarokên kur û keça mirov e, 'xwarzê' jî bi taybetî ji bo keça xwişkê ye.",2,verified,https://en.wikipedia.org/wiki/Nephew,approved,0.95,
ds_ziman_0195,ku-kmr,Ziman,Di kurmancî de ji bo jina kurê mirov kîjan peyv tê bikaranîn?,Zava,Xatûn,Bûk,Dapîr,C,"'Bûk' ji bo jina kurê mirov tê gotin. 'Zava' ji bo mêrê keça mirov e, 'xatûn' jî ji bo jina bi hurmet e.",1,verified,https://en.wikipedia.org/wiki/Daughter-in-law,approved,0.95,
ds_ziman_0197,ku-kmr,Ziman,Di kurmancî de ji bo zarokên pismam û keçmetan kîjan peyv tê bikaranîn?,Xwarzê,Nevî,Birazî,Kurmet,A,"'Xwarzê' di kurmancî de ji bo keça xwişkê tê bikaranîn, lê di hin devokan de ji bo zarokên pismam û keçmetan jî tê bikaranîn. 'Nevî' ji bo zarokên kur û keça mirov e.",3,verified,https://en.wikipedia.org/wiki/Cousin,approved,0.95,
ds_ziman_0199,ku-kmr,Ziman,Di kurmancî de ji bo hemû endamên malbatê kîjan peyv tê bikaranîn?,Eşîr,Hoz,Malbat,Qebîle,C,"'Malbat' ji bo malbata nêzîk, ango dê, bav û zarokan tê bikaranîn. 'Eşîr', 'hoz' û 'qebîle' ji bo komên mezintir ên civakî ne, ne ji bo malbata nêzîk.",1,verified,https://en.wikipedia.org/wiki/Family,approved,0.95,
ds_ziman_0200,ku-kmr,Ziman,Di kurmancî de ji bo tiştekî ku pir mezin e kîjan rengdêr tê bikaranîn?,biçûk,dirêj,kurt,mezin,D,"Rengdêra 'mezin' di kurmancî de ji bo tiştên bi pîvana bilind tê bikaranîn. 'Biçûk' dijberê wê ye, 'dirêj' û 'kurt' jî ji bo dirêjahiyê ne.",1,verified,https://en.wikipedia.org/wiki/Kurdish_language,approved,0.95,
ds_ziman_0201,ku-kmr,Ziman,Kîjan peyva kurmancî ji bo rengê reş tê bikaranîn?,reş,spî,sor,zer,A,"Di kurmancî de rengê reş bi peyva 'reş' tê binavkirin. 'Spî', 'sor' û 'zer' jî rengên din in.",1,verified,https://en.wikipedia.org/wiki/Kurdish_language,approved,0.95,
ds_ziman_0202,ku-kmr,Ziman,Di kurmancî de ji bo kesekî ku zanîn û pisporiya wî zêde ye kîjan rengdêr tê bikaranîn?,nezan,fehim,xwendevan,zanistvan,B,"Rengdêra 'fehim' di kurmancî de ji bo kesên têgihiştî û zana tê bikaranîn. 'Nezan' dijberê wê ye, 'xwendevan' û 'zanistvan' jî navdêr in.",2,verified,https://en.wikipedia.org/wiki/Kurdish_language,approved,0.95,
ds_ziman_0203,ku-kmr,Ziman,Kîjan hevok di kurmancî de rengdêra 'xweşik' bi awayê rast bi kar tîne?,Ev keçik xweşik in.,Ev keçik xweşik im.,Ev keçik xweşik e.,Ev keçik xweşik î.,C,"Di kurmancî de rengdêr bi navdêrê re li hev dikin. Ji bo yekjimar a mê, 'xweşik e' rast e. 'Î' ji bo tu yî, 'im' ji bo ez im, 'in' jî ji bo pirjimar e.",2,verified,https://en.wikipedia.org/wiki/Kurdish_language,approved,0.95,
ds_ziman_0204,ku-kmr,Ziman,Di kurmancî de ji bo tiştekî ku giranîya wî zêde ye kîjan rengdêr tê bikaranîn?,sivik,zirav,stûr,giran,D,"Rengdêra 'giran' di kurmancî de ji bo tiştên bi giranîya zêde tê bikaranîn. 'Sivik' dijberê wê ye, 'zirav' û 'stûr' jî ji bo qalindbûnê ne.",1,verified,https://en.wikipedia.org/wiki/Kurdish_language,approved,0.95,
ds_ziman_0205,ku-kmr,Ziman,Kîjan peyva kurmancî ji bo rengê kesk tê bikaranîn?,kesk,şîn,mor,qehweyî,A,"Di kurmancî de rengê kesk bi peyva 'kesk' tê binavkirin. 'Şîn', 'mor' û 'qehweyî' jî rengên din in.",1,verified,https://en.wikipedia.org/wiki/Kurdish_language,approved,0.95,
ds_ziman_0206,ku-kmr,Ziman,Di kurmancî de ji bo kesekî ku bi lez tevdigere kîjan rengdêr tê bikaranîn?,hêdî,lezgîn,tembel,xwerû,B,"Rengdêra 'lezgîn' di kurmancî de ji bo kesên bi lez û bez tê bikaranîn. 'Hêdî' û 'tembel' dijberên wê ne, 'xwerû' jî wateyeke din e.",2,verified,https://en.wikipedia.org/wiki/Kurdish_language,approved,0.95,
ds_ziman_0207,ku-kmr,Ziman,Kîjan hevok di kurmancî de rengdêra 'bilind' bi awayê rast bi kar tîne?,Ev çiya bilind in.,Ev çiya bilind im.,Ev çiya bilind e.,Ev çiya bilind î.,C,"Di kurmancî de rengdêr bi navdêrê re li hev dikin. Ji bo yekjimar a nêr, 'bilind e' rast e. 'Î' ji bo tu yî, 'im' ji bo ez im, 'in' jî ji bo pirjimar e.",2,verified,https://en.wikipedia.org/wiki/Kurdish_language,approved,0.95,
ds_ziman_0208,ku-kmr,Ziman,Di kurmancî de ji bo tiştekî ku dirêjahîya wî kêm e kîjan rengdêr tê bikaranîn?,dirêj,fireh,teng,kurt,D,"Rengdêra 'kurt' di kurmancî de ji bo tiştên bi dirêjahîya kêm tê bikaranîn. 'Dirêj' dijberê wê ye, 'fireh' û 'teng' jî ji bo firehiyê ne.",1,verified,https://en.wikipedia.org/wiki/Kurdish_language,approved,0.95,
ds_ziman_0209,ku-kmr,Ziman,Kîjan peyva kurmancî ji bo rengê sor tê bikaranîn?,sor,kesk,reş,spî,A,"Di kurmancî de rengê sor bi peyva 'sor' tê binavkirin. 'Kesk', 'reş' û 'spî' jî rengên din in.",1,verified,https://en.wikipedia.org/wiki/Kurdish_language,approved,0.95,
ds_ziman_0210,ku-kmr,Ziman,Di kurmancî de ji bo kesekî ku zanîn û pisporiya wî kêm e kîjan rengdêr tê bikaranîn?,fehim,nezan,xwendevan,zanistvan,B,"Rengdêra 'nezan' di kurmancî de ji bo kesên bêzanîn tê bikaranîn. 'Fehim' dijberê wê ye, 'xwendevan' û 'zanistvan' jî navdêr in.",2,verified,https://en.wikipedia.org/wiki/Kurdish_language,approved,0.95,
ds_ziman_0211,ku-kmr,Ziman,Kîjan hevok di kurmancî de rengdêra 'nû' bi awayê rast bi kar tîne?,Ev pirtûk nû ne.,Ev pirtûk nû me.,Ev pirtûk nû ye.,Ev pirtûk nû yî.,C,"Di kurmancî de rengdêr bi navdêrê re li hev dikin. Ji bo yekjimar, 'nû ye' rast e. 'Yî' ji bo tu yî, 'me' ji bo ez im, 'ne' jî ji bo pirjimar e.",2,verified,https://en.wikipedia.org/wiki/Kurdish_language,approved,0.95,
ds_ziman_0212,ku-kmr,Ziman,Di kurmancî de ji bo tiştekî ku firehiya wî zêde ye kîjan rengdêr tê bikaranîn?,teng,kurt,dirêj,fireh,D,"Rengdêra 'fireh' di kurmancî de ji bo tiştên bi firehiya zêde tê bikaranîn. 'Teng' dijberê wê ye, 'kurt' û 'dirêj' jî ji bo dirêjahiyê ne.",1,verified,https://en.wikipedia.org/wiki/Kurdish_language,approved,0.95,
ds_ziman_0213,ku-kmr,Ziman,Kîjan peyva kurmancî ji bo rengê şîn tê bikaranîn?,şîn,kesk,zer,mor,A,"Di kurmancî de rengê şîn bi peyva 'şîn' tê binavkirin. 'Kesk', 'zer' û 'mor' jî rengên din in.",1,verified,https://en.wikipedia.org/wiki/Kurdish_language,approved,0.95,
ds_ziman_0214,ku-kmr,Ziman,Di kurmancî de ji bo kesekî ku bi hêdîka tevdigere kîjan rengdêr tê bikaranîn?,lezgîn,hêdî,çist,zîrek,B,"Rengdêra 'hêdî' di kurmancî de ji bo kesên bi leza kêm tê bikaranîn. 'Lezgîn' û 'çist' dijberên wê ne, 'zîrek' jî wateyeke din e.",2,verified,https://en.wikipedia.org/wiki/Kurdish_language,approved,0.95,
ds_ziman_0216,ku-kmr,Ziman,Di kurmancî de ji bo tiştekî ku qalindbûna wî zêde ye kîjan rengdêr tê bikaranîn?,zirav,teng,fireh,stûr,D,"Rengdêra 'stûr' di kurmancî de ji bo tiştên bi qalindbûna zêde tê bikaranîn. 'Zirav' dijberê wê ye, 'teng' û 'fireh' jî ji bo firehiyê ne.",1,verified,https://en.wikipedia.org/wiki/Kurdish_language,approved,0.95,
ds_ziman_0217,ku-kmr,Ziman,Kîjan peyva kurmancî ji bo rengê spî tê bikaranîn?,spî,reş,sor,kesk,A,"Di kurmancî de rengê spî bi peyva 'spî' tê binavkirin. 'Reş', 'sor' û 'kesk' jî rengên din in.",1,verified,https://en.wikipedia.org/wiki/Kurdish_language,approved,0.95,
ds_ziman_0220,ku-kmr,Ziman,Di kurmancî de ji bo tiştekî ku ziravbûna wî zêde ye kîjan rengdêr tê bikaranîn?,stûr,fireh,teng,zirav,D,"Rengdêra 'zirav' di kurmancî de ji bo tiştên bi qalindbûna kêm tê bikaranîn. 'Stûr' dijberê wê ye, 'fireh' û 'teng' jî ji bo firehiyê ne.",1,verified,https://en.wikipedia.org/wiki/Kurdish_language,approved,0.95,
ds_ziman_0221,ku-kmr,Ziman,Kîjan peyva kurmancî ji bo rengê zer tê bikaranîn?,zer,sor,şîn,kesk,A,"Di kurmancî de rengê zer bi peyva 'zer' tê binavkirin. 'Sor', 'şîn' û 'kesk' jî rengên din in.",1,verified,https://en.wikipedia.org/wiki/Kurdish_language,approved,0.95,
ds_ziman_0222,ku-kmr,Ziman,Di kurmancî de ji bo kesekî ku bi zanebûn û hişmendî tevdigere kîjan rengdêr tê bikaranîn?,xwerû,zîrek,tembel,hêdî,B,"Rengdêra 'zîrek' di kurmancî de ji bo kesên hişmend û çalak tê bikaranîn. 'Tembel' û 'hêdî' dijberên wê ne, 'xwerû' jî wateyeke din e.",2,verified,https://en.wikipedia.org/wiki/Kurdish_language,approved,0.95,
ds_ziman_0224,ku-kmr,Ziman,Di kurmancî de ji bo tiştekî ku tengasiya wî zêde ye kîjan rengdêr tê bikaranîn?,fireh,dirêj,kurt,teng,D,"Rengdêra 'teng' di kurmancî de ji bo tiştên bi firehiya kêm tê bikaranîn. 'Fireh' dijberê wê ye, 'dirêj' û 'kurt' jî ji bo dirêjahiyê ne.",1,verified,https://en.wikipedia.org/wiki/Kurdish_language,approved,0.95,
ds_ziman_0225,ku-kmr,Ziman,Di alfabeya kurmancî de kîjan tîp ji alfabeya latînî ya standard nayê?,W,Q,X,Î,A,"Di alfabeya kurmancî de tîpa W heye û dengê xwe yê taybet dide, lê di alfabeya latînî ya standard a îngilîzî de W kêm tê bikaranîn. Q, X û Î jî di kurmancî de hene, lê Î tîpeke kurmancî ya taybet e.",1,verified,https://en.wikipedia.org/wiki/Kurdish_alphabets,approved,0.95,
ds_ziman_1226,ku-kmr,Ziman,Di kurmancî de kîjan tîp dengê 'u' yê kurt nîşan dide?,Û,U,O,E,B,"Di alfabeya kurmancî de tîpa U dengê 'u' yê kurt nîşan dide, wek di peyva 'gul' de. Tîpa Û dengê 'û' yê dirêj nîşan dide, wek di peyva 'rû' de. O û E jî dengên cuda ne.",1,verified,https://en.wikipedia.org/wiki/Kurdish_alphabets,approved,0.95,
ds_ziman_1227,ku-kmr,Ziman,Kîjan peyva kurmancî bi tîpa 'X' dest pê dike?,Kur,Gul,Xanî,Zar,C,"Peyva 'xanî' bi tîpa X dest pê dike, ku dengê xwe yê hûtî yê kurmancî ye. 'Kur', 'gul' û 'zar' bi tîpên K, G û Z dest pê dikin.",1,verified,https://en.wikipedia.org/wiki/Kurdish_alphabets,approved,0.95,
ds_ziman_1228,ku-kmr,Ziman,Di kurmancî de kîjan tîp ji bo dengê 'ç' yê nerm tê bikaranîn?,C,Ş,J,Ç,D,"Tîpa Ç di kurmancî de dengê 'ç' yê nerm nîşan dide, wek di peyva 'çem' de. Tîpa C dengê 'c' yê nerm nîşan dide, wek di peyva 'cîran' de. Ş û J jî dengên cuda ne.",1,verified,https://en.wikipedia.org/wiki/Kurdish_alphabets,approved,0.95,
ds_ziman_1229,ku-kmr,Ziman,Di kurmancî de kîjan tîp ji bo dengê 'ş' tê bikaranîn?,Ş,S,Z,H,A,"Tîpa Ş di kurmancî de dengê 'ş' nîşan dide, wek di peyva 'şev' de. Tîpa S dengê 's' yê nerm nîşan dide, wek di peyva 'sor' de. Z û H jî dengên cuda ne.",1,verified,https://en.wikipedia.org/wiki/Kurdish_alphabets,approved,0.95,
ds_ziman_1230,ku-kmr,Ziman,Di kurmancî de kîjan tîp ji bo dengê 'j' yê nerm tê bikaranîn?,C,J,Ç,Z,B,"Tîpa J di kurmancî de dengê 'j' yê nerm nîşan dide, wek di peyva 'roj' de. Tîpa C dengê 'c' yê nerm nîşan dide, wek di peyva 'cîran' de. Ç û Z jî dengên cuda ne.",1,verified,https://en.wikipedia.org/wiki/Kurdish_alphabets,approved,0.95,
ds_ziman_1231,ku-kmr,Ziman,Di kurmancî de kîjan tîp ji bo dengê 'q' yê hûtî tê bikaranîn?,K,G,Q,X,C,"Tîpa Q di kurmancî de dengê 'q' yê hûtî nîşan dide, wek di peyva 'qelem' de. Tîpa K dengê 'k' yê nerm nîşan dide, wek di peyva 'ker' de. G û X jî dengên cuda ne.",1,verified,https://en.wikipedia.org/wiki/Kurdish_alphabets,approved,0.95,
ds_ziman_1232,ku-kmr,Ziman,Di kurmancî de kîjan tîp ji bo dengê 'x' yê hûtî tê bikaranîn?,H,Q,K,X,D,"Tîpa X di kurmancî de dengê 'x' yê hûtî nîşan dide, wek di peyva 'xanî' de. Tîpa H dengê 'h' yê nerm nîşan dide, wek di peyva 'hev' de. Q û K jî dengên cuda ne.",1,verified,https://en.wikipedia.org/wiki/Kurdish_alphabets,approved,0.95,
ds_ziman_1233,ku-kmr,Ziman,Di kurmancî de kîjan tîp ji bo dengê 'î' yê dirêj tê bikaranîn?,Î,I,U,Ê,A,"Tîpa Î di kurmancî de dengê 'î' yê dirêj nîşan dide, wek di peyva 'rî' de. Tîpa I di kurmancî de nîne. U û Ê jî dengên cuda ne.",1,verified,https://en.wikipedia.org/wiki/Kurdish_alphabets,approved,0.95,
ds_ziman_1234,ku-kmr,Ziman,Di kurmancî de kîjan tîp ji bo dengê 'ê' yê dirêj tê bikaranîn?,E,Ê,Î,A,B,"Tîpa Ê di kurmancî de dengê 'ê' yê dirêj nîşan dide, wek di peyva 'rê' de. Tîpa E dengê 'e' yê kurt nîşan dide, wek di peyva 'ev' de. Î û A jî dengên cuda ne.",1,verified,https://en.wikipedia.org/wiki/Kurdish_alphabets,approved,0.95,
ds_ziman_0235,ku-kmr,Ziman,Di kurmancî de kîjan tîp ji bo dengê 'û' yê dirêj tê bikaranîn?,U,O,Û,Ê,C,"Tîpa Û di kurmancî de dengê 'û' yê dirêj nîşan dide, wek di peyva 'rû' de. Tîpa U dengê 'u' yê kurt nîşan dide, wek di peyva 'gul' de. O û Ê jî dengên cuda ne.",1,verified,https://en.wikipedia.org/wiki/Kurdish_alphabets,approved,0.95,
ds_ziman_1238,ku-kmr,Ziman,Di kurmancî de kîjan tîp ji bo dengê 'e' yê kurt tê bikaranîn?,A,E,Ê,Î,B,"Tîpa E di kurmancî de dengê 'e' yê kurt nîşan dide, wek di peyva 'ev' de. Tîpa A dengê 'a' yê dirêj nîşan dide, wek di peyva 'av' de. Ê û Î jî dengên dirêj in.",1,verified,https://en.wikipedia.org/wiki/Kurdish_alphabets,approved,0.95,
ds_ziman_0239,ku-kmr,Ziman,Di kurmancî de kîjan tîp ji bo dengê 'i' yê kurt tê bikaranîn?,Î,U,I,E,C,"Di alfabeya kurmancî de tîpa I nîne, lê di hin devokan de dengê 'i' yê kurt bi tîpa Î tê nîşandan. Di kurmancî ya standard de tîpa Î hem dengê kurt û hem jî dirêj nîşan dide.",1,verified,https://en.wikipedia.org/wiki/Kurdish_alphabets,approved,0.95,
ds_ziman_0241,ku-kmr,Ziman,Di kurmancî de kîjan tîp ji bo dengê 'b' yê nerm tê bikaranîn?,B,P,V,F,A,"Tîpa B di kurmancî de dengê 'b' yê nerm nîşan dide, wek di peyva 'bav' de. Tîpa P dengê 'p' yê hûtî nîşan dide, wek di peyva 'pê' de. V û F jî dengên cuda ne.",1,verified,https://en.wikipedia.org/wiki/Kurdish_alphabets,approved,0.95,
ds_ziman_1242,ku-kmr,Ziman,Di kurmancî de kîjan tîp ji bo dengê 'p' yê hûtî tê bikaranîn?,B,P,T,D,B,"Tîpa P di kurmancî de dengê 'p' yê hûtî nîşan dide, wek di peyva 'pê' de. Tîpa B dengê 'b' yê nerm nîşan dide, wek di peyva 'bav' de. T û D jî dengên cuda ne.",1,verified,https://en.wikipedia.org/wiki/Kurdish_alphabets,approved,0.95,
ds_ziman_0250,ku-kmr,Ziman,"Di kurmancî de gotina ""destê xwe avêtin"" bi wateya xwe ya mecazî çi ye?",destê xwe şuştin,tiştekî qezenc kirin,dest pê kirin,xwe avêtin erdê,B,"Di kurmancî de ""destê xwe avêtin"" bi wateya mecazî tê wateya qezenc kirin an jî bi dest xistin. Ev gotin bi wateya rastîn a avêtina destê xwe re têkildar nîne.",2,verified,https://en.wikipedia.org/wiki/Kurdish_grammar,approved,0.95,
ds_ziman_0251,ku-kmr,Ziman,"Kîjan gotina kurmancî ji bo ""hemdê xwe pê anîn"" bi wateya ""pesnê xwe dan"" tê bikaranîn?",xwe bi xwe kirin,xwe bi xwe anîn,xwe bi xwe pesn dan,xwe bi xwe girtin,C,"Gotina ""hemdê xwe pê anîn"" di kurmancî de tê wateya pesnê xwe dan an jî xwe bi xwe pesn dan. Ev gotin bi wateya rastîn a anîna tiştekî re têkildar nîne.",3,verified,https://en.wikipedia.org/wiki/Kurdish_language,approved,0.95,
ds_ziman_0252,ku-kmr,Ziman,"Di kurmancî de ""serê xwe xwarin"" ji bo kîjan rewşê tê bikaranîn?",ji bo xewê,ji bo xwarinê,ji bo xebatê,ji bo ramanê,D,"""Serê xwe xwarin"" di kurmancî de bi wateya raman û fikirînê tê bikaranîn. Mirov dema ku difikire, serê xwe dixwe an jî xwe dide ramanê.",2,verified,https://en.wikipedia.org/wiki/Kurdish_language,approved,0.95,
ds_ziman_0253,ku-kmr,Ziman,"Gotina ""agir berdan"" di kurmancî de bi wateya xwe ya mecazî çi ye?",agir vêxistin,agir temirandin,agir pêxistin,agir hilgirtin,A,"""Agir berdan"" di kurmancî de bi wateya mecazî tê wateya agir vêxistin an jî agir pêxistin. Ev gotin bi wateya rastîn a berdanê re têkildar nîne.",2,verified,https://en.wikipedia.org/wiki/Kurdish_language,approved,0.95,
ds_ziman_0254,ku-kmr,Ziman,"Di kurmancî de ""destê xwe ji tiştekî kişandin"" bi wateya çi ye?",wê tiştî bi dest xistin,wê tiştî berdan,wê tiştî girtin,wê tiştî vekirin,B,"""Destê xwe ji tiştekî kişandin"" di kurmancî de tê wateya berdan an jî dev jê berdan. Ev gotin bi wateya rastîn a kişandina destê xwe re têkildar nîne.",2,verified,https://en.wikipedia.org/wiki/Kurdish_language,approved,0.95,
ds_ziman_0255,ku-kmr,Ziman,"Kîjan gotina kurmancî ji bo ""xwe li kar kirin"" bi wateya ""xwe amade kirin"" tê bikaranîn?",xwe li kar anîn,xwe li kar girtin,xwe li kar kirin,xwe li kar dan,C,"""Xwe li kar kirin"" di kurmancî de tê wateya xwe amade kirin an jî xwe hazir kirin. Ev gotin bi wateya rastîn a kirina karekî re têkildar nîne.",3,verified,https://en.wikipedia.org/wiki/Kurdish_language,approved,0.95,
ds_ziman_0256,ku-kmr,Ziman,"Di kurmancî de ""çavên xwe vekirin"" bi wateya xwe ya mecazî çi ye?",xewê ji xwe re anîn,tiştekî nû dîtin,girîn,hişyar bûn,D,"""Çavên xwe vekirin"" di kurmancî de bi wateya mecazî tê wateya hişyar bûn an jî baldar bûn. Ev gotin bi wateya rastîn a vekirina çavan re têkildar nîne.",2,verified,https://en.wikipedia.org/wiki/Kurdish_language,approved,0.95,
ds_ziman_0257,ku-kmr,Ziman,"Gotina ""xwe avêtin ber bayî"" di kurmancî de ji bo kîjan rewşê tê bikaranîn?",ji bo xwe spartina qederê,ji bo bazdanê,ji bo revê,ji bo xwe veşartinê,A,"""Xwe avêtin ber bayî"" di kurmancî de tê wateya xwe spartina qederê an jî xwe berdan ser çarenivîsê. Ev gotin bi wateya rastîn a avêtina xwe re têkildar nîne.",3,verified,https://en.wikipedia.org/wiki/Kurdish_language,approved,0.95,
ds_ziman_0258,ku-kmr,Ziman,"Di kurmancî de ""serê xwe li keviran xistin"" bi wateya çi ye?",ji bo tiştekî pir girîn,ji bo tiştekî pir xebitîn,ji bo tiştekî pir kenîn,ji bo tiştekî pir razan,B,"""Serê xwe li keviran xistin"" di kurmancî de tê wateya ji bo tiştekî pir xebitîn an jî zehmet kişandin. Ev gotin bi wateya rastîn a xistina serê xwe re têkildar nîne.",3,verified,https://en.wikipedia.org/wiki/Kurdish_language,approved,0.95,
ds_ziman_0259,ku-kmr,Ziman,"Kîjan gotina kurmancî ji bo ""xwe ji dest dan"" bi wateya ""xwe winda kirin"" tê bikaranîn?",xwe ji dest girtin,xwe ji dest anîn,xwe ji dest dan,xwe ji dest kirin,C,"""Xwe ji dest dan"" di kurmancî de tê wateya xwe winda kirin an jî xwe kontrol nekirin. Ev gotin bi wateya rastîn a dana tiştekî re têkildar nîne.",2,verified,https://en.wikipedia.org/wiki/Kurdish_language,approved,0.95,
ds_ziman_0260,ku-kmr,Ziman,"Di kurmancî de ""gotinên xwe dan hev"" bi wateya çi ye?",gotinên xwe dubare kirin,gotinên xwe jibîr kirin,gotinên xwe biguherandin,gotinên xwe bi cih anîn,D,"""Gotinên xwe dan hev"" di kurmancî de tê wateya gotinên xwe bi cih anîn an jî wekî ku gotî kirin. Ev gotin bi wateya rastîn a dana gotinan re têkildar nîne.",3,verified,https://en.wikipedia.org/wiki/Kurdish_language,approved,0.95,
ds_ziman_0261,ku-kmr,Ziman,"Gotina ""xwe li ser lingan sekinandin"" di kurmancî de ji bo kîjan rewşê tê bikaranîn?",ji bo xwe amade kirin,ji bo xwe veşartin,ji bo xwe nîşan dan,ji bo xwe parastin,A,"""Xwe li ser lingan sekinandin"" di kurmancî de tê wateya xwe amade kirin an jî xwe hazir kirin. Ev gotin bi wateya rastîn a sekinandinê re têkildar nîne.",3,verified,https://en.wikipedia.org/wiki/Kurdish_language,approved,0.95,
ds_ziman_0265,ku-kmr,Ziman,"Gotina ""xwe li ber xwe girtin"" di kurmancî de ji bo kîjan rewşê tê bikaranîn?",ji bo xwe kontrol kirin,ji bo xwe azad kirin,ji bo xwe veşartin,ji bo xwe nîşan dan,A,"""Xwe li ber xwe girtin"" di kurmancî de tê wateya xwe kontrol kirin an jî xwe ragirtin. Ev gotin bi wateya rastîn a girtina xwe re têkildar nîne.",2,verified,https://en.wikipedia.org/wiki/Kurdish_language,approved,0.95,
ds_ziman_0266,ku-kmr,Ziman,"Di kurmancî de ""devê xwe vekirin"" bi wateya xwe ya mecazî çi ye?",xwarin xwarin,axaftin,kenîn,girîn,B,"""Devê xwe vekirin"" di kurmancî de bi wateya mecazî tê wateya axaftin an jî dest bi axaftinê kirin. Ev gotin bi wateya rastîn a vekirina devê xwe re têkildar nîne.",1,verified,https://en.wikipedia.org/wiki/Kurdish_language,approved,0.95,
ds_ziman_0272,ku-kmr,Ziman,"Di kurmancî de ""devê xwe girtin"" bi wateya xwe ya mecazî çi ye?",axaftin,kenîn,girîn,bêdeng bûn,D,"""Devê xwe girtin"" di kurmancî de bi wateya mecazî tê wateya bêdeng bûn an jî neaxaftin. Ev gotin bi wateya rastîn a girtina devê xwe re têkildar nîne.",1,verified,https://en.wikipedia.org/wiki/Kurdish_language,approved,0.95,
ds_ziman_0275,ku-kmr,Ziman,Di kurmancî de ji bo pirsîna tiştekî kîjan peyva pirsyariyê tê bikaranîn?,Kî,Kengî,Çi,Li kû,C,"Di kurmancî de 'çi' ji bo tişt û mijaran tê bikaranîn. 'Kî' ji bo kesan, 'kengî' ji bo demê û 'li kû' ji bo cihî tê bikaranîn.",1,verified,https://en.wikipedia.org/wiki/Kurdish_language,approved,0.95,
ds_ziman_0276,ku-kmr,Ziman,Kîjan hevok di kurmancî de bi awayê neyînî hatiye nivîsîn?,Ez diçim malê,Ez diçim dibistanê,Ez diçim bazarê,Ez naçim malê,D,"Di kurmancî de neyînî bi pêşgira 'na-' ya ku li lêkerê tê zêdekirin tê çêkirin. 'Naçim' ji 'diçim' tê, û ev hevok neyînî ye.",1,verified,https://en.wikipedia.org/wiki/Kurdish_language,approved,0.95,
ds_ziman_0277,ku-kmr,Ziman,Di kurmancî de ji bo pirsîna kesekî kîjan peyva pirsyariyê tê bikaranîn?,Kî,Çi,Çima,Kengî,A,"Peyva 'kî' di kurmancî de ji bo pirsîna kesan tê bikaranîn. 'Çi' ji bo tiştan, 'çima' ji bo sedemê û 'kengî' ji bo demê tê bikaranîn.",1,verified,https://en.wikipedia.org/wiki/Kurdish_language,approved,0.95,
ds_ziman_0278,ku-kmr,Ziman,Kîjan hevok di kurmancî de bi awayê erênî hatiye nivîsîn?,Ew naçe bajêr,Ew diçe bajêr,Ew naçe malê,Ew naçe dibistanê,B,Hevoka 'ew diçe bajêr' bi awayê erênî ye ji ber ku lêkera 'diçe' bi awayê erênî hatiye bikaranîn. Yên din bi pêşgira 'na-' neyînî ne.,1,verified,https://en.wikipedia.org/wiki/Kurdish_language,approved,0.95,
ds_ziman_0279,ku-kmr,Ziman,Di kurmancî de ji bo pirsîna demê kîjan peyva pirsyariyê tê bikaranîn?,Çi,Kî,Kengî,Li kû,C,"Peyva 'kengî' di kurmancî de ji bo pirsîna demê tê bikaranîn. 'Çi' ji bo tiştan, 'kî' ji bo kesan û 'li kû' ji bo cihî tê bikaranîn.",1,verified,https://en.wikipedia.org/wiki/Kurdish_language,approved,0.95,
ds_ziman_0280,ku-kmr,Ziman,Di kurmancî de ji bo pirsîna cihî kîjan peyva pirsyariyê tê bikaranîn?,Çi,Kî,Kengî,Li kû,D,"Peyva 'li kû' di kurmancî de ji bo pirsîna cihî tê bikaranîn. 'Çi' ji bo tiştan, 'kî' ji bo kesan û 'kengî' ji bo demê tê bikaranîn.",1,verified,https://en.wikipedia.org/wiki/Kurdish_language,approved,0.95,
ds_ziman_0282,ku-kmr,Ziman,Di kurmancî de ji bo pirsîna sedemê kîjan peyva pirsyariyê tê bikaranîn?,Çi,Çima,Kî,Kengî,B,"Peyva 'çima' di kurmancî de ji bo pirsîna sedemê tê bikaranîn. 'Çi' ji bo tiştan, 'kî' ji bo kesan û 'kengî' ji bo demê tê bikaranîn.",1,verified,https://en.wikipedia.org/wiki/Kurdish_language,approved,0.95,
ds_ziman_0284,ku-kmr,Ziman,Di kurmancî de ji bo pirsîna awayê tiştekî kîjan peyva pirsyariyê tê bikaranîn?,Çi,Kî,Kengî,Çawa,D,"Peyva 'çawa' di kurmancî de ji bo pirsîna awayê tiştekî tê bikaranîn. 'Çi' ji bo tiştan, 'kî' ji bo kesan û 'kengî' ji bo demê tê bikaranîn.",1,verified,https://en.wikipedia.org/wiki/Kurdish_language,approved,0.95,
ds_ziman_0286,ku-kmr,Ziman,Di kurmancî de ji bo pirsîna hejmarekê kîjan peyva pirsyariyê tê bikaranîn?,Çi,Çend,Kî,Kengî,B,"Peyva 'çend' di kurmancî de ji bo pirsîna hejmar û mîqdarê tê bikaranîn. 'Çi' ji bo tiştan, 'kî' ji bo kesan û 'kengî' ji bo demê tê bikaranîn.",1,verified,https://en.wikipedia.org/wiki/Kurdish_language,approved,0.95,
ds_ziman_0288,ku-kmr,Ziman,Di kurmancî de ji bo pirsîna xwedîtiyê kîjan peyva pirsyariyê tê bikaranîn?,Çi,Kî,Kengî,Yê kî,D,"Peyva 'yê kî' di kurmancî de ji bo pirsîna xwedîtiyê tê bikaranîn. 'Çi' ji bo tiştan, 'kî' ji bo kesan û 'kengî' ji bo demê tê bikaranîn.",2,verified,https://en.wikipedia.org/wiki/Kurdish_language,approved,0.95,
ds_ziman_0290,ku-kmr,Ziman,Di kurmancî de ji bo pirsîna tiştekî di nav çend tiştan de kîjan peyva pirsyariyê tê bikaranîn?,Çi,Kîjan,Kî,Kengî,B,"Peyva 'kîjan' di kurmancî de ji bo pirsîna tiştekî di nav çend tiştan de tê bikaranîn. 'Çi' ji bo tiştan, 'kî' ji bo kesan û 'kengî' ji bo demê tê bikaranîn.",1,verified,https://en.wikipedia.org/wiki/Kurdish_language,approved,0.95,
ds_ziman_0292,ku-kmr,Ziman,Di kurmancî de ji bo pirsîna dema borî kîjan peyva pirsyariyê tê bikaranîn?,Çi,Kî,Çima,Kengî,D,"Peyva 'kengî' di kurmancî de ji bo pirsîna demê tê bikaranîn, û dema borî jî di nav de ye. 'Çi' ji bo tiştan, 'kî' ji bo kesan û 'çima' ji bo sedemê tê bikaranîn.",2,verified,https://en.wikipedia.org/wiki/Kurdish_language,approved,0.95,
ds_ziman_0294,ku-kmr,Ziman,Di kurmancî de ji bo pirsîna tiştekî bi awayê 'kîjan ji van' kîjan peyva pirsyariyê tê bikaranîn?,Çi,Kîjan,Kî,Kengî,B,"Peyva 'kîjan' di kurmancî de ji bo pirsîna tiştekî di nav çend tiştan de tê bikaranîn, û 'kîjan ji van' jî bi vê yekê ve girêdayî ye. 'Çi' ji bo tiştan, 'kî' ji bo kesan û 'kengî' ji bo demê tê bikaranîn.",2,verified,https://en.wikipedia.org/wiki/Kurdish_language,approved,0.95,
ds_ziman_0296,ku-kmr,Ziman,Di kurmancî de ji bo pirsîna tiştekî ku nayê zanîn kîjan peyva pirsyariyê tê bikaranîn?,Kî,Kengî,Çima,Çi,D,"Peyva 'çi' di kurmancî de ji bo pirsîna tiştekî ku nayê zanîn tê bikaranîn. 'Kî' ji bo kesan, 'kengî' ji bo demê û 'çima' ji bo sedemê tê bikaranîn.",1,verified,https://en.wikipedia.org/wiki/Kurdish_language,approved,0.95,
ds_cand_0001,ku-kmr,Çand,Newroz çima di 21'ê adarê de tê pîrozkirin?,Ji ber ku roj û şev wekhev in,Ji ber ku havîn dest pê dike,Ji ber ku zivistan dirêj dibe,Ji ber ku baran zêde dibare,A,Newroz bi ekinoksê ve girêdayî ye; di 21'ê adarê de roj û şev wekhev dibin û ev destpêka biharê ye.,1,verified,https://en.wikipedia.org/wiki/Nowruz,approved,0.95,
ds_cand_0002,ku-kmr,Çand,Di Newrozê de agir beramberî çi ye?,Xemgîniyê,Paqijî û nûbûnê,Tirsê,Bêhêvîtiyê,B,Di Newrozê de agir paqijî û nûbûnê temsîl dike; mirov bi ser agir de dikevin da ku xwe ji paqij bikin.,1,verified,https://en.wikipedia.org/wiki/Nowruz,approved,0.95,
ds_cand_0003,ku-kmr,Çand,Kîjan peyv ji bo 'agir' di Kurmancî de tê bikaranîn?,Av,Ba,Agir,Erd,C,"Peyva 'agir' di Kurmancî de ji bo 'fire' tê bikaranîn; 'av', 'ba' û 'erd' jî hêmanên din in.",1,verified,https://en.wikipedia.org/wiki/Fire,approved,0.95,
ds_cand_0004,ku-kmr,Çand,Newroz bi kîjan zimanî tê wateya 'roja nû'?,Erebî,Tirkî,Îngilîzî,Farisî,D,"Newroz ji du peyvan pêk tê: 'new' (nû) û 'roz' (roj), ku ji zimanê farisî tê.",2,verified,https://en.wikipedia.org/wiki/Nowruz,approved,0.95,
ds_cand_0005,ku-kmr,Çand,Di Newrozê de çi tê amadekirin?,Xwarinên taybet,Cilên reş,Mala vala,Derya,A,Di Newrozê de xwarinên taybet tên amadekirin û mirov bi hev re dixwin; ev beşek ji pîrozbahiyê ye.,1,verified,https://en.wikipedia.org/wiki/Nowruz,approved,0.95,
ds_cand_0006,ku-kmr,Çand,Kîjan welat Newrozê wekî betlaneya fermî pîroz dike?,Fransa,Îran,Almanya,Spanya,B,Îran Newrozê wekî betlaneya fermî pîroz dike; ev roj li wir gelek giring e.,2,verified,https://en.wikipedia.org/wiki/Nowruz,approved,0.95,
ds_cand_0007,ku-kmr,Çand,Newroz bi kê ve tê girêdan?,Eskender,Dara,Cemşîd,Zerdeşt,C,Newroz bi Cemşîd ve tê girêdan; ew di mîtolojiya farisî de padîşahekî efsanewî ye.,3,verified,https://en.wikipedia.org/wiki/Nowruz,approved,0.95,
ds_cand_1009,ku-kmr,Çand,Newroz di kîjan mehê de tê pîrozkirin?,Adar,Nîsan,Gulan,Hezîran,A,Newroz di meha adarê de tê pîrozkirin; ev meha ekinoksê ye.,1,verified,https://en.wikipedia.org/wiki/Nowruz,approved,0.95,
ds_cand_0010,ku-kmr,Çand,Kîjan peyv ji bo 'celebration' di Kurmancî de tê bikaranîn?,Şîn,Pîrozbahî,Xem,Tirs,B,Peyva 'pîrozbahî' di Kurmancî de ji bo 'celebration' tê bikaranîn; 'şîn' û 'xem' jî neyînî ne.,1,verified,https://en.wikipedia.org/wiki/Celebration,approved,0.95,
ds_cand_0011,ku-kmr,Çand,Newroz bi kîjan dînî ve tê girêdan?,Îslam,Xiristiyanî,Zerdeştî,Cihûtî,C,Newroz bi zerdeştiyê ve tê girêdan; ew ji dînê kevnar ê farisî ye.,2,verified,https://en.wikipedia.org/wiki/Nowruz,approved,0.95,
ds_cand_0012,ku-kmr,Çand,Di Newrozê de mirov çi dikin?,Di bin erdê de dimînin,Diçin deryayê,Diçin çiyayan,Ser agir de dikevin,D,Di Newrozê de mirov bi ser agir de dikevin; ev ji bo paqijiyê ye.,1,verified,https://en.wikipedia.org/wiki/Nowruz,approved,0.95,
ds_cand_0013,ku-kmr,Çand,Newroz ji bo kê ye?,Hemû mirovan,Tenê kurdan,Tenê farisan,Tenê tirkên,A,Newroz ji bo hemû mirovan e; ew pîrozbahiyeke gerdûnî ye.,1,verified,https://en.wikipedia.org/wiki/Nowruz,approved,0.95,
ds_cand_0014,ku-kmr,Çand,Kîjan peyv ji bo 'spring' di Kurmancî de tê bikaranîn?,Zivistan,Bihar,Havîn,Payîz,B,Peyva 'bihar' di Kurmancî de ji bo 'spring' tê bikaranîn; 'zivistan' û 'havîn' jî demsalên din in.,1,verified,https://en.wikipedia.org/wiki/Spring_(season),approved,0.95,
ds_cand_1015,ku-kmr,Çand,Newroz di kîjan rojê de tê pîrozkirin?,1'ê kanûnê,15'ê tebaxê,21'ê adarê,31'ê çiriya,C,Newroz di 21'ê adarê de tê pîrozkirin; ev roja ekinoksê ye.,1,verified,https://en.wikipedia.org/wiki/Nowruz,approved,0.95,
ds_cand_0016,ku-kmr,Çand,Di Newrozê de çi tê şewitandin?,Av,Ba,Erd,Agir,D,Di Newrozê de agir tê şewitandin; ev ji bo paqijiyê ye.,1,verified,https://en.wikipedia.org/wiki/Nowruz,approved,0.95,
ds_cand_0017,ku-kmr,Çand,Newroz bi kîjan zimanî ye?,Farisî,Erebî,Tirkî,Kurmancî,A,Newroz ji zimanê farisî tê; ew ji du peyvan pêk tê: 'new' û 'roz'.,2,verified,https://en.wikipedia.org/wiki/Nowruz,approved,0.95,
ds_cand_0018,ku-kmr,Çand,Di Newrozê de mirov çi li xwe dikin?,Cilên kevn,Cilên nû,Cilên reş,Cilên spî,B,Di Newrozê de mirov cilên nû li xwe dikin; ev ji bo nûbûnê ye.,1,verified,https://en.wikipedia.org/wiki/Nowruz,approved,0.95,
ds_cand_0019,ku-kmr,Çand,Newroz bi kîjan çandê ve girêdayî ye?,Çanda erebî,Çanda tirkî,Çanda farisî,Çanda îngilîzî,C,Newroz bi çanda farisî ve girêdayî ye; ew ji dînê zerdeştî tê.,2,verified,https://en.wikipedia.org/wiki/Nowruz,approved,0.95,
ds_cand_0020,ku-kmr,Çand,Di Newrozê de çi tê xwarin?,Xwarinên hişk,Xwarinên sar,Xwarinên şor,Xwarinên taybet,D,Di Newrozê de xwarinên taybet tên xwarin; ev beşek ji pîrozbahiyê ye.,1,verified,https://en.wikipedia.org/wiki/Nowruz,approved,0.95,
ds_cand_0021,ku-kmr,Çand,Newroz bi kîjan demsalê ve tê girêdan?,Biharê,Zivistanê,Havînê,Payîzê,A,Newroz bi biharê ve tê girêdan; ew destpêka biharê ye.,1,verified,https://en.wikipedia.org/wiki/Nowruz,approved,0.95,
ds_cand_0024,ku-kmr,Çand,Di Newrozê de çi tê kirin?,Şer,Xew,Kar,Dans,D,Di Newrozê de dans tê kirin; ev beşek ji pîrozbahiyê ye.,1,verified,https://en.wikipedia.org/wiki/Nowruz,approved,0.95,
ds_cand_0026,ku-kmr,Çand,"Di daweta Kurmancî de, dema ku bûk tê malê, çi li ser serê wê tê rijandin?",Av,Şekir,Xwê,Ard,B,"Di kevneşopiya kurdî de, dema bûk dikeve malê, şekir li ser serê wê tê rijandin da ku jiyana wê ya nû şîrîn be. Ev adet sembola bereket û xweşiyê ye.",1,verified,https://en.wikipedia.org/wiki/Kurdish_culture,approved,0.95,
ds_cand_0027,ku-kmr,Çand,Kîjan peyva Kurmancî ji bo 'dowry' an jî 'bride price' tê bikaranîn?,Nexş,Beras,Qelen,Kinc,C,Qelen di çanda kurdî de ew pere an jî mal e ku zava dide malbata bûkê. Ev kevneşopî hîn jî li hin deveran tê domandin û wekî sembola rêzgirtinê tê dîtin.,2,verified,https://en.wikipedia.org/wiki/Bride_price,approved,0.95,
ds_cand_1028,ku-kmr,Çand,"Di daweta kevneşopî ya kurdî de, kî govendê pêş ve dibe?",Bûk,Zava,Dengbêj,Serhatî,D,Serhatî ew kes e ku di govendê de pêşiya govendê digire û destmalê dihejîne. Ew bi gelemperî kesek jêhatî ye ku tevgera govendê baş dizane û rê nîşanî kesên din dide.,2,verified,https://en.wikipedia.org/wiki/Kurdish_dance,approved,0.95,
ds_cand_0029,ku-kmr,Çand,"Di çanda kurdî de, 'şabaş' bi gelemperî ji bo çi tê dayîn?",Nûçeyek baş,Xwarinê,Muzîkê,Zewacê,A,Şabaş di çanda kurdî de diyariyek an jî pereyek e ku ji bo nûçeyek baş an jî serketinekê tê dayîn. Mirov ji kesê ku nûçeya xweş tîne re şabaşê dide.,1,verified,https://en.wikipedia.org/wiki/Kurdish_culture,approved,0.95,
ds_cand_0031,ku-kmr,Çand,"Di daweta kurdî de, kîjan amûra muzîkê bi gelemperî tê lêxistin da ku govendê bi rê ve bibe?",Tembûr,Bilûr,Erbane,Def,C,Erbane (daf) amûreke ku bi kevneşopî di dawetan de tê lêxistin. Lêdana erbaneyê deng û rîtma govendê çêdike û atmosfera şahiyê xurt dike.,2,verified,https://en.wikipedia.org/wiki/Kurdish_music,approved,0.95,
ds_cand_0033,ku-kmr,Çand,Kîjan peyv di Kurmancî de ji bo 'wedding' tê bikaranîn?,Dawet,Cejn,Şahî,Pîroz,A,Dawet di Kurmancî de ew merasîma ku zewac tê de tê pîrozkirin e. Ev peyv bi taybetî ji bo merasîma zewacê tê bikaranîn û di çanda kurdî de cihekî girîng digire.,1,verified,https://en.wiktionary.org/wiki/dawet,approved,0.95,
ds_cand_0034,ku-kmr,Çand,"Di daweta kurdî de, dema ku bûk ji mala bavê xwe derdikeve, çi tê kirin?",Govend tê gerandin,Stran tê gotin,Dengbêj distrê,Hêstir tên rijandin,B,"Dema bûk ji mala bavê xwe derdikeve, bi kevneşopî stranên xemgîn têne gotin. Ev stranên 'şîn' an jî 'lorî' wekî sembola xatirxwestinê û hestên bûkê têne gotin.",2,verified,https://en.wikipedia.org/wiki/Kurdish_music,approved,0.95,
ds_cand_0035,ku-kmr,Çand,Kîjan peyv di Kurmancî de ji bo 'bridegroom' tê bikaranîn?,Bûk,Xesû,Zava,Bira,C,Zava di Kurmancî de ew kes e ku dizewice. Di dawetê de zava bi kincên taybet tê xemilandin û di gelek kevneşopiyan de roleke navendî dilîze.,1,verified,https://en.wiktionary.org/wiki/zava,approved,0.95,
ds_cand_0037,ku-kmr,Çand,Kîjan peyv di Kurmancî de ji bo 'celebration' an jî 'festivity' tê bikaranîn?,Şahî,Cejn,Dawet,Pîroz,A,"Şahî di Kurmancî de ew dem e ku mirov bi hev re kêfxweş dibin û cejnê dikin. Ev peyv dikare ji bo her merasîma kêfxweşiyê were bikaranîn, ne tenê ji bo dawetê.",1,verified,https://en.wiktionary.org/wiki/%C5%9Fah%C3%AE,approved,0.95,
ds_cand_0039,ku-kmr,Çand,Kîjan peyv di Kurmancî de ji bo 'dance' tê bikaranîn?,Stran,Muzîk,Govend,Def,C,Govend di Kurmancî de ew dansa kolektîf e ku di dawet û şahiyan de tê gerandin. Govend bi gelemperî bi destên hev ve girêdan û bi rîtma muzîkê tê kirin.,1,verified,https://en.wiktionary.org/wiki/govend,approved,0.95,
ds_cand_0040,ku-kmr,Çand,"Di çanda kurdî de, kîjan reng bi gelemperî di dawetê de tê bikaranîn?",Şîn,Zer,Reş,Sor,D,"Di daweta kurdî de, rengê sor bi gelemperî tê bikaranîn ji ber ku ew sembola evîn, şahî û coşê ye. Bûk bi gelemperî kincên sor li xwe dike û xemlên sor têne bikaranîn.",1,verified,https://en.wikipedia.org/wiki/Kurdish_culture,approved,0.95,
ds_cand_0044,ku-kmr,Çand,"Di çanda kurdî de, kîjan xwarin bi gelemperî di dawetan de tê servîs kirin?",Birinc,Şorbeya nîskê,Kebab,Kutilk,D,Kutilk xwarineke kurdî ya kevneşopî ye ku ji goşt û savarê tê çêkirin. Di dawetan û merasîmên mezin de kutilk bi gelemperî tê servîs kirin ji ber ku ew xwarineke giran û têrker e.,2,verified,https://en.wikipedia.org/wiki/Kurdish_cuisine,approved,0.95,
ds_cand_0046,ku-kmr,Çand,"Di daweta kurdî de, kîjan amûra muzîkê bi gelemperî ji bo stranên dengbêj tê bikaranîn?",Bilûr,Tembûr,Keman,Gîtar,B,Tembûr amûreke muzîkê ya kurdî ye ku bi gelemperî ji bo stranên dengbêj tê bikaranîn. Dengê tembûrê bi stranên dengbêj re ahengdariyek taybet çêdike.,2,verified,https://en.wikipedia.org/wiki/Tanbur,approved,0.95,
ds_cand_0050,ku-kmr,Çand,"Di daweta kurdî de, kîjan çalakî bi gelemperî piştî xwarinê tê kirin?",Xew,Govend,Stran,Axaftin,B,"Piştî xwarinê, govend bi gelemperî tê gerandin. Govend dansa kolektîf a kurdî ye ku mirov bi destên hev ve girêdidin û bi rîtma muzîkê digerin.",1,verified,https://en.wikipedia.org/wiki/Kurdish_dance,approved,0.95,
ds_cand_0052,ku-kmr,Çand,Di kîjan demsalê de hirî bi gelemperî tê birîn?,Zivistanê,Payîzê,Havînê,Biharê,D,Hirî bi gelemperî di biharê de tê birîn ji ber ku pez piştî zivistanê hiriyê xwe yê nû derdixe. Di biharê de hewa nerm e û pez dikare bêyî hiriyê xwe sax bimîne.,2,verified,https://en.wikipedia.org/wiki/Wool,approved,0.95,
ds_cand_0053,ku-kmr,Çand,Kîjan amûr bi gelemperî ji bo ristina hirî tê bikaranîn?,Teşî,Mekik,Şûtik,Nîvend,A,"Teşî amûrekî kevneşopî ye ku ji bo ristina hirî tê bikaranîn. Mekik di tevnê de tê bikaranîn, şûtik ji bo lêdana xalîyan e û nîvend jî cihê rûniştinê ye.",2,verified,https://en.wikipedia.org/wiki/Spindle_(textiles),approved,0.95,
ds_cand_0054,ku-kmr,Çand,Li kû xalîçeya kurdî bi gelemperî tê çêkirin?,Li bajarên mezin,Li malan,Li fabrîqeyan,Li dibistanan,B,"Xalîçeya kurdî bi kevneşopî li malan, bi destên jinên kurd tê çêkirin. Ev huner ji nifşekî diçe nifşekî din û li her malê bi awayekî taybet tê pêşxistin.",1,verified,https://en.wikipedia.org/wiki/Kurdish_carpet,approved,0.95,
ds_cand_0055,ku-kmr,Çand,Kîjan reng di xalîçeyên kurdî de bi gelemperî tê bikaranîn?,Şîn,Zer,Sor,Kesk,C,Rengê sor di xalîçeyên kurdî de pir caran tê bikaranîn ji ber ku ji kokên riwekan tê wergirtin û sembola jiyanê ye. Rengên din jî tên bikaranîn lê sor bi taybetî di nav kurdan de navdar e.,1,verified,https://en.wikipedia.org/wiki/Kurdish_carpet,approved,0.95,
ds_cand_0057,ku-kmr,Çand,"Di çanda kurdî de, kîjan cil bi gelemperî ji bo mêran tê bikaranîn?",Xelat û şelwar,Şal û şapik,Kiras û derpî,Kofî û şal,A,"Xelat û şelwar cilên kevneşopî yên mêran in di çanda kurdî de. Şal û şapik ji bo jinan e, kiras û derpî jî cilên bin in.",2,verified,https://en.wikipedia.org/wiki/Kurdish_clothing,approved,0.95,
ds_cand_0059,ku-kmr,Çand,"Di kevneşopiya kurdî de, kîjan reng bi gelemperî ji bo bûkan tê bikaranîn?",Sor,Şîn,Spî,Zer,C,Rengê spî di kevneşopiya kurdî de sembola paqijî û bêgunehiyê ye û ji ber vê yekê bûk bi gelemperî kincên spî li xwe dikin. Rengên din jî tên bikaranîn lê spî ji bo bûkan taybet e.,1,verified,https://en.wikipedia.org/wiki/Kurdish_clothing,approved,0.95,
ds_cand_0060,ku-kmr,Çand,Kîjan amûr ji bo çêkirina xalîçeyê tê bikaranîn?,Teşî,Mekik,Dûzgeh,Şûtik,D,"Şûtik amûrekî biçûk e ku ji bo girêdana girêkên xalîçeyê tê bikaranîn. Teşî ji bo ristinê ye, mekik di tevnê de tê bikaranîn û dûzgeh jî cihê tevnê ye.",2,verified,https://en.wikipedia.org/wiki/Knitting_needle,approved,0.95,
ds_cand_0062,ku-kmr,Çand,"Di çanda kurdî de, kîjan cil bi gelemperî ji bo jinan tê bikaranîn?",Xelat û şelwar,Şal û şapik,Kofî û şal,Kiras û derpî,B,"Şal û şapik cilên kevneşopî yên jinan in di çanda kurdî de. Xelat û şelwar ji bo mêran e, kofî û şal jî ji bo mêran e û kiras û derpî jî cilên bin in.",2,verified,https://en.wikipedia.org/wiki/Kurdish_clothing,approved,0.95,
ds_cand_0064,ku-kmr,Çand,Li kû kofî bi gelemperî tê li xwe kirin?,Li ser serê jinan,Li pişta mêran,Li pişta jinan,Li ser serê mêran,D,Kofî serpoşekî mêran e di çanda kurdî de. Jin bi gelemperî pate an jî şapik li xwe dikin. Kofî bi gelemperî ji hirî tê çêkirin û serê mêran ji sermayê diparêze.,1,verified,https://en.wikipedia.org/wiki/Kurdish_clothing,approved,0.95,
ds_cand_0066,ku-kmr,Çand,"Di çanda kurdî de, kîjan reng bi gelemperî ji bo şîniyê tê bikaranîn?",Spî,Reş,Şîn,Kesk,B,"Rengê reş di çanda kurdî de sembola şîn û xemgîniyê ye. Li gorî kevneşopiyê, di dema şîniyê de mirov kincên reş li xwe dikin. Rengên din ji bo şahiyan tên bikaranîn.",1,verified,https://en.wikipedia.org/wiki/Kurdish_clothing,approved,0.95,
ds_cand_0069,ku-kmr,Çand,"Di çanda kurdî de, kîjan kes bi gelemperî xalîçeyê çêdike?",Jin,Mêr,Zarok,Kalemêr,A,"Di çanda kurdî de, jin bi gelemperî xalîçeyê çêdikin. Ev kar bi destên jinan tê kirin û ji nifşekî diçe nifşekî din. Mêr bi gelemperî di karê tevnê de alîkariyê dikin lê xalîçe bi taybetî karê jinan e.",1,verified,https://en.wikipedia.org/wiki/Kurdish_carpet,approved,0.95,
ds_cand_0071,ku-kmr,Çand,Kîjan amûr ji bo ristina hirî tê bikaranîn?,Derzî,Şûtik,Teşî,Mekik,C,"Teşî amûrekî kevneşopî ye ku ji bo ristina hirî tê bikaranîn. Derzî ji bo dirûtinê ye, şûtik ji bo xalîçeyê ye û mekik jî di tevnê de tê bikaranîn.",2,verified,https://en.wikipedia.org/wiki/Spindle_(textiles),approved,0.95,
ds_cand_0073,ku-kmr,Çand,"Di çanda kurdî de, kîjan reng bi gelemperî ji bo zewacê tê bikaranîn?",Spî,Reş,Şîn,Zer,A,Rengê spî di çanda kurdî de sembola paqijî û bextewariyê ye û ji ber vê yekê di zewacê de tê bikaranîn. Rengên din jî tên bikaranîn lê spî ji bo zewacê taybet e.,1,verified,https://en.wikipedia.org/wiki/Kurdish_clothing,approved,0.95,
ds_cand_0075,ku-kmr,Çand,"Di çanda kurdî de, kîjan cil bi gelemperî ji bo zivistanê tê bikaranîn?",Pembû,Hevrîşim,Cûm,Ketan,C,"Cûm di çanda kurdî de ji bo cilê ku ji hirî tê çêkirin û ji bo zivistanê tê bikaranîn. Hirî germ e û ji ber vê yekê cûm ji bo zivistanê taybet e. Pembû, hevrîşim û ketan ji bo havînê ne.",2,verified,https://en.wikipedia.org/wiki/Wool,approved,0.95,
ds_cand_0076,ku-kmr,Çand,"Di govenda kurdî de, kîjan amûra muzîkê bi gelemperî ji bo birêvebirina lezê tê bikaranîn?",Tembûr,Def,Keman,Zirna,D,"Zirna bi dengê xwe yê bilind û tûj, di govendê de lez û bezê dide dansvanan û bi gelemperî bi defê re tê lêxistin.",2,verified,https://en.wikipedia.org/wiki/Zurna,approved,0.95,
ds_cand_1077,ku-kmr,Çand,Kîjan peyva Kurmancî ji bo 'circle dance' tê bikaranîn?,Govend,Dîlan,Çepik,Sema,A,Govend bi taybetî dansa dorê ya kurdî ye ku dansvan bi destên hev digirin û bi hev re dilivin.,1,verified,https://en.wikipedia.org/wiki/Kurdish_dance,approved,0.95,
ds_cand_0078,ku-kmr,Çand,"Di govenda kurdî de, serokê dansê bi gelemperî çi di destê xwe de digire?",Şûr,Def,Kefî,Çiçek,B,Serokê govendê bi gelemperî defekê di destê xwe de digire û bi lêxistina wê lez û rêza dansê diyar dike.,2,verified,https://en.wikipedia.org/wiki/Kurdish_dance,approved,0.95,
ds_cand_0079,ku-kmr,Çand,"Li gorî kevneşopiya kurdî, govend bi gelemperî di kîjan demê de tê dans kirin?",Di şînê de,Di rojiyê de,Di dawetê de,Di mirinê de,C,Govend di dawet û cejnên kurdî de tê dans kirin û ji bo şahî û pîrozbahiyê ye.,1,verified,https://en.wikipedia.org/wiki/Kurdish_dance,approved,0.95,
ds_cand_0080,ku-kmr,Çand,Kîjan peyva Kurmancî ji bo 'handkerchief' tê bikaranîn ku di govendê de tê bikaranîn?,Şal,Kum,Pusî,Kefî,D,Kefî di govenda kurdî de ji bo dansvanan tê bikaranîn ku bi destên xwe bigirin û bizivirînin.,2,verified,https://en.wikipedia.org/wiki/Kurdish_dance,approved,0.95,
ds_cand_0081,ku-kmr,Çand,"Di govenda kurdî de, dansvan bi gelemperî çawa destên xwe digirin?",Bi hev ve girê didin,Li pişt xwe didin,Li ser serê xwe dikin,Di berîka xwe de dikin,A,Di govenda kurdî de dansvan bi destên hev ve girê didin û bi vî awayî zincîrekê çêdikin.,1,verified,https://en.wikipedia.org/wiki/Kurdish_dance,approved,0.95,
ds_cand_0082,ku-kmr,Çand,Kîjan peyva Kurmancî ji bo 'rhythm' di govendê de tê bikaranîn?,Lez,Aheng,Deng,Muzîk,B,Aheng di Kurmancî de ji bo ritm û ahenga muzîkê tê bikaranîn ku govend li gorî wê tê dans kirin.,2,verified,https://en.wikipedia.org/wiki/Rhythm,approved,0.95,
ds_cand_0083,ku-kmr,Çand,"Di govenda kurdî ya herêmên cuda de, kîjan cudahî bi gelemperî tê dîtin?",Lez û rêz,Rengê cilên,Hemî jorîn,Zimanê stranan,C,"Govenda kurdî li gorî herêman di lez, rêz, cil û zimanê stranan de cudahî nîşan dide, lê hemî jî kurdî ne.",3,verified,https://en.wikipedia.org/wiki/Kurdish_dance,approved,0.95,
ds_cand_0084,ku-kmr,Çand,Kîjan amûra muzîkê ya kurdî bi gelemperî ji bo govendê tê bikaranîn û dişibe kemanê?,Tembûr,Zirna,Def,Kemançe,D,"Kemançe amûreke muzîkê ya kurdî ye ku bi kevanê tê lêxistin û dişibe kemanê, lê dengê wê cuda ye.",2,verified,https://en.wikipedia.org/wiki/Kamancheh,approved,0.95,
ds_cand_0085,ku-kmr,Çand,"Di govenda kurdî de, kîjan kes bi gelemperî rêzê didin dansvanan?",Serokê govendê,Dengbêj,Zirnazan,Mêvan,A,Serokê govendê bi destê xwe yê vala û bi lezê rêz û tevgera dansvanan kontrol dike.,2,verified,https://en.wikipedia.org/wiki/Kurdish_dance,approved,0.95,
ds_cand_1086,ku-kmr,Çand,Kîjan peyva Kurmancî ji bo 'folk dance' tê bikaranîn?,Govenda nûjen,Govenda gelêrî,Govenda şahî,Govenda dînî,B,Govenda gelêrî dansa kevneşopî ya gel e ku bi awayekî neslî ji bav û kalan tê.,1,verified,https://en.wikipedia.org/wiki/Folk_dance,approved,0.95,
ds_cand_0087,ku-kmr,Çand,"Di govenda kurdî ya botan de, dansvan bi gelemperî çawa tevdigerin?",Bi lez û bez,Bi bazdan,Bi hêdî û bi rêz,Bi rûniştin,C,"Govenda botan bi leza xwe ya hêdî û rêza xwe ya bi heybet tê nasîn, ku dansvan bi gavên nerm dilivin.",3,verified,https://en.wikipedia.org/wiki/Kurdish_dance,approved,0.95,
ds_cand_0088,ku-kmr,Çand,Kîjan peyva Kurmancî ji bo 'line dance' tê bikaranîn?,Govenda dorê,Govenda çepikê,Govenda serê,Govenda rêzê,D,"Govenda rêzê dansa ku dansvan di rêzekê de li dû hev dilivin e, wekî govenda kurdî ya herêmî.",2,verified,https://en.wikipedia.org/wiki/Line_dance,approved,0.95,
ds_cand_0089,ku-kmr,Çand,"Di govenda kurdî de, kîjan reng bi gelemperî di cilên dansvanan de tê bikaranîn?",Hemî jorîn,Sor û kesk,Şîn û spî,Reş û zer,A,"Cilên govenda kurdî li gorî herêmê rengên cuda yên wekî sor, kesk, şîn, spî û hwd. tê de hene.",1,verified,https://en.wikipedia.org/wiki/Kurdish_dance,approved,0.95,
ds_cand_1090,ku-kmr,Çand,Kîjan amûra muzîkê ya kurdî bi gelemperî ji bo govendê tê bikaranîn û ji çerm tê çêkirin?,Zirna,Def,Tembûr,Kemançe,B,Def amûreke muzîkê ye ku ji çerm tê çêkirin û bi lêxistina wê ritm ji bo govendê tê dayîn.,1,verified,https://en.wikipedia.org/wiki/Daf,approved,0.95,
ds_cand_0092,ku-kmr,Çand,"Li gorî kevneşopiya kurdî, govend bi gelemperî li kû tê dans kirin?","Li hundir, li ser xalîçeyê",Li ser çîmenê,Li ser kevir,"Li derve, li ser axê",D,"Govend bi gelemperî li derve, li ser axê an jî li cihên vekirî tê dans kirin, wekî cejn û dawet.",1,verified,https://en.wikipedia.org/wiki/Kurdish_dance,approved,0.95,
ds_cand_0094,ku-kmr,Çand,"Di govenda kurdî de, kîjan amûra muzîkê bi gelemperî ji bo destpêkirina govendê tê bikaranîn?",Tembûr,Zirna,Kemançe,Bilûr,B,Zirna bi dengê xwe yê bilind destpêka govendê dide nîşan û dansvanan vedixwîne dorpêçê.,2,verified,https://en.wikipedia.org/wiki/Zurna,approved,0.95,
ds_cand_0095,ku-kmr,Çand,Kîjan peyva Kurmancî ji bo 'circle' di govendê de tê bikaranîn?,Rêz,Çepik,Dor,Gav,C,"Dor di Kurmancî de ji bo çember an dorpêçê tê bikaranîn, wekî govenda dorê.",1,verified,https://en.wikipedia.org/wiki/Circle_dance,approved,0.95,
ds_cand_0097,ku-kmr,Çand,"Li gorî kevneşopiya kurdî, kîjan dans bi gelemperî ji bo şîna û mirinê tê dans kirin?",Govenda şînê,Govenda dawetê,Govenda cejnê,Govenda nûjen,A,"Govenda şînê di çanda kurdî de ji bo xemgîniyê tê dans kirin, lê bi gelemperî govend ji bo şahiyê ye.",2,verified,https://en.wikipedia.org/wiki/Kurdish_dance,approved,0.95,
ds_cand_0098,ku-kmr,Çand,Kîjan peyva Kurmancî ji bo 'joy' an jî 'kêf' di govendê de tê bikaranîn?,Şîn,Kêf,Xem,Tirs,B,Kêf di Kurmancî de ji bo şahî û zewqê tê bikaranîn ku govend bi kêfê tê dans kirin.,1,verified,https://en.wikipedia.org/wiki/Joy,approved,0.95,
ds_cand_0099,ku-kmr,Çand,"Di govenda kurdî ya herêmên cuda de, kîjan amûra muzîkê bi gelemperî tê bikaranîn?",Tembûr,Zirna,Hemî jorîn,Def,C,"Di govenda kurdî de li gorî herêmê tembûr, zirna, def û amûrên din têne bikaranîn.",2,verified,https://en.wikipedia.org/wiki/Kurdish_music,approved,0.95,
ds_cand_0100,ku-kmr,Çand,Kîjan peyva Kurmancî ji bo 'folk music' tê bikaranîn ku bi govendê re tê lêxistin?,Muzîka nûjen,Muzîka dînî,Muzîka klasîk,Muzîka gelêrî,D,Muzîka gelêrî muzîka kevneşopî ya gel e ku bi govendê re tê lêxistin û ji neslan re tê.,1,verified,https://en.wikipedia.org/wiki/Folk_music,approved,0.95,
ds_cand_0101,ku-kmr,Çand,Kîjan xwarina kurdî bi nanê tenûrê û goştê hûrkirî tê çêkirin?,Kutilk,Birinç,Şorbeya nîskê,Fasûlî,A,Kutilk xwarineke kurdî ye ku ji goştê hûrkirî û savarê tê çêkirin û bi gelemperî bi nanê tenûrê tê xwarin. Ev xwarin li herêmên cuda yên Kurdistanê bi awayên cuda tê hazirkirin.,1,verified,https://en.wikipedia.org/wiki/Kubba,approved,0.95,
ds_cand_0102,ku-kmr,Çand,"Di çanda kurdî de, kîjan vexwarin bi gelemperî ji bo mêvanan tê pêşkêş kirin?",Qehweya tirk,Çaya reş,Şerbeta mêweyan,Ava mêvanan,B,Çaya reş di çanda kurdî de vexwarina sereke ye û her tim ji mêvanan re tê pêşkêş kirin. Ev kevneşopî di nav kurdan de pir berbelav e û çay di hemû civakan de tê vexwarin.,1,verified,https://en.wikipedia.org/wiki/Kurdish_culture,approved,0.95,
ds_cand_0104,ku-kmr,Çand,"Di xwarina kurdî ya bi navê 'kutilk' de, kîjan malzemeyek bi gelemperî tê bikaranîn?",Nîsk,Birinc,Fasûlî,Savar,D,Kutilk bi gelemperî ji savarê û goştê hûrkirî tê çêkirin. Savar ji bo çêkirina kutilkê pêdivî ye û ev xwarin li herêmên kurdan pir navdar e.,2,verified,https://en.wikipedia.org/wiki/Kubba,approved,0.95,
ds_cand_0106,ku-kmr,Çand,"Di çanda kurdî de, kîjan xwarin bi gelemperî di cejnên Newrozê de tê hazirkirin?",Şorba,Kutilk,Birinç,Fasûlî,B,Kutilk bi gelemperî di cejnên Newrozê de tê hazirkirin û xwarineke kurdî ya navdar e. Ev xwarin di van cejnên de tê çêkirin û bi nanê tenûrê tê xwarin.,2,verified,https://en.wikipedia.org/wiki/Nowruz,approved,0.95,
ds_cand_0108,ku-kmr,Çand,"Di xwarina kurdî ya bi navê 'şorbeya nîskê' de, kîjan malzemeyek bi gelemperî tê bikaranîn?",Savar,Birinc,Fasûlî,Nîsk,D,Şorbeya nîskê bi nîskê tê çêkirin û xwarineke kurdî ya navdar e. Ev şorbe bi gelemperî di zivistanê de tê xwarin û ji bo tenduristiyê jî baş e.,2,verified,https://en.wikipedia.org/wiki/Lentil_soup,approved,0.95,
ds_cand_0112,ku-kmr,Çand,"Di xwarina kurdî ya bi navê 'birinç' de, kîjan malzemeyek bi gelemperî tê bikaranîn?",Nîsk,Savar,Fasûlî,Birinc,D,Birinç bi birincê tê çêkirin û xwarineke kurdî ya navdar e. Ev xwarin bi gelemperî bi goşt û sebzeyan tê çêkirin û di cejnên de tê servîs kirin.,2,verified,https://en.wikipedia.org/wiki/Rice,approved,0.95,
ds_cand_0114,ku-kmr,Çand,"Di çanda kurdî de, kîjan xwarin bi gelemperî di zivistanê de tê xwarin?",Kutilk,Şorba,Birinç,Fasûlî,B,Şorba bi gelemperî di zivistanê de tê xwarin û xwarineke kurdî ya navdar e. Ev xwarin di van mehan de tê çêkirin û ji bo germbûna laş baş e.,2,verified,https://en.wikipedia.org/wiki/Soup,approved,0.95,
ds_cand_0118,ku-kmr,Çand,"Di çanda kurdî de, kîjan xwarin bi gelemperî di cejnên remezanê de tê hazirkirin?",Şorba,Kutilk,Birinç,Fasûlî,B,Kutilk bi gelemperî di cejnên remezanê de tê hazirkirin û xwarineke kurdî ya navdar e. Ev xwarin di van cejnên de tê çêkirin û ji mêvanan re tê pêşkêş kirin.,2,verified,https://en.wikipedia.org/wiki/Kubba,approved,0.95,
ds_cand_0122,ku-kmr,Çand,"Di çanda kurdî de, kîjan xwarin bi gelemperî di şîna û mirinê de tê hazirkirin?",Kutilk,Şorba,Birinç,Fasûlî,B,Şorba bi gelemperî di şîna û mirinê de tê hazirkirin û xwarineke kurdî ya navdar e. Ev xwarin di van merasîman de tê çêkirin û ji mêvanan re tê pêşkêş kirin.,2,verified,https://en.wikipedia.org/wiki/Kurdish_culture,approved,0.95,
ds_cand_0127,ku-kmr,Çand,Kurmancî de 'Destê vala bi serê xwe ve nayê' ev gotin çi dide zanîn?,Divê mirov bi tena serê xwe kar bike,Divê mirov ji kesên din re alîkariyê bike,Divê mirov bi destê vala neçe serdana kesî,Divê mirov her dem bi destê xwe ve be,C,"Ev gotin wê yekê dide zanîn ku divê mirov bi destê vala neçe serdana kesî, ji ber ku di çanda kurdî de pêşwaziya mêvanan bi diyarîyan tê kirin.",1,verified,https://en.wikipedia.org/wiki/Kurdish_culture,approved,0.95,
ds_cand_0151,ku-kmr,Çand,"Di çanda kurdî de, dema mêvanek tê malê, kîjan tişt bi gelemperî ji wî re tê pêşkêş kirin?",Qehwe û nan,Şerab û penîr,Çay û şekir,Hingiv û rûn,C,"Di çanda kurdî de, mêvanperwerî gelek giring e û çay bi gelemperî ji mêvanan re tê pêşkêş kirin, carinan bi şekir û nanê taybet.",1,verified,https://en.wikipedia.org/wiki/Kurdish_culture,approved,0.95,
ds_cand_0153,ku-kmr,Çand,"Di kevneşopiya kurdî de, dema ku mêvanek tê, kîjan kes bi gelemperî pêşwazî lê dike?",Mêr,Zarok,Jin,Kalemêr,A,"Di gelek herêmên kurdan de, mêrê malê an jî kalemêr bi gelemperî pêşwazî li mêvanan dike û wan dixe rûniştinê, lê jin jî di amadekirina xwarin û vexwarinê de roleke giring dilîze.",2,verified,https://en.wikipedia.org/wiki/Kurdish_culture,approved,0.95,
ds_cand_0155,ku-kmr,Çand,"Di çanda kurdî de, kîjan xwarin bi gelemperî ji mêvanan re tê pêşkêş kirin?",Birinc,Xurme,Kutilk,Şorbe,C,"Kutilk xwarineke kurdî ye ku bi goşt û nokê tê çêkirin û bi gelemperî di mêvanperweriyê de tê pêşkêş kirin. Birinc, xurme û şorbe jî tên xwarin lê kutilk taybetmendiya mêvanperweriyê ye.",2,verified,https://en.wikipedia.org/wiki/Kurdish_cuisine,approved,0.95,
ds_cand_1157,ku-kmr,Çand,"Di çanda kurdî de, kîjan vexwarin bi gelemperî di mêvanperweriyê de tê pêşkêş kirin?",Çay,Qehwe,Şerbet,Av,A,"Çay vexwarina herî gelemperî ye ku di mêvanperweriya kurdî de tê pêşkêş kirin, bi gelemperî bi şekir û carinan bi nanê taybet.",1,verified,https://en.wikipedia.org/wiki/Kurdish_culture,approved,0.95,
ds_cand_0159,ku-kmr,Çand,"Di çanda kurdî de, dema mêvanek tê, kîjan tişt bi gelemperî tê kirin?",Derî tê girtin,Çira tê vemirandin,Xwarin tê amadekirin,Mizgeft tê xwendin,C,"Di mêvanperweriya kurdî de, xwarin bi gelemperî ji bo mêvanan tê amadekirin da ku mêvan xweş were xwarin. Derî girtin, çira vemirandin û mizgeft xwendin ne adetên mêvanperweriyê ne.",2,verified,https://en.wikipedia.org/wiki/Kurdish_culture,approved,0.95,
ds_cand_0161,ku-kmr,Çand,"Di çanda kurdî de, kîjan xwarin bi gelemperî di cejnên mîna Newrozê de ji mêvanan re tê pêşkêş kirin?",Kutilk,Şorbe,Birinç,Xurme,A,"Kutilk xwarineke taybet e ku bi gelemperî di cejnên mîna Newrozê de tê çêkirin û ji mêvanan re tê pêşkêş kirin. Şorbe, birinç û xurme jî tên xwarin lê kutilk taybetmendiya cejnan e.",2,verified,https://en.wikipedia.org/wiki/Kurdish_cuisine,approved,0.95,
ds_cand_0163,ku-kmr,Çand,"Di çanda kurdî de, kîjan kes bi gelemperî mêvanan dixe rûniştinê?",Jin,Zarok,Mêr,Kalemêr,C,"Di gelek herêmên kurdan de, mêrê malê bi gelemperî mêvanan dixe rûniştinê, lê jin jî di amadekirina xwarin û vexwarinê de roleke giring dilîze.",2,verified,https://en.wikipedia.org/wiki/Kurdish_culture,approved,0.95,
ds_cand_1165,ku-kmr,Çand,"Di çanda kurdî de, dema mêvanek tê, kîjan tişt bi gelemperî nayê kirin?",Derî tê girtin,Xwarin tê amadekirin,Çay tê vexwarin,Sohbet tê kirin,A,"Di mêvanperweriya kurdî de, derî bi gelemperî ji bo mêvanan vekirî dimîne, ne girtî. Xwarin amadekirin, çay vexwarin û sohbet kirin adetên mêvanperweriyê ne.",2,verified,https://en.wikipedia.org/wiki/Kurdish_culture,approved,0.95,
ds_cand_0167,ku-kmr,Çand,"Di çanda kurdî de, kîjan xwarin bi gelemperî di mêvanperweriyê de tê pêşkêş kirin?",Şorbe,Birinç,Kutilk,Xurme,C,"Kutilk xwarineke kurdî ye ku bi goşt û nokê tê çêkirin û bi gelemperî di mêvanperweriyê de tê pêşkêş kirin. Şorbe, birinç û xurme jî tên xwarin lê kutilk taybetmendiya mêvanperweriyê ye.",2,verified,https://en.wikipedia.org/wiki/Kurdish_cuisine,approved,0.95,
ds_cand_1169,ku-kmr,Çand,"Di çanda kurdî de, kîjan tişt bi gelemperî ji mêvanan re tê pêşkêş kirin?",Çay û nan,Şerab û penîr,Qehwe û hingiv,Av û xwê,A,"Di mêvanperweriya kurdî de, çay û nan bi gelemperî ji mêvanan re tê pêşkêş kirin, carinan bi şekir û xwarinên din. Şerab, penîr, qehwe, hingiv, av û xwê ne adetên asayî ne.",2,verified,https://en.wikipedia.org/wiki/Kurdish_culture,approved,0.95,
ds_cand_0171,ku-kmr,Çand,"Di çanda kurdî de, kîjan kes bi gelemperî xwarinê ji mêvanan re tîne?",Mêr,Zarok,Jin,Kalemêr,C,"Di gelek herêmên kurdan de, jin bi gelemperî xwarinê ji mêvanan re tîne, lê mêr jî di pêşwazîkirinê de roleke giring dilîze.",2,verified,https://en.wikipedia.org/wiki/Kurdish_culture,approved,0.95,
ds_cand_0173,ku-kmr,Çand,"Di çanda kurdî de, kîjan tişt bi gelemperî di mêvanperweriyê de tê kirin?",Çay tê vexwarin,Xew tê kirin,Kar tê kirin,Şer tê kirin,A,"Di mêvanperweriya kurdî de, çay bi gelemperî tê vexwarin û sohbet tê kirin. Xew kirin, kar kirin û şer kirin ne adetên mêvanperweriyê ne.",2,verified,https://en.wikipedia.org/wiki/Kurdish_culture,approved,0.95,
ds_cand_0176,ku-kmr,Çand,"Di zivistanê de, ajalan ji bo çi li zozanan nayên birin?",Ji bo berfê,Ji bo baranê,Ji bo bayê,Ji bo germahiyê,D,"Zozan bilind in û zivistanê berf û serma lê zêde ye. Ajal ji bo germahiyê li deştan tên hiştin, ne li zozanan.",1,verified,https://en.wikipedia.org/wiki/Transhumance,approved,0.95,
ds_cand_1178,ku-kmr,Çand,"Di kevneşopiya kurdî de, kîjan demsal wexta koçberiyê ye?",Havîn,Bihar,Payîz,Zivistan,B,"Koçberî bi gelemperî di biharê de dest pê dike, dema ku berf dihele û zozan vebûne. Havîn, payîz û zivistan ne wextê koçberiyê ne.",1,verified,https://en.wikipedia.org/wiki/Transhumance,approved,0.95,
ds_cand_0180,ku-kmr,Çand,"Di çanda kurdî de, kîjan ajal bi gelemperî ji bo şîr tê xwedîkirin?",Hesp,Ker,Gayê gamêş,Mih,D,"Mih di çanda kurdî de ji bo şîr û penêr tê xwedîkirin. Hesp, ker û gayê gamêş bi gelemperî ji bo kar tên bikaranîn.",1,verified,https://en.wikipedia.org/wiki/Sheep,approved,0.95,
ds_cand_0182,ku-kmr,Çand,"Di havînê de, gundî bi gelemperî çawa li zozanan diçin?",Bi peyan,Bi ker û hespan,Bi traktorê,Bi otomobîlê,B,"Di kevneşopiya kurdî de, koçberî bi ker û hespan tê kirin. Traktor û otomobîl nûjen in, ne kevneşopî ne.",2,verified,https://en.wikipedia.org/wiki/Transhumance,approved,0.95,
ds_cand_0184,ku-kmr,Çand,"Di zozanan de, ajal bi gelemperî çi dixwin?",Berû,Kakil,Keskesor,Giya,D,"Zozan bi giyayên xwe yên dewlemend tên nasîn. Berû, kakil û keskesor ne xwarina sereke ya ajalan e.",1,verified,https://en.wikipedia.org/wiki/Mountain_meadow,approved,0.95,
ds_cand_0186,ku-kmr,Çand,"Di çanda kurdî de, dema koçberiyê, kîjan tişt bi gelemperî li ser pişta ajalên bar tê barkirin?",Xalîçe,Çadir,Nan,Av,B,"Çadir di koçberiyê de wekî stargeh tê bikaranîn. Xalîçe, nan û av jî tiştên din in, lê çadir bingehîn e.",2,verified,https://en.wikipedia.org/wiki/Yurt,approved,0.95,
ds_cand_0188,ku-kmr,Çand,"Di zivistanê de, koçer bi gelemperî li ku dimînin?",Li zozanan,Li çiyayan,Li bajaran,Li deştan,D,"Zivistanê zozan sar e, ji ber vê yekê koçer li deştan dimînin. Zozan, çiya û bajar ne cihê zivistanê ne.",1,verified,https://en.wikipedia.org/wiki/Transhumance,approved,0.95,
ds_cand_1190,ku-kmr,Çand,"Di çanda kurdî de, kîjan ajal bi gelemperî ji bo bar hilgirtinê tê bikaranîn?",Mih,Ker,Bizin,Mirîşk,B,"Ker di çanda kurdî de ji bo bar hilgirtinê tê bikaranîn. Mih, bizin û mirîşk ne ji bo vî karî ne.",1,verified,https://en.wikipedia.org/wiki/Donkey,approved,0.95,
ds_cand_0192,ku-kmr,Çand,"Di havînê de, zozan bi gelemperî ji bo çi tên bikaranîn?",Ji bo avdanê,Ji bo xanî,Ji bo karxaneyê,Ji bo çêrandinê,D,"Zozan havînê ji bo çêrandina ajalan tên bikaranîn. Avdan, xanî û karxane ne ji bo zozanan in.",1,verified,https://en.wikipedia.org/wiki/Mountain_meadow,approved,0.95,
ds_cand_0194,ku-kmr,Çand,"Di çanda kurdî de, kîjan xwarin bi gelemperî ji şîr tê çêkirin?",Nan,Penêr,Birinc,Şorba,B,"Penêr ji şîr tê çêkirin. Nan, birinc û şorba ne ji şîr in.",1,verified,https://en.wikipedia.org/wiki/Cheese,approved,0.95,
ds_cand_0196,ku-kmr,Çand,"Di zivistanê de, ajal bi gelemperî çi dixwin?",Giya kesk,Berû,Kakil,Giya hişk,D,"Zivistanê giya kesk nabe, ji ber vê yekê ajal giya hişk dixwin. Berû û kakil ne xwarina sereke ye.",1,verified,https://en.wikipedia.org/wiki/Hay,approved,0.95,
ds_cand_0198,ku-kmr,Çand,"Di çanda kurdî de, kîjan ajal bi gelemperî ji bo goşt tê xwedîkirin?",Hesp,Mih,Ker,Kûçik,B,"Mih di çanda kurdî de ji bo goşt û şîr tê xwedîkirin. Hesp, ker û kûçik ne ji bo goşt in.",1,verified,https://en.wikipedia.org/wiki/Sheep,approved,0.95,
ds_cand_0200,ku-kmr,Çand,"Di biharê de, koçer bi gelemperî ji kû derê dest pê dikin?",Ji zozanan,Ji çiyayan,Ji bajaran,Ji deştan,D,"Koçer biharê ji deştan dest pê dikin û ber bi zozanan ve diçin. Zozan, çiya û bajar ne destpêka koçberiyê ne.",2,verified,https://en.wikipedia.org/wiki/Transhumance,approved,0.95,
ds_cand_0203,ku-kmr,Çand,"Di xalîçeyên kurdî de, kîjan reng bi gelemperî ji bo xeml û nîşanan tê bikaranîn?",Şîn,Zer,Sor,Reş,C,"Di xalîçeyên kurdî de sor rengê herî berbelav e û ji bo xeml û nîşanan tê bikaranîn. Şîn, zer û reş jî tên bikaranîn lê sor ya herî taybet e.",2,verified,https://en.wikipedia.org/wiki/Kurdish_carpet,approved,0.95,
ds_cand_0208,ku-kmr,Çand,"Di çanda kurdî de, kîjan reng bi gelemperî ji bo bûkan tê bikaranîn?",Sor,Şîn,Zer,Spî,D,"Di çanda kurdî de spî rengê paqijiyê ye û ji bo bûkan tê bikaranîn. Sor, şîn û zer jî rengên din in lê spî ya herî taybet e.",2,verified,https://en.wikipedia.org/wiki/Kurdish_culture,approved,0.95,
ds_cand_0216,ku-kmr,Çand,"Di xalîçeyên kurdî de, kîjan reng bi gelemperî ji bo erdê tê bikaranîn?",Sor,Şîn,Zer,Kesk,D,"Kesk rengê erdê ye û di xalîçeyên kurdî de ji bo erdê tê bikaranîn. Sor, şîn û zer jî rengên din in lê kesk ya herî taybet e.",2,verified,https://en.wikipedia.org/wiki/Kurdish_carpet,approved,0.95,
ds_cand_0220,ku-kmr,Çand,"Di çanda kurdî de, kîjan amûr bi gelemperî ji bo çêkirina xalîçeyê tê bikaranîn?",Mekik,Teşî,Derzî,Tevn,D,"Tevn amûrek e ku ji bo hûnandina xalîçeyan tê bikaranîn. Mekik, teşî û derzî jî amûrên din in lê tevn ya herî taybet e.",2,verified,https://en.wikipedia.org/wiki/Loom,approved,0.95,
ds_cand_0226,ku-kmr,Çand,"Di Newrozê de, kîjan agir bi gelemperî tê vêxistin?",agirê tirsê,agirê pîroz,agirê mirinê,agirê xemê,B,Di Newrozê de agirê pîroz tê vêxistin ji ber ku Newroz cejna biharê ye û agir sembola paqijî û nûbûnê ye.,1,verified,https://en.wikipedia.org/wiki/Nowruz,approved,0.95,
ds_cand_0227,ku-kmr,Çand,Kîjan cejn bi gelemperî li ser 21ê Adarê tê pîrozkirin?,Sersal,Cejna Remezanê,Newroz,Cejna Qurbanê,C,Newroz li ser 21ê Adarê tê pîrozkirin ji ber ku ew roja destpêka biharê ye û di çanda kurdî de cejneke girîng e.,1,verified,https://en.wikipedia.org/wiki/Nowruz,approved,0.95,
ds_cand_0228,ku-kmr,Çand,"Di cejna Newrozê de, kîjan tişt bi gelemperî tê amadekirin?",xwarinên sar,xwarinên bêxwê,xwarinên hişk,xwarinên taybet,D,Di Newrozê de xwarinên taybet tên amadekirin ji ber ku cejn bi hev re tê pîrozkirin û xwarin beşek ji kevneşopiyê ye.,2,verified,https://en.wikipedia.org/wiki/Nowruz,approved,0.95,
ds_cand_0229,ku-kmr,Çand,Kîjan cejn bi gelemperî ji bo dawiya meha Remezanê tê pîrozkirin?,Cejna Remezanê,Cejna Qurbanê,Newroz,Sersal,A,Cejna Remezanê ji bo dawiya meha Remezanê tê pîrozkirin ji ber ku ew cejna rojiyê ye û piştî mehekê rojiyê tê.,1,verified,https://en.wikipedia.org/wiki/Eid_al-Fitr,approved,0.95,
ds_cand_0230,ku-kmr,Çand,"Di cejna Qurbanê de, kîjan heywan bi gelemperî tê serjêkirin?",mirîşk,pez,masî,ker,B,Di cejna Qurbanê de pez tê serjêkirin ji ber ku ew cejna qurbaniyê ye û qurbanî bi gelemperî ji pez an jî dewarê tê dayîn.,1,verified,https://en.wikipedia.org/wiki/Eid_al-Adha,approved,0.95,
ds_cand_0231,ku-kmr,Çand,Kîjan cejn bi gelemperî di dawiya meha Remezanê de tê pîrozkirin?,Cejna Qurbanê,Newroz,Cejna Remezanê,Sersal,C,Cejna Remezanê di dawiya meha Remezanê de tê pîrozkirin ji ber ku ew cejna rojiyê ye û piştî mehekê rojiyê tê.,1,verified,https://en.wikipedia.org/wiki/Eid_al-Fitr,approved,0.95,
ds_cand_0232,ku-kmr,Çand,"Di Newrozê de, kîjan reng bi gelemperî tê bikaranîn?",reş,spî,şîn,zer,D,Di Newrozê de rengê zer tê bikaranîn ji ber ku ew rengê agir û rojê ye û sembola biharê ye.,2,verified,https://en.wikipedia.org/wiki/Nowruz,approved,0.95,
ds_cand_0233,ku-kmr,Çand,Kîjan cejn bi gelemperî ji bo bîranîna îbrahîm pêxember tê pîrozkirin?,Cejna Qurbanê,Cejna Remezanê,Newroz,Sersal,A,Cejna Qurbanê ji bo bîranîna îbrahîm pêxember tê pîrozkirin ji ber ku ew cejna qurbaniyê ye û qurbanî bi gelemperî ji pez an jî dewarê tê dayîn.,2,verified,https://en.wikipedia.org/wiki/Eid_al-Adha,approved,0.95,
ds_cand_0234,ku-kmr,Çand,"Di cejna Remezanê de, kîjan xwarin bi gelemperî tê xwarin?",goşt,xurma,masî,nan,B,Di cejna Remezanê de xurma tê xwarin ji ber ku ew cejna rojiyê ye û xurma bi gelemperî ji bo şîvê tê bikaranîn.,2,verified,https://en.wikipedia.org/wiki/Eid_al-Fitr,approved,0.95,
ds_cand_0235,ku-kmr,Çand,Kîjan cejn bi gelemperî li ser 10ê Zilhicceyê tê pîrozkirin?,Cejna Remezanê,Newroz,Cejna Qurbanê,Sersal,C,Cejna Qurbanê li ser 10ê Zilhicceyê tê pîrozkirin ji ber ku ew cejna qurbaniyê ye û qurbanî bi gelemperî ji pez an jî dewarê tê dayîn.,2,verified,https://en.wikipedia.org/wiki/Eid_al-Adha,approved,0.95,
ds_cand_0236,ku-kmr,Çand,"Di Newrozê de, kîjan tişt bi gelemperî tê avêtin ser avê?",kevir,dar,ax,gul,D,Di Newrozê de gul tê avêtin ser avê ji ber ku ew sembola biharê ye û bi gelemperî ji bo pîrozkirina cejnê tê bikaranîn.,2,verified,https://en.wikipedia.org/wiki/Nowruz,approved,0.95,
ds_cand_0237,ku-kmr,Çand,Kîjan cejn bi gelemperî ji bo destpêka biharê tê pîrozkirin?,Newroz,Cejna Remezanê,Cejna Qurbanê,Sersal,A,Newroz ji bo destpêka biharê tê pîrozkirin ji ber ku ew cejna biharê ye û li ser 21ê Adarê tê pîrozkirin.,1,verified,https://en.wikipedia.org/wiki/Nowruz,approved,0.95,
ds_cand_0238,ku-kmr,Çand,"Di cejna Qurbanê de, kîjan tişt bi gelemperî tê belavkirin?",xurma,goşt,nan,şîr,B,Di cejna Qurbanê de goşt tê belavkirin ji ber ku ew cejna qurbaniyê ye û goşt bi gelemperî ji bo feqîran tê belavkirin.,2,verified,https://en.wikipedia.org/wiki/Eid_al-Adha,approved,0.95,
ds_cand_0239,ku-kmr,Çand,Kîjan cejn bi gelemperî di meha Remezanê de tê pîrozkirin?,Cejna Qurbanê,Newroz,Cejna Remezanê,Sersal,C,Cejna Remezanê di meha Remezanê de tê pîrozkirin ji ber ku ew cejna rojiyê ye û piştî mehekê rojiyê tê.,1,verified,https://en.wikipedia.org/wiki/Eid_al-Fitr,approved,0.95,
ds_cand_0240,ku-kmr,Çand,"Di Newrozê de, kîjan tişt bi gelemperî tê vêxistin?",av,ax,hewa,agir,D,Di Newrozê de agir tê vêxistin ji ber ku ew sembola paqijî û nûbûnê ye û bi gelemperî ji bo pîrozkirina cejnê tê bikaranîn.,1,verified,https://en.wikipedia.org/wiki/Nowruz,approved,0.95,
ds_cand_0241,ku-kmr,Çand,Kîjan cejn bi gelemperî ji bo bîranîna bûyera qurbaniyê tê pîrozkirin?,Cejna Qurbanê,Cejna Remezanê,Newroz,Sersal,A,Cejna Qurbanê ji bo bîranîna bûyera qurbaniyê tê pîrozkirin ji ber ku ew cejna qurbaniyê ye û qurbanî bi gelemperî ji pez an jî dewarê tê dayîn.,2,verified,https://en.wikipedia.org/wiki/Eid_al-Adha,approved,0.95,
ds_cand_0242,ku-kmr,Çand,"Di cejna Remezanê de, kîjan tişt bi gelemperî tê dayîn?",goşt,zakat,nan,şîr,B,Di cejna Remezanê de zakat tê dayîn ji ber ku ew cejna rojiyê ye û zakat bi gelemperî ji bo feqîran tê dayîn.,2,verified,https://en.wikipedia.org/wiki/Eid_al-Fitr,approved,0.95,
ds_cand_0243,ku-kmr,Çand,Kîjan cejn bi gelemperî di meha Zilhicceyê de tê pîrozkirin?,Cejna Remezanê,Newroz,Cejna Qurbanê,Sersal,C,Cejna Qurbanê di meha Zilhicceyê de tê pîrozkirin ji ber ku ew cejna qurbaniyê ye û qurbanî bi gelemperî ji pez an jî dewarê tê dayîn.,2,verified,https://en.wikipedia.org/wiki/Eid_al-Adha,approved,0.95,
ds_cand_0244,ku-kmr,Çand,"Di Newrozê de, kîjan tişt bi gelemperî tê xemilandin?",dar,kevir,ax,mal,D,Di Newrozê de mal tê xemilandin ji ber ku ew cejna biharê ye û xemilandin bi gelemperî ji bo pîrozkirina cejnê tê bikaranîn.,2,verified,https://en.wikipedia.org/wiki/Nowruz,approved,0.95,
ds_cand_0245,ku-kmr,Çand,Kîjan cejn bi gelemperî ji bo pîrozkirina rojiyê tê pîrozkirin?,Cejna Remezanê,Cejna Qurbanê,Newroz,Sersal,A,Cejna Remezanê ji bo pîrozkirina rojiyê tê pîrozkirin ji ber ku ew cejna rojiyê ye û piştî mehekê rojiyê tê.,1,verified,https://en.wikipedia.org/wiki/Eid_al-Fitr,approved,0.95,
ds_cand_0246,ku-kmr,Çand,"Di cejna Qurbanê de, kîjan kes bi gelemperî qurbanî dike?",zarok,serokê malê,jin,mêvan,B,Di cejna Qurbanê de serokê malê qurbanî dike ji ber ku ew cejna qurbaniyê ye û qurbanî bi gelemperî ji aliyê serokê malê ve tê kirin.,2,verified,https://en.wikipedia.org/wiki/Eid_al-Adha,approved,0.95,
ds_cand_0247,ku-kmr,Çand,Kîjan cejn bi gelemperî di meha Şewalê de tê pîrozkirin?,Cejna Qurbanê,Newroz,Cejna Remezanê,Sersal,C,Cejna Remezanê di meha Şewalê de tê pîrozkirin ji ber ku ew cejna rojiyê ye û piştî meha Remezanê tê.,2,verified,https://en.wikipedia.org/wiki/Eid_al-Fitr,approved,0.95,
ds_cand_0248,ku-kmr,Çand,"Di Newrozê de, kîjan tişt bi gelemperî tê avêtin?",gul,dar,ax,kevir,D,Di Newrozê de kevir tê avêtin ji ber ku ew sembola paqijiyê ye û bi gelemperî ji bo pîrozkirina cejnê tê bikaranîn.,2,verified,https://en.wikipedia.org/wiki/Nowruz,approved,0.95,
ds_cand_0251,ku-kmr,Çand,"Di çanda kurdî de, dema pitikek tê dinyayê, kîjan tişt bi gelemperî tê kirin?",Şîna girî,Koçberî,Şahî û pîrozbahî,Rojîgirtin,C,"Dema pitikek tê dinyayê, di çanda kurdî de şahî û pîrozbahî tê kirin. Ev kevneşopî nîşana kêfxweşiya malbatê ye û ji bo pîrozkirina jiyana nû tê lidarxistin.",1,verified,https://en.wikipedia.org/wiki/Kurdish_culture,approved,0.95,
ds_cand_0253,ku-kmr,Çand,"Di kevneşopiya kurdî de, navê pitikê kîjan kes bi gelemperî hilbijêre?",Bav,Dayik,Kalik,Pismam,A,"Di kevneşopiya kurdî de, bav bi gelemperî navê pitikê hilbijêre. Ev yek ji ber ku bav serokê malbatê ye û navê pitikê bi piranî ji aliyê wî ve tê destnîşankirin.",2,verified,https://en.wikipedia.org/wiki/Kurdish_culture,approved,0.95,
ds_cand_0254,ku-kmr,Çand,"Di çanda kurdî de, kîjan xwarin bi gelemperî ji bo pîrozkirina jidayikbûna pitikê tê çêkirin?",Şîr,Kutilk,Hingiv,Şorbe,B,"Di çanda kurdî de, kutilk bi gelemperî ji bo pîrozkirina jidayikbûna pitikê tê çêkirin. Ev xwarin ji bo mêvanan tê hazirkirin û sembola bereketê ye.",2,verified,https://en.wikipedia.org/wiki/Kurdish_culture,approved,0.95,
ds_cand_0256,ku-kmr,Çand,"Di çanda kurdî de, dema pitik tê dinyayê, kîjan tişt bi gelemperî li ser eniya wî tê danîn?",Rûn,Xwê,Şîr,Hingiv,D,"Di çanda kurdî de, hingiv li ser eniya pitikê tê danîn da ku jiyana wî şîrîn be. Ev kevneşopî ji bo parastina pitikê ji nexweşiyan tê kirin.",2,verified,https://en.wikipedia.org/wiki/Kurdish_culture,approved,0.95,
ds_cand_0258,ku-kmr,Çand,"Di çanda kurdî de, kîjan kes bi gelemperî pitikê di dergûşê de dihejîne?",Bav,Dayik,Xwişk,Pîrik,B,"Di çanda kurdî de, dayik bi gelemperî pitikê di dergûşê de dihejîne. Ev yek ji ber ku dayik bi pitikê re têkiliyeke nêzîk e û ev kar bi gelemperî ji aliyê wê ve tê kirin.",1,verified,https://en.wikipedia.org/wiki/Kurdish_culture,approved,0.95,
ds_cand_0259,ku-kmr,Çand,"Di kevneşopiya kurdî de, kîjan roj piştî jidayikbûnê ji bo navlêkirinê tê bijartin?",Rojên paşîn,Rojên navîn,Rojên ewil,Rojên taybet,C,"Di kevneşopiya kurdî de, rojên ewil piştî jidayikbûnê ji bo navlêkirinê tên bijartin. Ev yek ji ber ku di van rojan de malbat bi hev re ye û navê pitikê bi hev re hilbijêrin.",2,verified,https://en.wikipedia.org/wiki/Kurdish_culture,approved,0.95,
ds_cand_0261,ku-kmr,Çand,"Di çanda kurdî de, kîjan tişt bi gelemperî ji bo parastina pitikê ji çavnebarîyê tê bikaranîn?",Boncûk,Mori,Zêr,Zîv,A,"Di çanda kurdî de, boncûk bi gelemperî ji bo parastina pitikê ji çavnebarîyê tê bikaranîn. Ev kevneşopî ji baweriya bi çavnebarîyê tê.",2,verified,https://en.wikipedia.org/wiki/Evil_eye,approved,0.95,
ds_cand_0263,ku-kmr,Çand,"Di çanda kurdî de, dema pitik tê dinyayê, kîjan kes bi gelemperî mizgîniyê dide malbatê?",Dayik,Bav,Pîrik,Xwişk,C,"Di çanda kurdî de, pîrik bi gelemperî mizgîniyê dide malbatê. Ev yek ji ber ku pîrik di jidayikbûnê de amade ye û yekem kes e ku mizgîniyê dide.",2,verified,https://en.wikipedia.org/wiki/Kurdish_culture,approved,0.95,
ds_cand_0265,ku-kmr,Çand,"Di çanda kurdî de, kîjan xwarin bi gelemperî ji bo dayika ku pitik kiriye tê çêkirin?",Şorbe,Kutilk,Birinç,Nan,A,"Di çanda kurdî de, şorbe bi gelemperî ji bo dayika ku pitik kiriye tê çêkirin. Ev xwarin ji bo hêza dayikê tê hazirkirin û bi gelemperî ji aliyê cîranan ve tê anîn.",2,verified,https://en.wikipedia.org/wiki/Kurdish_culture,approved,0.95,
ds_cand_0267,ku-kmr,Çand,"Di kevneşopiya kurdî de, kîjan kes bi gelemperî pitikê di hembêza xwe de digire?",Bav,Dapîr,Dayik,Xwişk,C,"Di kevneşopiya kurdî de, dayik bi gelemperî pitikê di hembêza xwe de digire. Ev yek ji ber ku dayik bi pitikê re têkiliyeke nêzîk e û ev kar bi gelemperî ji aliyê wê ve tê kirin.",1,verified,https://en.wikipedia.org/wiki/Kurdish_culture,approved,0.95,
ds_cand_0269,ku-kmr,Çand,"Di çanda kurdî de, kîjan kes bi gelemperî ji zarokan re çîrokan dibêje?",Dapîr,Dayik,Bav,Xwişk,A,"Di çanda kurdî de, dapîr bi gelemperî ji zarokan re çîrokan dibêje. Ev yek ji ber ku dapîr xwedî ezmûn û zanîna çîrokan e û ev kar bi gelemperî ji aliyê wê ve tê kirin.",2,verified,https://en.wikipedia.org/wiki/Kurdish_culture,approved,0.95,
ds_cand_0271,ku-kmr,Çand,"Di çanda kurdî de, dema zarok dest bi meşê dike, kîjan tişt bi gelemperî tê kirin?",Şîn,Rojî,Şahî,Koçberî,C,"Di çanda kurdî de, dema zarok dest bi meşê dike, şahî tê kirin. Ev kevneşopî ji bo pîrozkirina vê qonaxa girîng a jiyana zarok e.",2,verified,https://en.wikipedia.org/wiki/Kurdish_culture,approved,0.95,
ds_cand_0273,ku-kmr,Çand,"Di çanda kurdî de, kîjan kes bi gelemperî ji zarokan re dersên olê dide?",Melê,Feqî,Xoce,Şêx,A,"Di çanda kurdî de, melê bi gelemperî ji zarokan re dersên olê dide. Ev yek ji ber ku melê di olê de pispor e û ev kar bi gelemperî ji aliyê wî ve tê kirin.",2,verified,https://en.wikipedia.org/wiki/Kurdish_culture,approved,0.95,
ds_cand_0275,ku-kmr,Çand,"Di çanda kurdî de, kîjan xwarin bi gelemperî ji bo zarokan tê çêkirin?",Hingiv,Kutilk,Şorbe,Birinç,C,"Di çanda kurdî de, şorbe bi gelemperî ji bo zarokan tê çêkirin. Ev xwarin ji bo hêza zarokan tê hazirkirin û bi gelemperî ji aliyê dayikan ve tê çêkirin.",2,verified,https://en.wikipedia.org/wiki/Kurdish_culture,approved,0.95,
ds_cand_0276,ku-kmr,Çand,"Di çîrokên kurdî de, kîjan kes bi gelemperî rolê qehreman dilîze?",Şah,Wêris,Mîr,Feqî,D,"Di gelek çîrokên kurdî de, feqî (xwendekarê medreseyê) wekî qehremanekî jîr û zana derdikeve pêş; ew bi alîkariya xewn û xizanan rêyê dibîne.",2,verified,https://en.wikipedia.org/wiki/Kurdish_mythology,approved,0.95,
ds_cand_0277,ku-kmr,Çand,Kîjan efsane di çanda kurdî de bi çiyayê Sîpanê re tê girêdan?,Efsaneya Newrozê,Efsaneya Bêbûn,Efsaneya Zembîlfiroş,Efsaneya Kawayê Hesinker,A,"Efsaneya Newrozê bi serhildana Kawa li dijî Dehak ve tê zanîn û bi çiyayê Sîpanê ve girêdayî ye; li gorî baweriyê, Kawa agirê serketinê li ser vî çiyayî vêxist.",2,verified,https://en.wikipedia.org/wiki/Nowruz,approved,0.95,
ds_cand_0278,ku-kmr,Çand,"Di çîroka kurdî ya 'Zembîlfiroş' de, qehreman bi kîjan karî ve mijûl e?",Çêkirina xalîçeyan,Firotina zembîlan,Ristina hiriyê,Çandina genim,B,"Di çîroka Zembîlfiroş de, qehreman zembîlan difroşe û bi vî awayî debara xwe dike; ev çîrok bi jîrî û zanîna wî ya di derbarê xwezayê de tê bîranîn.",2,verified,https://en.wikipedia.org/wiki/Kurdish_literature,approved,0.95,
ds_cand_0280,ku-kmr,Çand,"Di çîroka 'Kawayê Hesinker' de, Kawa li dijî kîjan zordar serî hildide?",Efrîdûn,Cemşîd,Zahhak,Dehak,D,"Di efsaneya Newrozê de, Kawayê Hesinker li dijî Dehak, padîşahê zordar ê ku xwîna zarokan dixwar, serî hildide û bi ser dikeve; ev yek di çanda kurdî de wekî sembola azadiyê tê pîrozkirin.",2,verified,https://en.wikipedia.org/wiki/Kaveh_the_Blacksmith,approved,0.95,
ds_cand_0282,ku-kmr,Çand,"Di çîroka 'Feqîyê Teyran' de, Feqî bi kîjan taybetmendiyê tê nasîn?",Hêza xwe ya laşî,Zanîna xwe ya bi pêxemberan,Dewlemendiya xwe,Zanîna xwe ya çandiniyê,B,Feqîyê Teyran di çîrokan de wekî kesê ku xwedî zanîna giyanî û pêxemberî ye tê nasîn; ew bi xewnan û nîşanan rêya rast nîşan dide.,2,verified,https://en.wikipedia.org/wiki/Feqiyê_Teyran,approved,0.95,
ds_cand_0285,ku-kmr,Çand,Kîjan kes di çîroka 'Mem û Zîn' de wekî qehremanê serekî tê nasîn?,Mem,Zîn,Beko,Tacdîn,A,"Di çîroka Mem û Zîn de, Mem qehremanê serekî ye ku evîna wî ya bi Zînê re dibe mijara berhemê; ev çîrok ji hêla Ehmedê Xanî ve hatiye nivîsandin.",2,verified,https://en.wikipedia.org/wiki/Mem_and_Zin,approved,0.95,
ds_cand_0286,ku-kmr,Çand,"Di çîroka 'Bêbûn' de, Bêbûn bi kîjan taybetmendiyê tê nasîn?",Hêza xwe ya laşî,Zanîna xwe ya bi riwekan,Dewlemendiya xwe,Zanîna xwe ya çandiniyê,B,"Di çîroka Bêbûn de, Bêbûn bi zanîna xwe ya bi riwekan û dermanan tê nasîn; ew bi alîkariya vê zanînê nexweşiyan sax dike.",2,verified,https://en.wikipedia.org/wiki/Kurdish_mythology,approved,0.95,
ds_cand_0288,ku-kmr,Çand,"Di çîroka 'Zarokê Şêx' de, zarok bi kîjan awayî xwe ji xetereyê xilas dike?",Bi alîkariya hevalan,Bi alîkariya dê û bavê xwe,Bi alîkariya xwedê,Bi alîkariya xewnan,D,"Di çîroka Zarokê Şêx de, zarok bi alîkariya xewnan û nîşanan xwe ji xetereyê xilas dike; ev yek di çîrokên kurdî de timî tê dîtin.",2,verified,https://en.wikipedia.org/wiki/Kurdish_mythology,approved,0.95,
ds_cand_0289,ku-kmr,Çand,Kîjan kes di çîroka 'Beko' de wekî kesê xapînok tê nasîn?,Beko,Mem,Zîn,Kawa,A,"Di çîroka Beko de, Beko wekî kesê xapînok û derewîn tê nasîn; ew bi xapandinên xwe dixwaze ji rewşan sûd werbigire.",2,verified,https://en.wikipedia.org/wiki/Kurdish_literature,approved,0.95,
ds_cand_0290,ku-kmr,Çand,"Di çîroka 'Kulikê' de, Kulik bi kîjan taybetmendiyê tê nasîn?",Hêza xwe ya laşî,Zanîna xwe ya bi çandiniyê,Dewlemendiya xwe,Zanîna xwe ya bi riwekan,B,"Di çîroka Kulikê de, Kulik bi zanîna xwe ya bi çandiniyê û xwezayê tê nasîn; ew bi vê zanînê debara xwe dike.",2,verified,https://en.wikipedia.org/wiki/Kurdish_mythology,approved,0.95,
ds_cand_0292,ku-kmr,Çand,"Di çîroka 'Feqî û Xanima' de, Feqî bi kîjan awayî dilê Xanimê dixe?",Bi hêza xwe,Bi dewlemendiya xwe,Bi xweşikbûna xwe,Bi zanîna xwe,D,"Di çîroka Feqî û Xanima de, Feqî bi zanîna xwe û jîrîya xwe dilê Xanimê dixe; ew bi alîkariya xewnan û nîşanan rêya rast nîşan dide.",2,verified,https://en.wikipedia.org/wiki/Kurdish_mythology,approved,0.95,
ds_cand_0293,ku-kmr,Çand,Kîjan kes di çîroka 'Zembîlfiroş' de wekî qehremanê serekî tê nasîn?,Zembîlfiroş,Feqî,Beko,Kawa,A,"Di çîroka Zembîlfiroş de, Zembîlfiroş qehremanê serekî ye ku bi firotina zembîlan debara xwe dike; ew bi jîrîya xwe tê nasîn.",2,verified,https://en.wikipedia.org/wiki/Kurdish_literature,approved,0.95,
ds_cand_0296,ku-kmr,Çand,"Di çîroka 'Kawayê Hesinker' de, Kawa bi kîjan awayî serî hildide?",Bi şûrê,Bi kêrê,Bi rimê,Bi çakûçê,D,"Di çîroka Kawayê Hesinker de, Kawa bi çakûçê xwe serî hildide û Dehak dikuje; ev yek di efsaneya Newrozê de tê vegotin.",2,verified,https://en.wikipedia.org/wiki/Kaveh_the_Blacksmith,approved,0.95,
ds_cand_0297,ku-kmr,Çand,"Di çîroka 'Mem û Zîn' de, evîn bi kîjan awayî bi dawî dibe?",Bi trajediyê,Bi zewacê,Bi hevberdanê,Bi koçberiyê,A,"Di çîroka Mem û Zîn de, evîn bi trajediyê bi dawî dibe; Mem û Zîn ji ber çarenivîsa neyînî û xapandinên Beko dimirin.",2,verified,https://en.wikipedia.org/wiki/Mem_and_Zin,approved,0.95,
ds_cand_0298,ku-kmr,Çand,Kîjan kes di çîroka 'Bêbûn' de wekî qehremanê serekî tê nasîn?,Feqî,Bêbûn,Beko,Kawa,B,"Di çîroka Bêbûn de, Bêbûn qehremanê serekî ye ku bi zanîna xwe ya bi riwekan tê nasîn; ew bi vê zanînê nexweşiyan sax dike.",2,verified,https://en.wikipedia.org/wiki/Kurdish_mythology,approved,0.95,
