id,language_code,category_key,prompt,option_a,option_b,option_c,option_d,correct_option,explanation,difficulty,source_verified,source_url,publication_status,confidence,notes
ds_dirok_0001,ku-kmr,Dîrok,Şerefname ji aliyê kê ve hatiye nivîsandin?,Şerefxanê Bidlîsî,Ehmedê Xanî,Melayê Cizîrî,Feqiyê Teyran,A,"Şerefname, dîroknasê kurd Şerefxanê Bidlîsî (Şeref Xan) tarafından sala 1597an de hatiye nivîsandin. Ev pirtûk dîroka kurdan a berfireh vedibêje.",1,verified,https://en.wikipedia.org/wiki/Sharafkhan_Bidlisi,approved,0.95,
ds_dirok_0002,ku-kmr,Dîrok,Şerefname bi zimanê çi hatiye nivîsandin?,Kurmancî,Farisî,Soranî,Erebî,B,"Şerefname bi zimanê farisî hatiye nivîsandin, ji ber ku di wê serdemê de farisî zimanê dîrok û edebiyatê yê herêmê bû. Şerefxanê Bidlîsî ev pirtûk bi farisî nivîsiye.",1,verified,https://en.wikipedia.org/wiki/Sharafname,approved,0.95,
ds_dirok_0003,ku-kmr,Dîrok,Şerefxanê Bidlîsî di sala çendan de Şerefname nivîsiye?,1497,1697,1597,1797,C,Şerefxanê Bidlîsî Şerefname di navbera salên 1596 û 1597an de nivîsiye. Ev pirtûk wek yek ji çavkaniyên herî girîng ên dîroka kurdan tê zanîn.,1,verified,https://en.wikipedia.org/wiki/Sharafname,approved,0.95,
ds_dirok_0004,ku-kmr,Dîrok,Şerefname li ser çi ye?,Dîroka ereban,Dîroka farisan,Dîroka tirkan,Dîroka kurdan,D,"Şerefname pirtûkek dîrokî ye ku dîroka kurdan, eşîr û mîrekiyên kurdan vedibêje. Ew ji bo dîroka kurdan çavkaniyeke bingehîn e.",1,verified,https://en.wikipedia.org/wiki/Sharafname,approved,0.95,
ds_dirok_0005,ku-kmr,Dîrok,Şerefxanê Bidlîsî di kîjan mîrektiyê de hatiye dinyayê?,Mîrektiya Bidlîsê,Mîrektiya Cizîrê,Mîrektiya Hekarîyê,Mîrektiya Botanê,A,"Şerefxanê Bidlîsî di mîrektiya Bidlîsê de hatiye dinyayê. Navê wî jî ji vê mîrektiyê tê, û ew ji malbata mîrên Bidlîsê bû.",2,verified,https://en.wikipedia.org/wiki/Sharafkhan_Bidlisi,approved,0.95,
ds_dirok_0006,ku-kmr,Dîrok,Şerefname di kîjan sedsalê de hatiye nivîsandin?,Sedsala 15an,Sedsala 16an,Sedsala 17an,Sedsala 18an,B,"Şerefname di sedsala 16an de, bi taybetî di sala 1597an de hatiye nivîsandin. Ev serdem di dîroka kurdan de serdemeke girîng bû.",1,verified,https://en.wikipedia.org/wiki/Sharafname,approved,0.95,
ds_dirok_0007,ku-kmr,Dîrok,Şerefxanê Bidlîsî çi bû?,Helbestvan,Fîlozof,Dîroknas,Bijîşk,C,"Şerefxanê Bidlîsî dîroknas û mîrekî kurd bû. Ew bi pirtûka xwe ya Şerefnameyê tê nasîn, ku dîroka kurdan a berfireh vedibêje.",1,verified,https://en.wikipedia.org/wiki/Sharafkhan_Bidlisi,approved,0.95,
ds_dirok_0008,ku-kmr,Dîrok,Şerefname ji bo dîroka kurdan çi ye?,Çavkaniyeke hindik,Çavkaniyeke nû,Çavkaniyeke nezanîn,Çavkaniyeke sereke,D,Şerefname ji bo dîroka kurdan çavkaniyeke sereke û bingehîn e. Ew agahiyên berfireh li ser eşîr û mîrekiyên kurdan dide.,1,verified,https://en.wikipedia.org/wiki/Sharafname,approved,0.95,
ds_dirok_0009,ku-kmr,Dîrok,Şerefname di sala çendan de hatiye qedandin?,1597,1595,1596,1598,A,Şerefname di sala 1597an de hatiye qedandin. Şerefxanê Bidlîsî ev pirtûk di dema xwe de li gorî çavkaniyên berdest nivîsiye.,2,verified,https://en.wikipedia.org/wiki/Sharafname,approved,0.95,
ds_dirok_0010,ku-kmr,Dîrok,Şerefxanê Bidlîsî ji kîjan dînî bû?,Şîa,Sunnî,Elewî,Yarsan,B,Şerefxanê Bidlîsî misilmanekî sunnî bû. Ew di pirtûka xwe de behsa dîn û baweriya kurdan jî dike.,2,verified,https://en.wikipedia.org/wiki/Sharafkhan_Bidlisi,approved,0.95,
ds_dirok_0011,ku-kmr,Dîrok,Şerefname ji aliyê kîjan malbatê ve hatiye piştgirîkirin?,Malbata Osmanî,Malbata Sefewî,Malbata Mîrên Bidlîsê,Malbata Memlûkan,C,Şerefname ji aliyê malbata Mîrên Bidlîsê ve hatiye piştgirîkirin. Şerefxanê Bidlîsî jî endamê vê malbatê bû.,2,verified,https://en.wikipedia.org/wiki/Sharafkhan_Bidlisi,approved,0.95,
ds_dirok_0012,ku-kmr,Dîrok,Şerefxanê Bidlîsî di kîjan dewletê de jiyaye?,Împaratoriya Sefewî,Împaratoriya Memlûkan,Împaratoriya Bîzansê,Împaratoriya Osmanî,D,"Şerefxanê Bidlîsî di Împaratoriya Osmanî de jiyaye. Ew di navbera her du dewletên mezin ên wê serdemê de, Osmanî û Sefewî, manevra kiriye.",2,verified,https://en.wikipedia.org/wiki/Sharafkhan_Bidlisi,approved,0.95,
ds_dirok_0013,ku-kmr,Dîrok,Şerefname bi kîjan awayî hatiye nivîsandin?,Bi şêwazê dîrokî,Bi helbest,Bi pexşan,Bi şêwazê çîrokî,A,"Şerefname bi şêwazê dîrokî hatiye nivîsandin. Ew ne helbest e, ne jî çîrok e; ew pirtûkeke dîrokî ye ku bûyer û serboriyên kurdan vedibêje.",2,verified,https://en.wikipedia.org/wiki/Sharafname,approved,0.95,
ds_dirok_0014,ku-kmr,Dîrok,Şerefxanê Bidlîsî di kîjan bajarî de hatiye dinyayê?,Cizîr,Bidlîs,Hezar,Amed,B,"Şerefxanê Bidlîsî di bajarê Bidlîsê de hatiye dinyayê. Navê wî jî bi vî bajarî ve girêdayî ye, û ew ji mîrektiya Bidlîsê bû.",1,verified,https://en.wikipedia.org/wiki/Sharafkhan_Bidlisi,approved,0.95,
ds_dirok_0015,ku-kmr,Dîrok,Şerefname ji bo kîjan zimanî wek çavkaniyeke girîng tê zanîn?,Zimanê farisî,Zimanê erebî,Zimanê kurdî,Zimanê tirkî,C,"Şerefname ji bo zimanê kurdî wek çavkaniyeke girîng tê zanîn, ji ber ku ew agahiyên berfireh li ser dîroka kurdan dide. Tevî ku bi farisî hatiye nivîsandin, ew ji bo kurdan gelek girîng e.",2,verified,https://en.wikipedia.org/wiki/Sharafname,approved,0.95,
ds_dirok_0016,ku-kmr,Dîrok,Şerefxanê Bidlîsî ji kîjan mîrektiyê bû?,Mîrektiya Cizîrê,Mîrektiya Botanê,Mîrektiya Hekarîyê,Mîrektiya Bidlîsê,D,"Şerefxanê Bidlîsî ji mîrektiya Bidlîsê bû. Ew ji malbata mîrên vê mîrektiyê bû, û paşê bixwe jî bû mîrê Bidlîsê.",1,verified,https://en.wikipedia.org/wiki/Sharafkhan_Bidlisi,approved,0.95,
ds_dirok_0017,ku-kmr,Dîrok,Şerefname di kîjan çarçoveyekê de hatiye nivîsandin?,Çarçoveyek dîrokî,Çarçoveyek olî,Çarçoveyek edebî,Çarçoveyek felsefî,A,"Şerefname di çarçoveyek dîrokî de hatiye nivîsandin. Ew dîroka kurdan, eşîr û mîrekiyên wan vedibêje, û ji bo vê yekê çavkaniyeke bingehîn e.",2,verified,https://en.wikipedia.org/wiki/Sharafname,approved,0.95,
ds_dirok_0018,ku-kmr,Dîrok,Şerefxanê Bidlîsî di kîjan sala de wefat kiriye?,1613,1603,1623,1633,B,Şerefxanê Bidlîsî di sala 1603an de wefat kiriye. Ew piştî nivîsandina Şerefnameyê çend salan jiyaye.,2,verified,https://en.wikipedia.org/wiki/Sharafkhan_Bidlisi,approved,0.95,
ds_dirok_0019,ku-kmr,Dîrok,Şerefname ji bo kîjan herêmê dîrokeke girîng vedibêje?,Herêma Erebistanê,Herêma Farisan,Herêma Kurdistanê,Herêma Anatoliyê,C,Şerefname ji bo herêma Kurdistanê dîrokeke girîng vedibêje. Ew behsa eşîr û mîrekiyên kurdan ên li vê herêmê dike.,1,verified,https://en.wikipedia.org/wiki/Sharafname,approved,0.95,
ds_dirok_0020,ku-kmr,Dîrok,Şerefxanê Bidlîsî ji bo kîjan dewletê xebitiye?,Împaratoriya Osmanî,Împaratoriya Sefewî,Ti dewletê,Her du dewletan,D,"Şerefxanê Bidlîsî ji bo her du dewletan, Împaratoriya Osmanî û Împaratoriya Sefewî, xebitiye. Ew di navbera her du dewletan de manevra kiriye.",2,verified,https://en.wikipedia.org/wiki/Sharafkhan_Bidlisi,approved,0.95,
ds_dirok_0021,ku-kmr,Dîrok,Şerefname ji bo kîjan zanistê çavkaniyeke girîng e?,Zanista dîrokê,Zanista erdnîgarîyê,Zanista stêrnasiyê,Zanista bijîşkiyê,A,"Şerefname ji bo zanista dîrokê çavkaniyeke girîng e. Ew dîroka kurdan a berfireh vedibêje, û ji bo vê yekê wek çavkaniyeke bingehîn tê zanîn.",1,verified,https://en.wikipedia.org/wiki/Sharafname,approved,0.95,
ds_dirok_0022,ku-kmr,Dîrok,Şerefxanê Bidlîsî di kîjan serdemê de jiyaye?,Serdema navîn,Serdema nû,Serdema kevnar,Serdema hesinî,B,"Şerefxanê Bidlîsî di serdema nû de jiyaye, bi taybetî di sedsala 16an de. Ev serdem di dîroka kurdan de serdemeke girîng bû.",2,verified,https://en.wikipedia.org/wiki/Sharafkhan_Bidlisi,approved,0.95,
ds_dirok_0023,ku-kmr,Dîrok,Şerefname ji bo kîjan miletî wek çavkaniyeke girîng tê zanîn?,Miletê faris,Miletê ereb,Miletê kurd,Miletê tirk,C,"Şerefname ji bo miletê kurd wek çavkaniyeke girîng tê zanîn. Ew dîroka kurdan, eşîr û mîrekiyên wan vedibêje.",1,verified,https://en.wikipedia.org/wiki/Sharafname,approved,0.95,
ds_dirok_0024,ku-kmr,Dîrok,Şerefxanê Bidlîsî bi kîjan navî jî tê zanîn?,Şeref Beg,Şeref Paşa,Şeref Mîr,Şeref Xan,D,Şerefxanê Bidlîsî bi navê Şeref Xan jî tê zanîn. Ew wek mîrekî kurd û dîroknasekî navdar hatiye nasîn.,2,verified,https://en.wikipedia.org/wiki/Sharafkhan_Bidlisi,approved,0.95,
ds_dirok_0025,ku-kmr,Dîrok,Şerefname ji bo kîjan pirtûkxaneyan wek çavkaniyeke girîng tê zanîn?,Pirtûkxaneyên kurdî,Pirtûkxaneyên farisî,Pirtûkxaneyên erebî,Pirtûkxaneyên tirkî,A,"Şerefname ji bo pirtûkxaneyên kurdî wek çavkaniyeke girîng tê zanîn. Ew dîroka kurdan a berfireh vedibêje, û ji bo vê yekê wek çavkaniyeke bingehîn tê zanîn.",2,verified,https://en.wikipedia.org/wiki/Sharafname,approved,0.95,
ds_dirok_0026,ku-kmr,Dîrok,Hawar kovara ewil a bi kîjan zimanî bû?,Tirkî,Kurdî,Erebî,Farisî,B,Hawar di sala 1932an de li Şamê bi zimanê Kurdî hate weşandin. Ew kovara ewil bû ku bi alfabeya Latînî ya Kurdî derket.,1,verified,https://en.wikipedia.org/wiki/Hawar_(magazine),approved,0.95,
ds_dirok_0027,ku-kmr,Dîrok,Kîjan kesayetî Hawar derxist û rêvebir?,Nûredîn Zaza,Qedrîcan,Celadet Alî Bedirxan,Osman Sebrî,C,"Celadet Alî Bedirxan, kurê Emîr Emin Alî Bedirxan, Hawar derxist û rêvebir. Ew yek ji avakerên alfabeya Kurdî ya Latînî bû.",1,verified,https://en.wikipedia.org/wiki/Celadet_Alî_Bedirxan,approved,0.95,
ds_dirok_0028,ku-kmr,Dîrok,Hawar di kîjan bajarî de hate weşandin?,Stenbol,Qahîre,Bexda,Şam,D,"Hawar li Şamê, paytexta Sûriyeyê, hate weşandin. Celadet Alî Bedirxan piştî koçkirina ji Tirkiyeyê li wir bi cih bûbû.",2,verified,https://en.wikipedia.org/wiki/Hawar_(magazine),approved,0.95,
ds_dirok_0029,ku-kmr,Dîrok,Hawar di sala çendan de dest pê kir?,1932,1925,1943,1950,A,Hawar di 15ê gulana 1932an de dest bi weşanê kir. Ew heta sala 1943an bi navberan derket.,1,verified,https://en.wikipedia.org/wiki/Hawar_(magazine),approved,0.95,
ds_dirok_0030,ku-kmr,Dîrok,Kîjan kesayetî bi navê Mîrê Cizîrê jî tê zanîn?,Bedirxan Paşa,Celadet Alî Bedirxan,Emin Alî Bedirxan,Sûreyya Bedirxan,B,Celadet Alî Bedirxan ji ber eslê xwe yê mîrîtî û rolên xwe yên siyasî wek Mîrê Cizîrê dihat nasîn. Ew ji malbata Bedirxaniyan bû.,2,verified,https://en.wikipedia.org/wiki/Celadet_Alî_Bedirxan,approved,0.95,
ds_dirok_0031,ku-kmr,Dîrok,"Hawar ji bilî kovarê, di warê çi de jî girîng bû?",Çandina genim,Avakirina rêyan,Alfabeya Kurdî,Çêkirina çekan,C,"Hawar ji bo pejirandina alfabeya Latînî ya Kurdî ya ku Celadet Alî Bedirxan pêşve bir, roleke bingehîn lîst. Kovar vê alfabeyê belav kir.",2,verified,https://en.wikipedia.org/wiki/Hawar_(magazine),approved,0.95,
ds_dirok_0032,ku-kmr,Dîrok,Bedirxan Paşa di kîjan sedsalê de li herêma Cizîrê hukum dikir?,Sedsala 18an,Sedsala 20an,Sedsala 17an,Sedsala 19an,D,"Bedirxan Paşa di nîvê sedsala 19an de, bi taybetî di navbera 1842 û 1847an de, li mîrektiya Cizîrê hukum dikir.",2,verified,https://en.wikipedia.org/wiki/Bedir_Khan_Beg,approved,0.95,
ds_dirok_0033,ku-kmr,Dîrok,"Piştî têkçûna serhildana Bedirxan Paşa, ew bi kîjan dewletê re têkildar bû?",Împaratoriya Osmanî,Împaratoriya Rûsî,Împaratoriya Brîtanî,Împaratoriya Fransî,A,"Bedirxan Paşa li dijî Împaratoriya Osmanî serhildan kir, lê piştî têkçûnê hate girtin û sirgûn kirin. Ew bi eslê xwe ji vê dewletê bû.",2,verified,https://en.wikipedia.org/wiki/Bedir_Khan_Beg,approved,0.95,
ds_dirok_0034,ku-kmr,Dîrok,Kîjan kesayetî kurê Bedirxan Paşa bû?,Celadet Alî Bedirxan,Emin Alî Bedirxan,Sûreyya Bedirxan,Kamiran Alî Bedirxan,B,Emin Alî Bedirxan kurê Bedirxan Paşa bû. Ew bavê Celadet û Kamiran Bedirxan e û di xebatên kurdî de rolek lîstiye.,3,verified,https://en.wikipedia.org/wiki/Bedir_Khan_Beg,approved,0.95,
ds_dirok_0035,ku-kmr,Dîrok,Hawar çend hejmar bi giştî derketin?,23,30,57,100,C,Hawar bi giştî 57 hejmar derketin. Ev hejmar di navbera salên 1932 û 1943an de hatin weşandin.,3,verified,https://en.wikipedia.org/wiki/Hawar_(magazine),approved,0.95,
ds_dirok_0036,ku-kmr,Dîrok,Celadet Alî Bedirxan bi kîjan zanyarî re hevkarî kir ji bo alfabeya Kurdî?,Vladimir Minorsky,Basil Nikitin,Thomas Bois,Roger Lescot,D,Celadet Alî Bedirxan bi zanyarê fransî Roger Lescot re hevkarî kir. Ew bi hev re li ser alfabeya Kurdî ya Latînî xebitîn.,3,verified,https://en.wikipedia.org/wiki/Roger_Lescot,approved,0.95,
ds_dirok_0037,ku-kmr,Dîrok,Hawar çi cure kovar bû?,Kovara edebî û çandî,Kovara zanistî,Kovara sporê,Kovara aborî,A,"Hawar kovara edebî û çandî bû ku di nav de helbest, çîrok, gotar û lêkolînên li ser ziman û çanda Kurdî dihatin weşandin.",1,verified,https://en.wikipedia.org/wiki/Hawar_(magazine),approved,0.95,
ds_dirok_0038,ku-kmr,Dîrok,Bedirxan Paşa bi kîjan navî jî tê zanîn?,Mîr Bedir,Bedirxan Beg,Xan Bedir,Begê Bedir,B,Bedirxan Paşa bi navê Bedirxan Beg jî tê zanîn. Ew serokê mîrektiya Cizîrê bû û bi navê xwe yê tirkî yê osmanî jî dihat nasîn.,2,verified,https://en.wikipedia.org/wiki/Bedir_Khan_Beg,approved,0.95,
ds_dirok_0039,ku-kmr,Dîrok,Kîjan nivîskar di Hawarê de bi navê Xoybûnê dihat nasîn?,Qedrîcan,Nûredîn Zaza,Celadet Alî Bedirxan,Osman Sebrî,C,"Celadet Alî Bedirxan di Hawarê de bi navê Xoybûnê dihat nasîn, ji ber ku ew endamê rêxistina Xoybûnê bû.",3,verified,https://en.wikipedia.org/wiki/Celadet_Alî_Bedirxan,approved,0.95,
ds_dirok_0040,ku-kmr,Dîrok,Hawar di kîjan welatî de hate weşandin?,Tirkiye,Iraq,Îran,Sûriye,D,"Hawar li Sûriyeyê, bi taybetî li Şamê, hate weşandin. Ev ji ber koçkirina Celadet Alî Bedirxan bû.",1,verified,https://en.wikipedia.org/wiki/Hawar_(magazine),approved,0.95,
ds_dirok_0041,ku-kmr,Dîrok,Bedirxan Paşa li dijî kîjan dewletê serhildan kir?,Împaratoriya Osmanî,Împaratoriya Farisî,Împaratoriya Rûsî,Împaratoriya Brîtanî,A,Bedirxan Paşa di salên 1840î de li dijî Împaratoriya Osmanî serhildan kir. Ew dixwest mîrektiya xwe ya Cizîrê biparêze.,2,verified,https://en.wikipedia.org/wiki/Bedir_Khan_Beg,approved,0.95,
ds_dirok_0042,ku-kmr,Dîrok,Kîjan kesayetî biraziyê Celadet Alî Bedirxan bû?,Sûreyya Bedirxan,Kamiran Alî Bedirxan,Emin Alî Bedirxan,Bedirxan Paşa,B,"Kamiran Alî Bedirxan kurê Emin Alî Bedirxan bû, ku birayê Celadet bû. Ji ber vê yekê ew biraziyê Celadet bû.",3,verified,https://en.wikipedia.org/wiki/Kamuran_Alî_Bedirxan,approved,0.95,
ds_dirok_0043,ku-kmr,Dîrok,Hawar ji bo kîjan alfabeyê wek çavkaniya sereke tê zanîn?,Alfabeya Erebî ya Kurdî,Alfabeya Kirîlî ya Kurdî,Alfabeya Latînî ya Kurdî,Alfabeya Tirkî,C,Hawar ji bo belavkirina alfabeya Latînî ya Kurdî wek çavkaniya sereke tê zanîn. Ev alfabe ji aliyê Celadet Alî Bedirxan ve hate pêşve xistin.,1,verified,https://en.wikipedia.org/wiki/Hawar_(magazine),approved,0.95,
ds_dirok_0044,ku-kmr,Dîrok,Bedirxan Paşa di kîjan herêmê de hukum dikir?,Botan,Mêrdîn,Riha,Cizîr,D,"Bedirxan Paşa li herêma Cizîrê, ku di navbera Sûriye û Tirkiyeyê de ye, hukum dikir. Ew serokê mîrektiya Cizîrê bû.",2,verified,https://en.wikipedia.org/wiki/Bedir_Khan_Beg,approved,0.95,
ds_dirok_0045,ku-kmr,Dîrok,Celadet Alî Bedirxan di kîjan bajarî de hatiye dinyayê?,Stenbol,Şam,Qahîre,Bexda,A,Celadet Alî Bedirxan di sala 1893an de li Stenbolê hatiye dinyayê. Ew ji malbata Bedirxaniyan bû.,2,verified,https://en.wikipedia.org/wiki/Celadet_Alî_Bedirxan,approved,0.95,
ds_dirok_0046,ku-kmr,Dîrok,Hawar di kîjan salê de rawestiya?,1945,1943,1950,1938,B,Hawar di sala 1943an de rawestiya. Ew bi giştî 57 hejmar derketin û piştre weşana xwe qedand.,1,verified,https://en.wikipedia.org/wiki/Hawar_(magazine),approved,0.95,
ds_dirok_0047,ku-kmr,Dîrok,Kîjan kesayetî bi navê Mîrê Cizîrê tê zanîn?,Bedirxan Paşa,Emin Alî Bedirxan,Celadet Alî Bedirxan,Sûreyya Bedirxan,C,Celadet Alî Bedirxan ji ber eslê xwe yê mîrîtî û rolên xwe yên siyasî wek Mîrê Cizîrê dihat nasîn. Ew ji malbata Bedirxaniyan bû.,2,verified,https://en.wikipedia.org/wiki/Celadet_Alî_Bedirxan,approved,0.95,
ds_dirok_0048,ku-kmr,Dîrok,Hawar bi kîjan awayî hate weşandin?,Bi alfabeya Erebî,Bi alfabeya Kirîlî,Bi alfabeya Îbranî,Bi alfabeya Latînî,D,Hawar bi alfabeya Latînî ya Kurdî hate weşandin. Ev yek ji taybetmendiyên wê yên herî girîng bû.,1,verified,https://en.wikipedia.org/wiki/Hawar_(magazine),approved,0.95,
ds_dirok_0049,ku-kmr,Dîrok,Bedirxan Paşa di kîjan sala de derbasî dinyayê bû?,1869,1875,1880,1850,A,Bedirxan Paşa di sala 1869an de li Şamê derbasî dinyayê bû. Ew piştî serhildana xwe li wir sirgûn bû.,3,verified,https://en.wikipedia.org/wiki/Bedir_Khan_Beg,approved,0.95,
ds_dirok_0050,ku-kmr,Dîrok,Kîjan kesayetî bi navê Hawarê ve têkildar e?,Qedrîcan,Celadet Alî Bedirxan,Nûredîn Zaza,Osman Sebrî,B,Celadet Alî Bedirxan bi navê Hawarê ve têkildar e ji ber ku ew derxist û rêvebir. Ew yek ji kesayetiyên herî girîng ên kovara Hawarê bû.,1,verified,https://en.wikipedia.org/wiki/Hawar_(magazine),approved,0.95,
ds_dirok_0051,ku-kmr,Dîrok,Kîjan bajarê Mezopotamyayê wekî paytexta împaratoriya Babîlê dihat naskirin?,Ur,Nînova,Babîl,Akkad,C,"Babîl bû paytexta împaratoriya Babîlê, nemaze di serdema Hamûrabî de. Ur bajarê Sumeriyan bû, Nînova paytexta Asûriyan bû, Akkad jî paytexta împaratoriya Akkadê bû.",1,verified,https://en.wikipedia.org/wiki/Babylon,approved,0.95,
ds_dirok_0052,ku-kmr,Dîrok,Kîjan zimanê herî kevn a nivîskî ya ku ji Mezopotamyayê hatiye dîtin?,Akkadî,Elamî,Aramî,Sumerî,D,"Sumerî zimanê herî kevn e ku bi nivîsî hatiye dîtin, li dora 3000 sal berî zayînê. Akkadî paşê derket, Elamî û Aramî jî zimanên din ên herêmê bûn.",1,verified,https://en.wikipedia.org/wiki/Sumerian_language,approved,0.95,
ds_dirok_0053,ku-kmr,Dîrok,Kîjan kesayetî qanûnên navdar ên Babîlê çêkirin?,Hamûrabî,Sargon,Naram-Sîn,Gudea,A,"Hamûrabî, padîşahê Babîlê, qanûnên ku bi navê wî têne zanîn çêkirin. Sargon û Naram-Sîn padîşahên Akkadê bûn, Gudea jî hukimdarê Lagashê bû.",1,verified,https://en.wikipedia.org/wiki/Hammurabi,approved,0.95,
ds_dirok_0054,ku-kmr,Dîrok,Di serdema kîjan şaristaniyê de nivîsîna bi tîpên çivîk (cuneiform) pêş ket?,Babîlî,Sumerî,Asûrî,Akkadî,B,"Nivîsîna bi tîpên çivîk ji aliyê Sumeriyan ve hate îcad kirin û pêş ket. Babîlî, Asûrî û Akkadî paşê vê nivîsînê bi kar anîn.",1,verified,https://en.wikipedia.org/wiki/Cuneiform,approved,0.95,
ds_dirok_0055,ku-kmr,Dîrok,Kîjan bajarê Sumeriyan wekî navenda perestgeha girîng a Enlil dihat naskirin?,Ur,Uruk,Nippur,Lagash,C,"Nippur bajarê pîroz ê Sumeriyan bû, ku perestgeha Enlil lê bû. Ur, Uruk û Lagash jî bajarên girîng bûn, lê Nippur ji bo Enlil dihat naskirin.",2,verified,https://en.wikipedia.org/wiki/Nippur,approved,0.95,
ds_dirok_0056,ku-kmr,Dîrok,Kîjan împaratoriya Mezopotamyayê yekem car yekîtiya siyasî ya herêmê ava kir?,Sumer,Babîl,Asûr,Akkad,D,"Împaratoriya Akkadê, ku ji aliyê Sargon ve hate avakirin, yekem împaratoriya ku Mezopotamyayê yek kir. Sumer, Babîl û Asûr paşê hatin.",2,verified,https://en.wikipedia.org/wiki/Akkadian_Empire,approved,0.95,
ds_dirok_0057,ku-kmr,Dîrok,Kîjan padîşahê Babîlê baxçeyên daleqandî yên navdar ava kirin?,Nebukadnezar II,Hamûrabî,Sargon,Aşurbanipal,A,"Nebukadnezar II bi baxçeyên daleqandî yên Babîlê tê naskirin, yek ji heft ecêbên cîhanê. Hamûrabî qanûn çêkirin, Sargon Akkadê, Aşurbanipal jî Asûrê bû.",2,verified,https://en.wikipedia.org/wiki/Nebuchadnezzar_II,approved,0.95,
ds_dirok_0058,ku-kmr,Dîrok,Kîjan bajarê Mezopotamyayê paytexta împaratoriya Asûrê bû?,Babîl,Nînova,Ur,Uruk,B,"Nînova bû paytexta împaratoriya Asûrê, nemaze di serdema Sennacherib de. Babîl paytexta Babîlê bû, Ur û Uruk jî bajarên Sumeriyan bûn.",1,verified,https://en.wikipedia.org/wiki/Nineveh,approved,0.95,
ds_dirok_0059,ku-kmr,Dîrok,Kîjan padîşahê Akkadê împaratoriya yekem a dinyayê ava kir?,Naram-Sîn,Rimush,Sargon,Manishtushu,C,"Sargon wekî avakerê împaratoriya Akkadê tê zanîn, ku yekem împaratoriya pir-neteweyî bû. Naram-Sîn neviyê wî bû, Rimush û Manishtushu jî kurên wî bûn.",1,verified,https://en.wikipedia.org/wiki/Sargon_of_Akkad,approved,0.95,
ds_dirok_0060,ku-kmr,Dîrok,Kîjan şaristaniya Mezopotamyayê ji bo îcadkirina çerxê tê naskirin?,Akkadî,Babîlî,Asûrî,Sumerî,D,"Sumeriyan çerx îcad kirin, ku ji bo wesayît û çêkirina seramîkê girîng bû. Akkadî, Babîlî û Asûrî paşê vê teknolojiyê bi kar anîn.",2,verified,https://en.wikipedia.org/wiki/Wheel,approved,0.95,
ds_dirok_0061,ku-kmr,Dîrok,Di kîjan serdemê de Babîl bû navenda çandî û zanistî ya herêmê?,Serdema Neo-Babîl,Serdema Paleo-Babîl,Serdema Sumerî,Serdema Akkadî,A,"Di serdema Neo-Babîl de, Babîl geş bû û bû navenda çandî û zanistî, bi xwendina stêrnasiyê û matematîkê. Paleo-Babîl jî girîng bû, lê Neo-Babîl zêdetir pêş ket.",3,verified,https://en.wikipedia.org/wiki/Neo-Babylonian_Empire,approved,0.95,
ds_dirok_0062,ku-kmr,Dîrok,Kîjan padîşahê Asûrê pirtûkxaneya navdar a Nînovayê ava kir?,Sargon II,Aşurbanipal,Sennacherib,Tiglath-Pileser III,B,"Aşurbanipal pirtûkxaneya navdar a Nînovayê ava kir, ku bi hezaran tekstên çivîk tê de bûn. Sargon II, Sennacherib û Tiglath-Pileser III padîşahên din bûn.",2,verified,https://en.wikipedia.org/wiki/Ashurbanipal,approved,0.95,
ds_dirok_0063,ku-kmr,Dîrok,Kîjan bajarê Sumeriyan wekî navenda zanîngeha kevnare dihat naskirin?,Uruk,Eridu,Ur,Shuruppak,C,"Ur bajarê girîng ê Sumeriyan bû, ku navenda perwerdehiyê û zanînê bû. Uruk, Eridu û Shuruppak jî bajarên din bûn, lê Ur ji bo zanîngeha xwe dihat naskirin.",2,verified,https://en.wikipedia.org/wiki/Ur,approved,0.95,
ds_dirok_0064,ku-kmr,Dîrok,Kîjan destkeftiya Sumeriyan ji bo çandiniyê bû sedema pêşketina şaristaniyê?,Çerx,Nivîsîn,Metal,Avdanî,D,"Avdanî ji bo çandiniyê girîng bû, ku destûr da Sumeriyan ku di axa hişk de çandinê bikin. Çerx, nivîsîn û metal jî girîng bûn, lê avdanî bingeh bû.",2,verified,https://en.wikipedia.org/wiki/Agriculture_in_Mesopotamia,approved,0.95,
ds_dirok_0065,ku-kmr,Dîrok,Kîjan padîşahê Babîlê qanûnên ku bi navê wî têne zanîn nivîsand?,Hamûrabî,Nebukadnezar I,Nabopolassar,Marduk-zakir-shumi,A,"Hamûrabî, padîşahê Babîlê, qanûnên navdar ên Hamûrabî nivîsand, ku yek ji kevntirîn qanûnên nivîskî ne. Nebukadnezar I, Nabopolassar û Marduk-zakir-shumi padîşahên din bûn.",1,verified,https://en.wikipedia.org/wiki/Code_of_Hammurabi,approved,0.95,
ds_dirok_0066,ku-kmr,Dîrok,Di kîjan serdemê de împaratoriya Akkadê ket xwarê?,Piştî mirina Sargon,Piştî Naram-Sîn,Piştî Gudea,Piştî Hamûrabî,B,"Împaratoriya Akkadê piştî serdestiya Naram-Sîn ket xwarê, ji ber êrişên Gutilan. Sargon ava kir, Gudea hukimdarê Lagashê bû, Hamûrabî jî Babîlê bû.",3,verified,https://en.wikipedia.org/wiki/Akkadian_Empire,approved,0.95,
ds_dirok_0067,ku-kmr,Dîrok,Kîjan bajarê Mezopotamyayê wekî navenda bazirganiya deryayî dihat naskirin?,Uruk,Eridu,Ur,Lagash,C,"Ur bajarê bazirganiya deryayî bû, ku bi Kendava Farisî ve girêdayî bû. Uruk, Eridu û Lagash jî bajarên girîng bûn, lê Ur ji bo bazirganiya xwe dihat naskirin.",2,verified,https://en.wikipedia.org/wiki/Ur,approved,0.95,
ds_dirok_0068,ku-kmr,Dîrok,Kîjan zimanê Mezopotamyayê ji bo nivîsîna fermî di serdema Babîlê de dihat bikaranîn?,Sumerî,Aramî,Elamî,Akkadî,D,"Akkadî zimanê fermî yê Babîlê bû, ku ji bo nivîsîn û qanûnan dihat bikaranîn. Sumerî zimanê olî bû, Aramî paşê belav bû, Elamî jî li rojhilat bû.",2,verified,https://en.wikipedia.org/wiki/Akkadian_language,approved,0.95,
ds_dirok_0069,ku-kmr,Dîrok,Kîjan padîşahê Asûrê Nînova ava kir wekî paytexta xwe?,Sennacherib,Sargon II,Tiglath-Pileser III,Esarhaddon,A,"Sennacherib Nînova kir paytexta Asûrê û wê ava kir. Sargon II, Tiglath-Pileser III û Esarhaddon padîşahên din bûn, lê Sennacherib Nînova ava kir.",2,verified,https://en.wikipedia.org/wiki/Sennacherib,approved,0.95,
ds_dirok_0070,ku-kmr,Dîrok,Kîjan şaristaniya Mezopotamyayê ji bo îcadkirina matematîkê ya bingehîn tê naskirin?,Sumerî,Babîlî,Akkadî,Asûrî,B,"Babîliyan matematîkê pêş xistin, wekî pergala şêstî (base-60). Sumerî dest pê kir, Akkadî û Asûrî jî paşê, lê Babîlî ji bo matematîkê têne naskirin.",2,verified,https://en.wikipedia.org/wiki/Babylonian_mathematics,approved,0.95,
ds_dirok_0071,ku-kmr,Dîrok,Di kîjan serdemê de Babîl ji aliyê kîjan miletî ve hate hilweşandin?,"Serdema Neo-Babîl, ji aliyê Asûrî","Serdema Paleo-Babîl, ji aliyê Akkadî","Serdema Neo-Babîl, ji aliyê Farisî","Serdema Paleo-Babîl, ji aliyê Sumerî",C,"Di serdema Neo-Babîl de, Farisî di bin serokatiya Kûruş de Babîl hilweşandin. Asûrî, Akkadî û Sumerî berê hatin hilweşandin.",3,verified,https://en.wikipedia.org/wiki/Fall_of_Babylon,approved,0.95,
ds_dirok_0072,ku-kmr,Dîrok,Kîjan bajarê Sumeriyan wekî navenda perestgeha Inanna dihat naskirin?,Ur,Nippur,Eridu,Uruk,D,"Uruk bajarê navenda perestgeha Inanna (Îştar) bû, ku yek ji girîngtirîn xwedawendên Sumeriyan bû. Ur, Nippur û Eridu jî bajarên din bûn.",2,verified,https://en.wikipedia.org/wiki/Uruk,approved,0.95,
ds_dirok_0073,ku-kmr,Dîrok,Kîjan padîşahê Akkadê bi navê Xwedayê xwe dihat naskirin?,Naram-Sîn,Sargon,Rimush,Manishtushu,A,"Naram-Sîn yekem padîşah bû ku xwe wekî xwedayê xwe dît. Sargon bavê wî bû, Rimush û Manishtushu kurên Sargon bûn.",2,verified,https://en.wikipedia.org/wiki/Naram-Sin,approved,0.95,
ds_dirok_0074,ku-kmr,Dîrok,Kîjan bajarê Mezopotamyayê wekî navenda olî ya Sumeriyan dihat naskirin?,Ur,Eridu,Uruk,Nippur,B,"Eridu wekî bajarê herî kevn ê Sumeriyan û navenda olî dihat naskirin, ku perestgeha Enki lê bû. Ur, Uruk û Nippur jî bajarên olî bûn, lê Eridu bingeh bû.",2,verified,https://en.wikipedia.org/wiki/Eridu,approved,0.95,
ds_dirok_0075,ku-kmr,Dîrok,Med împaratoriyê di kîjan serdemê de li Rojhilata Navîn hukum kiriye?,Sedsala 5'an û 4'an berî zayînê,Sedsala 2'an û 3'yan piştî zayînê,Sedsala 8'an û 7'an berî zayînê,Sedsala 10'an û 11'an piştî zayînê,C,"Medan di sedsala 8'an û 7'an berî zayînê de împaratoriyeke mezin ava kiribû, navenda wê jî li bakurê rojhilatê Mezopotamyayê bû.",1,verified,https://en.wikipedia.org/wiki/Medes,approved,0.95,
ds_dirok_0076,ku-kmr,Dîrok,Kîjan bajarê Medan wekî paytexta wan dihat zanîn?,Babilon,Nînova,Persepolis,Ekbatan,D,"Ekbatan, ango Hemedana îro, paytexta Medan bû û ji aliyê dîroknasan ve wekî navenda siyasî ya wan tê nasîn.",1,verified,https://en.wikipedia.org/wiki/Ecbatana,approved,0.95,
ds_dirok_0077,ku-kmr,Dîrok,Kîjan padîşahê Medan bi navê bavê Keyxusrew tê zanîn?,Kiyaksar,Fraortes,Astyages,Deioces,A,Kiyaksar kurê Fraortes bû û bavê Keyxusrew; ew wekî padîşahê Medan di sedsala 7'an berî zayînê de hukum kiriye.,2,verified,https://en.wikipedia.org/wiki/Cyaxares,approved,0.95,
ds_dirok_0078,ku-kmr,Dîrok,Medan bi kîjan şaristaniyê re şerê herî mezin kir?,Misriyan,Asûran,Yewnaniyan,Romayiyan,B,Medan bi Asûran re şerên dijwar kirin û di dawiyê de bi hevkariya Babîliyan Asûr hilweşandin.,1,verified,https://en.wikipedia.org/wiki/Medo-Babylonian_conquest_of_the_Assyrian_Empire,approved,0.95,
ds_dirok_0079,ku-kmr,Dîrok,"Kîjan şaristaniya kevn a ku li herêma Kurdistanê jî hebû, bi tîpên çivîk dinivîsand?",Fenîkiyan,Îbraniyan,Sumeriyan,Aramiyan,C,"Sumeriyan yekem car tîpên çivîk îcad kirin, ku paşê ji aliyê Akkadiyan, Babîliyan û Asûran ve hate bikaranîn.",1,verified,https://en.wikipedia.org/wiki/Cuneiform,approved,0.95,
ds_dirok_0080,ku-kmr,Dîrok,Kîjan padîşahê Akkadê împaratoriya yekem a dinyayê ava kir?,Hammurabi,Nebukadnezar,Aşurbanipal,Sargon,D,"Sargonê Akkadî di sedsala 24'an berî zayînê de împaratoriya yekem a dinyayê ava kir, ku ji Mezopotamyayê heta Anatolyayê dirêj bû.",2,verified,https://en.wikipedia.org/wiki/Sargon_of_Akkad,approved,0.95,
ds_dirok_0081,ku-kmr,Dîrok,Kîjan qanûnên navdar ên Babîlê di sedsala 18'an berî zayînê de hatin nivîsandin?,Qanûnên Hammurabi,Qanûnên Nînovayê,Qanûnên Ekbatanê,Qanûnên Persepolisê,A,Qanûnên Hammurabi yek ji qanûnên herî kevn ên nivîskî yên dinyayê ne û li Babîlê hatin afirandin.,1,verified,https://en.wikipedia.org/wiki/Code_of_Hammurabi,approved,0.95,
ds_dirok_0082,ku-kmr,Dîrok,Di kîjan şer de Medan û Babîliyan bi hev re Asûr hilweşandin?,Şerê Karkemîşê,Şerê Nînovayê,Şerê Megîdoyê,Şerê Salamînê,B,"Di sala 612'an berî zayînê de, Medan û Babîliyan bi hev re Nînova, paytexta Asûran, hilweşand û ev bû dawiya împaratoriya Asûrê.",2,verified,https://en.wikipedia.org/wiki/Battle_of_Nineveh_(612_BC),approved,0.95,
ds_dirok_0083,ku-kmr,Dîrok,Kîjan padîşahê Medan bi keybanûya Babîlê re zewicî?,Astyages,Fraortes,Kiyaksar,Deioces,C,"Kiyaksar bi Amytis, keça padîşahê Babîlê, re zewicî, ku ev yek bû sedema hevkariya di navbera her du împaratoriyan de.",3,verified,https://en.wikipedia.org/wiki/Amytis_of_Media,approved,0.95,
ds_dirok_0084,ku-kmr,Dîrok,Kîjan împaratorî piştî hilweşandina Medan li herêmê derket holê?,Împaratoriya Seleukî,Împaratoriya Efxanî,Împaratoriya Sasaniyan,Împaratoriya Hexamenişî,D,"Piştî ku Keyxusrew Medan têk bir, împaratoriya Hexamenişî ava bû, ku ji aliyê kurê wî Kambîses ve hat domandin.",2,verified,https://en.wikipedia.org/wiki/Achaemenid_Empire,approved,0.95,
ds_dirok_0085,ku-kmr,Dîrok,"Kîjan bajarê kevn ê ku li Kurdistanê bû, navenda împaratoriya Medan bû?",Ekbatan,Babîl,Nînova,Ur,A,"Ekbatan, ku îro wekî Hemedan tê zanîn, paytexta Medan bû û li bakurê rojhilatê Kurdistanê ye.",1,verified,https://en.wikipedia.org/wiki/Ecbatana,approved,0.95,
ds_dirok_0086,ku-kmr,Dîrok,Kîjan padîşahê Medan bi navê Deioces jî tê zanîn?,Fraortes,Deioces,Kiyaksar,Astyages,B,Deioces yekem padîşahê Medan bû ku bi navê xwe hatiye tomar kirin û wekî damezrînerê împaratoriya Medan tê hesibandin.,2,verified,https://en.wikipedia.org/wiki/Deioces,approved,0.95,
ds_dirok_0087,ku-kmr,Dîrok,"Kîjan şaristaniya kevn a ku li herêma Kurdistanê jî hebû, bi tîpên çivîk dinivîsand?",Fenîkiyan,Îbraniyan,Sumeriyan,Aramiyan,C,"Sumeriyan yekem car tîpên çivîk îcad kirin, ku paşê ji aliyê Akkadiyan, Babîliyan û Asûran ve hate bikaranîn.",1,verified,https://en.wikipedia.org/wiki/Cuneiform,approved,0.95,
ds_dirok_0088,ku-kmr,Dîrok,Kîjan padîşahê Babîlê baxçeyên daleqandî yên navdar ava kirin?,Hammurabi,Sargon,Aşurbanipal,Nebukadnezar II,D,"Nebukadnezar II di sedsala 6'an berî zayînê de baxçeyên daleqandî yên Babîlê ava kirin, ku yek ji heft ecêbên dinyayê ne.",1,verified,https://en.wikipedia.org/wiki/Hanging_Gardens_of_Babylon,approved,0.95,
ds_dirok_0089,ku-kmr,Dîrok,Kîjan padîşahê Asûrê pirtûkxaneya navdar a Nînovayê ava kir?,Aşurbanipal,Sargon,Hammurabi,Nebukadnezar,A,"Aşurbanipal di sedsala 7'an berî zayînê de pirtûkxaneya Nînovayê ava kir, ku bi hezaran tabletên çivîk tê de hebûn.",2,verified,https://en.wikipedia.org/wiki/Library_of_Ashurbanipal,approved,0.95,
ds_dirok_0090,ku-kmr,Dîrok,Di kîjan serdemê de Medan bi împaratoriya Hexamenişî re têkildar bûn?,Sedsala 3'yan piştî zayînê,Sedsala 6'an berî zayînê,Sedsala 1'ê piştî zayînê,Sedsala 9'an berî zayînê,B,"Di sedsala 6'an berî zayînê de, Keyxusrew Medan têk bir û împaratoriya Hexamenişî ava kir, ku Medan jî di nav de bûn.",2,verified,https://en.wikipedia.org/wiki/Medes,approved,0.95,
ds_dirok_0091,ku-kmr,Dîrok,Kîjan bajarê Mezopotamyayê wekî navenda perestgeha Enlil dihat naskirin?,Babîl,Ur,Nîppur,Eridu,C,"Nîppur navenda perestgeha Enlil bû, ku xwedayê herî girîng ê Sumeriyan bû, û ji ber vê yekê bû navenda olî ya herêmê.",3,verified,https://en.wikipedia.org/wiki/Nippur,approved,0.95,
ds_dirok_0092,ku-kmr,Dîrok,Kîjan padîşahê Medan bi navê Astyages tê zanîn?,Kiyaksar,Fraortes,Deioces,Astyages,D,Astyages padîşahê Medan bû ku di sedsala 6'an berî zayînê de hukum kir û ji aliyê Keyxusrew ve hate têk birin.,2,verified,https://en.wikipedia.org/wiki/Astyages,approved,0.95,
ds_dirok_0093,ku-kmr,Dîrok,"Kîjan şaristaniya kevn a ku li herêma Kurdistanê jî hebû, bi tîpên çivîk dinivîsand?",Sumeriyan,Fenîkiyan,Îbraniyan,Aramiyan,A,"Sumeriyan yekem car tîpên çivîk îcad kirin, ku paşê ji aliyê Akkadiyan, Babîliyan û Asûran ve hate bikaranîn.",1,verified,https://en.wikipedia.org/wiki/Cuneiform,approved,0.95,
ds_dirok_0094,ku-kmr,Dîrok,Kîjan padîşahê Akkadê bi navê Xwedayê xwe dihat naskirin?,Sargon,Naram-Sîn,Hammurabi,Aşurbanipal,B,Naram-Sîn yekem padîşah bû ku bi navê Xwedayê xwe dihat naskirin û di sedsala 23'an berî zayînê de hukum kir.,3,verified,https://en.wikipedia.org/wiki/Naram-Sin_of_Akkad,approved,0.95,
ds_dirok_0095,ku-kmr,Dîrok,Kîjan bajarê Mezopotamyayê wekî navenda olî ya Sumeriyan dihat naskirin?,Babîl,Ur,Nîppur,Eridu,C,"Nîppur navenda olî ya Sumeriyan bû, ku perestgeha Enlil lê bû, û ji bo hemû şaristaniyên Mezopotamyayê girîng bû.",2,verified,https://en.wikipedia.org/wiki/Nippur,approved,0.95,
ds_dirok_0096,ku-kmr,Dîrok,Kîjan padîşahê Asûrê Nînova wekî paytexta xwe ava kir?,Aşurbanipal,Sargon,Hammurabi,Sennacherib,D,Sennacherib di sedsala 7'an berî zayînê de Nînova wekî paytexta împaratoriya Asûrê ava kir û wê bajarê herî mezin ê dinyayê kir.,2,verified,https://en.wikipedia.org/wiki/Sennacherib,approved,0.95,
ds_dirok_0097,ku-kmr,Dîrok,Di kîjan serdemê de Babîl ji aliyê kîjan miletî ve hate hilweşandin?,"Sedsala 6'an berî zayînê, ji aliyê Medan","Sedsala 4'an piştî zayînê, ji aliyê Romayiyan","Sedsala 2'an berî zayînê, ji aliyê Yewnaniyan","Sedsala 9'an piştî zayînê, ji aliyê Ereban",A,"Di sala 539'an berî zayînê de, Keyxusrewê Hexamenişî Babîl hilweşand û împaratoriya Babîlê bi dawî anî.",2,verified,https://en.wikipedia.org/wiki/Fall_of_Babylon,approved,0.95,
ds_dirok_0098,ku-kmr,Dîrok,Kîjan bajarê Sumeriyan wekî navenda perestgeha Inanna dihat naskirin?,Nîppur,Uruk,Ur,Eridu,B,"Uruk navenda perestgeha Inanna bû, ku xwedawenda evînê û şer bû, û yek ji bajarên herî kevn ê dinyayê ye.",3,verified,https://en.wikipedia.org/wiki/Uruk,approved,0.95,
ds_dirok_0099,ku-kmr,Dîrok,Kîjan padîşahê Medan bi navê Fraortes tê zanîn?,Kiyaksar,Astyages,Fraortes,Deioces,C,Fraortes padîşahê Medan bû ku di sedsala 7'an berî zayînê de hukum kir û kurê Deioces bû.,2,verified,https://en.wikipedia.org/wiki/Phraortes,approved,0.95,
ds_dirok_0100,ku-kmr,Dîrok,Mîrektiya Cizîrê di kîjan sedsalê de gelek bi hêz bû?,Sedsala 10'an,Sedsala 12'an,Sedsala 19'an,Sedsala 16'an,D,"Mîrektiya Cizîrê di sedsala 16'an de, di serdema Bedirxan Paşa de, gelek bi hêz bû û navenda wê bajarê Cizîrê bû.",2,verified,https://en.wikipedia.org/wiki/Emirate_of_Botan,approved,0.95,
ds_dirok_0101,ku-kmr,Dîrok,"Mîrê Soran ê dawî yê ku bi navê Mîr Mihemed tê zanîn, li dijî kîjan dewletê serhildan kir?",Împaratoriya Osmanî,Împaratoriya Sefewî,Împaratoriya Rûsî,Împaratoriya Brîtanî,A,Mîr Mihemedê Soran di sedsala 19'an de li dijî Împaratoriya Osmanî serhildan kir û hewl da ku mîrektiya xwe berfireh bike.,2,verified,https://en.wikipedia.org/wiki/Soran_Emirate,approved,0.95,
ds_dirok_0102,ku-kmr,Dîrok,Mîrektiya Babanê paytexta xwe li kîjan bajarî ava kir?,Helebçe,Silêmanî,Kerkûk,Mûsil,B,"Mîrektiya Babanê di sedsala 18'an de paytexta xwe li bajarê Silêmanî ava kir, ku ev bajar bi navê wê mîrektiyê hat avakirin.",2,verified,https://en.wikipedia.org/wiki/Baban_(principality),approved,0.95,
ds_dirok_0103,ku-kmr,Dîrok,Kîjan mîrektiya kurdan ji bo demeke dirêj di navbera Împaratoriya Osmanî û Sefewiyan de wek tampon dewlet kar dikir?,Mîrektiya Baban,Mîrektiya Soran,Mîrektiya Hakkariyê,Mîrektiya Botan,C,"Mîrektiya Hakkariyê, ji ber cihê xwe yê stratejîk, di navbera Împaratoriya Osmanî û Sefewiyan de wek tampon dewlet kar dikir.",3,verified,https://en.wikipedia.org/wiki/Hakkari_(historical_region),approved,0.95,
ds_dirok_0104,ku-kmr,Dîrok,Di sala çendan de Împaratoriya Osmanî mîrektiya Babanê hilweşand?,Di sala 1834'an de,Di sala 1855'an de,Di sala 1862'an de,Di sala 1847'an de,D,Împaratoriya Osmanî di sala 1847'an de mîrektiya Babanê hilweşand û desthilatdariya xwe ya rasterast li herêmê bi cih kir.,3,verified,https://en.wikipedia.org/wiki/Baban_(principality),approved,0.95,
ds_dirok_0105,ku-kmr,Dîrok,Mîrektiya Botanê di kîjan herêma Kurdistanê de cih digirt?,Bakurê Kurdistanê,Başûrê Kurdistanê,Rojhilatê Kurdistanê,Rojavayê Kurdistanê,A,"Mîrektiya Botanê li bakurê Kurdistanê, li herêma ku îro wek parêzgeha Şirnexê tê zanîn, cih digirt.",2,verified,https://en.wikipedia.org/wiki/Emirate_of_Botan,approved,0.95,
ds_dirok_0106,ku-kmr,Dîrok,Kîjan kesayetê mîrê dawî yê mîrektiya Soran bû?,Bedirxan Paşa,Mîr Mihemed,Şerefxanê Bidlîsî,Xanê Lepzêrîn,B,"Mîr Mihemed, ku wek Mîrê Kor jî tê zanîn, mîrê dawî yê mîrektiya Soran bû û di sala 1836'an de ji aliyê Osmaniyan ve hate girtin.",2,verified,https://en.wikipedia.org/wiki/Soran_Emirate,approved,0.95,
ds_dirok_0107,ku-kmr,Dîrok,Mîrektiya Babanê di kîjan navbera salan de hukum dikir?,Di navbera 1544 û 1851'an de,Di navbera 1700 û 1800'an de,Di navbera 1649 û 1847'an de,Di navbera 1800 û 1900'an de,C,Mîrektiya Babanê di navbera salên 1649 û 1847'an de li herêma Silêmaniyê hukum dikir.,3,verified,https://en.wikipedia.org/wiki/Baban_(principality),approved,0.95,
ds_dirok_0108,ku-kmr,Dîrok,Bedirxan Paşa di bin desthilatdariya kîjan dewletê de bû?,Împaratoriya Sefewî,Împaratoriya Qacar,Împaratoriya Rûsî,Împaratoriya Osmanî,D,"Bedirxan Paşa, mîrê Botanê, di bin desthilatdariya Împaratoriya Osmanî de bû, her çend ew bi awayekî nîvserbixwe hukum dikir.",1,verified,https://en.wikipedia.org/wiki/Bedir_Khan_Beg,approved,0.95,
ds_dirok_0109,ku-kmr,Dîrok,Mîrektiya Hakkariyê bi giranî ji aliyê kîjan kesayetiyan ve dihat birêvebirin?,Mîrên Hakkariyê,Mîrên Botan,Mîrên Soran,Mîrên Babanê,A,Mîrektiya Hakkariyê ji aliyê mîrên herêmî yên ku bi navê Mîrên Hakkariyê dihatin naskirin ve dihat birêvebirin.,2,verified,https://en.wikipedia.org/wiki/Hakkari_(historical_region),approved,0.95,
ds_dirok_0110,ku-kmr,Dîrok,Kîjan mîrektiya kurdan di sala 1847'an de ji aliyê Osmaniyan ve hate hilweşandin?,Mîrektiya Botanê,Mîrektiya Babanê,Mîrektiya Soran,Mîrektiya Hakkariyê,B,"Mîrektiya Babanê di sala 1847'an de ji aliyê Împaratoriya Osmanî ve hate hilweşandin, piştî ku mîrê wê Mîr Mihemedê Babanî serhildan kiribû.",2,verified,https://en.wikipedia.org/wiki/Baban_(principality),approved,0.95,
ds_dirok_0111,ku-kmr,Dîrok,Mîrê Botanê Bedirxan Paşa di sala çendan de serhildana xwe li dijî Osmaniyan dest pê kir?,Di sala 1847'an de,Di sala 1850'an de,Di sala 1843'an de,Di sala 1855'an de,C,"Bedirxan Paşa di sala 1843'an de serhildana xwe li dijî Împaratoriya Osmanî dest pê kir, lê di sala 1847'an de hate têk birin.",3,verified,https://en.wikipedia.org/wiki/Bedir_Khan_Beg,approved,0.95,
ds_dirok_0112,ku-kmr,Dîrok,Mîrektiya Soranê di kîjan herêmê de cih digirt?,Herêma Dihokê,Herêma Hewlêrê,Herêma Kerkûkê,Herêma Rewandizê,D,"Mîrektiya Soranê li herêma Rewandizê, ku li bakurê Kurdistana Başûr e, cih digirt.",2,verified,https://en.wikipedia.org/wiki/Soran_Emirate,approved,0.95,
ds_dirok_0113,ku-kmr,Dîrok,Kîjan mîrektiya kurdan di sedsala 18'an de li herêma Silêmaniyê hukum dikir?,Mîrektiya Babanê,Mîrektiya Botanê,Mîrektiya Soran,Mîrektiya Hakkariyê,A,Mîrektiya Babanê di sedsala 18'an de li herêma Silêmaniyê hukum dikir û di dîroka kurdan de roleke girîng lîst.,1,verified,https://en.wikipedia.org/wiki/Baban_(principality),approved,0.95,
ds_dirok_0114,ku-kmr,Dîrok,"Bedirxan Paşa piştî têkçûna serhildana xwe, li kîjan welatî hate sirgûnkirin?",Rûsya,Girîtistan,Misir,Fransa,B,"Bedirxan Paşa piştî têkçûna serhildana xwe di sala 1847'an de, bi tevahiya malbata xwe hate sirgûnkirin Giravên Girîtistanê.",2,verified,https://en.wikipedia.org/wiki/Bedir_Khan_Beg,approved,0.95,
ds_dirok_0115,ku-kmr,Dîrok,Mîrektiya Hakkariyê di kîjan navbera salan de hebû?,Di navbera 1500 û 1850'an de,Di navbera 1600 û 1900'an de,Di navbera 1400 û 1847'an de,Di navbera 1700 û 1920'an de,C,Mîrektiya Hakkariyê di navbera salên 1400 û 1847'an de li herêma Hakkariyê hebû.,3,verified,https://en.wikipedia.org/wiki/Hakkari_(historical_region),approved,0.95,
ds_dirok_0116,ku-kmr,Dîrok,Kîjan mîrê Botanê bi navê Mîrê Cizîrê jî tê zanîn?,Mîr Mihemed,Şerefxanê Bidlîsî,Xanê Lepzêrîn,Bedirxan Paşa,D,"Bedirxan Paşa, mîrê Botanê, bi navê Mîrê Cizîrê jî tê zanîn, ji ber ku paytexta wî bajarê Cizîrê bû.",1,verified,https://en.wikipedia.org/wiki/Bedir_Khan_Beg,approved,0.95,
ds_dirok_0117,ku-kmr,Dîrok,Mîrektiya Soranê di kîjan sedsalê de gihîşte lûtkeya hêza xwe?,Sedsala 19'an,Sedsala 16'an,Sedsala 17'an,Sedsala 18'an,A,"Mîrektiya Soranê di sedsala 19'an de, di serdema Mîr Mihemed de, gihîşte lûtkeya hêza xwe.",2,verified,https://en.wikipedia.org/wiki/Soran_Emirate,approved,0.95,
ds_dirok_0118,ku-kmr,Dîrok,Kîjan mîrektiya kurdan li herêma Botanê hukum dikir?,Mîrektiya Babanê,Mîrektiya Botanê,Mîrektiya Soran,Mîrektiya Hakkariyê,B,"Mîrektiya Botanê li herêma Botanê, ku li bakurê Kurdistanê ye, hukum dikir.",1,verified,https://en.wikipedia.org/wiki/Emirate_of_Botan,approved,0.95,
ds_dirok_0119,ku-kmr,Dîrok,Mîr Mihemedê Soran di sala çendan de ji aliyê Osmaniyan ve hate girtin?,Di sala 1840'an de,Di sala 1847'an de,Di sala 1836'an de,Di sala 1850'an de,C,Mîr Mihemedê Soran di sala 1836'an de ji aliyê Osmaniyan ve hate girtin û piştre hate sirgûnkirin.,3,verified,https://en.wikipedia.org/wiki/Soran_Emirate,approved,0.95,
ds_dirok_0120,ku-kmr,Dîrok,Mîrektiya Babanê ji bo kîjan bajarî wek avaker tê zanîn?,Hewlêr,Dihok,Rewandiz,Silêmanî,D,"Mîrektiya Babanê bajarê Silêmaniyê ava kir, ku di sala 1784'an de ji aliyê mîrê Babanê ve hate damezrandin.",2,verified,https://en.wikipedia.org/wiki/Baban_(principality),approved,0.95,
ds_dirok_0121,ku-kmr,Dîrok,Kîjan mîrektiya kurdan ji aliyê Şerefxanê Bidlîsî ve di Şerefnameyê de hatiye behs kirin?,Mîrektiya Botanê,Mîrektiya Babanê,Mîrektiya Soran,Mîrektiya Hakkariyê,A,"Şerefxanê Bidlîsî di Şerefnameyê de mîrektiya Botanê bi berfirehî behs kiriye, ji ber ku ew bi xwe ji vê herêmê bû.",2,verified,https://en.wikipedia.org/wiki/Sharafkhan_Bidlisi,approved,0.95,
ds_dirok_0122,ku-kmr,Dîrok,Bedirxan Paşa di kîjan bajarî de hatiye dinyayê?,Cizîr,Amed,Mûsil,Heleb,B,"Bedirxan Paşa di sala 1802'an de li bajarê Amedê hatiye dinyayê, lê paytexta wî bajarê Cizîrê bû.",2,verified,https://en.wikipedia.org/wiki/Bedir_Khan_Beg,approved,0.95,
ds_dirok_0123,ku-kmr,Dîrok,Mîrektiya Soranê di kîjan navbera salan de hukum dikir?,Di navbera 1600 û 1847'an de,Di navbera 1700 û 1850'an de,Di navbera 1500 û 1836'an de,Di navbera 1800 û 1860'an de,C,Mîrektiya Soranê di navbera salên 1500 û 1836'an de li herêma Rewandizê hukum dikir.,3,verified,https://en.wikipedia.org/wiki/Soran_Emirate,approved,0.95,
ds_dirok_0124,ku-kmr,Dîrok,Kîjan mîrektiya kurdan di sedsala 16'an de li herêma Hakkariyê hukum dikir?,Mîrektiya Botanê,Mîrektiya Babanê,Mîrektiya Soran,Mîrektiya Hakkariyê,D,Mîrektiya Hakkariyê di sedsala 16'an de li herêma Hakkariyê hukum dikir û di navbera Osmanî û Sefewiyan de roleke girîng lîst.,2,verified,https://en.wikipedia.org/wiki/Hakkari_(historical_region),approved,0.95,
ds_dirok_0125,ku-kmr,Dîrok,Kurdistan gazeteya ewil a kurdan di kîjan salê de li Qahîreyê derket?,1898,1908,1918,1928,A,"Kurdistan, wek yekem rojnameya kurdî, di sala 1898'ê de ji aliyê Mîqdad Mîdhat Bedirxan ve li Qahîreyê hate weşandin.",2,verified,https://en.wikipedia.org/wiki/Kurdistan_(newspaper),approved,0.95,
ds_dirok_0126,ku-kmr,Dîrok,Kîjan kesayetî Kurdistan rojnameya ewil derxist?,Celadet Alî Bedirxan,Mîqdad Mîdhat Bedirxan,Hesen Cemil Paşa,Emîn Alî Bedirxan,B,"Mîqdad Mîdhat Bedirxan, kurê Bedirxan Paşa, di sala 1898'ê de Kurdistan li Qahîreyê derxist û ev yekem rojnameya kurdî bû.",2,verified,https://en.wikipedia.org/wiki/Kurdistan_(newspaper),approved,0.95,
ds_dirok_0127,ku-kmr,Dîrok,Kurdistan rojnameyê di kîjan bajarî de dest bi weşanê kir?,Stenbol,Bexda,Qahîre,Şam,C,"Kurdistan rojnameya ewil di 1898'ê de li Qahîreyê, paytexta Misirê, hate weşandin.",1,verified,https://en.wikipedia.org/wiki/Kurdistan_(newspaper),approved,0.95,
ds_dirok_0128,ku-kmr,Dîrok,Kurdistan rojnameyê bi kîjan zimanî dihat weşandin?,Tirkî,Erebî,Farisî,Kurmancî,D,Kurdistan rojnameyê bi zimanê kurdî (Kurmancî) dihat weşandin û ji bo pêşxistina çanda kurdî roleke girîng lîst.,1,verified,https://en.wikipedia.org/wiki/Kurdistan_(newspaper),approved,0.95,
ds_dirok_0129,ku-kmr,Dîrok,Di sala çendan de Kurdistan rojnameyê weşana xwe rawestand?,1902,1905,1910,1915,A,Kurdistan rojnameyê di navbera 1898 û 1902'yan de bi giştî 31 hejmar derketin û piştre weşana xwe rawestand.,3,verified,https://en.wikipedia.org/wiki/Kurdistan_(newspaper),approved,0.95,
ds_dirok_0130,ku-kmr,Dîrok,Kurdistan rojnameya ewil a kurdan di kîjan serdemê de derket?,Serdema Sefewî,Serdema Osmanî,Serdema Memlûkan,Serdema Emevîyan,B,"Kurdistan di serdema Împaratoriya Osmanî de derket, dema ku kurdan li hember siyaseta navendî ya Osmanî dengê xwe bilind dikir.",2,verified,https://en.wikipedia.org/wiki/Kurdistan_(newspaper),approved,0.95,
ds_dirok_0131,ku-kmr,Dîrok,Kurdistan rojnameyê ji bo kîjan armancê hate derxistin?,Belavkirina îslamê,Piştgiriya dewleta Osmanî,Parastina nasnameya kurdî,Pêşxistina zimanê tirkî,C,"Kurdistan rojnameyê ji bo parastina nasnameya kurdî, ziman û çanda kurdan hate derxistin û ji bo hişyariya neteweyî ya kurdan xebitî.",2,verified,https://en.wikipedia.org/wiki/Kurdistan_(newspaper),approved,0.95,
ds_dirok_0132,ku-kmr,Dîrok,Kîjan kesayetî piştî Mîqdad Mîdhat Bedirxan weşana Kurdistan rojnameyê domand?,Celadet Alî Bedirxan,Qedrî Cemil Paşa,Sureyya Bedirxan,Ebdurehman Bedirxan,D,"Piştî ku Mîqdad Mîdhat wefat kir, birayê wî Ebdurehman Bedirxan weşana rojnameyê li Ewropayê domand.",3,verified,https://en.wikipedia.org/wiki/Kurdistan_(newspaper),approved,0.95,
ds_dirok_0133,ku-kmr,Dîrok,Kurdistan rojnameyê di kîjan warî de bandor li ser kurdan kir?,Hişyariya neteweyî,Bazirganiya navneteweyî,Çandiniyê,Pîşesaziyê,A,"Kurdistan rojnameyê bi belavkirina ramanên neteweyî û hişyarkirina kurdan li ser mafên xwe, bû sedema pêşketina hişmendiya neteweyî ya kurdan.",2,verified,https://en.wikipedia.org/wiki/Kurdistan_(newspaper),approved,0.95,
ds_dirok_0134,ku-kmr,Dîrok,Kurdistan rojnameyê bi kîjan awayî dihat belavkirin?,Bi radyoyê,Bi destnivîs û çapê,Bi televîzyonê,Bi înternetê,B,Di wê serdemê de rojname bi awayê çapê dihat belavkirin; Kurdistan jî bi vî awayî dihat weşandin.,1,verified,https://en.wikipedia.org/wiki/Kurdistan_(newspaper),approved,0.95,
ds_dirok_0135,ku-kmr,Dîrok,Kurdistan rojnameyê di kîjan welatên cuda de hate weşandin?,"Îran, Iraq û Sûriye","Rûsya, Çîn û Hindistan","Misir, Ewropa û Tirkiye","Fransa, Almanya û Spanya",C,"Kurdistan rojnameyê li Qahîreyê (Misir), paşê li Ewropayê û piştre jî li Stenbolê (Tirkiye) hate weşandin.",3,verified,https://en.wikipedia.org/wiki/Kurdistan_(newspaper),approved,0.95,
ds_dirok_0136,ku-kmr,Dîrok,Kurdistan rojnameya ewil ji aliyê kîjan malbatê ve hate derxistin?,Malbata Babanan,Malbata Soran,Malbata Hakkariyê,Malbata Bedirxaniyan,D,"Kurdistan rojnameyê ji aliyê malbata Bedirxaniyan, ku malbateke navdar a kurdan bû, hate derxistin.",2,verified,https://en.wikipedia.org/wiki/Kurdistan_(newspaper),approved,0.95,
ds_dirok_0137,ku-kmr,Dîrok,Kurdistan rojnameyê di kîjan çarçoveyê de derket?,Rojnameyeke neteweyî,Rojnameyeke olî,Rojnameyeke zanistî,Rojnameyeke werzişî,A,Kurdistan rojnameyeke neteweyî bû ku ji bo maf û nasnameya kurdan dihat weşandin.,1,verified,https://en.wikipedia.org/wiki/Kurdistan_(newspaper),approved,0.95,
ds_dirok_0138,ku-kmr,Dîrok,Kurdistan rojnameyê di kîjan bajarê Ewropayê de hate weşandin?,Parîs,Cenevre,Londra,Berlîn,B,"Piştî Qahîreyê, Kurdistan rojnameyê li Cenevreyê (Swîsre) hate weşandin.",3,verified,https://en.wikipedia.org/wiki/Kurdistan_(newspaper),approved,0.95,
ds_dirok_0139,ku-kmr,Dîrok,Kurdistan rojnameyê ji bo kîjan têkoşînê bû amûrek?,Têkoşîna azadiya ereban,Têkoşîna azadiya tirkên,Têkoşîna azadiya kurdan,Têkoşîna azadiya farisan,C,Kurdistan rojnameyê wek amûreke têkoşîna azadiya kurdan dihat bikaranîn û dengê kurdan bû.,2,verified,https://en.wikipedia.org/wiki/Kurdistan_(newspaper),approved,0.95,
ds_dirok_0140,ku-kmr,Dîrok,Kurdistan rojnameyê di kîjan salê de li Stenbolê hate weşandin?,1898,1910,1920,1908,D,"Di sala 1908'ê de, piştî destûra Osmanî, Kurdistan rojnameyê li Stenbolê dest bi weşanê kir.",3,verified,https://en.wikipedia.org/wiki/Kurdistan_(newspaper),approved,0.95,
ds_dirok_0141,ku-kmr,Dîrok,Kurdistan rojnameyê di kîjan warî de wek yekem tê zanîn?,Yekem rojnameya kurdî,Yekem rojnameya erebî,Yekem rojnameya tirkî,Yekem rojnameya farisî,A,Kurdistan wek yekem rojnameya kurdî ya dinyayê tê zanîn û di dîroka çapemeniya kurdî de cihekî taybet digire.,1,verified,https://en.wikipedia.org/wiki/Kurdistan_(newspaper),approved,0.95,
ds_dirok_0142,ku-kmr,Dîrok,Kurdistan rojnameyê ji aliyê kîjan kesayetên kurd ve hate birêvebirin?,Celadet û Kamiran Bedirxan,Mîqdad Mîdhat û Ebdurehman Bedirxan,Hesen Cemil û Qedrî Cemil,Sureyya û Mehmed Bedirxan,B,Kurdistan rojnameyê ji aliyê birayên Mîqdad Mîdhat û Ebdurehman Bedirxan ve hate birêvebirin.,2,verified,https://en.wikipedia.org/wiki/Kurdistan_(newspaper),approved,0.95,
ds_dirok_0143,ku-kmr,Dîrok,Kurdistan rojnameyê di kîjan serdemê de weşana xwe li Ewropayê domand?,Di navbera 1908 û 1910'an de,Di navbera 1920 û 1925'an de,Di navbera 1898 û 1902'an de,Di navbera 1940 û 1945'an de,C,"Kurdistan rojnameyê di navbera 1898 û 1902'yan de, piştî Qahîreyê, li Ewropayê (Cenevre û London) hate weşandin.",3,verified,https://en.wikipedia.org/wiki/Kurdistan_(newspaper),approved,0.95,
ds_dirok_0144,ku-kmr,Dîrok,Kurdistan rojnameyê bi kîjan tîpan dihat nivîsandin?,Tîpên latînî,Tîpên kîrîlî,Tîpên çînî,Tîpên erebî,D,Di wê serdemê de kurdî bi tîpên erebî dihat nivîsandin; Kurdistan rojnameyê jî bi van tîpan dihat weşandin.,2,verified,https://en.wikipedia.org/wiki/Kurdistan_(newspaper),approved,0.95,
ds_dirok_0145,ku-kmr,Dîrok,Kurdistan rojnameyê ji bo kîjan gelî hate derxistin?,Gelê kurd,Gelê ereb,Gelê tirk,Gelê faris,A,Kurdistan rojnameyê taybetmendî ji bo gelê kurd hate derxistin û ji bo hişyarkirina wan dihat weşandin.,1,verified,https://en.wikipedia.org/wiki/Kurdistan_(newspaper),approved,0.95,
ds_dirok_0146,ku-kmr,Dîrok,Kurdistan rojnameyê di kîjan warî de bû sedema pêşketinê?,Pêşketina çand û edebiyata erebî,Pêşketina çand û edebiyata kurdî,Pêşketina çand û edebiyata tirkî,Pêşketina çand û edebiyata farisî,B,"Kurdistan rojnameyê bi weşana xwe, bû sedema pêşketina çand û edebiyata kurdî û ji bo nivîskarên kurd bû platform.",2,verified,https://en.wikipedia.org/wiki/Kurdistan_(newspaper),approved,0.95,
ds_dirok_0147,ku-kmr,Dîrok,Kurdistan rojnameyê di kîjan salê de li Londonê hate weşandin?,1898,1902,1900,1910,C,Kurdistan rojnameyê di sala 1900'î de li Londonê hate weşandin.,3,verified,https://en.wikipedia.org/wiki/Kurdistan_(newspaper),approved,0.95,
ds_dirok_0148,ku-kmr,Dîrok,Kurdistan rojnameyê di kîjan çarçoveyê de wek yekem tê qebûlkirin?,Çapemeniya erebî,Çapemeniya tirkî,Çapemeniya farisî,Çapemeniya kurdî,D,Kurdistan rojnameyê wek yekem rojnameya di çapemeniya kurdî de tê qebûlkirin û ji bo rojnamegeriya kurdî bû destpêk.,1,verified,https://en.wikipedia.org/wiki/Kurdistan_(newspaper),approved,0.95,
ds_dirok_0149,ku-kmr,Dîrok,Kurdistan rojnameyê di kîjan warî de bandor li ser kurdên dîasporayê kir?,Yekkirina wan li dora nasnameya kurdî,Belavkirina wan li welatên cuda,Kêmkirina çanda wan,Dûrxistina wan ji zimanê kurdî,A,"Kurdistan rojnameyê bi weşana xwe li Ewropayê, bû sedema yekkirina kurdên dîasporayê li dora nasnameya kurdî û hişyarkirina wan.",2,verified,https://en.wikipedia.org/wiki/Kurdistan_(newspaper),approved,0.95,
ds_dirok_0150,ku-kmr,Dîrok,Şerê Cîhanê yê Yekem di kîjan sala de dest pê kir?,1912,1914,1916,1918,B,"Şerê Cîhanê yê Yekem di 28'ê tîrmeha 1914'an de dest pê kir, piştî ku Arşîdûk Franz Ferdinand hate kuştin. Ev bûyer bû sedema zincîreka bûyeran ku bû sedema şerê navneteweyî.",1,verified,https://en.wikipedia.org/wiki/World_War_I,approved,0.95,
ds_dirok_0151,ku-kmr,Dîrok,Kîjan şer di navbera 1939 û 1945'an de li çaraliyê cîhanê pêk hat?,Şerê Cîhanê yê Yekem,Şerê Sar,Şerê Cîhanê yê Duyem,Şerê Koreyê,C,Şerê Cîhanê yê Duyem di 1'ê îlona 1939'an de dest pê kir û di 2'ê îlona 1945'an de bi dawî bû. Ev şer ji ber dagirkirina Polonyayê ji aliyê Almanyayê ve dest pê kir.,1,verified,https://en.wikipedia.org/wiki/World_War_II,approved,0.95,
ds_dirok_0152,ku-kmr,Dîrok,Şerê Cîhanê yê Yekem bi kîjan peymanê bi dawî bû?,Peymana Lozanê,Peymana Sevrê,Peymana Berlînê,Peymana Versayê,D,Peymana Versayê di 28'ê hezîrana 1919'an de hate îmzekirin û bi fermî Şerê Cîhanê yê Yekem bi dawî kir. Ev peyman li ser Almanyayê cezayên giran ferz kir.,2,verified,https://en.wikipedia.org/wiki/Treaty_of_Versailles,approved,0.95,
ds_dirok_0153,ku-kmr,Dîrok,Di Şerê Cîhanê yê Duyem de kîjan bûyer bû sedema ketina Dewletên Yekbûyî yên Amerîkayê (DYA) nav şer?,Şerê Pearl Harborê,Dagirkirina Polonyayê,Şerê Stalingradê,Dagirkirina Fransayê,A,DYA di 7'ê kanûna pêşîn a 1941'an de piştî êrîşa Japonan a li ser Pearl Harborê ket nav Şerê Cîhanê yê Duyem. Ev êrîş bû sedema îlana şer a DYA'yê li dijî Japon û Almanyayê.,2,verified,https://en.wikipedia.org/wiki/Attack_on_Pearl_Harbor,approved,0.95,
ds_dirok_0154,ku-kmr,Dîrok,Şerê Stalingradê di kîjan salê de qewimî?,1941,1943,1942,1944,B,Şerê Stalingradê di 23'ê tebaxa 1942'an de dest pê kir û di 2'ê sibata 1943'an de bi dawî bû. Ev şer yek ji xwîntirîn şerên dîrokê ye û bû xaleka zivirînê ya Şerê Cîhanê yê Duyem.,2,verified,https://en.wikipedia.org/wiki/Battle_of_Stalingrad,approved,0.95,
ds_dirok_0155,ku-kmr,Dîrok,Kîjan şer di sala 1066'an de li Îngilîstanê qewimî?,Şerê Trafalgarê,Şerê Waterlooê,Şerê Hastingsê,Şerê Azincourtê,C,Şerê Hastingsê di 14'ê çiriya pêşîn a 1066'an de qewimî. Tê de artêşa Normandî ya bi serokatiya Williamê Fetihkar artêşa Îngilîzî ya bi serokatiya Harold II têk bir.,2,verified,https://en.wikipedia.org/wiki/Battle_of_Hastings,approved,0.95,
ds_dirok_0156,ku-kmr,Dîrok,Şerê Waterlooê di kîjan sala de pêk hat?,1805,1812,1820,1815,D,"Şerê Waterlooê di 18'ê hezîrana 1815'an de pêk hat. Di vî şerî de hêzên Brîtanî û Prûsî bi serokatiya Wellington û Blücher, Napoleon Bonaparte têk birin.",2,verified,https://en.wikipedia.org/wiki/Battle_of_Waterloo,approved,0.95,
ds_dirok_0157,ku-kmr,Dîrok,Di kîjan serdemê de Şerê Sed Salan qewimî?,Sedsala 14'an û 15'an,Sedsala 12'an û 13'an,Sedsala 13'an û 14'an,Sedsala 15'an û 16'an,A,"Şerê Sed Salan di navbera 1337 û 1453'an de qewimî, ango di sedsala 14'an û 15'an de. Ev şer di navbera Îngilîlistan û Fransayê de bû.",2,verified,https://en.wikipedia.org/wiki/Hundred_Years%27_War,approved,0.95,
ds_dirok_0158,ku-kmr,Dîrok,Kîjan şerê navdar di navbera Yewnanistan û Persiyayê de li derdora 490'an berî zayînê qewimî?,Şerê Termopîlê,Şerê Maratonê,Şerê Salamîsê,Şerê Plateaê,B,"Şerê Maratonê di 490'an berî zayînê de qewimî. Di vî şerî de Yewnaniyên Atînayê artêşa Persiyayê têk birin, her çend hejmara wan pir kêmtir bû.",2,verified,https://en.wikipedia.org/wiki/Battle_of_Marathon,approved,0.95,
ds_dirok_0159,ku-kmr,Dîrok,Şerê Termopîlê di navbera kîjan hêzan de qewimî?,Romayî û Kartacayan,Mongol û Çîniyan,Yewnan û Persan,Osmanî û Sefewiyan,C,Şerê Termopîlê di 480'an berî zayînê de di navbera Yewnaniyan û Persiyan de qewimî. Leonidas û 300 Spartan li dijî artêşa mezin a Persiyan şer kirin.,2,verified,https://en.wikipedia.org/wiki/Battle_of_Thermopylae,approved,0.95,
ds_dirok_0160,ku-kmr,Dîrok,Di Şerê Cîhanê yê Yekem de kîjan koma welatan wekî 'Hêzên Navendî' dihat naskirin?,"Fransa, Brîtanya, Rûsya","DYA, Îtalya, Japon","Çîn, Hindistan, Brezîlya","Almanya, Awistirya-Mecaristan, Osmanî",D,"Hêzên Navendî di Şerê Cîhanê yê Yekem de ji Almanya, Awistirya-Mecaristan, Împaratoriya Osmanî û Bulgaristanê pêk dihatin. Ev welat li dijî Hêzên Hevpeyman (Fransa, Brîtanya, Rûsya) şer kirin.",2,verified,https://en.wikipedia.org/wiki/Central_Powers,approved,0.95,
ds_dirok_0161,ku-kmr,Dîrok,Kîjan şer di sala 1805'an de qewimî û tê de Napoleon artêşa Rûs û Awistirî têk bir?,Şerê Austerlitzê,Şerê Jenaê,Şerê Borodinoê,Şerê Leipzigê,A,"Şerê Austerlitzê, ku wek 'Şerê Sê Împaratoran' jî tê zanîn, di 2'ê kanûna pêşîn a 1805'an de qewimî. Napoleon di vî şerî de artêşa Rûs û Awistirî bi serokatiya Çar Alexander I û Împarator Francis II têk bir.",3,verified,https://en.wikipedia.org/wiki/Battle_of_Austerlitz,approved,0.95,
ds_dirok_0162,ku-kmr,Dîrok,Şerê Verdunê di kîjan sala de qewimî?,1914,1916,1915,1917,B,Şerê Verdunê di 21'ê sibata 1916'an de dest pê kir û heta 18'ê kanûna pêşîn a 1916'an dom kir. Ev şer yek ji dirêjtirîn û xwîntirîn şerên Şerê Cîhanê yê Yekem bû.,2,verified,https://en.wikipedia.org/wiki/Battle_of_Verdun,approved,0.95,
ds_dirok_0163,ku-kmr,Dîrok,Kîjan şerê deryayî di 1805'an de qewimî û tê de Horatio Nelson artêşa deryayî ya Brîtanî birêvebir?,Şerê Jutlandê,Şerê Lepantoê,Şerê Trafalgarê,Şerê Midwayê,C,"Şerê Trafalgarê di 21'ê çiriya pêşîn a 1805'an de qewimî. Di vî şerî de Admiral Horatio Nelson artêşa deryayî ya Brîtanî li dijî artêşa deryayî ya Fransa û Spanyayê bi ser ket, lê ew bi xwe di şer de hate kuştin.",2,verified,https://en.wikipedia.org/wiki/Battle_of_Trafalgar,approved,0.95,
ds_dirok_0164,ku-kmr,Dîrok,Şerê Jutlandê di navbera kîjan hêzên deryayî de qewimî?,DYA û Japon,Fransa û Îtalya,Rûsya û Osmanî,Brîtanya û Almanya,D,Şerê Jutlandê di 31'ê gulan û 1'ê hezîrana 1916'an de di navbera artêşa deryayî ya Brîtanî (Royal Navy) û artêşa deryayî ya Alman (Kaiserliche Marine) de qewimî. Ev yek ji mezintirîn şerên deryayî yên Şerê Cîhanê yê Yekem bû.,3,verified,https://en.wikipedia.org/wiki/Battle_of_Jutland,approved,0.95,
ds_dirok_0165,ku-kmr,Dîrok,Di Şerê Cîhanê yê Duyem de kîjan şer bû xaleka zivirînê li eniya Rojhilat?,Şerê Stalingradê,Şerê Moskowê,Şerê Kurskê,Şerê Leningradê,A,Şerê Stalingradê (1942-1943) wek xaleka zivirînê ya eniya Rojhilat tê qebûlkirin. Têkçûna Almanan li Stalingradê destpêka paşvekişîna wan a li ser eniya Rojhilat bû.,2,verified,https://en.wikipedia.org/wiki/Battle_of_Stalingrad,approved,0.95,
ds_dirok_0166,ku-kmr,Dîrok,Kîjan şer di sala 1944'an de li Fransayê qewimî û bi navê 'D-Day' jî tê zanîn?,Şerê Bulgeyê,Şerê Normandiyayê,Şerê Anioê,Şerê Monte Cassinoê,B,"Şerê Normandiyayê, ku bi navê 'D-Day' jî tê zanîn, di 6'ê hezîrana 1944'an de dest pê kir. Ev operasyona daketina hêzên Hevpeyman li ser axa Fransayê bû ku bû destpêka rizgarkirina Ewropaya Rojava ji dagirkirina Nazî.",2,verified,https://en.wikipedia.org/wiki/Normandy_landings,approved,0.95,
ds_dirok_0167,ku-kmr,Dîrok,Şerê Bulgeyê di kîjan salê de qewimî?,1943,1945,1944,1946,C,Şerê Bulgeyê di 16'ê kanûna pêşîn a 1944'an de dest pê kir û di 25'ê kanûna paşîn a 1945'an de bi dawî bû. Ev êrîşa dawî ya mezin a Almanan li eniya Rojava bû.,2,verified,https://en.wikipedia.org/wiki/Battle_of_the_Bulge,approved,0.95,
ds_dirok_0168,ku-kmr,Dîrok,Kîjan şerê navdar di sedsala 3'an a berî zayînê de qewimî û tê de Hannibal artêşa Romayê têk bir?,Şerê Zamaê,Şerê Trebiaê,Şerê Trasimenê,Şerê Cannaeê,D,"Şerê Cannaeê di 216'an berî zayînê de qewimî. Di vî şerî de Hannibal, generalê Kartacayê, artêşa Romayê bi taktîka dorpêçkirinê têk bir. Ev şer wek yek ji mezintirîn taktîkên leşkerî yên dîrokê tê zanîn.",3,verified,https://en.wikipedia.org/wiki/Battle_of_Cannae,approved,0.95,
ds_dirok_0169,ku-kmr,Dîrok,Şerê Zamaê di navbera kîjan hêzan de qewimî?,Kartaca û Roma,Yewnanistan û Persiya,Makedonya û Roma,Kartaca û Yewnanistan,A,Şerê Zamaê di 202'an berî zayînê de di navbera Kartacayê û Romayê de qewimî. Di vî şerî de Scipio Africanus Hannibal têk bir û bi vî awayî Şerê Duyem ê Pûnîk bi dawî bû.,3,verified,https://en.wikipedia.org/wiki/Battle_of_Zama,approved,0.95,
ds_dirok_0170,ku-kmr,Dîrok,Di sala 1453'an de kîjan bûyera mezin qewimî ku bandor li ser dîroka Ewropayê kir?,Dagirkirina Romayê,Dagirkirina Konstantînopolîsê,Dagirkirina Parîsê,Dagirkirina Viyanayê,B,"Di 29'ê gulan a 1453'an de, Împaratoriya Osmanî bi serokatiya Mehmed II Konstantînopolîs dagir kir. Ev bûyer dawiya Împaratoriya Bîzansê û destpêka serdestiya Osmaniyan li herêmê bû.",2,verified,https://en.wikipedia.org/wiki/Fall_of_Constantinople,approved,0.95,
ds_dirok_0171,ku-kmr,Dîrok,Kîjan şerê navdar di sala 732'an de qewimî û tê de Franks bi serokatiya Charles Martel artêşa Umeyyan têk bir?,Şerê Poitiersê,Şerê Roncevauxê,Şerê Toursê,Şerê Aachenê,C,"Şerê Toursê, ku wek Şerê Poitiersê jî tê zanîn, di 10'ê çiriya pêşîn a 732'an de qewimî. Charles Martel di vî şerî de pêşveçûna artêşa Umeyyan a li Ewropaya Rojava rawestand.",3,verified,https://en.wikipedia.org/wiki/Battle_of_Tours,approved,0.95,
ds_dirok_0172,ku-kmr,Dîrok,Şerê Cîhanê yê Duyem di kîjan salê de bi dawî bû?,1944,1946,1947,1945,D,"Şerê Cîhanê yê Duyem di 2'ê îlona 1945'an de bi dawî bû, piştî ku Japon teslîm bû. Ev teslîmbûn piştî bombekirina atomî ya Hiroşîma û Nagasakiyê pêk hat.",1,verified,https://en.wikipedia.org/wiki/End_of_World_War_II_in_Asia,approved,0.95,
ds_dirok_0173,ku-kmr,Dîrok,Kîjan şer di navbera 1950 û 1953'an de li Nîvgirava Koreyê qewimî?,Şerê Koreyê,Şerê Viyetnamê,Şerê Çîn-Japonê,Şerê Rûs-Japonê,A,Şerê Koreyê di 25'ê hezîrana 1950'an de dest pê kir û di 27'ê tîrmeha 1953'an de bi agirbesta bi dawî bû. Ev şer di navbera Koreya Bakur (bi piştgiriya Çîn û Yekîtiya Sovyetê) û Koreya Başûr (bi piştgiriya DYA û Neteweyên Yekbûyî) de qewimî.,1,verified,https://en.wikipedia.org/wiki/Korean_War,approved,0.95,
ds_dirok_0174,ku-kmr,Dîrok,Şerê Viyetnamê di kîjan salê de bi dawî bû?,1973,1975,1974,1976,B,"Şerê Viyetnamê di 30'ê nîsana 1975'an de bi dawî bû, dema ku hêzên Komunîst ên Viyetnamê yên Bakur Saigon (paytexta Viyetnamê ya Başûr) dagir kirin. Ev bûyer dawiya Şerê Viyetnamê bû.",2,verified,https://en.wikipedia.org/wiki/Fall_of_Saigon,approved,0.95,
ds_dirok_0175,ku-kmr,Dîrok,Di sala 753'an berî zayînê de kîjan bajar hate damezrandin?,Atîna,Sparta,Roma,Korînt,C,"Li gorî kevneşopiya romayiyan, Romulus û Remus di sala 753'an berî zayînê de bajarê Romayê damezrandin. Ev dîrok ji hêla dîroknasên kevnar ve hat qebûlkirin.",1,verified,https://en.wikipedia.org/wiki/Rome,approved,0.95,
ds_dirok_0176,ku-kmr,Dîrok,Kîjan kesayetî wek yekem împaratorê Romayê tê zanîn?,Jules Cesar,Neron,Kaligula,Augustus,D,"Augustus, ku bi navê Octavian jî dihat naskirin, di sala 27'an berî zayînê de bû yekem împaratorê Romayê. Ew piştî şerê navxweyî yê ku bi mirina Jules Cesar ve dest pê kir, desthilatdar bû.",1,verified,https://en.wikipedia.org/wiki/Augustus,approved,0.95,
ds_dirok_0177,ku-kmr,Dîrok,Di kîjan sedsalê de Împaratoriya Romayê ya Rojava ket?,Sedsala 5'an,Sedsala 3'an,Sedsala 4'an,Sedsala 6'an,A,"Împaratoriya Romayê ya Rojava di sala 476'an de ket, dema ku Romulus Augustus ji aliyê Odoacer ve hate xistin. Ev di sedsala 5'an de qewimî.",1,verified,https://en.wikipedia.org/wiki/Fall_of_the_Western_Roman_Empire,approved,0.95,
ds_dirok_0178,ku-kmr,Dîrok,Kîjan peymanê di sala 445'an berî zayînê de navbera Yewnanistan û Persiyayê de aşitiyê çêkir?,Peymana Antalkidas,Peymana Kallias,Peymana Nikias,Peymana Apamea,B,Peymana Kallias di sala 445'an berî zayînê de navbera Yewnanistan û Persiyayê de hate îmzekirin. Ev peyman şerên navbera her du hêzan bi dawî anî.,2,verified,https://en.wikipedia.org/wiki/Peace_of_Callias,approved,0.95,
ds_dirok_0179,ku-kmr,Dîrok,Di Şerê Thermopylae de kîjan padîşahê Spartan artêşa xwe birêvebir?,Xerxes,Themistocles,Leonidas,Pericles,C,Leonidas di sala 480'an berî zayînê de di Şerê Thermopylae de fermandariya artêşa Spartan kir. Ew bi leşkerên xwe re li dijî artêşa mezin a Persiyayê şer kir.,2,verified,https://en.wikipedia.org/wiki/Battle_of_Thermopylae,approved,0.95,
ds_dirok_0180,ku-kmr,Dîrok,Kîjan fîlozofê Yewnanî şagirtê Platon bû?,Sokrates,Epikuros,Herakleitos,Aristoteles,D,Aristoteles di navbera 367 û 347'an berî zayînê de li Akademiya Platon xwend. Ew paşê bû fîlozofê herî navdar ê Yewnanistanê.,1,verified,https://en.wikipedia.org/wiki/Aristotle,approved,0.95,
ds_dirok_0181,ku-kmr,Dîrok,Di kîjan sala de Pompeii ji ber teqîna çiyayê Vesuvius hate veşartin?,79,64,98,117,A,Pompeii di 24'ê tebaxa sala 79'an de ji ber teqîna çiyayê Vesuvius hate veşartin. Bajar bi tebeqeyeke ax û kûlê hat nixamtin.,1,verified,https://en.wikipedia.org/wiki/Pompeii,approved,0.95,
ds_dirok_0182,ku-kmr,Dîrok,Kîjan kesayetî wek 'Bavê Dîrokê' tê zanîn?,Homeros,Herodotos,Thukydides,Hesiodos,B,Herodotos ji ber pirtûka xwe ya 'Dîrok' wek Bavê Dîrokê tê zanîn. Ew di sedsala 5'an berî zayînê de jiyaye û dîroka şerên Yewnan û Persî nivîsandiye.,1,verified,https://en.wikipedia.org/wiki/Herodotus,approved,0.95,
ds_dirok_0183,ku-kmr,Dîrok,Di kîjan sedsalê de Împaratoriya Bîzansê ji aliyê Osmaniyan ve hate hilweşandin?,Sedsala 14'an,Sedsala 16'an,Sedsala 15'an,Sedsala 17'an,C,Împaratoriya Bîzansê di sala 1453'an de ji aliyê Osmaniyan ve hate hilweşandin. Ev di sedsala 15'an de qewimî.,1,verified,https://en.wikipedia.org/wiki/Fall_of_Constantinople,approved,0.95,
ds_dirok_0184,ku-kmr,Dîrok,Kîjan şaristaniya kevn a li herêma Kurdistanê bi tîpên çivîk dinivîsand?,Mîsirî,Fenîkî,Hîtît,Sumerî,D,"Sumeriyan di navbera 3500 û 2000'an berî zayînê de tîpên çivîk îcad kirin. Ev nivîs li herêma Mezopotamyayê, ku Kurdistan jî tê de ye, dihat bikaranîn.",2,verified,https://en.wikipedia.org/wiki/Cuneiform,approved,0.95,
ds_dirok_0185,ku-kmr,Dîrok,Kîjan împaratorê Romayê dîwarê ku bi navê wî tê zanîn li Brîtanyayê ava kir?,Hadrian,Trajan,Marcus Aurelius,Septimius Severus,A,Împarator Hadrian di sala 122'an de dîwarê ku bi navê wî tê zanîn li bakurê Brîtanyayê ava kir. Ev dîwar ji bo parastina ji êrîşên gelên bakur hate çêkirin.,1,verified,https://en.wikipedia.org/wiki/Hadrian%27s_Wall,approved,0.95,
ds_dirok_0186,ku-kmr,Dîrok,Di kîjan sala de Jules Cesar ji aliyê senatoran ve hate kuştin?,49 berî zayînê,44 berî zayînê,27 berî zayînê,31 berî zayînê,B,Jules Cesar di 15'ê adara sala 44'an berî zayînê de ji aliyê komeke senatoran ve hate kuştin. Ev bûyer wek 'Ides of March' tê zanîn.,1,verified,https://en.wikipedia.org/wiki/Assassination_of_Julius_Caesar,approved,0.95,
ds_dirok_0187,ku-kmr,Dîrok,Kîjan kesayetî wek yekem dîktatorê Romayê dihat naskirin?,Gaius Marius,Pompey,Lucius Cornelius Sulla,Cato,C,Lucius Cornelius Sulla di sala 82'an berî zayînê de bû dîktatorê Romayê. Ew bi zorê desthilatdariyê girt û gelek reforman pêk anî.,3,verified,https://en.wikipedia.org/wiki/Sulla,approved,0.95,
ds_dirok_0188,ku-kmr,Dîrok,Kîjan şerê navdar di navbera Romayê û Kartacayê de qewimî?,Şerên Medî,Şerên Yewnanî,Şerên Galî,Şerên Pûnîk,D,Şerên Pûnîk di navbera 264 û 146'an berî zayînê de navbera Romayê û Kartacayê de qewimîn. Sê şerên mezin hebûn ku di encama wan de Kartaca hate hilweşandin.,1,verified,https://en.wikipedia.org/wiki/Punic_Wars,approved,0.95,
ds_dirok_0189,ku-kmr,Dîrok,Di kîjan sala de Împaratoriya Romayê ya Rojava bi dawî bû?,476,410,455,507,A,Împaratoriya Romayê ya Rojava di sala 476'an de bi dawî bû. Ev dema ku Odoacer împaratorê dawî Romulus Augustus xist.,1,verified,https://en.wikipedia.org/wiki/Romulus_Augustulus,approved,0.95,
ds_dirok_0190,ku-kmr,Dîrok,Kîjan kesayetî wek 'Bavê Tibê' tê zanîn?,Galen,Hippokrates,Aristoteles,Pythagoras,B,Hippokrates wek Bavê Tibê tê zanîn ji ber ku ew yekem kes bû ku tibê wek zanistek serbixwe damezrand. Ew di sedsala 5'an berî zayînê de jiyaye.,1,verified,https://en.wikipedia.org/wiki/Hippocrates,approved,0.95,
ds_dirok_0191,ku-kmr,Dîrok,Di kîjan sala de Xanedana Ptolemaîk a Mîsirê ji aliyê Romayê ve hate hilweşandin?,44 berî zayînê,27 berî zayînê,30 berî zayînê,14 berî zayînê,C,Xanedana Ptolemaîk di sala 30'an berî zayînê de bi mirina Kleopatra ve bi dawî bû. Piştî vê bûyerê Mîsir bû parêzgeheke Romayê.,2,verified,https://en.wikipedia.org/wiki/Ptolemaic_Kingdom,approved,0.95,
ds_dirok_0192,ku-kmr,Dîrok,Kîjan şerê navdar di sala 216'an berî zayînê de qewimî û tê de Hannibal artêşa Romayê têk bir?,Şerê Zama,Şerê Trebia,Şerê Trasimene,Şerê Cannae,D,Şerê Cannae di 2'ê tebaxa sala 216'an berî zayînê de qewimî. Hannibal bi taktîka xwe ya dorpêçkirinê artêşa Romayê têk bir.,2,verified,https://en.wikipedia.org/wiki/Battle_of_Cannae,approved,0.95,
ds_dirok_0193,ku-kmr,Dîrok,Di kîjan sedsalê de Împaratoriya Persiyayê ya Hexamenişî ji aliyê Îskenderê Mezin ve hate hilweşandin?,Sedsala 4'an berî zayînê,Sedsala 5'an berî zayînê,Sedsala 3'an berî zayînê,Sedsala 6'an berî zayînê,A,Împaratoriya Persiyayê ya Hexamenişî di sala 330'an berî zayînê de ji aliyê Îskenderê Mezin ve hate hilweşandin. Ev di sedsala 4'an berî zayînê de qewimî.,2,verified,https://en.wikipedia.org/wiki/Achaemenid_Empire,approved,0.95,
ds_dirok_0194,ku-kmr,Dîrok,Kîjan kesayetî wek 'Bavê Komediya' tê zanîn?,Sophokles,Aristophanes,Euripides,Aiskhylos,B,Aristophanes wek Bavê Komediya tê zanîn. Ew di sedsala 5'an berî zayînê de li Atînayê komediyên navdar nivîsandiye.,2,verified,https://en.wikipedia.org/wiki/Aristophanes,approved,0.95,
ds_dirok_0195,ku-kmr,Dîrok,Di kîjan sala de Împaratoriya Romayê ya Rojhilat (Bîzans) dest pê kir?,330,476,395,527,C,Împaratoriya Bîzansê di sala 395'an de dest pê kir dema ku Împaratoriya Romayê bû du parçe. Rojhilat bi paytexta Konstantînopolîsê bû Bîzans.,2,verified,https://en.wikipedia.org/wiki/Byzantine_Empire,approved,0.95,
ds_dirok_0196,ku-kmr,Dîrok,Kîjan kesayetî wek 'Bavê Felsefeya Rojavayî' tê zanîn?,Sokrates,Platon,Parmenides,Thales,D,Thalesê Mîletê wek Bavê Felsefeya Rojavayî tê zanîn. Ew di sedsala 6'an berî zayînê de li Mîletê jiyaye û yekem fîlozofê Yewnanî bû.,2,verified,https://en.wikipedia.org/wiki/Thales,approved,0.95,
ds_dirok_0197,ku-kmr,Dîrok,Di kîjan sala de şerê navdar ê Actium qewimî?,31 berî zayînê,27 berî zayînê,44 berî zayînê,49 berî zayînê,A,Şerê Actium di 2'ê îlona sala 31'an berî zayînê de qewimî. Di vê şer de Octavian artêşa Mark Antony û Kleopatra têk bir.,2,verified,https://en.wikipedia.org/wiki/Battle_of_Actium,approved,0.95,
ds_dirok_0198,ku-kmr,Dîrok,Kîjan kesayetî wek 'Bavê Trajediya' tê zanîn?,Sophokles,Aiskhylos,Euripides,Aristophanes,B,Aiskhylos wek Bavê Trajediya tê zanîn. Ew di sedsala 5'an berî zayînê de li Atînayê trajediyên navdar nivîsandiye.,3,verified,https://en.wikipedia.org/wiki/Aeschylus,approved,0.95,
ds_dirok_0199,ku-kmr,Dîrok,Di kîjan sedsalê de Împaratoriya Romayê bû du parçe?,Sedsala 3'an,Sedsala 5'an,Sedsala 4'an,Sedsala 6'an,C,Împaratoriya Romayê di sala 395'an de bû du parçe. Ev di sedsala 4'an de qewimî dema ku împarator Theodosius mir.,1,verified,https://en.wikipedia.org/wiki/Roman_Empire,approved,0.95,
ds_dirok_0200,ku-kmr,Dîrok,Rönesansa Ewropayê di kîjan sedsalê de dest pê kir?,Sedsala 12'an,Sedsala 16'an,Sedsala 18'an,Sedsala 14'an,D,"Rönesans, ji Îtalyayê di sedsala 14'an de dest pê kir û piştre belav bû. Ev serdem ji nû ve zindîbûna çand û zanistê ye.",1,verified,https://en.wikipedia.org/wiki/Renaissance,approved,0.95,
ds_dirok_0201,ku-kmr,Dîrok,Kîjan keşfvan di sala 1492'an de gihîşt Amerîkayê?,Christopher Columbus,Vasco da Gama,Ferdinand Magellan,James Cook,A,Christopher Columbus di bin ala Spanyayê de di sala 1492'an de gihîşt Amerîkayê. Ev bûyer destpêka têkiliya Ewropa û Amerîkayê ye.,1,verified,https://en.wikipedia.org/wiki/Christopher_Columbus,approved,0.95,
ds_dirok_0202,ku-kmr,Dîrok,Di serdema Rönesansê de kîjan hunermend tabloya navdar a Mona Lisa çêkir?,Michelangelo,Leonardo da Vinci,Raphael,Donatello,B,"Leonardo da Vinci, hunermend û zanyarê navdar ê Îtalyan, tabloya Mona Lisa di serdema Rönesansê de çêkir. Ev tablo yek ji navdartirîn tabloyên dinyayê ye.",1,verified,https://en.wikipedia.org/wiki/Mona_Lisa,approved,0.95,
ds_dirok_0203,ku-kmr,Dîrok,Kîjan keşfvanê Portûgalî yekem car derbasî Okyanûsa Hindê bû?,Bartolomeu Dias,Pedro Álvares Cabral,Vasco da Gama,Ferdinand Magellan,C,Vasco da Gama di sala 1498'an de derbasî Okyanûsa Hindê bû û gihîşt Hindistanê. Ev rê ji bo bazirganiya bi rojhilat re bû sedema pêşketina Portûgalê.,2,verified,https://en.wikipedia.org/wiki/Vasco_da_Gama,approved,0.95,
ds_dirok_0204,ku-kmr,Dîrok,Di serdema keşfên deryayî de kîjan welatê Ewropayê yekem bû ku rêya deryayî ya Hindistanê dît?,Spanya,Fransa,Îngilîstan,Portûgal,D,"Portûgal, bi serokatiya keşfvanên wekî Vasco da Gama, yekem car rêya deryayî ya Hindistanê di sala 1498'an de dît. Ev yek destpêka serdestiya Portûgalê li ser bazirganiya deryayî bû.",2,verified,https://en.wikipedia.org/wiki/Portuguese_discoveries,approved,0.95,
ds_dirok_0205,ku-kmr,Dîrok,Kîjan keşfvanê Îtalyan bi navê Amerîkayê ve têkildar e?,Amerigo Vespucci,Marco Polo,John Cabot,Giovanni da Verrazzano,A,"Amerigo Vespucci, keşfvanê Îtalyan, yekem kes bû ku pêşniyar kir ku erdên nû yên ku Columbus dîtine, parzemînek cuda ne. Ji ber vê yekê parzemîn bi navê wî hate navandin.",2,verified,https://en.wikipedia.org/wiki/Amerigo_Vespucci,approved,0.95,
ds_dirok_0206,ku-kmr,Dîrok,Di sala 1519'an de kîjan keşfvan dest bi sefera yekem a dinyayê kir?,Hernán Cortés,Ferdinand Magellan,Francisco Pizarro,Juan Sebastián Elcano,B,"Ferdinand Magellan di sala 1519'an de dest bi sefera yekem a dinyayê kir. Her çend ew di rê de mir jî, ekîba wî di sala 1522'an de seferê bi dawî anî.",2,verified,https://en.wikipedia.org/wiki/Ferdinand_Magellan,approved,0.95,
ds_dirok_0207,ku-kmr,Dîrok,Kîjan kesayetê Rönesansê wekî 'Bavê Hunera Nûjen' tê zanîn?,Sandro Botticelli,Titian,Giotto di Bondone,Paolo Uccello,C,"Giotto di Bondone, hunermendê Îtalyan, bi nûjenkirina hunera resim û mîmarîyê ve tê zanîn. Ew wekî pêşengê Rönesansê tê dîtin.",3,verified,https://en.wikipedia.org/wiki/Giotto,approved,0.95,
ds_dirok_0208,ku-kmr,Dîrok,Di serdema keşfên deryayî de kîjan welatê Ewropayê yekem bû ku gihîşt Brezîlyayê?,Spanya,Fransa,Holanda,Portûgal,D,"Pedro Álvares Cabral, keşfvanê Portûgalî, di sala 1500'an de gihîşt Brezîlyayê. Ev yek bû sedema dagirkirina Brezîlyayê ji aliyê Portûgalê ve.",2,verified,https://en.wikipedia.org/wiki/Pedro_%C3%81lvares_Cabral,approved,0.95,
ds_dirok_0209,ku-kmr,Dîrok,Kîjan zanyarê Rönesansê bi xwendina laşê mirov ve tê nasîn?,Andreas Vesalius,Galileo Galilei,Nicolaus Copernicus,Johannes Kepler,A,"Andreas Vesalius, zanyarê Belçîkî, bi pirtûka xwe ya 'De Humani Corporis Fabrica' ve di warê anatomiyê de şoreşek çêkir. Ew wekî bavê anatomiyê nûjen tê zanîn.",2,verified,https://en.wikipedia.org/wiki/Andreas_Vesalius,approved,0.95,
ds_dirok_0210,ku-kmr,Dîrok,Di sala 1494'an de kîjan peymanê cîhanê di navbera Portûgal û Spanyayê de dabeş kir?,Peymana Westphalia,Peymana Tordesillas,Peymana Utrecht,Peymana Parisê,B,Peymana Tordesillas di sala 1494'an de ji aliyê Papa ve hate navbeynkarkirin û erdên nû yên keşfkirî di navbera Portûgal û Spanyayê de dabeş kir.,2,verified,https://en.wikipedia.org/wiki/Treaty_of_Tordesillas,approved,0.95,
ds_dirok_0211,ku-kmr,Dîrok,Kîjan keşfvanê Îngilîz di sala 1497'an de gihîşt Amerîkaya Bakur?,Walter Raleigh,Henry Hudson,John Cabot,Francis Drake,C,"John Cabot, keşfvanê Îtalyan ku ji bo Îngilîstanê dixebitî, di sala 1497'an de gihîşt peravên Amerîkaya Bakur. Ev yek destpêka îdiaya Îngilîstanê li ser Amerîkaya Bakur bû.",2,verified,https://en.wikipedia.org/wiki/John_Cabot,approved,0.95,
ds_dirok_0212,ku-kmr,Dîrok,Di serdema Rönesansê de kîjan bajarê Îtalyayê wekî navenda çandî ya herî girîng dihat zanîn?,Roma,Venedîk,Napolî,Floransa,D,Floransa di serdema Rönesansê de wekî navenda çandî û hunerî ya herî girîng dihat zanîn. Malbata Medici ya dewlemend li wir piştgiriya hunermendan dikir.,1,verified,https://en.wikipedia.org/wiki/Florence,approved,0.95,
ds_dirok_0213,ku-kmr,Dîrok,Kîjan kesayetê Rönesansê wekî 'Bavê Peyvê' tê zanîn?,Francesco Petrarca,Dante Alighieri,Giovanni Boccaccio,Niccolò Machiavelli,A,"Francesco Petrarca, helbestvanê Îtalyan, wekî bavê hûmanîzmê tê zanîn. Ew bi helbestên xwe yên bi zimanê Îtalyanî ve navdar bû.",3,verified,https://en.wikipedia.org/wiki/Petrarch,approved,0.95,
ds_dirok_0214,ku-kmr,Dîrok,Di sala 1498'an de kîjan keşfvan gihîşt Hindistanê bi rêya deryayî?,Bartolomeu Dias,Vasco da Gama,Pedro Álvares Cabral,Ferdinand Magellan,B,"Vasco da Gama di sala 1498'an de gihîşt Hindistanê, bi vî awayî rêya deryayî ya Hindistanê vekir. Ev yek bazirganiya Ewropayê bi rojhilat re guherand.",1,verified,https://en.wikipedia.org/wiki/Vasco_da_Gama,approved,0.95,
ds_dirok_0215,ku-kmr,Dîrok,Kîjan kesayetê Rönesansê bi çêkirina Peykerê Dawid ve tê zanîn?,Leonardo da Vinci,Raphael,Michelangelo,Donatello,C,"Michelangelo, hunermendê navdar ê Îtalyan, peykerê Dawid di navbera 1501 û 1504'an de çêkir. Ev peyker yek ji berhemên herî navdar ên Rönesansê ye.",1,verified,https://en.wikipedia.org/wiki/David_(Michelangelo),approved,0.95,
ds_dirok_0216,ku-kmr,Dîrok,Di serdema keşfên deryayî de kîjan keşfvanê Spanyolî gihîşt Okyanûsa Pasîfîkê?,Hernán Cortés,Francisco Pizarro,Juan Ponce de León,Vasco Núñez de Balboa,D,Vasco Núñez de Balboa di sala 1513'an de gihîşt Okyanûsa Pasîfîkê. Ew yekem Ewropî bû ku ji Amerîkayê Okyanûsa Pasîfîkê dît.,2,verified,https://en.wikipedia.org/wiki/Vasco_N%C3%BA%C3%B1ez_de_Balboa,approved,0.95,
ds_dirok_0217,ku-kmr,Dîrok,Kîjan kesayetê Rönesansê bi pirtûka xwe ya 'Prince' ve tê zanîn?,Niccolò Machiavelli,Erasmus,Thomas More,François Rabelais,A,Niccolò Machiavelli di pirtûka xwe ya 'Prince' de li ser siyaset û hikûmetê nivîsand. Ev pirtûk wekî yek ji berhemên bingehîn ên siyaseta nûjen tê zanîn.,2,verified,https://en.wikipedia.org/wiki/The_Prince,approved,0.95,
ds_dirok_0218,ku-kmr,Dîrok,Di sala 1519'an de kîjan keşfvanê Spanyolî dest bi dagirkirina Meksîkayê kir?,Francisco Pizarro,Hernán Cortés,Vasco Núñez de Balboa,Pedro de Valdivia,B,Hernán Cortés di sala 1519'an de dest bi dagirkirina Împaratoriya Aztekan a li Meksîkayê kir. Ev yek bû sedema hilweşandina Împaratoriya Aztekan.,2,verified,https://en.wikipedia.org/wiki/Hern%C3%A1n_Cort%C3%A9s,approved,0.95,
ds_dirok_0219,ku-kmr,Dîrok,Kîjan zanyarê Rönesansê bi çavdêriya xwe ya li ser gerstêrkan ve tê zanîn?,Nicolaus Copernicus,Johannes Kepler,Galileo Galilei,Tycho Brahe,C,Galileo Galilei bi teleskopa xwe ya çêkirî çavdêriya gerstêrkan kir û piştgirî da teoriya Copernicus. Ew wekî bavê zanista nûjen tê zanîn.,1,verified,https://en.wikipedia.org/wiki/Galileo_Galilei,approved,0.95,
ds_dirok_0220,ku-kmr,Dîrok,Di serdema keşfên deryayî de kîjan keşfvanê Portûgalî yekem car derbasî Kapê Hêvîyê Baş bû?,Vasco da Gama,Pedro Álvares Cabral,Diogo Cão,Bartolomeu Dias,D,Bartolomeu Dias di sala 1488'an de yekem car derbasî Kapê Hêvîyê Baş bû. Ev yek rê vekir ji bo rêya deryayî ya Hindistanê.,2,verified,https://en.wikipedia.org/wiki/Bartolomeu_Dias,approved,0.95,
ds_dirok_0221,ku-kmr,Dîrok,Kîjan kesayetê Rönesansê bi xêzkirina kapelê Sistine ve tê zanîn?,Michelangelo,Leonardo da Vinci,Raphael,Sandro Botticelli,A,Michelangelo di navbera 1508 û 1512'an de banê Kapela Sistine xêz kir. Ev berhem yek ji berhemên herî navdar ên Rönesansê ye.,1,verified,https://en.wikipedia.org/wiki/Sistine_Chapel_ceiling,approved,0.95,
ds_dirok_0222,ku-kmr,Dîrok,Di sala 1533'an de kîjan kesayetê Spanyolî Împaratoriya Înkan hilweşand?,Hernán Cortés,Francisco Pizarro,Diego de Almagro,Pedro de Valdivia,B,Francisco Pizarro di sala 1533'an de Împaratoriya Înkan hilweşand. Ev yek bû sedema dagirkirina Peruyê ji aliyê Spanyayê ve.,2,verified,https://en.wikipedia.org/wiki/Francisco_Pizarro,approved,0.95,
ds_dirok_0223,ku-kmr,Dîrok,Kîjan kesayetê Rönesansê bi pirtûka xwe ya 'Utopia' ve tê zanîn?,Erasmus,Niccolò Machiavelli,Thomas More,Michel de Montaigne,C,Thomas More di pirtûka xwe ya 'Utopia' de civakek îdeal xeyal kir. Ev pirtûk wekî yek ji berhemên bingehîn ên hûmanîzmê tê zanîn.,3,verified,https://en.wikipedia.org/wiki/Utopia_(book),approved,0.95,
ds_dirok_0224,ku-kmr,Dîrok,Di serdema keşfên deryayî de kîjan welatê Ewropayê yekem bû ku bazirganiya bi Çînê re kir?,Spanya,Holanda,Îngilîstan,Portûgal,D,Portûgal di sala 1513'an de yekem car bazirganiya bi Çînê re kir. Ev yek destpêka têkiliyên bazirganî yên Ewropa û Çînê bû.,3,verified,https://en.wikipedia.org/wiki/Portuguese_China,approved,0.95,
ds_dirok_0225,ku-kmr,Dîrok,Şoreşa Pîşesaziyê di kîjan welatî de dest pê kir?,Brîtanya,Fransa,Almanya,Îtalya,A,"Şoreşa Pîşesaziyê di sedsala 18'an de li Brîtanyayê dest pê kir, ji ber ku li wir sermaye, komir û bazara mezin hebûn.",1,verified,https://en.wikipedia.org/wiki/Industrial_Revolution,approved,0.95,
ds_dirok_0226,ku-kmr,Dîrok,Kîjan makîne di destpêka Şoreşa Pîşesaziyê de ji bo ristinê hate îcad kirin?,Makîneya hilmê,Jenny ya ristinê,Makîneya çapê,Tevnvê ya mekanîk,B,"Jenny ya ristinê, ku ji aliyê James Hargreaves ve di 1764'an de hate îcad kirin, di destpêka Şoreşa Pîşesaziyê de di pîşesaziya tekstîlê de şoreşek çêkir.",2,verified,https://en.wikipedia.org/wiki/Spinning_jenny,approved,0.95,
ds_dirok_0227,ku-kmr,Dîrok,Di Şoreşa Pîşesaziyê de kîjan enerjiyê bi piranî dihat bikaranîn?,Enerjiya bayî,Enerjiya avê,Komir,Enerjiya nukleer,C,"Komir di Şoreşa Pîşesaziyê de çavkaniya sereke ya enerjiyê bû, ji ber ku makîneya hilmê û kargehên pola bi komirê dihatin xebitandin.",1,verified,https://en.wikipedia.org/wiki/Coal_in_the_Industrial_Revolution,approved,0.95,
ds_dirok_0228,ku-kmr,Dîrok,Kîjan kesayetî makîneya hilmê ya pêşkeftî di sala 1769'an de çêkir?,Richard Arkwright,Samuel Crompton,Edmund Cartwright,James Watt,D,"James Watt di 1769'an de makîneya hilmê ya pêşkeftî çêkir, ku ji bo kargehan û veguhestinê enerjiyê peyda kir û Şoreşa Pîşesaziyê zûtir kir.",2,verified,https://en.wikipedia.org/wiki/James_Watt,approved,0.95,
ds_dirok_0229,ku-kmr,Dîrok,Di Şoreşa Pîşesaziyê de kîjan bûyerê bû sedema zêdebûna bajaran?,Koçberiya gundiyan bo kargehan,Zêdebûna çandiniyê,Kêmbûna nifûsê,Pêşketina karwanan,A,"Ji ber ku kargeh li bajaran hatin avakirin, gelek gundî ji bo kar û jiyanek baştir koçî bajaran kirin, ev jî bû sedema zêdebûna nifûsa bajaran.",1,verified,https://en.wikipedia.org/wiki/Urbanization,approved,0.95,
ds_dirok_0230,ku-kmr,Dîrok,Kîjan veguhestinê di Şoreşa Pîşesaziyê de herî zêde pêşket?,Balafiran,Trênan,Tirimpêlan,Keştiyên bazirganiyê,B,"Trên di Şoreşa Pîşesaziyê de pêşketina herî mezin kir, ji ber ku rêhesin ji bo veguhestina komir û kelûpelan rêyek bilez û erzan peyda kir.",1,verified,https://en.wikipedia.org/wiki/History_of_rail_transport,approved,0.95,
ds_dirok_0231,ku-kmr,Dîrok,Di Şoreşa Pîşesaziyê de kîjan pîşesaziyê yekem car makîneyên bi hilmê bi kar anîn?,Pîşesaziya pola,Pîşesaziya çîmentoyê,Pîşesaziya tekstîlê,Pîşesaziya kaxezê,C,"Pîşesaziya tekstîlê yekem pîşesazî bû ku makîneyên bi hilmê bi kar anîn, ji ber ku makîneyên ristin û tevnvê bi hêsanî bi hilmê dihatin xebitandin.",2,verified,https://en.wikipedia.org/wiki/Textile_industry,approved,0.95,
ds_dirok_0232,ku-kmr,Dîrok,Kîjan prosesa ku pola bi awayekî erzan dihat hilberandin di sala 1856'an de hate îcad kirin?,Prosesa Siemens,Prosesa Gilchrist,Prosesa Martin,Prosesa Bessemer,D,"Prosesa Bessemer, ku ji aliyê Henry Bessemer ve hate îcad kirin, di sala 1856'an de hilberîna pola ya bi awayekî erzan û bi girseyî mumkin kir.",2,verified,https://en.wikipedia.org/wiki/Bessemer_process,approved,0.95,
ds_dirok_0233,ku-kmr,Dîrok,Di Şoreşa Pîşesaziyê de kîjan çîna civakî ya nû derket holê?,Çîna karkeran,Çîna esilzadeyan,Çîna cotkaran,Çîna keşîşan,A,"Di Şoreşa Pîşesaziyê de çîna karkeran (proletarya) derket holê, ji ber ku gelek kes di kargehan de dest bi kar kirin û şert û mercên xebatê yên nû derketin.",1,verified,https://en.wikipedia.org/wiki/Working_class,approved,0.95,
ds_dirok_0234,ku-kmr,Dîrok,Kîjan bûyer di sala 1811'an de li Brîtanyayê qewimî û tê de karkeran makîneyan hilweşandin?,Serhildana Chartîstan,Serhildana Luddîtan,Serhildana Swing,Serhildana Peterloo,B,"Serhildana Luddîtan di sala 1811'an de li Brîtanyayê qewimî, karkerên ku ji ber makîneyan karkirina xwe winda kiribûn, dest bi hilweşandina makîneyan kirin.",2,verified,https://en.wikipedia.org/wiki/Luddite,approved,0.95,
ds_dirok_0235,ku-kmr,Dîrok,Di Şoreşa Pîşesaziyê de kîjan welatî piştî Brîtanyayê pîşesazî kir?,Portûgal,Yewnanistan,Belçîka,Norwêc,C,"Belçîka piştî Brîtanyayê yekem welatê Ewropayê bû ku pîşesazî kir, ji ber ku li wir komir û hesin pir bûn.",2,verified,https://en.wikipedia.org/wiki/Industrial_Revolution_in_Belgium,approved,0.95,
ds_dirok_0236,ku-kmr,Dîrok,Kîjan kesayetî di sala 1776'an de pirtûka 'Lêkolîna li ser Dewlemendiya Neteweyan' nivîsand?,David Ricardo,Karl Marx,John Stuart Mill,Adam Smith,D,"Adam Smith di 1776'an de pirtûka 'Lêkolîna li ser Dewlemendiya Neteweyan' nivîsand, ku bingeha aboriya klasîk avêt û bandor li ser Şoreşa Pîşesaziyê kir.",2,verified,https://en.wikipedia.org/wiki/The_Wealth_of_Nations,approved,0.95,
ds_dirok_0237,ku-kmr,Dîrok,Di Şoreşa Pîşesaziyê de kîjan keşfê di warê bijîşkiyê de bû sedema kêmbûna mirinê?,Pênîsîlîn,Vaksîna li dijî xurê,Aspirin,X-ray,A,"Pênîsîlîn, ku di 1928'an de hate keşfkirin, di dermankirina enfeksiyonan de şoreşek çêkir û bû sedema kêmbûna mirinê, her çend ew piştî Şoreşa Pîşesaziyê bû.",3,verified,https://en.wikipedia.org/wiki/Penicillin,approved,0.95,
ds_dirok_0238,ku-kmr,Dîrok,Kîjan şer piştî Şoreşa Pîşesaziyê bû sedema pêşketina teknolojiya çekan?,Şerê Napoleon,Şerê Cîhanê yê Yekem,Şerê Spanî-Amerîkî,Şerê Qirimê,B,"Şerê Cîhanê yê Yekem, ku di 1914'an de dest pê kir, bû sedema pêşketina teknolojiya çekan, ji ber ku pîşesaziyên mezin çekên nû yên wekî tank û balafiran çêkirin.",2,verified,https://en.wikipedia.org/wiki/World_War_I,approved,0.95,
ds_dirok_0239,ku-kmr,Dîrok,Di Şoreşa Pîşesaziyê de kîjan çavkaniya enerjiyê di kargehan de herî zêde dihat bikaranîn?,Enerjiya elektrîkê,Enerjiya nukleer,Enerjiya hilmê,Enerjiya rojê,C,"Enerjiya hilmê di kargehan de herî zêde dihat bikaranîn, ji ber ku makîneya hilmê ji bo xebitandina makîneyan enerjiyê peyda dikir.",1,verified,https://en.wikipedia.org/wiki/Steam_engine,approved,0.95,
ds_dirok_0240,ku-kmr,Dîrok,Kîjan bajarê Brîtanyayê di Şoreşa Pîşesaziyê de wekî navenda tekstîlê dihat zanîn?,Londra,Edinburgh,Dublin,Manchester,D,"Manchester di Şoreşa Pîşesaziyê de navenda tekstîlê bû, ji ber ku li wir gelek kargehên ristin û tevnvê hatin avakirin.",2,verified,https://en.wikipedia.org/wiki/Manchester,approved,0.95,
ds_dirok_0241,ku-kmr,Dîrok,Di Şoreşa Pîşesaziyê de kîjan pêşketinê di çandiniyê de bû sedema zêdebûna hilberînê?,Bikaranîna makîneyan,Zivirîna çandiniyê,Zêdebûna axê,Bikaranîna kîmyewiyan,A,"Bikaranîna makîneyan di çandiniyê de, wekî makîneya dirûnê, bû sedema zêdebûna hilberînê û kêmbûna kedê.",2,verified,https://en.wikipedia.org/wiki/Agricultural_Revolution,approved,0.95,
ds_dirok_0242,ku-kmr,Dîrok,Kîjan kesayetî di sala 1814'an de lokomotîfa yekem a bi hilmê çêkir?,Isambard Brunel,George Stephenson,Robert Trevithick,Richard Trevithick,B,"George Stephenson di 1814'an de lokomotîfa yekem a bi hilmê bi navê 'Blucher' çêkir, ku ji bo veguhestina komirê dihat bikaranîn.",2,verified,https://en.wikipedia.org/wiki/George_Stephenson,approved,0.95,
ds_dirok_0243,ku-kmr,Dîrok,Di Şoreşa Pîşesaziyê de kîjan dewletê ji bo parastina pîşesaziya xwe bacên gumrikê bilind kir?,Fransa,Almanya,DYA,Japon,C,"DYA di Şoreşa Pîşesaziyê de ji bo parastina pîşesaziya xwe ya nû, bacên gumrikê bilind kir da ku kelûpelên biyanî nekevin bazarê.",3,verified,https://en.wikipedia.org/wiki/Tariff_in_United_States_history,approved,0.95,
ds_dirok_0244,ku-kmr,Dîrok,Kîjan pîşesazî di Şoreşa Pîşesaziyê de herî zêde komir bi kar dianî?,Pîşesaziya çerm,Pîşesaziya xwarinê,Pîşesaziya mobîlyayê,Pîşesaziya pola,D,"Pîşesaziya pola di Şoreşa Pîşesaziyê de herî zêde komir bi kar dianî, ji ber ku ji bo helandina hesin komir pêdivî bû.",1,verified,https://en.wikipedia.org/wiki/Steelmaking,approved,0.95,
ds_dirok_0245,ku-kmr,Dîrok,Di Şoreşa Pîşesaziyê de kîjan bûyerê bû sedema pêşketina sendîkayan?,Şert û mercên xebatê yên giran,Zêdebûna mûçeyan,Pêşketina perwerdehiyê,Kêmbûna karkeran,A,"Şert û mercên xebatê yên giran, wekî demjimêrên dirêj û mûçeyên kêm, bû sedema pêşketina sendîkayan ji bo parastina mafên karkeran.",2,verified,https://en.wikipedia.org/wiki/Trade_union,approved,0.95,
ds_dirok_0246,ku-kmr,Dîrok,Kîjan keşfê di warê ragihandinê de di Şoreşa Pîşesaziyê de pêşket?,Telefon,Telgraf,Radyo,Televîzyon,B,"Telgraf, ku di 1837'an de hate îcad kirin, di Şoreşa Pîşesaziyê de pêşket, ji ber ku ew rêbaza yekem a ragihandina bilez a dûr bû.",2,verified,https://en.wikipedia.org/wiki/Electrical_telegraph,approved,0.95,
ds_dirok_0247,ku-kmr,Dîrok,Di Şoreşa Pîşesaziyê de kîjan welatê Ewropayê wekî navenda darayî ya cîhanê derket pêş?,Fransa,Hollanda,Brîtanya,Spanya,C,"Brîtanya di Şoreşa Pîşesaziyê de wekî navenda darayî ya cîhanê derket pêş, ji ber ku bank û borsayên wê yên bi hêz hebûn.",2,verified,https://en.wikipedia.org/wiki/Financial_centre,approved,0.95,
ds_dirok_0248,ku-kmr,Dîrok,Kîjan kesayetî di sala 1793'an de makîneya pembûyê ya ku ji bo veqetandina pembûyê dihat bikaranîn îcad kir?,Samuel Slater,Francis Cabot Lowell,John Kay,Eli Whitney,D,"Eli Whitney di 1793'an de makîneya pembûyê îcad kir, ku ji bo veqetandina pembûyê ji tovê wê dihat bikaranîn, ev jî hilberîna pembûyê zêde kir.",2,verified,https://en.wikipedia.org/wiki/Cotton_gin,approved,0.95,
ds_dirok_0249,ku-kmr,Dîrok,Di Şoreşa Pîşesaziyê de kîjan pêvajoyê bû sedema hilweşandina karê destan?,Pîşesaziya makîneyan,Pîşesaziya çandiniyê,Pîşesaziya keştiyan,Pîşesaziya madenê,A,"Pîşesaziya makîneyan bû sedema hilweşandina karê destan, ji ber ku makîneyan hilberînê zûtir û erzan kir, ev jî bû sedema windabûna karê destan.",2,verified,https://en.wikipedia.org/wiki/Industrialisation,approved,0.95,
ds_dirok_0250,ku-kmr,Dîrok,Dîroka devkî ji bo lêkolîna dîrokê çima girîng e?,Ji ber ku ew tenê bûyerên siyasî vedikole,Ji ber ku ew agahiyên ku di belgeyan de tune ne diparêze,Ji ber ku ew bi taybetî li ser şeran dinivîse,Ji ber ku ew tenê li ser padîşahan diaxive,B,"Dîroka devkî, bi taybetî ji bo civakên ku belgeyên nivîskî kêm in, agahiyên girîng ên ku di arşîvan de nayên dîtin diparêze û radigihîne.",1,verified,https://en.wikipedia.org/wiki/Oral_history,approved,0.95,
ds_dirok_0251,ku-kmr,Dîrok,Kîjan rêbaz di lêkolîna dîroka devkî de herî zêde tê bikaranîn?,Analîza statîstîkî,Kolana arkeolojîk,Hevpeyvîna bi şahidan re,Ceribandina laboratûwarê,C,"Hevpeyvîn bi kesên ku bûyeran dîtine an jî di wan de cih girtine, bingeha dîroka devkî ye; ev rêbaz agahiyên kesane û yekser peyda dike.",1,verified,https://en.wikipedia.org/wiki/Oral_history,approved,0.95,
ds_dirok_0252,ku-kmr,Dîrok,"Di dîroka devkî de, kîjan têgeh ji bo ravekirina alîgiriya çîrokbêj tê bikaranîn?",Objektîvîte,Neutralîte,Rastî,Subjektîvîte,D,"Subjektîvîte di dîroka devkî de tê wateya ku vegotina çîrokbêj ji perspektîf û ezmûnên wî yên kesane bandor dibe, ev jî ji bo lêkolîneran xaleke girîng e.",2,verified,https://en.wikipedia.org/wiki/Oral_history,approved,0.95,
ds_dirok_0253,ku-kmr,Dîrok,Çima dîroknasên nûjen ji bo dîroka devkî qîmetê didin?,Ji ber ku ew dengê komên ku di dîroka fermî de têne paşguh kirin radigihîne,Ji ber ku ew bûyerên kevnar bi awayekî objektîf dinivîse,Ji ber ku ew tenê li ser dîroka leşkerî disekine,Ji ber ku ew bi taybetî li ser aboriyê dinivîse,A,"Dîroka devkî derfetê dide ku dengê jin, karker, kêmnetewe û komên din ên ku di dîroka fermî de cih nagirin, bêne bihîstin û tomar kirin.",2,verified,https://en.wikipedia.org/wiki/Oral_history,approved,0.95,
ds_dirok_0254,ku-kmr,Dîrok,"Di lêkolîna dîroka devkî de, kîjan pirsên ji bo berhevkirina agahiyan herî bi bandor in?",Pirsên girtî yên ku bersiva erê an na dixwazin,Pirsên vekirî yên ku çîrokbêj azad dihêlin,Pirsên ku tenê bi dîrokên rast re têkildar in,Pirsên ku bi zanistiya siyasî ve girêdayî ne,B,"Pirsên vekirî dihêlin ku çîrokbêj bi serbestî biaxive û agahiyên nediyar û kûr derkevin holê, ev jî ji bo dîroka devkî zêdetir bikêr e.",2,verified,https://en.wikipedia.org/wiki/Oral_history,approved,0.95,
ds_dirok_0255,ku-kmr,Dîrok,Kîjan zanyar wekî pêşengê dîroka devkî ya nûjen tê zanîn?,Herodotus,Thucydides,Allan Nevins,Leopold von Ranke,C,Allan Nevins di sala 1948'an de li Zanîngeha Columbia'yê projeya dîroka devkî ya nûjen damezrand û ev rêbaz bi awayekî akademîk pêş xist.,3,verified,https://en.wikipedia.org/wiki/Allan_Nevins,approved,0.95,
ds_dirok_0256,ku-kmr,Dîrok,"Di dîroka devkî de, kîjan pirsgirêk ji bo rastbûna agahiyan herî zêde xeternak e?",Zêdebûna çavkaniyan,Kêmasiya arşîvan,Zimanê biyanî,Şaşbîrî û xemilandina bûyeran,D,"Şaşbîrî û xemilandina bûyeran ji ber ku bi demê re di bîranînên mirovan de çêdibin, dikarin rastbûna agahiyên dîroka devkî kêm bikin.",2,verified,https://en.wikipedia.org/wiki/Oral_history,approved,0.95,
ds_dirok_0257,ku-kmr,Dîrok,Ferqa di navbera dîroka fermî û dîroka devkî de çi ye?,"Dîroka fermî ji hêla saziyan ve tê nivîsandin, dîroka devkî ji hêla gel ve tê vegotin",Dîroka fermî bi taybetî li ser jinan disekine,Dîroka devkî bi taybetî li ser bûyerên leşkerî disekine,Dîroka devkî ji hêla dewletê ve tê kontrol kirin,A,"Dîroka fermî bi gelemperî ji aliyê saziyên dewletê ve tê nivîsandin û kontrol kirin, lê dîroka devkî ji hêla gel ve tê vegotin û ji nifşan re tê ragihandin.",1,verified,https://en.wikipedia.org/wiki/Oral_history,approved,0.95,
ds_dirok_0258,ku-kmr,Dîrok,"Di dîroka devkî de, kîjan amûr ji bo tomar kirina hevpeyvinan herî zêde tê bikaranîn?",Pênûs û kaxez,Hemî van amûran,Kameraya vîdyoyê,Amûra tomar kirina deng,B,"Ji bo tomar kirina hevpeyvinan, pênûs û kaxez, kameraya vîdyoyê û amûra tomar kirina deng hemî têne bikaranîn; her yek ji wan ji bo armancên cuda bikêr e.",1,verified,https://en.wikipedia.org/wiki/Oral_history,approved,0.95,
ds_dirok_0259,ku-kmr,Dîrok,"Li gorî dîroknasan, dîroka devkî di kîjan serdemê de wekî rêbazek akademîk hate qebûl kirin?",Di sedsala 18'an de,Di sedsala 19'an de,Di nîvê sedsala 20'an de,Di destpêka sedsala 21'an de,C,"Dîroka devkî di nîvê sedsala 20'an de, bi taybetî piştî damezrandina projeyên akademîk li Dewletên Yekbûyî û Ewropayê, wekî rêbazek akademîk hate qebûl kirin.",2,verified,https://en.wikipedia.org/wiki/Oral_history,approved,0.95,
ds_dirok_0260,ku-kmr,Dîrok,Kîjan pirtûk wekî yek ji berhemên destpêkê yên dîroka devkî ya kurdî tê zanîn?,Mem û Zîn,Dîroka Kurdistanê,Cejna Azadiyê,Şerefname,D,"Şerefnameya Şerefxanê Bidlîsî, ku di sedsala 16'an de hatiye nivîsandin, ji bo dîroka kurdan çavkaniyeke girîng e û di heman demê de agahiyên devkî jî dihewîne.",2,verified,https://en.wikipedia.org/wiki/Sharafnama,approved,0.95,
ds_dirok_0261,ku-kmr,Dîrok,"Di dîroka devkî de, kîjan têgeh ji bo ravekirina bandora kesayetiya lêkolîner li ser hevpeyvînê tê bikaranîn?",Refleksîvîte,Transkrîpsiyon,Arşîv,Metodolojî,A,Refleksîvîte tê wateya ku lêkolîner bi xwe jî beşek ji pêvajoya lêkolînê ye û divê bandora xwe ya kesane li ser hevpeyvînê nas bike û kontrol bike.,3,verified,https://en.wikipedia.org/wiki/Reflexivity_(social_theory),approved,0.95,
ds_dirok_0262,ku-kmr,Dîrok,Çima dîroka devkî ji bo civakên kurdan a girîng e?,Ji ber ku kurdan gelek belgeyên nivîskî hiştine,Ji ber ku kurdan bi piranî dîroka xwe bi devkî ragihandiye,Ji ber ku kurdan dîroka xwe bi zimanê erebî nivîsiye,Ji ber ku kurdan dîroka xwe bi zimanê farisî nivîsiye,B,"Ji ber ku di dîroka kurdan de belgeyên nivîskî kêm in û dîroka wan bi piranî bi devkî ji nifşan re hatiye ragihandin, dîroka devkî ji bo kurdan çavkaniyeke bingehîn e.",1,verified,https://en.wikipedia.org/wiki/Kurds,approved,0.95,
ds_dirok_0263,ku-kmr,Dîrok,"Di lêkolîna dîroka devkî de, kîjan qonax piştî hevpeyvînê tê?",Amadekirina pirsan,Dîtina şahidan,Transkrîpsiyon û analîz,Kolana arşîvan,C,"Piştî hevpeyvînê, qonaxa transkrîpsiyon û analîzê tê; di vê qonaxê de deng tê nivîsandin û agahiyên hatine berhevkirin têne analîz kirin.",1,verified,https://en.wikipedia.org/wiki/Oral_history,approved,0.95,
ds_dirok_0264,ku-kmr,Dîrok,Kîjan rêbaz ji bo rastbûna agahiyên dîroka devkî zêde dike?,Bikaranîna yek çavkaniyê,Tenê guhdarîkirina çîrokbêj,Nivîsandina bêyî kontrolê,Berhevkirina gelek çavkaniyan,D,"Berhevkirina agahiyan ji gelek çavkaniyan û berhevdana wan bi hev re, rastbûna dîroka devkî zêde dike û alîkariya tespîtkirina şaşbîriyan dike.",2,verified,https://en.wikipedia.org/wiki/Oral_history,approved,0.95,
ds_dirok_0265,ku-kmr,Dîrok,"Di dîroka devkî de, kîjan pirsgirêk ji ber ziman û wergeran derdikeve?",Wendabûna wateyê di wergerê de,Zêdebûna agahiyan,Kêmasiya şahidan,Zêdebûna belgeyan,A,"Dema ku dîroka devkî ji zimanekî bi zimanekî din tê wergerandin, dibe ku wateya resen a çîrokbêj winda bibe an jî biguhere, ev jî rastbûna agahiyan kêm dike.",2,verified,https://en.wikipedia.org/wiki/Oral_history,approved,0.95,
ds_dirok_0266,ku-kmr,Dîrok,Kîjan kesayetê kurd bi xebata xwe ya li ser dîroka devkî ya kurdan tê zanîn?,Celadet Bedirxan,İsmaîl Beşikçi,Mehmed Uzun,Şerefxanê Bidlîsî,B,İsmaîl Beşikçi bi lêkolînên xwe yên li ser civaka kurdan û dîroka devkî ya wan tê zanîn; wî di navbera salên 1960 û 1970'an de gelek hevpeyvîn bi kurdan re kirine.,3,verified,https://en.wikipedia.org/wiki/İsmail_Beşikçi,approved,0.95,
ds_dirok_0267,ku-kmr,Dîrok,"Di dîroka devkî de, kîjan têgeh ji bo ravekirina bîranînên kolektîf tê bikaranîn?",Bîra kesane,Bîra dîrokî,Bîra civakî,Bîra fermî,C,Bîra civakî tê wateya bîranînên ku ji hêla civakekê ve têne parve kirin û bi demê re di nav civakê de têne vegotin; ev ji bo dîroka devkî girîng e.,2,verified,https://en.wikipedia.org/wiki/Collective_memory,approved,0.95,
ds_dirok_0268,ku-kmr,Dîrok,"Di lêkolîna dîroka devkî de, kîjan qonaxa yekem e?",Analîza agahiyan,Transkrîpsiyon,Weşandina encaman,Amadekirina pirsan,D,Qonaxa yekem a lêkolîna dîroka devkî amadekirina pirsan e; pirsên baş dihêlin ku agahiyên kûr û rast bêne berhevkirin.,1,verified,https://en.wikipedia.org/wiki/Oral_history,approved,0.95,
ds_dirok_0269,ku-kmr,Dîrok,Çima dîroka devkî ji bo dîroka jinên kurd a girîng e?,Ji ber ku dîroka fermî bi piranî li ser zilaman disekine û dengê jinan paşguh dike,Ji ber ku jinan gelek belge nivîsine,Ji ber ku dîroka fermî bi taybetî li ser jinan disekine,Ji ber ku jinan dîroka xwe bi zimanê erebî nivîsiye,A,Dîroka fermî bi piranî li ser zilaman û bûyerên siyasî disekine; dîroka devkî derfetê dide ku dengê jinên kurd û ezmûnên wan bêne bihîstin û tomar kirin.,2,verified,https://en.wikipedia.org/wiki/Oral_history,approved,0.95,
ds_dirok_0270,ku-kmr,Dîrok,"Di dîroka devkî de, kîjan amûr ji bo arşîvkirina hevpeyvinan tê bikaranîn?",Pirtûkxane,Arşîva dengî,Muzexane,Laboratûwar,B,Arşîva dengî ji bo arşîvkirin û parastina tomarên dengî yên hevpeyvinan tê bikaranîn; ev arşîv ji bo lêkolîneran çavkaniyeke girîng e.,1,verified,https://en.wikipedia.org/wiki/Oral_history,approved,0.95,
ds_dirok_0271,ku-kmr,Dîrok,Kîjan rêbaz di dîroka devkî de ji bo kêmkirina şaşbîriyan tê bikaranîn?,Bikaranîna tenê yek çavkaniyê,Paşguhkirina bîranînan,Berhevdana agahiyan bi belgeyên nivîskî re,Zêdekirina pirsên girtî,C,"Berhevdana agahiyên devkî bi belgeyên nivîskî yên heyî re, alîkariya tespîtkirina şaşbîriyan dike û rastbûna agahiyan zêde dike.",2,verified,https://en.wikipedia.org/wiki/Oral_history,approved,0.95,
ds_dirok_0272,ku-kmr,Dîrok,"Di dîroka devkî de, kîjan têgeh ji bo ravekirina pêvajoya guherandina çîrokê di nav nifşan de tê bikaranîn?",Transkrîpsiyon,Refleksîvîte,Arşîvkirin,Veguherîna çîrokê,D,Veguherîna çîrokê tê wateya ku çîrok bi demê re û di nav nifşan de diguhere; ev jî ji bo dîroka devkî xaleke girîng e ku divê were hesab kirin.,3,verified,https://en.wikipedia.org/wiki/Oral_history,approved,0.95,
ds_dirok_0273,ku-kmr,Dîrok,"Li gorî dîroknasan, dîroka devkî di kîjan warî de ji dîroka nivîskî pêşdetir e?",Di parastina dengê komên marjînal de,Di rastbûna dîrokan de,Di objektîvîteya agahiyan de,Di belgekirina bûyeran de,A,"Dîroka devkî di parastina dengê komên marjînal de pêşdetir e, ji ber ku ew derfetê dide ku dengê jin, karker, kêmnetewe û komên din bêne bihîstin.",2,verified,https://en.wikipedia.org/wiki/Oral_history,approved,0.95,
ds_dirok_0274,ku-kmr,Dîrok,"Di dîroka devkî de, kîjan qonax ji bo parastina agahiyan ji bo nifşên pêşerojê tê kirin?",Amadekirina pirsan,Arşîvkirin,Analîz,Weşandin,B,Arşîvkirin ji bo parastina tomarên dîroka devkî ji bo nifşên pêşerojê tê kirin; ev qonax piştî transkrîpsiyon û analîzê tê û agahiyan ji windabûnê diparêze.,1,verified,https://en.wikipedia.org/wiki/Oral_history,approved,0.95,
ds_dirok_0275,ku-kmr,Dîrok,Riya Îpekê di kîjan serdemê de dest pê kir?,Serdema Kevir,Serdema Hesin,Serdema Bronz,Serdema Nûjen,C,"Riya Îpekê di Serdema Bronz de dest pê kir, ji ber ku bazirganiya di navbera rojhilat û rojava de di wê serdemê de pêş ket.",2,verified,https://en.wikipedia.org/wiki/Silk_Road,approved,0.95,
ds_dirok_0276,ku-kmr,Dîrok,Kîjan welat wekî destpêka Riya Îpekê tê zanîn?,Hindistan,Misir,Yewnanistan,Çîn,D,"Çîn wekî destpêka Riya Îpekê tê zanîn, ji ber ku ew derbasbûna herî kevn a bazirganiya hevrîşim bû.",1,verified,https://en.wikipedia.org/wiki/Silk_Road,approved,0.95,
ds_dirok_0277,ku-kmr,Dîrok,Di Riya Îpekê de kîjan tişt herî zêde dihat bazirganî kirin?,Hevrîşim,Zêr,Qehwe,Çerm,A,"Hevrîşim di Riya Îpekê de herî zêde dihat bazirganî kirin, ji ber ku ew ji Çînê dihat û li rojava pir biha bû.",1,verified,https://en.wikipedia.org/wiki/Silk_Road,approved,0.95,
ds_dirok_0278,ku-kmr,Dîrok,Riya Îpekê di navbera kîjan herêman de dirêj bû?,Hindistan û Afrîka,Çîn û Ewropa,Rûsya û Amerîka,Japonya û Awistralya,B,"Riya Îpekê di navbera Çîn û Ewropayê de dirêj bû, ji ber ku ew rêyek bazirganî ya dîrokî bû ku rojhilat bi rojava ve girêdidayê.",1,verified,https://en.wikipedia.org/wiki/Silk_Road,approved,0.95,
ds_dirok_0279,ku-kmr,Dîrok,Kîjan împaratorî di Riya Îpekê de roleke girîng lîst?,Împaratoriya Osmanî,Împaratoriya Bîzansê,Împaratoriya Romê,Împaratoriya Rûsî,C,"Împaratoriya Romê di Riya Îpekê de roleke girîng lîst, ji ber ku ew bazirganiya bi Çînê re dikir û hevrîşim dihat.",2,verified,https://en.wikipedia.org/wiki/Silk_Road,approved,0.95,
ds_dirok_0280,ku-kmr,Dîrok,Di Riya Îpekê de kîjan bajar wekî navenda bazirganiyê bû?,Parîs,London,Berlîn,Semerkand,D,"Semerkand di Riya Îpekê de navenda bazirganiyê bû, ji ber ku ew li ser rêya navendî bû û gelek bazirgan lê diciviyan.",2,verified,https://en.wikipedia.org/wiki/Silk_Road,approved,0.95,
ds_dirok_0281,ku-kmr,Dîrok,Riya Îpekê di kîjan sedsalê de bi dawî bû?,Sedsala 15'an,Sedsala 10'an,Sedsala 5'an,Sedsala 20'an,A,"Riya Îpekê di sedsala 15'an de bi dawî bû, ji ber ku rêyên deryayî yên nû hatin vedîtin û bazirganî guherî.",2,verified,https://en.wikipedia.org/wiki/Silk_Road,approved,0.95,
ds_dirok_0282,ku-kmr,Dîrok,Kîjan kesayetî bi Riya Îpekê re têkildar e?,Julius Caesar,Marko Polo,Napoleon,Alexander Mezin,B,"Marko Polo bi Riya Îpekê re têkildar e, ji ber ku ew bi wê rêyê çû Çînê û seferên xwe nivîsand.",1,verified,https://en.wikipedia.org/wiki/Marco_Polo,approved,0.95,
ds_dirok_0283,ku-kmr,Dîrok,Riya Îpekê çima ji bo dîrokê girîng e?,Ji ber şeran,Ji ber çandiniyê,Ji ber bazirganiyê,Ji ber avahiyan,C,"Riya Îpekê ji bo dîrokê girîng e ji ber bazirganiyê, ji ber ku ew rêyek bû ku tişt û raman di navbera rojhilat û rojava de belav dikir.",2,verified,https://en.wikipedia.org/wiki/Silk_Road,approved,0.95,
ds_dirok_0284,ku-kmr,Dîrok,Di Riya Îpekê de kîjan tişt ji rojava dihat?,Hevrîşim,Çay,Pembû,Zêr,D,"Zêr ji rojava dihat, ji ber ku ew li Ewropayê dihat hilberandin û li Çînê dihat bazirganî kirin.",2,verified,https://en.wikipedia.org/wiki/Silk_Road,approved,0.95,
ds_dirok_0285,ku-kmr,Dîrok,Riya Îpekê di kîjan warî de bandor li ser çandê kir?,Belavkirina olan,Zêdebûna şeran,Kêmbûna nifûsê,Hilweşandina bajaran,A,"Riya Îpekê di belavkirina olan de bandor kir, ji ber ku bi bazirganiyê re olên wekî Budîzm û Îslam belav bûn.",2,verified,https://en.wikipedia.org/wiki/Silk_Road,approved,0.95,
ds_dirok_0286,ku-kmr,Dîrok,Kîjan çiyayê navdar li ser Riya Îpekê ye?,Çiyayê Alp,Çiyayê Zagros,Çiyayê Himalaya,Çiyayê Andes,B,"Çiyayê Zagros li ser Riya Îpekê ye, ji ber ku ew li herêma Kurdistanê ye û rêya bazirganiyê di wir re derbas dibû.",3,verified,https://en.wikipedia.org/wiki/Zagros_Mountains,approved,0.95,
ds_dirok_0287,ku-kmr,Dîrok,Di Riya Îpekê de kîjan rêbazê veguhestinê dihat bikaranîn?,Trenên elektrîkê,Balafirên bazirganî,Karwanên deveyan,Keştiyên buharê,C,"Karwanên deveyan di Riya Îpekê de dihatin bikaranîn, ji ber ku deve li çolê bi hêsanî dimeşiyan û tiştan hilgirtin.",1,verified,https://en.wikipedia.org/wiki/Silk_Road,approved,0.95,
ds_dirok_0288,ku-kmr,Dîrok,Riya Îpekê di kîjan herêmê de derbas bû?,Amerîka,Awistralya,Japonya,Kurdistan,D,"Riya Îpekê di herêma Kurdistanê de derbas bû, ji ber ku ew li ser rêya navendî ya bazirganiyê bû.",2,verified,https://en.wikipedia.org/wiki/Silk_Road,approved,0.95,
ds_dirok_0289,ku-kmr,Dîrok,Kîjan bajarê kurdan li ser Riya Îpekê bû?,Amed,Stenbol,Qahîre,Şam,A,"Amed li ser Riya Îpekê bû, ji ber ku ew bajarekî dîrokî ye ku bazirganî tê de dihat kirin.",2,verified,https://en.wikipedia.org/wiki/Diyarbakır,approved,0.95,
ds_dirok_0290,ku-kmr,Dîrok,Riya Îpekê çima bi rêya deryayî hate guhertin?,Ji ber şeran,Ji ber keşfên nû,Ji ber qeyranan,Ji ber avhewayê,B,"Riya Îpekê bi rêya deryayî hate guhertin ji ber keşfên nû, ji ber ku keştiyên deryayî erzantir û leztir bûn.",2,verified,https://en.wikipedia.org/wiki/Silk_Road,approved,0.95,
ds_dirok_0291,ku-kmr,Dîrok,Di Riya Îpekê de kîjan tişt ji Çînê dihat?,Zêr,Qehwe,Hevrîşim,Şekir,C,"Hevrîşim ji Çînê dihat, ji ber ku ew li wir dihat hilberandin û li rojava pir biha bû.",1,verified,https://en.wikipedia.org/wiki/Silk_Road,approved,0.95,
ds_dirok_0292,ku-kmr,Dîrok,Kîjan împaratorî piştî Romayê li ser Riya Îpekê hikum kir?,Împaratoriya Mongol,Împaratoriya Osmanî,Împaratoriya Rûsî,Împaratoriya Bîzansê,D,"Împaratoriya Bîzansê piştî Romayê li ser Riya Îpekê hikum kir, ji ber ku ew li ser rêya bazirganiyê bû.",2,verified,https://en.wikipedia.org/wiki/Silk_Road,approved,0.95,
ds_dirok_0293,ku-kmr,Dîrok,Riya Îpekê di kîjan serdemê de herî zêde pêş ket?,Serdema Mongol,Serdema Kevir,Serdema Bronz,Serdema Nûjen,A,"Riya Îpekê di serdema Mongol de herî zêde pêş ket, ji ber ku Mongolan ewlehiya rêyan dabûn.",2,verified,https://en.wikipedia.org/wiki/Silk_Road,approved,0.95,
ds_dirok_0294,ku-kmr,Dîrok,Di Riya Îpekê de kîjan tişt ji Hindistanê dihat?,Hevrîşim,Biharat,Çerm,Zêr,B,"Biharat ji Hindistanê dihat, ji ber ku ew li wir dihat hilberandin û li rojava pir biha bû.",1,verified,https://en.wikipedia.org/wiki/Silk_Road,approved,0.95,
ds_dirok_0295,ku-kmr,Dîrok,Kîjan rêya deryayî li şûna Riya Îpekê derbas bû?,Rêya Pasîfîkê,Rêya Atlantîkê,Rêya Kapê Hêvîyê Baş,Rêya Arktîkê,C,"Rêya Kapê Hêvîyê Baş li şûna Riya Îpekê derbas bû, ji ber ku ew rêyek deryayî bû ku ji Ewropayê diçû Hindistanê.",2,verified,https://en.wikipedia.org/wiki/Silk_Road,approved,0.95,
ds_dirok_0296,ku-kmr,Dîrok,Riya Îpekê çima ji bo Kurdistanê girîng bû?,Ji ber çandiniyê,Ji ber avahiyan,Ji ber şeran,Ji ber bazirganiyê,D,"Riya Îpekê ji bo Kurdistanê girîng bû ji ber bazirganiyê, ji ber ku ew rêya bazirganiyê bû ku ji herêmê derbas dibû.",2,verified,https://en.wikipedia.org/wiki/Silk_Road,approved,0.95,
ds_dirok_0297,ku-kmr,Dîrok,Di Riya Îpekê de kîjan bajarê Ewropayê navenda dawî bû?,Venedîk,Parîs,London,Madrîd,A,"Venedîk di Riya Îpekê de navenda dawî bû, ji ber ku ew bajarê bazirganiyê bû ku tişt ji rojhilat dihatin.",2,verified,https://en.wikipedia.org/wiki/Silk_Road,approved,0.95,
ds_dirok_0298,ku-kmr,Dîrok,Kîjan çand di Riya Îpekê de belav bû?,Çanda Yewnanî,Çanda Budîzmê,Çanda Romayê,Çanda Misirê,B,"Çanda Budîzmê di Riya Îpekê de belav bû, ji ber ku bi bazirganiyê re ol û çand belav dibûn.",2,verified,https://en.wikipedia.org/wiki/Silk_Road,approved,0.95,
ds_dirok_0299,ku-kmr,Dîrok,Riya Îpekê di kîjan sedsalê de careke din hate vejandin?,Sedsala 18'an,Sedsala 16'an,Sedsala 21'an,Sedsala 19'an,C,"Riya Îpekê di sedsala 21'an de careke din hate vejandin, ji ber ku projeyên nû yên bazirganiyê hatin destpêkirin.",3,verified,https://en.wikipedia.org/wiki/Silk_Road,approved,0.95,
