id,language_code,category_key,prompt,option_a,option_b,option_c,option_d,correct_option,explanation,difficulty,source_verified,source_url,publication_status,confidence,notes
ds_teknoloji_0001,ku-kmr,Teknolojî,"Ji bo gihîştina malperekê, kîjan protokol tê bikaranîn?",HTTP,FTP,SMTP,SSH,A,"HTTP (Hypertext Transfer Protocol) ji bo veguhestina pelên malperê tê bikaranîn. FTP ji bo pelan, SMTP ji bo e-nameyê û SSH ji bo têketina dûr e.",1,verified,https://en.wikipedia.org/wiki/HTTP,approved,0.95,
ds_teknoloji_0002,ku-kmr,Teknolojî,Kîjan amûr ji bo girêdana du torên cuda tê bikaranîn?,Switch,Router,Hub,Modem,B,Router (rêker) du torên cuda bi hev ve girêdide û daneyan di navbera wan de rê dike. Switch tenê di nav tora herêmî de girêdanê çêdike.,1,verified,https://en.wikipedia.org/wiki/Router_(computing),approved,0.95,
ds_teknoloji_0003,ku-kmr,Teknolojî,"Di navnîşana IP-ê de, kîjan rêje pîvana veguhestina daneyan di torê de nîşan dide?",Latency,Packet loss,Bandwidth,Jitter,C,"Bandwidth (firehiya bandê) rêjeya herî zêde ya veguhestina daneyan di torê de ye. Latency derengiya veguhestinê ye, packet loss windabûna pakêtan e û jitter guherîna derengiyê ye.",2,verified,https://en.wikipedia.org/wiki/Bandwidth_(computing),approved,0.95,
ds_teknoloji_0004,ku-kmr,Teknolojî,Kîjan teknolojî ji bo şîfrekirina daneyan di navbera du aliyan de tê bikaranîn?,HTML,CSS,JavaScript,SSL/TLS,D,"SSL/TLS protokolên şîfrekirinê ne ku daneyên di navbera server û klîentê de diparêzin. HTML, CSS û JavaScript zimanên avakirina malperê ne, ne protokolên şîfrekirinê ne.",2,verified,https://en.wikipedia.org/wiki/Transport_Layer_Security,approved,0.95,
ds_teknoloji_0005,ku-kmr,Teknolojî,Kîjan protokol ji bo veguhestina e-nameyan tê bikaranîn?,SMTP,HTTP,FTP,DNS,A,"SMTP (Simple Mail Transfer Protocol) ji bo şandina e-nameyan tê bikaranîn. HTTP ji bo malperan, FTP ji bo pelan û DNS ji bo navnîşankirina domênan e.",1,verified,https://en.wikipedia.org/wiki/Simple_Mail_Transfer_Protocol,approved,0.95,
ds_teknoloji_0006,ku-kmr,Teknolojî,Kîjan amûr navnîşana IP-ê ya malperekê ji navê domênê peyda dike?,Web server,DNS server,Mail server,Proxy server,B,"DNS (Domain Name System) server navê domênê (mînak: wikipedia.org) vediguherîne navnîşana IP-ê ya ku komputer dikare tê bigihîje. Web server malperan dişîne, mail server e-nameyan birêve dibe û proxy server daneyan di navbera klîent û serverê de derbas dike.",2,verified,https://en.wikipedia.org/wiki/Domain_Name_System,approved,0.95,
ds_teknoloji_0007,ku-kmr,Teknolojî,Kîjan protokol ji bo gihîştina pelan ji ser dûr ve tê bikaranîn?,HTTP,SMTP,FTP,POP3,C,"FTP (File Transfer Protocol) ji bo veguhestina pelan di navbera komputeran de tê bikaranîn. HTTP ji bo malperan, SMTP ji bo e-nameyê û POP3 ji bo wergirtina e-nameyan e.",1,verified,https://en.wikipedia.org/wiki/File_Transfer_Protocol,approved,0.95,
ds_teknoloji_0008,ku-kmr,Teknolojî,"Di torê de, kîjan cîhaz ji bo girêdana gelek komputeran di nav tora herêmî de tê bikaranîn?",Router,Modem,Firewall,Switch,D,"Switch (guhêzker) di nav tora herêmî (LAN) de gelek komputeran bi hev ve girêdide û daneyan di navbera wan de rê dike. Router ji bo girêdana toran, modem ji bo girêdana înternetê û firewall ji bo parastinê ye.",1,verified,https://en.wikipedia.org/wiki/Network_switch,approved,0.95,
ds_teknoloji_0009,ku-kmr,Teknolojî,Kîjan protokol ji bo wergirtina e-nameyan ji serverê tê bikaranîn?,POP3,SMTP,HTTP,FTP,A,"POP3 (Post Office Protocol 3) ji bo wergirtina e-nameyan ji serverê tê bikaranîn. SMTP ji bo şandina e-nameyan e, HTTP ji bo malperan û FTP ji bo pelan e.",1,verified,https://en.wikipedia.org/wiki/Post_Office_Protocol,approved,0.95,
ds_teknoloji_0010,ku-kmr,Teknolojî,Kîjan teknolojî ji bo girêdana bêtêl a înternetê tê bikaranîn?,Ethernet,Wi-Fi,Fiber optic,Coaxial cable,B,"Wi-Fi teknolojiyek bêtêl e ku ji bo girêdana înternetê bi pêlên radyoyê tê bikaranîn. Ethernet, fiber optic û kabloya koaksiyal hemû girêdanên bi têl in.",1,verified,https://en.wikipedia.org/wiki/Wi-Fi,approved,0.95,
ds_teknoloji_0011,ku-kmr,Teknolojî,Kîjan protokol ji bo veguhestina deng û wêneyan di wextê rast de tê bikaranîn?,TCP,UDP,RTP,IP,C,"RTP (Real-time Transport Protocol) ji bo veguhestina deng û wêneyan di wextê rast de tê bikaranîn, wekî di konferansên vîdyoyê de. TCP, UDP û IP protokolên bingehîn in lê ne ji bo veguhestina wextê rast in.",3,verified,https://en.wikipedia.org/wiki/Real-time_Transport_Protocol,approved,0.95,
ds_teknoloji_0012,ku-kmr,Teknolojî,Kîjan amûr ji bo parastina torê ji êrîşên derve tê bikaranîn?,Switch,Router,Hub,Firewall,D,"Firewall (dîwarê agir) tora parastî ji êrîşên derve diparêze û trafîka tora kontrol dike. Switch, router û hub ji bo girêdan û rêkirina daneyan in, ne ji bo parastinê ne.",1,verified,https://en.wikipedia.org/wiki/Firewall_(computing),approved,0.95,
ds_teknoloji_0013,ku-kmr,Teknolojî,Kîjan protokol ji bo veguhestina daneyan di navbera server û klîentê de bi awayekî ewle tê bikaranîn?,HTTPS,HTTP,FTP,SMTP,A,"HTTPS (HTTP Secure) guhertoya ewle ya HTTP ye ku daneyan bi şîfrekirinê diparêze. HTTP ne ewle ye, FTP ji bo pelan e û SMTP ji bo e-nameyan e.",1,verified,https://en.wikipedia.org/wiki/HTTPS,approved,0.95,
ds_teknoloji_0014,ku-kmr,Teknolojî,"Di torê de, kîjan rêje derengiya veguhestina daneyan nîşan dide?",Bandwidth,Latency,Throughput,Packet loss,B,"Latency (derengî) wextê ku daneyek ji çavkaniyê digihîje armancê nîşan dide. Bandwidth firehiya bandê ye, throughput rêjeya veguhestinê ye û packet loss windabûna pakêtan e.",2,verified,https://en.wikipedia.org/wiki/Latency_(engineering),approved,0.95,
ds_teknoloji_0015,ku-kmr,Teknolojî,Kîjan protokol ji bo girêdana bi serverê ji dûr ve û birêvebirina wê tê bikaranîn?,HTTP,FTP,SSH,SMTP,C,"SSH (Secure Shell) ji bo têketina ewle ya serverê ji dûr ve û birêvebirina wê tê bikaranîn. HTTP ji bo malperan, FTP ji bo pelan û SMTP ji bo e-nameyan e.",2,verified,https://en.wikipedia.org/wiki/Secure_Shell,approved,0.95,
ds_teknoloji_0016,ku-kmr,Teknolojî,Kîjan teknolojî ji bo girêdana komputeran bi kabloya fiber optîk re tê bikaranîn?,Wi-Fi,Bluetooth,Infrared,Ethernet,D,"Ethernet teknolojiyek e ku ji bo girêdana komputeran bi kabloyan, di nav de kabloya fiber optîk, tê bikaranîn. Wi-Fi, Bluetooth û infrared teknolojiyên bêtêl in.",2,verified,https://en.wikipedia.org/wiki/Ethernet,approved,0.95,
ds_teknoloji_0017,ku-kmr,Teknolojî,Kîjan protokol ji bo veguhestina daneyan di navbera komputeran de bi awayekî pêbawer tê bikaranîn?,TCP,UDP,IP,ICMP,A,"TCP (Transmission Control Protocol) ji bo veguhestina daneyan bi awayekî pêbawer tê bikaranîn, ji ber ku ew piştrast dike ku hemû pakêt digihîjin armancê. UDP ne pêbawer e, IP ji bo navnîşankirinê ye û ICMP ji bo peyamên çewtiyê ye.",2,verified,https://en.wikipedia.org/wiki/Transmission_Control_Protocol,approved,0.95,
ds_teknoloji_0018,ku-kmr,Teknolojî,"Kîjan protokol ji bo veguhestina daneyan bi awayekî lez û bez tê bikaranîn, lê ne pêbawer e?",TCP,UDP,IP,HTTP,B,"UDP (User Datagram Protocol) ji bo veguhestina daneyan bi awayekî lez tê bikaranîn, lê ew piştrast nake ku hemû pakêt digihîjin armancê. TCP pêbawer e, IP ji bo navnîşankirinê ye û HTTP ji bo malperan e.",2,verified,https://en.wikipedia.org/wiki/User_Datagram_Protocol,approved,0.95,
ds_teknoloji_0019,ku-kmr,Teknolojî,Kîjan amûr ji bo veguhestina daneyan di navbera torên cuda de tê bikaranîn?,Switch,Hub,Gateway,Repeater,C,"Gateway (dergeh) ji bo veguhestina daneyan di navbera torên cuda de tê bikaranîn û protokolên cuda vediguherîne. Switch di nav tora herêmî de girêdanê çêdike, hub daneyan dişîne hemû aliyan û repeater îşaretê xurt dike.",3,verified,https://en.wikipedia.org/wiki/Gateway_(telecommunications),approved,0.95,
ds_teknoloji_0020,ku-kmr,Teknolojî,"Kîjan protokol ji bo veguhestina daneyan di navbera server û klîentê de tê bikaranîn, lê ne ewle ye?",HTTPS,SSH,SSL,HTTP,D,"HTTP (Hypertext Transfer Protocol) ji bo veguhestina daneyan tê bikaranîn lê ne ewle ye. HTTPS guhertoya ewle ye, SSH ji bo têketina dûr e û SSL protokola şîfrekirinê ye.",1,verified,https://en.wikipedia.org/wiki/HTTP,approved,0.95,
ds_teknoloji_0021,ku-kmr,Teknolojî,Kîjan teknolojî ji bo girêdana înternetê bi pêlên radyoyê tê bikaranîn?,WiMAX,Ethernet,Fiber optic,Coaxial cable,A,"WiMAX (Worldwide Interoperability for Microwave Access) teknolojiyek bêtêl e ku ji bo girêdana înternetê bi pêlên radyoyê tê bikaranîn. Ethernet, fiber optic û kabloya koaksiyal hemû girêdanên bi têl in.",3,verified,https://en.wikipedia.org/wiki/WiMAX,approved,0.95,
ds_teknoloji_0022,ku-kmr,Teknolojî,"Kîjan protokol ji bo veguhestina deng û wêneyan di wextê rast de tê bikaranîn, wekî di telefonên înternetê de?",HTTP,VoIP,FTP,SMTP,B,"VoIP (Voice over IP) ji bo veguhestina deng û wêneyan di wextê rast de tê bikaranîn, wekî di telefonên înternetê de. HTTP ji bo malperan, FTP ji bo pelan û SMTP ji bo e-nameyan e.",2,verified,https://en.wikipedia.org/wiki/Voice_over_IP,approved,0.95,
ds_teknoloji_0023,ku-kmr,Teknolojî,Kîjan amûr ji bo girêdana komputeran bi înternetê re tê bikaranîn?,Switch,Hub,Modem,Repeater,C,"Modem (modulator-demodulator) ji bo girêdana komputeran bi înternetê re tê bikaranîn, îşaretên dîjîtal vediguherîne îşaretên analog û berevajî. Switch di nav tora herêmî de girêdanê çêdike, hub daneyan dişîne hemû aliyan û repeater îşaretê xurt dike.",1,verified,https://en.wikipedia.org/wiki/Modem,approved,0.95,
ds_teknoloji_0024,ku-kmr,Teknolojî,"Kîjan protokol ji bo veguhestina daneyan di navbera server û klîentê de bi awayekî ewle tê bikaranîn, lê ne ji bo malperan e?",HTTP,SMTP,POP3,SFTP,D,"SFTP (SSH File Transfer Protocol) ji bo veguhestina pelan bi awayekî ewle tê bikaranîn. HTTP ji bo malperan e, SMTP ji bo şandina e-nameyan e û POP3 ji bo wergirtina e-nameyan e.",2,verified,https://en.wikipedia.org/wiki/SSH_File_Transfer_Protocol,approved,0.95,
ds_teknoloji_0025,ku-kmr,Teknolojî,Kîjan teknolojî ji bo girêdana komputeran bi kabloya bêtêl re tê bikaranîn?,Bluetooth,Ethernet,Fiber optic,Coaxial cable,A,"Bluetooth teknolojiyek bêtêl e ku ji bo girêdana komputeran bi kabloya bêtêl re tê bikaranîn, wekî di navbera telefon û komputerê de. Ethernet, fiber optic û kabloya koaksiyal hemû girêdanên bi têl in.",1,verified,https://en.wikipedia.org/wiki/Bluetooth,approved,0.95,
ds_teknoloji_0026,ku-kmr,Teknolojî,"Ji bo parastina hesabên înternetê, kîjan rêbaz herî bi ewle ye?",Şîfreyek kurt,Şîfreyek dirêj û aloz,Navê bikarhêner,Dîroka jidayikbûnê,B,Şîfreyên dirêj û aloz ji bo hesaban parastina herî baş peyda dikin ji ber ku dijwartir e ku êrîşkar wan texmîn bikin.,1,verified,https://en.wikipedia.org/wiki/Password_strength,approved,0.95,
ds_teknoloji_0027,ku-kmr,Teknolojî,Kîjan protokol ji bo şîfrekirina daneyan di navbera malper û gerokê de tê bikaranîn?,HTTP,FTP,HTTPS,SMTP,C,"HTTPS daneyan di navbera malper û gerokê de şîfre dike, lewra ew ji HTTP ewletir e.",1,verified,https://en.wikipedia.org/wiki/HTTPS,approved,0.95,
ds_teknoloji_0028,ku-kmr,Teknolojî,"Di zimanê komputerê de, kîjan têgeh tê wateya kodkirina daneyan ji bo parastina wan?",Peldank,Çapker,Mîkrofon,Şîfrekirin,D,Şîfrekirin pêvajoya kodkirina daneyan e da ku kesên nedestûrdar nikaribin wan bixwînin.,2,verified,https://en.wikipedia.org/wiki/Encryption,approved,0.95,
ds_teknoloji_0029,ku-kmr,Teknolojî,Kîjan amûr ji bo parastina komputerê ji nermalava xirab tê bikaranîn?,Antîvîrus,Browser,Server,Router,A,Antîvîrus nermalava xirab wek vîrus û trojanan dibîne û wan ji komputerê radike.,1,verified,https://en.wikipedia.org/wiki/Antivirus_software,approved,0.95,
ds_teknoloji_0030,ku-kmr,Teknolojî,"Di torê de, kîjan rêbaz ji bo rastkirina nasnameya bikarhêner tê bikaranîn?",Peldank,Şîfre,Çapker,Mîkrofon,B,Şîfre rêbazek e ku nasnameya bikarhênerê rast dike berî ku ew bigihîje pergalekê.,1,verified,https://en.wikipedia.org/wiki/Password,approved,0.95,
ds_teknoloji_0031,ku-kmr,Teknolojî,Kîjan protokol ji bo gihîştina pelan ji ser dûr ve bi ewlehî tê bikaranîn?,HTTP,FTP,SSH,SMTP,C,SSH (Secure Shell) protokolek e ku ji bo gihîştina pelan ji ser dûr ve bi ewlehî tê bikaranîn.,2,verified,https://en.wikipedia.org/wiki/Secure_Shell,approved,0.95,
ds_teknoloji_0032,ku-kmr,Teknolojî,"Di şîfrekirinê de, kîjan têgeh ji bo vekirina daneyan tê bikaranîn?",Hash,Salt,Token,Key,D,Key (mifte) di şîfrekirinê de ji bo vekirina daneyan tê bikaranîn; bêyî keyê daneyên şîfrekirî nayên xwendin.,2,verified,https://en.wikipedia.org/wiki/Key_(cryptography),approved,0.95,
ds_teknoloji_0033,ku-kmr,Teknolojî,Kîjan teknolojî ji bo nasnameya dîjîtal a bikarhêner tê bikaranîn?,Sertîfîkaya dîjîtal,Peldank,Çapker,Mîkrofon,A,Sertîfîkaya dîjîtal nasnameya bikarhêner an serverê rast dike û ji bo ewlekariya daneyan tê bikaranîn.,2,verified,https://en.wikipedia.org/wiki/Public_key_certificate,approved,0.95,
ds_teknoloji_0034,ku-kmr,Teknolojî,"Di torê de, kîjan rêje ji bo pîvana ewlekariya şîfreyê tê bikaranîn?",Peldank,Dirêjahî,Çapker,Mîkrofon,B,Dirêjahiya şîfreyê ewlekariya wê zêde dike; şîfreyên dirêj dijwartir in ku bên şikandin.,1,verified,https://en.wikipedia.org/wiki/Password_strength,approved,0.95,
ds_teknoloji_0035,ku-kmr,Teknolojî,Kîjan protokol ji bo veguhestina e-nameyan bi ewlehî tê bikaranîn?,HTTP,FTP,SMTPS,SNMP,C,"SMTPS e-nameyan bi şîfrekirinê vediguhezîne, lewra ew ji SMTP ewletir e.",2,verified,https://en.wikipedia.org/wiki/SMTPS,approved,0.95,
ds_teknoloji_0036,ku-kmr,Teknolojî,"Di şîfrekirinê de, kîjan têgeh ji bo daneyên ku hatine şîfrekirin tê bikaranîn?",Plaintext,Cleartext,Hash,Ciphertext,D,Ciphertext daneyên ku hatine şîfrekirin e; ew ji bo kesên nedestûrdar nexwendî ye.,2,verified,https://en.wikipedia.org/wiki/Ciphertext,approved,0.95,
ds_teknoloji_0037,ku-kmr,Teknolojî,Kîjan amûr ji bo birêvebirina şîfreyên bikarhêneran tê bikaranîn?,Password manager,Router,Switch,Hub,A,Password manager şîfreyên bikarhêneran bi ewlehî hilîne û birêve dibe.,1,verified,https://en.wikipedia.org/wiki/Password_manager,approved,0.95,
ds_teknoloji_0038,ku-kmr,Teknolojî,"Di torê de, kîjan rêbaz ji bo parastina daneyan ji êrîşên derve tê bikaranîn?",Peldank,Firewall,Çapker,Mîkrofon,B,Firewall daneyan ji êrîşên derve diparêze û trafîka torê kontrol dike.,1,verified,https://en.wikipedia.org/wiki/Firewall_(computing),approved,0.95,
ds_teknoloji_0039,ku-kmr,Teknolojî,Kîjan protokol ji bo veguhestina daneyan bi awayekî ewle di navbera server û klîentê de tê bikaranîn?,UDP,ICMP,TLS,ARP,C,TLS (Transport Layer Security) daneyan di navbera server û klîentê de şîfre dike û ewlekariyê peyda dike.,2,verified,https://en.wikipedia.org/wiki/Transport_Layer_Security,approved,0.95,
ds_teknoloji_0040,ku-kmr,Teknolojî,"Di torê de, kîjan têgeh ji bo nasnameya cîhazekê tê bikaranîn?",Peldank,Çapker,Mîkrofon,IP address,D,IP address nasnameya cîhazekê di torê de ye; ew ji bo veguhestina daneyan tê bikaranîn.,1,verified,https://en.wikipedia.org/wiki/IP_address,approved,0.95,
ds_teknoloji_0041,ku-kmr,Teknolojî,Kîjan rêbaz ji bo rastkirina nasnameya bikarhêner bi du qonaxan tê bikaranîn?,2FA,Peldank,Çapker,Mîkrofon,A,"2FA (Two-Factor Authentication) ji bo rastkirina nasnameyê du qonaxan bikar tîne, ewlekariyê zêde dike.",2,verified,https://en.wikipedia.org/wiki/Multi-factor_authentication,approved,0.95,
ds_teknoloji_0042,ku-kmr,Teknolojî,"Di şîfrekirinê de, kîjan têgeh ji bo veguhertina daneyan bi rêbazek matematîkî tê bikaranîn?",Peldank,Hash,Çapker,Mîkrofon,B,Hash veguhertina daneyan bi rêbazek matematîkî ye ku daneyan vediguherîne rêzek tîpan.,2,verified,https://en.wikipedia.org/wiki/Hash_function,approved,0.95,
ds_teknoloji_0043,ku-kmr,Teknolojî,Kîjan protokol ji bo veguhestina daneyan di navbera torên cuda de bi ewlehî tê bikaranîn?,HTTP,FTP,IPsec,SMTP,C,IPsec protokolek e ku daneyan di navbera torên cuda de şîfre dike û ewlekariyê peyda dike.,2,verified,https://en.wikipedia.org/wiki/IPsec,approved,0.95,
ds_teknoloji_0044,ku-kmr,Teknolojî,"Di torê de, kîjan rêje ji bo pîvana leza veguhestina daneyan tê bikaranîn?",Peldank,Çapker,Mîkrofon,Bandwidth,D,Bandwidth rêjeya veguhestina daneyan di torê de ye; ew leza torê nîşan dide.,1,verified,https://en.wikipedia.org/wiki/Bandwidth_(computing),approved,0.95,
ds_teknoloji_0045,ku-kmr,Teknolojî,Kîjan amûr ji bo şîfrekirina daneyan di navbera du aliyan de tê bikaranîn?,VPN,Peldank,Çapker,Mîkrofon,A,VPN (Virtual Private Network) daneyan di navbera du aliyan de şîfre dike û ewlekariyê peyda dike.,1,verified,https://en.wikipedia.org/wiki/Virtual_private_network,approved,0.95,
ds_teknoloji_0046,ku-kmr,Teknolojî,"Di şîfrekirinê de, kîjan têgeh ji bo vekirina daneyan bi keyê rast tê bikaranîn?",Encryption,Decryption,Hash,Salt,B,Decryption pêvajoya vekirina daneyên şîfrekirî bi keyê rast e.,2,verified,https://en.wikipedia.org/wiki/Decryption,approved,0.95,
ds_teknoloji_0047,ku-kmr,Teknolojî,"Kîjan protokol ji bo veguhestina daneyan di navbera server û klîentê de bi ewlehî tê bikaranîn, lê ne ji bo malperan e?",HTTP,FTP,SFTP,SMTP,C,"SFTP (SSH File Transfer Protocol) pelan bi ewlehî di navbera server û klîentê de vediguhezîne, lê ne ji bo malperan e.",2,verified,https://en.wikipedia.org/wiki/SSH_File_Transfer_Protocol,approved,0.95,
ds_teknoloji_0048,ku-kmr,Teknolojî,"Di torê de, kîjan rêbaz ji bo parastina daneyan ji êrîşên DDoS tê bikaranîn?",Peldank,Çapker,Mîkrofon,Rate limiting,D,"Rate limiting rêjeya daxwazên ku server qebûl dike sînordar dike, ji ber vê yekê êrîşên DDoS têne rawestandin.",2,verified,https://en.wikipedia.org/wiki/Rate_limiting,approved,0.95,
ds_teknoloji_0049,ku-kmr,Teknolojî,Kîjan teknolojî ji bo nasnameya dîjîtal a bikarhêner bi karanîna taybetmendiyên laşî tê bikaranîn?,Biometric,Peldank,Çapker,Mîkrofon,A,Biometric taybetmendiyên laşî wek tiliyan an rûyê bikarhêner ji bo nasnameyê bikar tîne.,2,verified,https://en.wikipedia.org/wiki/Biometrics,approved,0.95,
ds_teknoloji_0050,ku-kmr,Teknolojî,"Di torê de, kîjan têgeh ji bo parastina daneyan ji êrîşên derve tê bikaranîn?",Peldank,Encryption,Çapker,Mîkrofon,B,"Encryption daneyan kod dike da ku êrîşkar nikaribin wan bixwînin, lewra ew ji êrîşên derve diparêze.",1,verified,https://en.wikipedia.org/wiki/Encryption,approved,0.95,
ds_teknoloji_0051,ku-kmr,Teknolojî,"Di zimanê bernamekirinê de, ji bo hilanîna nirxekê di bîra komputerê de kîjan têgeh tê bikaranîn?",Döngü,Koşul,Guherbar,Fonksiyon,C,"Guherbar (variable) di bernamekirinê de ji bo hilanîna nirxan di bîra komputerê de tê bikaranîn. Döngü, koşul û fonksiyon jî têgehên din in lê ne ji bo hilanîna nirxan in.",1,verified,https://en.wikipedia.org/wiki/Variable_(computer_science),approved,0.95,
ds_teknoloji_0052,ku-kmr,Teknolojî,Kîjan têgeh di bernamekirinê de ji bo dubarekirina komek fermanan tê bikaranîn?,Guherbar,Koşul,Array,Döngü,D,"Döngü (loop) di bernamekirinê de ji bo dubarekirina komek fermanan tê bikaranîn. Guherbar, koşul û array jî têgehên din in lê ne ji bo dubarekirinê ne.",1,verified,https://en.wikipedia.org/wiki/Loop_(computer_science),approved,0.95,
ds_teknoloji_0053,ku-kmr,Teknolojî,"Di bernamekirinê de, ji bo biryargirtinê li gorî şertan kîjan têgeh tê bikaranîn?",Koşul,Döngü,Guherbar,Fonksiyon,A,"Koşul (conditional) di bernamekirinê de ji bo biryargirtinê li gorî şertan tê bikaranîn. Döngü, guherbar û fonksiyon jî têgehên din in lê ne ji bo biryargirtinê ne.",1,verified,https://en.wikipedia.org/wiki/Conditional_(computer_programming),approved,0.95,
ds_teknoloji_0054,ku-kmr,Teknolojî,"Di bernamekirinê de, kîjan têgeh ji bo komkirina komek fermanan di bin navekî de tê bikaranîn?",Guherbar,Fonksiyon,Döngü,Koşul,B,"Fonksiyon (function) di bernamekirinê de ji bo komkirina komek fermanan di bin navekî de tê bikaranîn. Guherbar, döngü û koşul jî têgehên din in lê ne ji bo komkirinê ne.",1,verified,https://en.wikipedia.org/wiki/Function_(computer_programming),approved,0.95,
ds_teknoloji_0055,ku-kmr,Teknolojî,"Di bernamekirinê de, ji bo hilanîna navnîşek nirxan di bîra komputerê de kîjan têgeh tê bikaranîn?",Guherbar,Döngü,Array,Koşul,C,"Array di bernamekirinê de ji bo hilanîna navnîşek nirxan di bîra komputerê de tê bikaranîn. Guherbar, döngü û koşul jî têgehên din in lê ne ji bo hilanîna navnîşan in.",1,verified,https://en.wikipedia.org/wiki/Array_(data_structure),approved,0.95,
ds_teknoloji_0056,ku-kmr,Teknolojî,"Di bernamekirinê de, kîjan têgeh ji bo kontrolkirina herikîna bernameyê li gorî şertan tê bikaranîn?",Döngü,Fonksiyon,Guherbar,Koşul,D,"Koşul (conditional) di bernamekirinê de ji bo kontrolkirina herikîna bernameyê li gorî şertan tê bikaranîn. Döngü, fonksiyon û guherbar jî têgehên din in lê ne ji bo kontrolkirina herikînê ne.",2,verified,https://en.wikipedia.org/wiki/Conditional_(computer_programming),approved,0.95,
ds_teknoloji_0057,ku-kmr,Teknolojî,"Di bernamekirinê de, kîjan têgeh ji bo dubarekirina komek fermanan heta ku şertek pêk were tê bikaranîn?",Döngü,Koşul,Guherbar,Array,A,"Döngü (loop) di bernamekirinê de ji bo dubarekirina komek fermanan heta ku şertek pêk were tê bikaranîn. Koşul, guherbar û array jî têgehên din in lê ne ji bo dubarekirinê ne.",2,verified,https://en.wikipedia.org/wiki/Loop_(computer_science),approved,0.95,
ds_teknoloji_0058,ku-kmr,Teknolojî,"Di bernamekirinê de, kîjan têgeh ji bo veguhertina nirxekê ji celebekî bo celebekî din tê bikaranîn?",Guherbar,Castkirin,Döngü,Koşul,B,"Castkirin (type casting) di bernamekirinê de ji bo veguhertina nirxekê ji celebekî bo celebekî din tê bikaranîn. Guherbar, döngü û koşul jî têgehên din in lê ne ji bo veguhertinê ne.",2,verified,https://en.wikipedia.org/wiki/Type_conversion,approved,0.95,
ds_teknoloji_0059,ku-kmr,Teknolojî,"Di bernamekirinê de, kîjan têgeh ji bo hilanîna rêzek tîpan (nivîsê) tê bikaranîn?",Guherbar,Döngü,Rêzok,Koşul,C,"Rêzok (string) di bernamekirinê de ji bo hilanîna rêzek tîpan (nivîsê) tê bikaranîn. Guherbar, döngü û koşul jî têgehên din in lê ne ji bo hilanîna nivîsê ne.",1,verified,https://en.wikipedia.org/wiki/String_(computer_science),approved,0.95,
ds_teknoloji_0060,ku-kmr,Teknolojî,"Di bernamekirinê de, kîjan têgeh ji bo hilanîna nirxekê ya rast an derew tê bikaranîn?",Guherbar,Döngü,Koşul,Boolean,D,"Boolean di bernamekirinê de ji bo hilanîna nirxekê ya rast an derew tê bikaranîn. Guherbar, döngü û koşul jî têgehên din in lê ne ji bo hilanîna nirxên rast/derew in.",1,verified,https://en.wikipedia.org/wiki/Boolean_data_type,approved,0.95,
ds_teknoloji_0061,ku-kmr,Teknolojî,"Di bernamekirinê de, kîjan têgeh ji bo hilanîna jimareyekê ya tevayî tê bikaranîn?",Jimareya tevayî,Guherbar,Döngü,Koşul,A,"Jimareya tevayî (integer) di bernamekirinê de ji bo hilanîna jimareyekê ya tevayî tê bikaranîn. Guherbar, döngü û koşul jî têgehên din in lê ne ji bo hilanîna jimareyan in.",1,verified,https://en.wikipedia.org/wiki/Integer_(computer_science),approved,0.95,
ds_teknoloji_0062,ku-kmr,Teknolojî,"Di bernamekirinê de, kîjan têgeh ji bo hilanîna jimareyekê ya bi dehek tê bikaranîn?",Guherbar,Jimareya bi dehek,Döngü,Koşul,B,"Jimareya bi dehek (float) di bernamekirinê de ji bo hilanîna jimareyekê ya bi dehek tê bikaranîn. Guherbar, döngü û koşul jî têgehên din in lê ne ji bo hilanîna jimareyên bi dehek in.",1,verified,https://en.wikipedia.org/wiki/Floating-point_arithmetic,approved,0.95,
ds_teknoloji_0063,ku-kmr,Teknolojî,"Di bernamekirinê de, kîjan têgeh ji bo hilanîna nirxekê ya domdar (ku nayê guhertin) tê bikaranîn?",Guherbar,Döngü,Domdar,Koşul,C,"Domdar (constant) di bernamekirinê de ji bo hilanîna nirxekê ya domdar (ku nayê guhertin) tê bikaranîn. Guherbar, döngü û koşul jî têgehên din in lê ne ji bo hilanîna nirxên domdar in.",1,verified,https://en.wikipedia.org/wiki/Constant_(computer_programming),approved,0.95,
ds_teknoloji_0064,ku-kmr,Teknolojî,"Di bernamekirinê de, kîjan têgeh ji bo hilanîna navnîşek nirxan bi key û nirxê tê bikaranîn?",Guherbar,Döngü,Koşul,Ferhengok,D,"Ferhengok (dictionary) di bernamekirinê de ji bo hilanîna navnîşek nirxan bi key û nirxê tê bikaranîn. Guherbar, döngü û koşul jî têgehên din in lê ne ji bo hilanîna key û nirxan in.",2,verified,https://en.wikipedia.org/wiki/Associative_array,approved,0.95,
ds_teknoloji_0065,ku-kmr,Teknolojî,"Di bernamekirinê de, kîjan têgeh ji bo hilanîna navnîşek nirxan bi rêzê tê bikaranîn?",Navnîş,Guherbar,Döngü,Koşul,A,"Navnîş (list) di bernamekirinê de ji bo hilanîna navnîşek nirxan bi rêzê tê bikaranîn. Guherbar, döngü û koşul jî têgehên din in lê ne ji bo hilanîna navnîşan in.",1,verified,https://en.wikipedia.org/wiki/List_(abstract_data_type),approved,0.95,
ds_teknoloji_0066,ku-kmr,Teknolojî,"Di bernamekirinê de, kîjan têgeh ji bo hilanîna komek nirxan bêyî dubarekirinê tê bikaranîn?",Guherbar,Kom,Döngü,Koşul,B,"Kom (set) di bernamekirinê de ji bo hilanîna komek nirxan bêyî dubarekirinê tê bikaranîn. Guherbar, döngü û koşul jî têgehên din in lê ne ji bo hilanîna koman in.",2,verified,https://en.wikipedia.org/wiki/Set_(abstract_data_type),approved,0.95,
ds_teknoloji_0067,ku-kmr,Teknolojî,"Di bernamekirinê de, kîjan têgeh ji bo hilanîna nirxekê ya ku dikare bibe yek ji çend celebên cuda tê bikaranîn?",Guherbar,Döngü,Yekîtî,Koşul,C,"Yekîtî (union) di bernamekirinê de ji bo hilanîna nirxekê ya ku dikare bibe yek ji çend celebên cuda tê bikaranîn. Guherbar, döngü û koşul jî têgehên din in lê ne ji bo hilanîna nirxên bi celebên cuda ne.",2,verified,https://en.wikipedia.org/wiki/Union_(computer_science),approved,0.95,
ds_teknoloji_0068,ku-kmr,Teknolojî,"Di bernamekirinê de, kîjan têgeh ji bo hilanîna nirxekê ya ku dikare bibe rast an derew tê bikaranîn?",Guherbar,Döngü,Koşul,Mantiqî,D,"Mantiqî (logical) di bernamekirinê de ji bo hilanîna nirxekê ya ku dikare bibe rast an derew tê bikaranîn. Guherbar, döngü û koşul jî têgehên din in lê ne ji bo hilanîna nirxên mantiqî ne.",1,verified,https://en.wikipedia.org/wiki/Boolean_data_type,approved,0.95,
ds_teknoloji_0069,ku-kmr,Teknolojî,"Di bernamekirinê de, kîjan têgeh ji bo hilanîna nirxekê ya ku dikare bibe tîpekê tê bikaranîn?",Tîp,Guherbar,Döngü,Koşul,A,"Tîp (character) di bernamekirinê de ji bo hilanîna nirxekê ya ku dikare bibe tîpekê tê bikaranîn. Guherbar, döngü û koşul jî têgehên din in lê ne ji bo hilanîna tîpan in.",1,verified,https://en.wikipedia.org/wiki/Character_(computing),approved,0.95,
ds_teknoloji_0070,ku-kmr,Teknolojî,"Di bernamekirinê de, kîjan têgeh ji bo hilanîna nirxekê ya ku dikare bibe jimareyekê ya tevayî an bi dehek tê bikaranîn?",Guherbar,Jimare,Döngü,Koşul,B,"Jimare (number) di bernamekirinê de ji bo hilanîna nirxekê ya ku dikare bibe jimareyekê ya tevayî an bi dehek tê bikaranîn. Guherbar, döngü û koşul jî têgehên din in lê ne ji bo hilanîna jimareyan in.",1,verified,https://en.wikipedia.org/wiki/Number_(computer_science),approved,0.95,
ds_teknoloji_0071,ku-kmr,Teknolojî,"Di bernamekirinê de, kîjan têgeh ji bo hilanîna nirxekê ya ku dikare bibe navnîşek tîpan tê bikaranîn?",Guherbar,Döngü,Nivîs,Koşul,C,"Nivîs (text) di bernamekirinê de ji bo hilanîna nirxekê ya ku dikare bibe navnîşek tîpan tê bikaranîn. Guherbar, döngü û koşul jî têgehên din in lê ne ji bo hilanîna nivîsê ne.",1,verified,https://en.wikipedia.org/wiki/String_(computer_science),approved,0.95,
ds_teknoloji_0072,ku-kmr,Teknolojî,"Di bernamekirinê de, kîjan têgeh ji bo hilanîna nirxekê ya ku dikare bibe navnîşek nirxan tê bikaranîn?",Guherbar,Döngü,Koşul,Navnîş,D,"Navnîş (list) di bernamekirinê de ji bo hilanîna nirxekê ya ku dikare bibe navnîşek nirxan tê bikaranîn. Guherbar, döngü û koşul jî têgehên din in lê ne ji bo hilanîna navnîşan in.",1,verified,https://en.wikipedia.org/wiki/List_(abstract_data_type),approved,0.95,
ds_teknoloji_0073,ku-kmr,Teknolojî,"Di bernamekirinê de, kîjan têgeh ji bo hilanîna nirxekê ya ku dikare bibe komek nirxan tê bikaranîn?",Kom,Guherbar,Döngü,Koşul,A,"Kom (set) di bernamekirinê de ji bo hilanîna nirxekê ya ku dikare bibe komek nirxan tê bikaranîn. Guherbar, döngü û koşul jî têgehên din in lê ne ji bo hilanîna koman in.",2,verified,https://en.wikipedia.org/wiki/Set_(abstract_data_type),approved,0.95,
ds_teknoloji_0074,ku-kmr,Teknolojî,"Di bernamekirinê de, kîjan têgeh ji bo hilanîna nirxekê ya ku dikare bibe ferhengokekê tê bikaranîn?",Guherbar,Ferhengok,Döngü,Koşul,B,"Ferhengok (dictionary) di bernamekirinê de ji bo hilanîna nirxekê ya ku dikare bibe ferhengokekê tê bikaranîn. Guherbar, döngü û koşul jî têgehên din in lê ne ji bo hilanîna ferhengokan in.",2,verified,https://en.wikipedia.org/wiki/Associative_array,approved,0.95,
ds_teknoloji_0075,ku-kmr,Teknolojî,"Di bernamekirinê de, kîjan têgeh ji bo hilanîna nirxekê ya ku dikare bibe yekîtîyekê tê bikaranîn?",Guherbar,Döngü,Yekîtî,Koşul,C,"Yekîtî (union) di bernamekirinê de ji bo hilanîna nirxekê ya ku dikare bibe yekîtîyekê tê bikaranîn. Guherbar, döngü û koşul jî têgehên din in lê ne ji bo hilanîna yekîtiyan in.",2,verified,https://en.wikipedia.org/wiki/Union_(computer_science),approved,0.95,
ds_teknoloji_0076,ku-kmr,Teknolojî,"Di bingeha daneyan de, kîjan ziman ji bo pirsyarkirina daneyan tê bikaranîn?",HTML,CSS,HTTP,SQL,D,"SQL zimanê standard e ji bo birêvebirina bingeha daneyan a pêwendîdar, di nav de pirsyarkirina daneyan.",1,verified,https://en.wikipedia.org/wiki/SQL,approved,0.95,
ds_teknoloji_0077,ku-kmr,Teknolojî,Kîjan strukturê daneyan bi prensîba LIFO dixebite?,Stêk (Stack),Peldank (Queue),Lîsteya girêdayî,Dara binerd,A,"Stêk prensîba LIFO dişopîne, ango dawî tê yekem derdikeve, wekî komika pelan.",1,verified,https://en.wikipedia.org/wiki/Stack_(abstract_data_type),approved,0.95,
ds_teknoloji_0078,ku-kmr,Teknolojî,"Di bingeha daneyan de, kîjan têgeh tê wateya nasnameya yekta ya her qeydê di tabloyekê de?",Mifteya biyanî,Mifteya sereke,Indeks,Nêrîn,B,Mifteya sereke nasnameyek yekta ji bo her qeydê peyda dike û nayê dubarekirin.,2,verified,https://en.wikipedia.org/wiki/Primary_key,approved,0.95,
ds_teknoloji_0079,ku-kmr,Teknolojî,"Ji bo girêdana du tabloyan di bingeha daneyan de, kîjan mifteyê tê bikaranîn?",Mifteya sereke,Mifteya yekta,Mifteya biyanî,Mifteya indeksê,C,"Mifteya biyanî di tabloyekê de nirxekê ku di tabloya din de mifteya sereke ye, bi kar tîne da ku têkiliyê ava bike.",2,verified,https://en.wikipedia.org/wiki/Foreign_key,approved,0.95,
ds_teknoloji_0080,ku-kmr,Teknolojî,"Di strukturên daneyan de, kîjan têgeh ji bo hilanîna cotên key-nirxê tê bikaranîn?",Lîste,Stêk,Dara binerd,Ferhengok,D,Ferhengok (an nexşe) cotên key-nirxê dihewîne û bi keyê nirxan vedigerîne.,1,verified,https://en.wikipedia.org/wiki/Associative_array,approved,0.95,
ds_teknoloji_0081,ku-kmr,Teknolojî,"Di bingeha daneyan de, kîjan ziman ji bo birêvebirina bingeha daneyan û kontrolkirina mafên bikarhêneran tê bikaranîn?",SQL,Python,Java,C++,A,"SQL ne tenê ji bo pirsyarkirinê ye, lê di heman demê de ji bo birêvebirina strukturê bingeha daneyan û mafên bikarhêneran jî tê bikaranîn.",2,verified,https://en.wikipedia.org/wiki/SQL,approved,0.95,
ds_teknoloji_0082,ku-kmr,Teknolojî,"Di strukturên daneyan de, kîjan têgeh ji bo navnîşek ku her element xwediyê du girêdanan e (berê û paşê) tê bikaranîn?",Lîsteya yekgirêdayî,Lîsteya duqat-girêdayî,Stêk,Dara binerd,B,Lîsteya duqat-girêdayî di her elementê de du girêdanan dihewîne: yek ber bi elementa berê û yek jî ber bi elementa paşê ve.,2,verified,https://en.wikipedia.org/wiki/Doubly_linked_list,approved,0.95,
ds_teknoloji_0083,ku-kmr,Teknolojî,"Di bingeha daneyan de, kîjan têgeh ji bo kêmkirina dubarekirina daneyan tê bikaranîn?",Denormalîzasyon,Indekskirin,Normalîzasyon,Partîsyonkirin,C,Normalîzasyon pêvajoya organîzekirina bingeha daneyan e ji bo kêmkirina dubarekirinê û başkirina yekparebûna daneyan.,3,verified,https://en.wikipedia.org/wiki/Database_normalization,approved,0.95,
ds_teknoloji_0084,ku-kmr,Teknolojî,"Di strukturên daneyan de, kîjan têgeh ji bo navnîşek ku element tenê ji serî tê zêdekirin û jêbirin tê bikaranîn?",Peldank (Queue),Lîsteya girêdayî,Dara binerd,Stêk (Stack),D,"Stêk tenê ji serî elementan zêde dike û jê dibe, bi prensîba LIFO.",1,verified,https://en.wikipedia.org/wiki/Stack_(abstract_data_type),approved,0.95,
ds_teknoloji_0085,ku-kmr,Teknolojî,"Di bingeha daneyan de, kîjan têgeh tê wateya tabloyek ku daneyên demkî dihewîne?",Nêrîn,Tablo,Indeks,Trigger,A,Nêrîn tabloyek virtual e ku ji pirsyarkirina tabloyên din tê afirandin û daneyên demkî dihewîne.,2,verified,https://en.wikipedia.org/wiki/View_(SQL),approved,0.95,
ds_teknoloji_0086,ku-kmr,Teknolojî,"Di strukturên daneyan de, kîjan têgeh ji bo navnîşek ku element li dawiyê tê zêdekirin û ji serî tê jêbirin tê bikaranîn?",Stêk (Stack),Peldank (Queue),Lîsteya girêdayî,Dara binerd,B,"Peldank prensîba FIFO dişopîne: yekem tê, yekem derdikeve.",1,verified,https://en.wikipedia.org/wiki/Queue_(abstract_data_type),approved,0.95,
ds_teknoloji_0087,ku-kmr,Teknolojî,"Di bingeha daneyan de, kîjan têgeh ji bo bilezkirina lêgerîna daneyan tê bikaranîn?",Trigger,Nêrîn,Indeks,Stored Procedure,C,Indeks strukturên daneyan in ku lêgerîna daneyan di tabloyan de bileztir dikin.,2,verified,https://en.wikipedia.org/wiki/Database_index,approved,0.95,
ds_teknoloji_0088,ku-kmr,Teknolojî,"Di strukturên daneyan de, kîjan têgeh ji bo navnîşek ku element li gorî rêzekê têne rêzkirin tê bikaranîn?",Lîsteya girêdayî,Ferhengok,Stêk,Lîsteya rêzkirî,D,"Lîsteya rêzkirî elementan li gorî rêzek taybetî dihewîne, wekî rêza alfabetîk an jî hejmarî.",2,verified,https://en.wikipedia.org/wiki/List_(abstract_data_type),approved,0.95,
ds_teknoloji_0089,ku-kmr,Teknolojî,"Di bingeha daneyan de, kîjan têgeh ji bo otomatîk kirina çalakiyekê dema ku bûyerek diqewime tê bikaranîn?",Trigger,Indeks,Nêrîn,Stored Procedure,A,"Trigger kodek otomatîk e ku dema bûyerek taybet diqewime (wekî têketin, rojanekirin) tê aktîvkirin.",3,verified,https://en.wikipedia.org/wiki/Database_trigger,approved,0.95,
ds_teknoloji_0090,ku-kmr,Teknolojî,"Di strukturên daneyan de, kîjan têgeh ji bo navnîşek ku element bi rêbazek hiyerarşîk têne organîzekirin tê bikaranîn?",Lîsteya girêdayî,Dara binerd,Peldank,Ferhengok,B,"Dara binerd strukturên hiyerarşîk in ku her element xwediyê zarokan e, ji kokê dest pê dike.",2,verified,https://en.wikipedia.org/wiki/Tree_(data_structure),approved,0.95,
ds_teknoloji_0091,ku-kmr,Teknolojî,"Di bingeha daneyan de, kîjan têgeh ji bo berhevkirina daneyan ji çend tabloyan di pirsyarkirinekê de tê bikaranîn?",SELECT,INSERT,JOIN,DELETE,C,JOIN di SQL de ji bo berhevkirina daneyan ji çend tabloyan li gorî şertek tê bikaranîn.,2,verified,https://en.wikipedia.org/wiki/Join_(SQL),approved,0.95,
ds_teknoloji_0092,ku-kmr,Teknolojî,"Di strukturên daneyan de, kîjan têgeh ji bo navnîşek ku element bi rêbazek grafîkî têne girêdan tê bikaranîn?",Dara binerd,Stêk,Peldank,Graf,D,"Graf strukturên daneyan in ku ji girêk û keviyan pêk tên, ku têkiliyên di navbera elementan de nîşan didin.",3,verified,https://en.wikipedia.org/wiki/Graph_(abstract_data_type),approved,0.95,
ds_teknoloji_0093,ku-kmr,Teknolojî,"Di bingeha daneyan de, kîjan têgeh ji bo kêmkirina mezinahiya bingeha daneyan tê bikaranîn?",Kompresyon,Indekskirin,Normalîzasyon,Partîsyonkirin,A,Kompresyon mezinahiya bingeha daneyan kêm dike bi karanîna teknîkên cuda yên pêçanê.,3,verified,https://en.wikipedia.org/wiki/Data_compression,approved,0.95,
ds_teknoloji_0094,ku-kmr,Teknolojî,"Di strukturên daneyan de, kîjan têgeh ji bo navnîşek ku element bi rêbazek FIFO têne birêvebirin tê bikaranîn?",Stêk (Stack),Peldank (Queue),Lîsteya girêdayî,Dara binerd,B,"Peldank prensîba FIFO dişopîne, ango yekem tê yekem derdikeve.",1,verified,https://en.wikipedia.org/wiki/Queue_(abstract_data_type),approved,0.95,
ds_teknoloji_0095,ku-kmr,Teknolojî,"Di bingeha daneyan de, kîjan têgeh ji bo parastina daneyan ji destdirêjiyê tê bikaranîn?",Indekskirin,Normalîzasyon,Şîfrekirin,Kompresyon,C,"Şîfrekirin daneyan vediguherîne formek ku bêyî keyê nayê xwendin, bi vî awayî ji destdirêjiyê diparêze.",2,verified,https://en.wikipedia.org/wiki/Encryption,approved,0.95,
ds_teknoloji_0096,ku-kmr,Teknolojî,"Di strukturên daneyan de, kîjan têgeh ji bo navnîşek ku element bi rêbazek LIFO têne birêvebirin tê bikaranîn?",Peldank (Queue),Lîsteya girêdayî,Graf,Stêk (Stack),D,"Stêk prensîba LIFO dişopîne, ango dawî tê yekem derdikeve.",1,verified,https://en.wikipedia.org/wiki/Stack_(abstract_data_type),approved,0.95,
ds_teknoloji_0097,ku-kmr,Teknolojî,"Di bingeha daneyan de, kîjan têgeh ji bo berhevkirina daneyan ji tabloyekê li gorî şertan tê bikaranîn?",WHERE,JOIN,GROUP BY,ORDER BY,A,WHERE di SQL de ji bo fîlterkirina daneyan li gorî şertan tê bikaranîn.,1,verified,https://en.wikipedia.org/wiki/Where_(SQL),approved,0.95,
ds_teknoloji_0098,ku-kmr,Teknolojî,"Di strukturên daneyan de, kîjan têgeh ji bo navnîşek ku element bi rêbazek hiyerarşîk têne organîzekirin û her element xwediyê du zarokan e?",Graf,Dara duduyî,Lîsteya girêdayî,Ferhengok,B,Dara duduyî taybetmendiyek dara binerd e ku her element (girêk) herî zêde du zarokên wê hene.,2,verified,https://en.wikipedia.org/wiki/Binary_tree,approved,0.95,
ds_teknoloji_0099,ku-kmr,Teknolojî,"Di bingeha daneyan de, kîjan têgeh ji bo berhevkirina daneyan di komên li gorî şertan tê bikaranîn?",WHERE,JOIN,GROUP BY,ORDER BY,C,GROUP BY di SQL de ji bo komkirina daneyan li gorî nirxên hevpar tê bikaranîn.,2,verified,https://en.wikipedia.org/wiki/Group_by_(SQL),approved,0.95,
ds_teknoloji_0100,ku-kmr,Teknolojî,"Di strukturên daneyan de, kîjan têgeh ji bo navnîşek ku element bi rêbazek rêzkirî têne hilanîn û lêgerîna wan bi lez tê kirin?",Lîsteya girêdayî,Peldank,Stêk,Dara lêgerînê,D,"Dara lêgerînê strukturên daneyan in ku lêgerîna elementan bi lez û bez pêk tînin, wekî dara lêgerîna duduyî.",3,verified,https://en.wikipedia.org/wiki/Binary_search_tree,approved,0.95,
ds_teknoloji_0101,ku-kmr,Teknolojî,Kîjan pergalê xebitandinê ji aliyê şîrketa Microsoft ve hatiye çêkirin?,Windows,Linux,Android,macOS,A,"Windows ji aliyê Microsoft ve hatiye çêkirin. Linux pergaleke xebitandinê ya çavkaniya vekirî ye, Android ji aliyê Google ve hatiye çêkirin û macOS ji aliyê Apple ve hatiye çêkirin.",1,verified,https://en.wikipedia.org/wiki/Microsoft_Windows,approved,0.95,
ds_teknoloji_0102,ku-kmr,Teknolojî,Kîjan pergalê xebitandinê ji bo têlefonên mobîl ên bi navê Android hatiye çêkirin?,Windows,Android,Linux,iOS,B,Android pergaleke xebitandinê ya mobîl e ku ji aliyê Google ve hatiye pêşve xistin. Ew li ser kernelê Linuxê ava bûye û ji bo têlefonên mobîl hatiye çêkirin.,1,verified,https://en.wikipedia.org/wiki/Android_(operating_system),approved,0.95,
ds_teknoloji_0103,ku-kmr,Teknolojî,Kîjan pergalê xebitandinê ji aliyê şîrketa Apple ve ji bo komputerên Mac hatiye çêkirin?,Linux,Windows,macOS,Android,C,macOS pergaleke xebitandinê ye ku ji aliyê Apple ve ji bo komputerên Mac hatiye çêkirin. Ew ji BSD-ê hatiye pêşve xistin û bi navgîniya grafîkî ya xwe tê nasîn.,1,verified,https://en.wikipedia.org/wiki/MacOS,approved,0.95,
ds_teknoloji_0104,ku-kmr,Teknolojî,Kîjan pergalê xebitandinê bi gelemperî ji bo serveran tê bikaranîn û çavkaniya wê vekirî ye?,Windows,macOS,iOS,Linux,D,Linux pergaleke xebitandinê ya çavkaniya vekirî ye ku bi gelemperî ji bo serveran tê bikaranîn. Ew ji aliyê civaka global ve tê pêşve xistin û ji bo gelek cîhazên cuda tê adaptekirin.,2,verified,https://en.wikipedia.org/wiki/Linux,approved,0.95,
ds_teknoloji_0105,ku-kmr,Teknolojî,"Di komputerê de, kîjan beş wekî 'mejiyê' komputerê tê hesibandin?",CPU,Hard disk,RAM,Karta grafîkê,A,"CPU (Yekîneya Navendî ya Pêvajoyê) wekî mejiyê komputerê tê hesibandin ji ber ku ew hemî fermanan pêvajoyê dike û xebata komputerê kontrol dike. RAM bîra demkî ye, hard disk hilanîna daîmî ye û karta grafîkê ji bo wêneyan e.",1,verified,https://en.wikipedia.org/wiki/Central_processing_unit,approved,0.95,
ds_teknoloji_0106,ku-kmr,Teknolojî,Kîjan cîhaz ji bo hilanîna daneyan bi awayekî daîmî tê bikaranîn?,RAM,Hard disk,CPU,Karta dengê,B,"Hard disk ji bo hilanîna daneyan bi awayekî daîmî tê bikaranîn. RAM bîra demkî ye ku dema komputer tê girtin vala dibe, CPU pêvajoyê dike û karta dengê ji bo deng e.",1,verified,https://en.wikipedia.org/wiki/Hard_disk_drive,approved,0.95,
ds_teknoloji_0107,ku-kmr,Teknolojî,Kîjan pergalê xebitandinê bi gelemperî li ser komputerên ku ji bo kar û nivîsgehê têne bikaranîn tê sazkirin?,Android,iOS,Windows,Tizen,C,Windows bi gelemperî li ser komputerên nivîsgehê tê sazkirin ji ber ku bi gelek nermalavên karsaziyê re lihevhatî ye. Android û iOS ji bo têlefonan in û Tizen ji bo televîzyonan e.,2,verified,https://en.wikipedia.org/wiki/Microsoft_Windows,approved,0.95,
ds_teknoloji_0108,ku-kmr,Teknolojî,Kîjan pergalê xebitandinê ji bo cîhazên mobîl ên Apple tê bikaranîn?,Android,Windows Phone,Linux,iOS,D,"iOS pergaleke xebitandinê ye ku ji aliyê Apple ve ji bo iPhone û iPad hatiye çêkirin. Android ji aliyê Google ve ye, Windows Phone ji aliyê Microsoft ve ye û Linux ji bo serveran e.",1,verified,https://en.wikipedia.org/wiki/IOS,approved,0.95,
ds_teknoloji_0109,ku-kmr,Teknolojî,Kîjan pergalê xebitandinê bi gelemperî ji bo televîzyonên jîr tê bikaranîn?,Tizen,Windows,macOS,iOS,A,Tizen pergaleke xebitandinê ye ku ji aliyê Samsung ve ji bo televîzyonên jîr hatiye çêkirin. Windows û macOS ji bo komputeran in û iOS ji bo têlefonên Apple ye.,2,verified,https://en.wikipedia.org/wiki/Tizen,approved,0.95,
ds_teknoloji_0110,ku-kmr,Teknolojî,Kîjan beşê komputerê ji bo hilanîna daneyan dema ku komputer vekirî ye tê bikaranîn?,Hard disk,RAM,CPU,Karta torê,B,"RAM (Bîra Xebatê ya Rast) ji bo hilanîna daneyan dema ku komputer vekirî ye tê bikaranîn. Ew bîra demkî ye ku zû tê xwendin û nivîsandin, lê dema komputer tê girtin vala dibe.",2,verified,https://en.wikipedia.org/wiki/Random-access_memory,approved,0.95,
ds_teknoloji_0111,ku-kmr,Teknolojî,Kîjan pergalê xebitandinê ji bo serverên webê yên herî zêde tê bikaranîn?,Windows,macOS,Linux,Android,C,"Linux ji bo serverên webê herî zêde tê bikaranîn ji ber ku ew pergaleke xebitandinê ya çavkaniya vekirî ye, bi îstîqrar e û ji hêla gelek şîrketan ve tê piştgirî kirin. Ew ji bo serveran pir maqûl e.",2,verified,https://en.wikipedia.org/wiki/Linux,approved,0.95,
ds_teknoloji_0112,ku-kmr,Teknolojî,Kîjan cîhaz ji bo girêdana komputerê bi înternetê re tê bikaranîn?,Karta dengê,Karta grafîkê,Karta bîrê,Karta torê,D,"Karta torê (Network Interface Card) ji bo girêdana komputerê bi înternetê re tê bikaranîn. Ew daneyan di navbera komputer û torê de veguhezîne. Karta dengê ji bo deng, karta grafîkê ji bo wêneyan û karta bîrê ji bo hilanîna bîrê ye.",1,verified,https://en.wikipedia.org/wiki/Network_interface_controller,approved,0.95,
ds_teknoloji_0113,ku-kmr,Teknolojî,Kîjan pergalê xebitandinê ji bo komputerên desta (laptop) yên herî sivik tê bikaranîn?,ChromeOS,Windows,Linux,Android,A,ChromeOS pergaleke xebitandinê ye ku ji aliyê Google ve hatiye çêkirin û ji bo komputerên desta yên sivik hatiye çêkirin. Ew li ser geroka Chrome-ê ava bûye û piraniya xebatan bi înternetê re dike.,2,verified,https://en.wikipedia.org/wiki/ChromeOS,approved,0.95,
ds_teknoloji_0114,ku-kmr,Teknolojî,Kîjan beşê komputerê ji bo nîşandana wêneyan li ser ekranê tê bikaranîn?,CPU,Karta grafîkê,RAM,Hard disk,B,"Karta grafîkê (GPU) ji bo nîşandana wêneyan li ser ekranê tê bikaranîn. Ew wêneyan pêvajoyê dike û dişîne ekranê. CPU pêvajoya giştî dike, RAM bîra demkî ye û hard disk hilanîna daîmî ye.",1,verified,https://en.wikipedia.org/wiki/Graphics_processing_unit,approved,0.95,
ds_teknoloji_0115,ku-kmr,Teknolojî,Kîjan pergalê xebitandinê ji bo serverên ku karên krîtîk pêk tînin tê bikaranîn?,Windows,macOS,Unix,Android,C,Unix pergaleke xebitandinê ye ku ji bo serverên krîtîk tê bikaranîn ji ber ku ew pir bi îstîqrar û ewle ye. Ew ji bo gelek salan di serveran de tê bikaranîn û bingeha gelek pergalên din e.,2,verified,https://en.wikipedia.org/wiki/Unix,approved,0.95,
ds_teknoloji_0116,ku-kmr,Teknolojî,Kîjan cîhaz ji bo zêdekirina bîra komputerê tê bikaranîn?,Hard disk,CPU,Karta torê,RAM,D,"RAM (Bîra Xebatê ya Rast) ji bo zêdekirina bîra komputerê tê bikaranîn. Zêdekirina RAM-ê leza komputerê zêde dike ji ber ku komputer dikare bêtir daneyan di bîra demkî de bihêle. Hard disk hilanîna daîmî ye, CPU pêvajoyê dike û karta torê ji bo torê ye.",1,verified,https://en.wikipedia.org/wiki/Random-access_memory,approved,0.95,
ds_teknoloji_0117,ku-kmr,Teknolojî,Kîjan pergalê xebitandinê ji bo cîhazên ku tê de daneyên bi hev re têne parvekirin tê bikaranîn?,Windows Server,macOS,Android,iOS,A,Windows Server pergaleke xebitandinê ye ku ji aliyê Microsoft ve ji bo serveran hatiye çêkirin. Ew ji bo parvekirina daneyan di nav torê de hatiye çêkirin û gelek karûbarên serverê pêşkêş dike.,2,verified,https://en.wikipedia.org/wiki/Windows_Server,approved,0.95,
ds_teknoloji_0118,ku-kmr,Teknolojî,Kîjan beşê komputerê ji bo xwendina CD û DVD-yan tê bikaranîn?,Hard disk,Optical drive,RAM,Karta grafîkê,B,"Optical drive (ajokera optîkî) ji bo xwendina CD û DVD-yan tê bikaranîn. Ew bi tîrêja lazerê daneyan ji CD/DVD-yê dixwîne. Hard disk hilanîna daîmî ye, RAM bîra demkî ye û karta grafîkê ji bo wêneyan e.",2,verified,https://en.wikipedia.org/wiki/Optical_drive,approved,0.95,
ds_teknoloji_0119,ku-kmr,Teknolojî,Kîjan pergalê xebitandinê ji bo cîhazên ku bi têkiliya derveyî re dixebitin tê bikaranîn?,Windows,Linux,Android,macOS,C,Android pergaleke xebitandinê ye ku ji bo cîhazên mobîl ên bi têkiliya derveyî re dixebitin hatiye çêkirin. Ew ji bo têlefon û tabletên bi ekrana têkiliyê hatiye pêşve xistin. Windows û macOS ji bo komputeran in û Linux ji bo serveran e.,2,verified,https://en.wikipedia.org/wiki/Android_(operating_system),approved,0.95,
ds_teknoloji_0120,ku-kmr,Teknolojî,Kîjan cîhaz ji bo çapkirina belgeyan tê bikaranîn?,Skanner,Fotokopî,Faks,Çaper,D,"Çaper (printer) ji bo çapkirina belgeyan tê bikaranîn. Ew daneyên dîjîtal vediguhezîne rûpelên çapkirî. Skanner belgeyan dixwîne, fotokopî kopyayan çêdike û faks belgeyan bi rêya telefonê dişîne.",1,verified,https://en.wikipedia.org/wiki/Printer_(computing),approved,0.95,
ds_teknoloji_0121,ku-kmr,Teknolojî,Kîjan pergalê xebitandinê ji bo komputerên ku bi pîvanên mezin ên daneyan re dixebitin tê bikaranîn?,Linux,Windows,macOS,Android,A,Linux ji bo komputerên ku bi pîvanên mezin ên daneyan re dixebitin tê bikaranîn ji ber ku ew pir bi îstîqrar e û dikare bi gelek daneyan re bi awayekî efektîf xebitîne. Ew ji bo server û supercomputeran jî tê bikaranîn.,2,verified,https://en.wikipedia.org/wiki/Linux,approved,0.95,
ds_teknoloji_0122,ku-kmr,Teknolojî,Kîjan cîhaz ji bo guhdarîkirina muzîkê li ser komputerê tê bikaranîn?,Karta grafîkê,Karta dengê,Karta torê,Karta bîrê,B,"Karta dengê (sound card) ji bo guhdarîkirina muzîkê li ser komputerê tê bikaranîn. Ew daneyên deng vediguhezîne dengê ku bi speakeran tê bihîstin. Karta grafîkê ji bo wêneyan e, karta torê ji bo torê ye û karta bîrê ji bo bîrê ye.",1,verified,https://en.wikipedia.org/wiki/Sound_card,approved,0.95,
ds_teknoloji_0123,ku-kmr,Teknolojî,Kîjan pergalê xebitandinê ji bo cîhazên ku bi têkiliya deng re dixebitin tê bikaranîn?,Windows,Linux,Android,macOS,C,Android pergaleke xebitandinê ye ku ji bo cîhazên bi têkiliya deng re dixebitin hatiye çêkirin. Ew ji bo têlefon û tabletên ku bi deng têne kontrol kirin hatiye pêşve xistin. Windows û macOS ji bo komputeran in û Linux ji bo serveran e.,3,verified,https://en.wikipedia.org/wiki/Android_(operating_system),approved,0.95,
ds_teknoloji_0124,ku-kmr,Teknolojî,Kîjan beşê komputerê ji bo hilanîna daneyan bi awayekî demkî dema ku bername tê xebitandin tê bikaranîn?,Hard disk,CPU,Karta torê,RAM,D,"RAM (Bîra Xebatê ya Rast) ji bo hilanîna daneyan bi awayekî demkî dema ku bername tê xebitandin tê bikaranîn. Ew daneyan ji bo demek kurt dihêle ku CPU zû bigihîje wan. Hard disk hilanîna daîmî ye, CPU pêvajoyê dike û karta torê ji bo torê ye.",2,verified,https://en.wikipedia.org/wiki/Random-access_memory,approved,0.95,
ds_teknoloji_0125,ku-kmr,Teknolojî,Kîjan pergalê xebitandinê ji bo komputerên ku ji bo fêrbûna zarokan têne bikaranîn tê pêşniyar kirin?,Ubuntu,Windows,Linux,Android,A,"Ubuntu pergaleke xebitandinê ya çavkaniya vekirî ye ku ji bo komputerên fêrbûnê tê pêşniyar kirin ji ber ku ew belaş e, bi hêsanî tê bikaranîn û gelek nermalavên perwerdehiyê pê re têne. Windows û macOS jî têne bikaranîn lê Ubuntu ji bo fêrbûnê bêtir guncav e.",2,verified,https://en.wikipedia.org/wiki/Ubuntu,approved,0.95,
ds_teknoloji_0126,ku-kmr,Teknolojî,"Di makîneya fêrbûnê de, kîjan têgeh ji bo daneyên ku ji bo perwerdekirina modelê têne bikaranîn tê gotin?",Daneyên ceribandinê,Daneyên perwerdeyê,Daneyên rastkirinê,Daneyên hilberînê,B,"Daneyên perwerdeyê koma daneyan e ku model ji wan fêr dibe û parametreyên xwe li gorî wan sererast dike. Daneyên ceribandinê ji bo nirxandina performansa modelê têne bikaranîn, ne ji bo fêrbûnê.",1,verified,"https://en.wikipedia.org/wiki/Training,_validation,_and_test_data_sets",approved,0.95,
ds_teknoloji_0127,ku-kmr,Teknolojî,"Di fêrbûna çavdêrîkirî de, model ji kîjan celeb daneyan fêr dibe?",Daneyên bê etîket,Daneyên bê struktur,Daneyên bi etîket,Daneyên bê deng,C,"Di fêrbûna çavdêrîkirî de, her nimûneyek daneyê bi etîketekê re tê ku encama rast nîşan dide. Model bi berhevkirina pêşbîniyên xwe bi van etîketan re fêr dibe û xeletiyên xwe kêm dike.",1,verified,https://en.wikipedia.org/wiki/Supervised_learning,approved,0.95,
ds_teknoloji_0128,ku-kmr,Teknolojî,"Di fêrbûna neçavdêrîkirî de, kîjan têgeh ji bo koma kiryarên ku model bêyî etîketan pêk tîne tê bikaranîn?",Pêşbîniyê,Veguhastinê,Rastkirinê,Komkirinê,D,"Di fêrbûna neçavdêrîkirî de, model di daneyan de avahî û rêxistinê dibîne bêyî ku etîketên berê hebin. Komkirin (clustering) rêbazek e ku tê de model daneyan li gorî wekheviyê di nav komên cuda de dabeş dike.",2,verified,https://en.wikipedia.org/wiki/Unsupervised_learning,approved,0.95,
ds_teknoloji_0129,ku-kmr,Teknolojî,"Di yapay zekayê de, kîjan têgeh ji bo pêvajoya ku model bi ceribandin û xeletiyê fêr dibe û xelatê distîne tê bikaranîn?",Fêrbûna bi xurtkirinê,Fêrbûna bi çavdêrî,Fêrbûna bi veguhastinê,Fêrbûna bi kûrkirinê,A,Fêrbûna bi xurtkirinê (reinforcement learning) celebek fêrbûnê ye ku tê de model (ajans) bi kiryarên xwe re xelat an ceza distîne û ji van encaman fêr dibe da ku stratejiya xwe baştir bike. Ev rêbaz bi gelemperî di lîstikan û robotîkê de tê bikaranîn.,2,verified,https://en.wikipedia.org/wiki/Reinforcement_learning,approved,0.95,
ds_teknoloji_0130,ku-kmr,Teknolojî,"Di fêrbûna kûr de, kîjan strukturê bi gelemperî ji bo pêvajokirina wêneyan tê bikaranîn?",Tora neuralî ya pêşverû,Tora neuralî ya konvulsiyonî,Tora neuralî ya dubare,Tora neuralî ya belavbûyî,B,Tora neuralî ya konvulsiyonî (CNN) bi taybetî ji bo pêvajokirina wêneyan hatiye sêwirandin. Ew bi karanîna qatên konvulsiyonê taybetmendiyên dîtbarî yên wekî kenar û şêweyan ji wêneyan derdixe û ji bo nasîna wêneyan pir bi bandor e.,2,verified,https://en.wikipedia.org/wiki/Convolutional_neural_network,approved,0.95,
ds_teknoloji_0131,ku-kmr,Teknolojî,"Di fêrbûna kûr de, kîjan celeb tora neuralî ji bo rêzikên daneyan wekî nivîs an deng tê bikaranîn?",Tora neuralî ya konvulsiyonî,Tora neuralî ya pêşverû,Tora neuralî ya dubare,Tora neuralî ya sentezkirî,C,"Tora neuralî ya dubare (RNN) ji bo rêzikên daneyan hatiye sêwirandin û xwediyê girêdanên ku agahdariya ji gavên berê diparêzin e. Ev taybetmendî wê ji bo pêvajokirina nivîsê, deng û daneyên demkî maqûl dike.",2,verified,https://en.wikipedia.org/wiki/Recurrent_neural_network,approved,0.95,
ds_teknoloji_0132,ku-kmr,Teknolojî,"Di pêvajokirina zimanê xwezayî de, kîjan têgeh ji bo veguhertina nivîsê di nav rêzek hejmaran de tê bikaranîn?",Veguhertina dengan,Veguhertina wêneyan,Veguhertina kodê,Veguhertina nivîsê,D,Veguhertina nivîsê (text embedding) pêvajoyek e ku tê de peyv an hevokên nivîsê di nav vektorên hejmarî de têne temsîl kirin. Ev rêbaz rê dide modelan ku daneyên nivîsê bi awayekî matematîkî pêvajoyê bikin û têkiliyên di navbera peyvan de fam bikin.,2,verified,https://en.wikipedia.org/wiki/Word_embedding,approved,0.95,
ds_teknoloji_0133,ku-kmr,Teknolojî,"Di yapay zekayê de, kîjan têgeh ji bo pêvajoya ku model ji daneyên berê re rastiyê derdixe û ji bo daneyên nû pêşbîniyan dike tê bikaranîn?",Pêşbîniyê,Veguhastinê,Komkirinê,Sazkirinê,A,Pêşbîniyê (inference) pêvajoya ku tê de modelê perwerdekirî ji bo daneyên nû yên nedîtî encaman derdixe. Ev qonaxa ku model di pratîkê de tê bikaranîn û biryarên li ser daneyên nû dide nîşan dide.,1,verified,https://en.wikipedia.org/wiki/Statistical_inference,approved,0.95,
ds_teknoloji_0134,ku-kmr,Teknolojî,"Di makîneya fêrbûnê de, kîjan têgeh ji bo pîvana ku model çiqas baş li ser daneyên nû yên nedîtî performansê dide tê bikaranîn?",Leza modelê,Rastbûna modelê,Mezinahiya modelê,Nexşeya modelê,B,Rastbûna modelê (accuracy) rêjeya pêşbîniyên rast ên modelê li hember hemî pêşbîniyan e. Ev pîvan nîşan dide ku model çiqas baş dikare ji daneyên ku berê nedîtine re pêşbîniyên rast bike.,1,verified,https://en.wikipedia.org/wiki/Accuracy_and_precision,approved,0.95,
ds_teknoloji_0135,ku-kmr,Teknolojî,"Di fêrbûna kûr de, kîjan têgeh ji bo pêvajoya ku model bi rêya qatên neuralî ve daneyan ji bo derxistina taybetmendiyan derbas dike tê bikaranîn?",Veguhestina paşverû,Veguhestina alî,Veguhestina pêşverû,Veguhestina navxweyî,C,Veguhestina pêşverû (forward propagation) pêvajoya ku tê de daneyên têketinê di nav qatên tora neuralî de derbas dibin û li her qatê têne veguherandin heta ku hilberîna dawî çêdibe. Ev pêvajo bingeha hesabkirina pêşbîniyên modelê ye.,2,verified,https://en.wikipedia.org/wiki/Backpropagation,approved,0.95,
ds_teknoloji_0136,ku-kmr,Teknolojî,"Di fêrbûna kûr de, kîjan rêbaz ji bo sererastkirina parametreyên modelê li gorî xeletiya hilberînê tê bikaranîn?",Veguhestina pêşverû,Veguhestina rastkirinê,Veguhestina çewtkirinê,Veguhestina paşverû,D,"Veguhestina paşverû (backpropagation) rêbazek e ku tê de xeletiya di navbera pêşbîniya modelê û encama rast de tê hesabkirin û ev xeletî ji qata dawî ber bi qata pêşîn ve tê belavkirin. Di vê pêvajoyê de, parametreyên modelê têne sererast kirin da ku xeletî kêm bibe.",2,verified,https://en.wikipedia.org/wiki/Backpropagation,approved,0.95,
ds_teknoloji_0137,ku-kmr,Teknolojî,"Di makîneya fêrbûnê de, kîjan têgeh ji bo rewşa ku model ji daneyên perwerdeyê pir baş fêr dibe lê ji daneyên nû re baş performansê nade tê bikaranîn?",Zêde-fêrbûn,Kêm-fêrbûn,Rast-fêrbûn,Çewt-fêrbûn,A,Zêde-fêrbûn (overfitting) rewşek e ku tê de model bi awayekî zêde li ser daneyên perwerdeyê tê sazkirin û ji daneyên nû yên nedîtî re performansa wê kêm dibe. Ev ji ber ku model di daneyên perwerdeyê de deng û taybetmendiyên taybet jî fêr dibe.,2,verified,https://en.wikipedia.org/wiki/Overfitting,approved,0.95,
ds_teknoloji_0138,ku-kmr,Teknolojî,"Di makîneya fêrbûnê de, kîjan têgeh ji bo rewşa ku model nikare ji daneyên perwerdeyê jî bi awayekî rast fêr bibe tê bikaranîn?",Zêde-fêrbûn,Kêm-fêrbûn,Rast-fêrbûn,Bê-fêrbûn,B,"Kêm-fêrbûn (underfitting) rewşek e ku tê de model pir sade ye û nikare avahiya daneyan bi awayekî rast bigire. Di vê rewşê de, performansa modelê hem li ser daneyên perwerdeyê hem jî li ser daneyên nû kêm e.",2,verified,https://en.wikipedia.org/wiki/Overfitting,approved,0.95,
ds_teknoloji_0139,ku-kmr,Teknolojî,"Di fêrbûna kûr de, kîjan têgeh ji bo rêjeya ku di her gavê de parametreyên modelê têne sererast kirin tê bikaranîn?",Rêjeya pêşbîniyê,Rêjeya xeletiyê,Rêjeya fêrbûnê,Rêjeya lezê,C,"Rêjeya fêrbûnê (learning rate) pîvanek e ku diyar dike ku di her gavê de parametreyên modelê çiqas têne guhertin. Rêjeya fêrbûnê ya mezin dibe sedema guhertinên mezin û dibe ku model ji çareseriya çêtirîn derbas bibe, lê rêjeya piçûk dibe sedema hêdîbûna fêrbûnê.",2,verified,https://en.wikipedia.org/wiki/Learning_rate,approved,0.95,
ds_teknoloji_0140,ku-kmr,Teknolojî,"Di makîneya fêrbûnê de, kîjan têgeh ji bo koma daneyan ku ji bo nirxandina performansa modelê ya dawî tê bikaranîn tê gotin?",Daneyên perwerdeyê,Daneyên rastkirinê,Daneyên hilberînê,Daneyên ceribandinê,D,"Daneyên ceribandinê (test data) koma daneyan e ku ji bo nirxandina performansa modelê ya dawî tê bikaranîn. Ev daneyên ku model di qonaxa perwerdeyê de qet nedîtine, ji bo pîvandina rastiya modelê li ser daneyên nû têne bikaranîn.",1,verified,"https://en.wikipedia.org/wiki/Training,_validation,_and_test_data_sets",approved,0.95,
ds_teknoloji_0141,ku-kmr,Teknolojî,"Di fêrbûna kûr de, kîjan têgeh ji bo pêvajoya ku tê de model bi awayekî otomatîk taybetmendiyên ji daneyan derdixe tê bikaranîn?",Derxistina taybetmendiyan,Veguhestina taybetmendiyan,Rastkirina taybetmendiyan,Hilberîna taybetmendiyan,A,"Derxistina taybetmendiyan (feature extraction) pêvajoya ku tê de model bi awayekî otomatîk taybetmendiyên bingehîn ji daneyên xav derdixe. Di fêrbûna kûr de, ev pêvajo bi qatên neuralî ve tê kirin û hewcedariya bi derxistina destan a taybetmendiyan ji holê radike.",2,verified,https://en.wikipedia.org/wiki/Feature_engineering,approved,0.95,
ds_teknoloji_0142,ku-kmr,Teknolojî,"Di pêvajokirina zimanê xwezayî de, kîjan têgeh ji bo rêbaza ku peyvên di nivîsê de bi rêzê têne analîz kirin tê bikaranîn?",Analîza peyvan,Analîza rêzê,Analîza dengan,Analîza wêneyan,B,Analîza rêzê (sequence analysis) rêbazek e ku tê de rêza peyvan di nivîsê de ji bo famkirina avahiya ziman tê analîz kirin. Ev rêbaz ji bo têgihîştina wateya hevokan û têkiliyên di navbera peyvan de girîng e.,2,verified,https://en.wikipedia.org/wiki/Sequence_labeling,approved,0.95,
ds_teknoloji_0143,ku-kmr,Teknolojî,"Di makîneya fêrbûnê de, kîjan têgeh ji bo pîvana ku model di navbera du koman de çiqas baş cuda dike tê bikaranîn?",Pîvana rastbûnê,Pîvana lezê,Pîvana cudakirinê,Pîvana mezinahiyê,C,Pîvana cudakirinê (discrimination) pîvanek e ku nîşan dide model çiqas baş dikare di navbera du an zêdetir koman de cuda bike. Ev pîvan bi gelemperî di karên dabeşkirinê de tê bikaranîn û ji bo nirxandina performansa modelê girîng e.,3,verified,https://en.wikipedia.org/wiki/Discriminative_model,approved,0.95,
ds_teknoloji_0144,ku-kmr,Teknolojî,"Di fêrbûna kûr de, kîjan têgeh ji bo pêvajoya ku tê de model ji bo her qatekê nirxên navîn hesab dike û ji bo qata din re derbas dike tê bikaranîn?",Aktîvasyonê,Veguhestinê,Kombînasyonê,Normalîzasyonê,D,Normalîzasyonê (normalization) pêvajoyek e ku tê de nirxên di nav qatên tora neuralî de têne sererast kirin da ku di nav rêzek diyarkirî de bin. Ev rêbaz ji bo stabîlkirina fêrbûnê û bilezkirina pêvajoyê tê bikaranîn.,3,verified,https://en.wikipedia.org/wiki/Batch_normalization,approved,0.95,
ds_teknoloji_0145,ku-kmr,Teknolojî,"Di yapay zekayê de, kîjan têgeh ji bo pêvajoya ku tê de model ji bo daneyên nû pêşbîniyan dike lê ev pêşbîniyên bi awayekî rast nayên kontrol kirin tê bikaranîn?",Pêşbîniya bêkontrol,Pêşbîniya rast,Pêşbîniya çewt,Pêşbîniya navxweyî,A,Pêşbîniya bêkontrol (unsupervised prediction) pêvajoyek e ku tê de model ji daneyên bê etîket pêşbîniyan dike bêyî ku encamên rast ji berê ve bêne zanîn. Ev rêbaz bi gelemperî di fêrbûna neçavdêrîkirî de tê bikaranîn.,2,verified,https://en.wikipedia.org/wiki/Unsupervised_learning,approved,0.95,
ds_teknoloji_0146,ku-kmr,Teknolojî,"Di makîneya fêrbûnê de, kîjan têgeh ji bo koma parametreyên ku model di qonaxa perwerdeyê de diguherîne tê gotin?",Parametreyên sabît,Parametreyên fêrbûyî,Parametreyên rast,Parametreyên çewt,B,Parametreyên fêrbûyî (learned parameters) ew parametreyên modelê ne ku di qonaxa perwerdeyê de li gorî daneyan têne sererast kirin. Ev parametre di qonaxa pêşbîniyê de ji bo hilberîna encaman têne bikaranîn.,2,verified,https://en.wikipedia.org/wiki/Parameter,approved,0.95,
ds_teknoloji_0147,ku-kmr,Teknolojî,"Di fêrbûna kûr de, kîjan têgeh ji bo pêvajoya ku tê de model bi awayekî rast hilberîna xwe bi encama rast re berhev dike û xeletiyê hesab dike tê bikaranîn?",Fonksiyona rastbûnê,Fonksiyona lezê,Fonksiyona xeletiyê,Fonksiyona mezinahiyê,C,Fonksiyona xeletiyê (loss function) pîvanek matematîkî ye ku cudahiya di navbera pêşbîniya modelê û encama rast de hesab dike. Ev fonksiyon di qonaxa perwerdeyê de ji bo rêberiya sererastkirina parametreyên modelê tê bikaranîn.,2,verified,https://en.wikipedia.org/wiki/Loss_function,approved,0.95,
ds_teknoloji_0148,ku-kmr,Teknolojî,"Di yapay zekayê de, kîjan têgeh ji bo pêvajoya ku tê de model ji bo her nimûneyekê pêşbîniyekê dike û ev pêşbîniyên bi encamên rast re têne berhev kirin tê bikaranîn?",Perwerdekirina modelê,Sazkirina modelê,Hilberîna modelê,Nirxandina modelê,D,"Nirxandina modelê (model evaluation) pêvajoya ku tê de performansa modelê li ser daneyên ceribandinê tê pîvan. Di vê pêvajoyê de, pêşbîniyên modelê bi encamên rast re têne berhev kirin û pîvanên wekî rastbûnê têne hesab kirin.",1,verified,https://en.wikipedia.org/wiki/Evaluation_of_machine_learning_algorithms,approved,0.95,
ds_teknoloji_0149,ku-kmr,Teknolojî,"Di fêrbûna kûr de, kîjan têgeh ji bo pêvajoya ku tê de model bi awayekî serbixwe ji daneyan fêr dibe û avahiya daneyan kifş dike tê bikaranîn?",Fêrbûna bêçavdêrî,Fêrbûna bi çavdêrî,Fêrbûna bi xurtkirinê,Fêrbûna bi veguhastinê,A,Fêrbûna bêçavdêrî (unsupervised learning) pêvajoyek e ku tê de model ji daneyên bê etîket fêr dibe û avahî an rêxistina di daneyan de kifş dike. Ev rêbaz ji bo kifşkirina nimûneyan û komkirina daneyan tê bikaranîn.,1,verified,https://en.wikipedia.org/wiki/Unsupervised_learning,approved,0.95,
ds_teknoloji_0150,ku-kmr,Teknolojî,"Di pêvajokirina zimanê xwezayî de, kîjan têgeh ji bo pêvajoya ku tê de model ji bo peyvekê wateya wê di nav çarçoveyekê de diyar dike tê bikaranîn?",Analîza rêzê,Analîza wateyê,Analîza dengan,Analîza kodê,B,Analîza wateyê (semantic analysis) pêvajoya ku tê de model wateya peyvan û hevokan di nav çarçoveyekê de diyar dike. Ev rêbaz ji bo têgihîştina wateya ziman û pêvajokirina wê bi awayekî rast girîng e.,2,verified,https://en.wikipedia.org/wiki/Semantic_analysis_(machine_learning),approved,0.95,
ds_teknoloji_0151,ku-kmr,Teknolojî,"Ji bo çêkirina rûpelekê ya webê, kîjan zimanê nîşankirinê tê bikaranîn?",SQL,Python,HTML,PHP,C,"HTML zimanê nîşankirinê ye ku ji bo avakirina strukturên rûpelên webê tê bikaranîn. SQL ji bo bingeha daneyan, Python û PHP jî zimanên bernamekirinê ne.",1,verified,https://en.wikipedia.org/wiki/HTML,approved,0.95,
ds_teknoloji_0152,ku-kmr,Teknolojî,"Di navnîşana URL-ê de, kîjan beş protokola tê bikaranîn nîşan dide?",www,ku,html,https,D,"Di URL-ê de, protokol wekî 'https' li destpêkê tê nivîsandin û rêbaza gihîştina çavkaniyê diyar dike. 'www' navnîşana malperê ye, 'ku' ziman an welat e, 'html' jî formatê pelê ye.",2,verified,https://en.wikipedia.org/wiki/URL,approved,0.95,
ds_teknoloji_0153,ku-kmr,Teknolojî,Kîjan protokol ji bo veguhestina rûpelên webê ji serverê bo gerokê tê bikaranîn?,HTTP,FTP,SMTP,SSH,A,"HTTP protokola veguhestina rûpelên webê ye. FTP ji bo pelan, SMTP ji bo e-nameyan, SSH jî ji bo têkiliya ewle bi serverê re ye.",1,verified,https://en.wikipedia.org/wiki/HTTP,approved,0.95,
ds_teknoloji_0154,ku-kmr,Teknolojî,"Di geroka webê de, kîjan ziman ji bo şêwazdana rûpelan tê bikaranîn?",HTML,CSS,JavaScript,XML,B,"CSS (Cascading Style Sheets) ji bo şêwazdana rûpelên webê tê bikaranîn. HTML strukturê, JavaScript fonksiyonê, XML jî daneyan rêxistin dike.",1,verified,https://en.wikipedia.org/wiki/CSS,approved,0.95,
ds_teknoloji_0155,ku-kmr,Teknolojî,"Di navnîşana IP-ê de, kîjan rêje ji bo pîvana leza veguhestina daneyan tê bikaranîn?",Bendwidth,Packet,Latency,Router,C,"Bandwidth pîvana leza veguhestina daneyan e. Latency derengiyê, packet yekeya daneyan, router jî cîhazê torê ye.",2,verified,https://en.wikipedia.org/wiki/Bandwidth_(computing),approved,0.95,
ds_teknoloji_0156,ku-kmr,Teknolojî,Kîjan teknolojî ji bo şîfrekirina daneyan di navbera malper û gerokê de tê bikaranîn?,FTP,SMTP,DNS,SSL,D,"SSL (Secure Sockets Layer) protokola ewlekariyê ye ku daneyan di navbera malper û gerokê de şîfre dike. FTP, SMTP, DNS protokolên din in.",2,verified,https://en.wikipedia.org/wiki/Transport_Layer_Security,approved,0.95,
ds_teknoloji_0157,ku-kmr,Teknolojî,"Di zimanê webê de, kîjan têgeh ji bo navnîşana yekta ya çavkaniyekê tê bikaranîn?",HTML,URL,HTTP,CSS,A,"URL (Uniform Resource Locator) navnîşana yekta ya çavkaniyekê ye. HTML zimanê nîşankirinê, HTTP protokol, CSS jî şêwazdana rûpelan e.",1,verified,https://en.wikipedia.org/wiki/URL,approved,0.95,
ds_teknoloji_0158,ku-kmr,Teknolojî,"Di torê de, kîjan cîhaz ji bo birêvebirina trafîka daneyan di navbera torên cuda de tê bikaranîn?",Switch,Router,Modem,Hub,B,"Router ji bo girêdana torên cuda û birêvebirina trafîkê tê bikaranîn. Switch di nav tora herêmî de, modem ji bo înternetê, hub jî ji bo girêdana cîhazan e.",1,verified,https://en.wikipedia.org/wiki/Router_(computing),approved,0.95,
ds_teknoloji_0159,ku-kmr,Teknolojî,"Di webê de, kîjan têgeh ji bo pêvajoya ku gerok rûpelekê ji serverê dixwaze tê bikaranîn?",Response,Redirect,Request,Cache,C,"Request (daxwaz) pêvajoya ku gerok ji serverê rûpelekê dixwaze ye. Response bersiva serverê, Redirect veguhestina rûpelê, Cache hilanîna demkî ye.",2,verified,https://en.wikipedia.org/wiki/Hypertext_Transfer_Protocol,approved,0.95,
ds_teknoloji_0160,ku-kmr,Teknolojî,"Di geroka webê de, kîjan ziman ji bo zêdekirina fonksiyonên dînamîk tê bikaranîn?",HTML,CSS,XML,JavaScript,D,"JavaScript zimanê bernamekirinê ye ku ji bo fonksiyonên dînamîk di gerokê de tê bikaranîn. HTML struktur, CSS şêwaz, XML daneyan rêxistin dike.",1,verified,https://en.wikipedia.org/wiki/JavaScript,approved,0.95,
ds_teknoloji_0161,ku-kmr,Teknolojî,"Di navnîşana IP-ê de, kîjan rêje ji bo pîvana derengiya veguhestina daneyan tê bikaranîn?",Bandwidth,Latency,Packet,Protocol,A,"Latency derengiya veguhestina daneyan e. Bandwidth leza, Packet yekeya daneyan, Protocol jî rêbaza têkiliyê ye.",2,verified,https://en.wikipedia.org/wiki/Latency_(engineering),approved,0.95,
ds_teknoloji_0162,ku-kmr,Teknolojî,Kîjan protokol ji bo veguhestina pelan di navbera komputeran de tê bikaranîn?,HTTP,FTP,SMTP,DNS,B,"FTP (File Transfer Protocol) ji bo veguhestina pelan tê bikaranîn. HTTP ji bo rûpelên webê, SMTP ji bo e-nameyan, DNS jî ji bo navnîşan e.",1,verified,https://en.wikipedia.org/wiki/File_Transfer_Protocol,approved,0.95,
ds_teknoloji_0163,ku-kmr,Teknolojî,"Di webê de, kîjan têgeh ji bo hilanîna demkî ya rûpelan di gerokê de tê bikaranîn?",Cache,Session,Cookie,Script,C,"Cache hilanîna demkî ya rûpelan e. Cookie daneyên bikarhêner, Session daneyên danişînê, Script jî koda bernamekirinê ye.",2,verified,https://en.wikipedia.org/wiki/Cache_(computing),approved,0.95,
ds_teknoloji_0164,ku-kmr,Teknolojî,"Di torê de, kîjan cîhaz ji bo girêdana komputeran di nav tora herêmî de tê bikaranîn?",Router,Modem,Firewall,Switch,D,"Switch di nav tora herêmî de komputeran girê dide. Router toran girê dide, Modem înternetê peyda dike, Firewall jî parastinê dike.",1,verified,https://en.wikipedia.org/wiki/Network_switch,approved,0.95,
ds_teknoloji_0165,ku-kmr,Teknolojî,"Di navnîşana webê de, kîjan pêvek ji bo nîşankirina rûpelekê ya taybet tê bikaranîn?",Path,Protocol,Domain,Port,A,"Path (rê) di URL-ê de cîhê rûpelekê ya taybet nîşan dide. Protocol rêbaza gihîştinê, Domain navnîşana malperê, Port jî deriyê têkiliyê ye.",2,verified,https://en.wikipedia.org/wiki/URL,approved,0.95,
ds_teknoloji_0166,ku-kmr,Teknolojî,Kîjan protokol ji bo veguhestina e-nameyan tê bikaranîn?,HTTP,SMTP,FTP,SSH,B,"SMTP (Simple Mail Transfer Protocol) ji bo veguhestina e-nameyan tê bikaranîn. HTTP ji bo webê, FTP ji bo pelan, SSH jî ji bo têkiliya ewle ye.",1,verified,https://en.wikipedia.org/wiki/Simple_Mail_Transfer_Protocol,approved,0.95,
ds_teknoloji_0167,ku-kmr,Teknolojî,"Di geroka webê de, kîjan têgeh ji bo pêvajoya ku rûpelekê ji serverê tê wergirtin tê bikaranîn?",Request,Redirect,Response,Error,C,"Response bersiva serverê ye ku rûpelê ji gerokê re dişîne. Request daxwaza gerokê, Redirect veguhestina rûpelê, Error jî xeletiyê nîşan dide.",2,verified,https://en.wikipedia.org/wiki/Hypertext_Transfer_Protocol,approved,0.95,
ds_teknoloji_0168,ku-kmr,Teknolojî,"Di webê de, kîjan têgeh ji bo veguhestina rûpelekê ji navnîşanekê bo navnîşaneke din tê bikaranîn?",Request,Response,Cache,Redirect,D,"Redirect veguhestina rûpelekê ji navnîşanekê bo navnîşaneke din e. Request daxwaz, Response bersiv, Cache jî hilanîna demkî ye.",2,verified,https://en.wikipedia.org/wiki/URL_redirection,approved,0.95,
ds_teknoloji_0169,ku-kmr,Teknolojî,"Di torê de, kîjan amûr ji bo parastina torê ji êrîşên derve tê bikaranîn?",Firewall,Router,Switch,Modem,A,"Firewall ji bo parastina torê ji êrîşên derve tê bikaranîn. Router toran girê dide, Switch tora herêmî, Modem jî înternetê peyda dike.",1,verified,https://en.wikipedia.org/wiki/Firewall_(computing),approved,0.95,
ds_teknoloji_0170,ku-kmr,Teknolojî,"Di navnîşana IP-ê de, kîjan têgeh ji bo nasnameya cîhazekê di torê de tê bikaranîn?",MAC Address,IP Address,URL,DNS,B,"IP Address nasnameya cîhazekê di torê de ye. MAC Address nasnameya fizîkî ya cîhazê, URL navnîşana webê, DNS jî pergala navnîşan e.",2,verified,https://en.wikipedia.org/wiki/IP_address,approved,0.95,
ds_teknoloji_0171,ku-kmr,Teknolojî,Kîjan protokol ji bo wergirtina e-nameyan ji serverê tê bikaranîn?,SMTP,FTP,IMAP,HTTP,C,"IMAP (Internet Message Access Protocol) ji bo wergirtina e-nameyan ji serverê tê bikaranîn. SMTP ji bo şandinê, FTP ji bo pelan, HTTP ji bo webê ye.",1,verified,https://en.wikipedia.org/wiki/Internet_Message_Access_Protocol,approved,0.95,
ds_teknoloji_0172,ku-kmr,Teknolojî,"Di webê de, kîjan têgeh ji bo daneyên ku gerokê ji bo bikarhêner hildide tê bikaranîn?",Cache,Session,Script,Cookie,D,"Cookie daneyên ku gerokê ji bo bikarhêner hildide. Cache hilanîna rûpelan, Session daneyên danişînê, Script jî koda bernamekirinê ye.",2,verified,https://en.wikipedia.org/wiki/HTTP_cookie,approved,0.95,
ds_teknoloji_0173,ku-kmr,Teknolojî,"Di torê de, kîjan têgeh ji bo pêvajoya ku navnîşana IP-ê ji navê domênê tê peydakirin tê bikaranîn?",DNS,HTTP,FTP,SMTP,A,"DNS (Domain Name System) navnîşana IP-ê ji navê domênê peyda dike. HTTP ji bo webê, FTP ji bo pelan, SMTP ji bo e-nameyan e.",1,verified,https://en.wikipedia.org/wiki/Domain_Name_System,approved,0.95,
ds_teknoloji_0174,ku-kmr,Teknolojî,"Di webê de, kîjan têgeh ji bo pêvajoya ku gerok rûpelekê ji serverê dixwaze û bersiva wê distîne tê bikaranîn?",HTTPS,HTTP,FTP,DNS,B,"HTTP protokola ku gerok û server bi wê re têkiliyê datînin e. HTTPS guhertoya ewle ye, FTP ji bo pelan, DNS jî ji bo navnîşan e.",1,verified,https://en.wikipedia.org/wiki/Hypertext_Transfer_Protocol,approved,0.95,
ds_teknoloji_0175,ku-kmr,Teknolojî,"Di navnîşana webê de, kîjan beş ji bo nîşankirina malperê tê bikaranîn?",Path,Protocol,Domain,Port,C,"Domain (navnîşan) di URL-ê de malperê nîşan dide. Path rûpelê, Protocol rêbaza gihîştinê, Port jî deriyê têkiliyê ye.",1,verified,https://en.wikipedia.org/wiki/Domain_name,approved,0.95,
ds_teknoloji_0176,ku-kmr,Teknolojî,"Ji bo têlefonekî jîr, kîjan pergalê xebitandinê ji aliyê Google ve hatiye çêkirin?",iOS,Windows,Linux,Android,D,"Android pergalek xebitandinê ye ku ji aliyê Google ve hatiye çêkirin û bi piranî li ser têlefonên jîr tê bikaranîn. iOS ya Apple e, Windows ya Microsoft e û Linux jî ji bo serveran tê bikaranîn.",1,verified,https://en.wikipedia.org/wiki/Android_(operating_system),approved,0.95,
ds_teknoloji_0177,ku-kmr,Teknolojî,"Di têlefonekî jîr de, kîjan beş ji bo hilanîna wêneyan û pelan tê bikaranîn?",Bîra hundirîn,Bîra xebitandinê,Pêvajoyê,Bataryayê,A,"Bîra hundirîn (storage) ji bo hilanîna daîmî ya wêneyan, pelan û sepanan tê bikaranîn. Bîra xebitandinê demkî ye, pêvajoyê hesaban dike û bataryayê jî enerjiyê dide.",1,verified,https://en.wikipedia.org/wiki/Smartphone,approved,0.95,
ds_teknoloji_0178,ku-kmr,Teknolojî,Kîjan sepan ji bo şandina peyamên nivîskî bi înternetê tê bikaranîn?,Photoshop,WhatsApp,Excel,VLC,B,"WhatsApp sepanek e ji bo şandina peyamên nivîskî, deng û wêneyan bi înternetê tê bikaranîn. Photoshop ji bo wêneyan e, Excel ji bo tabloyan e û VLC ji bo lîstina vîdyoyan e.",1,verified,https://en.wikipedia.org/wiki/WhatsApp,approved,0.95,
ds_teknoloji_0179,ku-kmr,Teknolojî,"Ji bo barkirina sepanan li ser têlefonekî Android, kîjan dikan tê bikaranîn?",App Store,Steam,Google Play,Epic Games,C,"Google Play dikanek e ji bo barkirina sepanan li ser cîhazên Android. App Store ya Apple e, Steam û Epic Games ji bo lîstikên komputerê ne.",1,verified,https://en.wikipedia.org/wiki/Google_Play,approved,0.95,
ds_teknoloji_0180,ku-kmr,Teknolojî,Kîjan teknolojî ji bo têkiliya bêtêl a li ser dûrahiya kurt di navbera têlefon û guhikan de tê bikaranîn?,Wi-Fi,NFC,GPS,Bluetooth,D,"Bluetooth teknolojiyek bêtêl e ji bo têkiliya li ser dûrahiya kurt, wekî di navbera têlefon û guhikan de. Wi-Fi ji bo înternetê ye, NFC ji bo danûstandinên nêzîk e û GPS ji bo cihnasiyê ye.",2,verified,https://en.wikipedia.org/wiki/Bluetooth,approved,0.95,
ds_teknoloji_0181,ku-kmr,Teknolojî,"Di têlefonekî jîr de, kîjan pergal ji bo nasnameya bikarhêner bi tiliyê tê bikaranîn?",Scannerê tiliyan,Şîfreyê,Kamera,Mîkrofon,A,"Scannerê tiliyan (fingerprint scanner) ji bo nasnameya bikarhêner bi tiliyê tê bikaranîn. Şîfre jî rêbazek e lê ne bi tiliyê ye, kamera ji bo wêneyan e û mîkrofon ji bo deng e.",1,verified,https://en.wikipedia.org/wiki/Fingerprint_recognition,approved,0.95,
ds_teknoloji_0182,ku-kmr,Teknolojî,"Ji bo şandina wêneyan ji têlefonekî bo komputerê, kîjan rêbaz herî bilez e?",Bi posteyê,Bi kabloya USB,Bi kaxezê,Bi dengî,B,"Kabloya USB rêbazek bilez e ji bo veguhestina pelan di navbera têlefon û komputerê de. Poste hêdî ye, kaxez ne mumkin e û deng jî ji bo wêneyan ne guncav e.",1,verified,https://en.wikipedia.org/wiki/USB,approved,0.95,
ds_teknoloji_0183,ku-kmr,Teknolojî,Kîjan têgeh ji bo nermalava ku li ser têlefonê tê sazkirin û karekî taybet dike tê bikaranîn?,Pêvajoyê,Bataryayê,Sepan,Ekranê,C,"Sepan (app) nermalava ku li ser têlefonê tê sazkirin û karekî taybet dike, wekî sepanên peyamên nivîskî an lîstikan. Pêvajoyê, bataryayê û ekranê beşên hardware ne.",1,verified,https://en.wikipedia.org/wiki/Mobile_app,approved,0.95,
ds_teknoloji_0184,ku-kmr,Teknolojî,"Di têlefonekî jîr de, kîjan beş ji bo pîvandina leza pêvajoyê tê bikaranîn?",Bataryayê,Kamerayê,Sensora tiliyan,Pêvajoyê,D,"Pêvajoyê (processor) leza pêvajoyê diyar dike. Bataryayê enerjiyê dide, kamera wêneyan digire û sensora tiliyan ji bo nasnameyê ye.",2,verified,https://en.wikipedia.org/wiki/Processor,approved,0.95,
ds_teknoloji_0185,ku-kmr,Teknolojî,Kîjan teknolojî ji bo barkirina têlefonê bêyî kabloyê tê bikaranîn?,Şarja bêtêl,Kabloya USB,Bataryayê,Adapterê,A,"Şarja bêtêl (wireless charging) teknolojiyek e ku têlefon bêyî kabloyê tê şarjkirin. Kabloya USB jî rêbazek e lê bi kabloyê ye, bataryayê enerjiyê hildide û adapterê jî bi kabloyê ve girêdayî ye.",2,verified,https://en.wikipedia.org/wiki/Wireless_charging,approved,0.95,
ds_teknoloji_0186,ku-kmr,Teknolojî,"Ji bo vekirina têlefonekî jîr, kîjan rêbaz herî ewle ye?",Şîfreyê,Nasnameya rûyê,Koda PIN,Koda kilîtê,B,"Nasnameya rûyê (face recognition) rêbazek ewle ye ji ber ku rûyê mirov yekta ye û dijwar e ku were kopîkirin. Şîfre, PIN û koda kilîtê jî dikarin bên dîtin an dizîn.",2,verified,https://en.wikipedia.org/wiki/Facial_recognition_system,approved,0.95,
ds_teknoloji_0187,ku-kmr,Teknolojî,"Di têlefonekî jîr de, kîjan sepan ji bo guhdarîkirina muzîkê tê bikaranîn?",Gmail,Google Maps,Spotify,Calculator,C,"Spotify sepanek e ji bo guhdarîkirina muzîkê bi înternetê. Gmail ji bo e-nameyan e, Google Maps ji bo nexşeyan e û calculator ji bo hesaban e.",1,verified,https://en.wikipedia.org/wiki/Spotify,approved,0.95,
ds_teknoloji_0188,ku-kmr,Teknolojî,Kîjan têgeh ji bo pêvajoya ku têlefon bi torê ve girêdide tê bikaranîn?,Modem,Router,Antenna,Sîm-kart,D,Sîm-kart (SIM card) ji bo nasnameya bikarhêner di torê de tê bikaranîn û têlefon bi torê ve girêdide. Modem û router ji bo înternetê ne û antenna ji bo pêlên radyoyê ye.,2,verified,https://en.wikipedia.org/wiki/SIM_card,approved,0.95,
ds_teknoloji_0189,ku-kmr,Teknolojî,"Di têlefonekî jîr de, kîjan beş ji bo nîşandana wêneyan tê bikaranîn?",Ekranê,Bataryayê,Pêvajoyê,Bîra hundirîn,A,"Ekranê (screen) ji bo nîşandana wêneyan û nivîsan tê bikaranîn. Bataryayê enerjiyê dide, pêvajoyê hesaban dike û bîra hundirîn daneyan hildide.",1,verified,https://en.wikipedia.org/wiki/Smartphone,approved,0.95,
ds_teknoloji_0190,ku-kmr,Teknolojî,Kîjan sepan ji bo şandina e-nameyan li ser têlefonê tê bikaranîn?,Instagram,Gmail,TikTok,Snapchat,B,"Gmail sepanek e ji bo şandina e-nameyan. Instagram, TikTok û Snapchat ji bo medyaya civakî ne, ne ji bo e-nameyan.",1,verified,https://en.wikipedia.org/wiki/Gmail,approved,0.95,
ds_teknoloji_0191,ku-kmr,Teknolojî,"Di têlefonekî jîr de, kîjan teknolojî ji bo cihnasiyê tê bikaranîn?",Bluetooth,NFC,GPS,Wi-Fi,C,"GPS (Global Positioning System) ji bo cihnasiyê tê bikaranîn. Bluetooth ji bo têkiliya kurt e, NFC ji bo danûstandinên nêzîk e û Wi-Fi ji bo înternetê ye.",1,verified,https://en.wikipedia.org/wiki/Global_Positioning_System,approved,0.95,
ds_teknoloji_0192,ku-kmr,Teknolojî,"Ji bo parastina têlefonê ji nermalava xirab, kîjan sepan tê bikaranîn?",Browser,Player,Editor,Antivirus,D,"Antivirus ji bo parastina têlefonê ji nermalava xirab tê bikaranîn. Browser ji bo înternetê ye, player ji bo medyayê ye û editor ji bo guhertina pelan e.",2,verified,https://en.wikipedia.org/wiki/Mobile_security,approved,0.95,
ds_teknoloji_0193,ku-kmr,Teknolojî,"Di têlefonekî jîr de, kîjan têgeh ji bo mîqdara daneyên ku di torê de tê veguhestin tê bikaranîn?",Bandwidth,Latency,Resolution,Storage,A,"Bandwidth mîqdara daneyên ku di torê de tê veguhestin diyar dike. Latency derengiyê ye, resolution kalîteya wêneyê ye û storage jî hilanîna daneyan e.",2,verified,https://en.wikipedia.org/wiki/Bandwidth_(computing),approved,0.95,
ds_teknoloji_0194,ku-kmr,Teknolojî,Kîjan têgeh ji bo pêvajoya ku têlefon bi komputerê ve tê girêdan û daneyan vediguhezîne tê bikaranîn?,HDMI,USB,Ethernet,VGA,B,"USB (Universal Serial Bus) ji bo girêdana têlefonê bi komputerê ve û veguhestina daneyan tê bikaranîn. HDMI ji bo vîdyoyê ye, Ethernet ji bo torê ye û VGA ji bo ekranê ye.",1,verified,https://en.wikipedia.org/wiki/USB,approved,0.95,
ds_teknoloji_0195,ku-kmr,Teknolojî,"Di têlefonekî jîr de, kîjan sepan ji bo wergirtina nûçeyan tê bikaranîn?",Calculator,Compass,BBC News,Flashlight,C,"BBC News sepanek e ji bo wergirtina nûçeyan. Calculator ji bo hesaban e, compass ji bo arasteyê ye û flashlight ji bo ronahiyê ye.",1,verified,https://en.wikipedia.org/wiki/BBC_News,approved,0.95,
ds_teknoloji_0196,ku-kmr,Teknolojî,Kîjan teknolojî ji bo veguhestina daneyan bi leza bilind di navbera têlefon û torê de tê bikaranîn?,Bluetooth,NFC,Infrared,5G,D,"5G teknolojiyek e ji bo veguhestina daneyan bi leza bilind di torê de. Bluetooth ji bo dûrahiya kurt e, NFC ji bo danûstandinên nêzîk e û infrared jî ji bo têkiliya kurt e.",2,verified,https://en.wikipedia.org/wiki/5G,approved,0.95,
ds_teknoloji_0197,ku-kmr,Teknolojî,"Di têlefonekî jîr de, kîjan beş ji bo kişandina wêneyan tê bikaranîn?",Kamera,Mîkrofon,Speaker,Sensora tiliyan,A,"Kamera ji bo kişandina wêneyan tê bikaranîn. Mîkrofon ji bo deng e, speaker ji bo dengdanê ye û sensora tiliyan ji bo nasnameyê ye.",1,verified,https://en.wikipedia.org/wiki/Camera_phone,approved,0.95,
ds_teknoloji_0198,ku-kmr,Teknolojî,"Ji bo barkirina lîstikan li ser têlefonê, kîjan sepan tê bikaranîn?",Gmail,Google Play Games,Maps,Photos,B,"Google Play Games sepanek e ji bo barkirina lîstikan li ser cîhazên Android. Gmail ji bo e-nameyan e, Maps ji bo nexşeyan e û Photos ji bo wêneyan e.",1,verified,https://en.wikipedia.org/wiki/Google_Play_Games,approved,0.95,
ds_teknoloji_0199,ku-kmr,Teknolojî,"Di têlefonekî jîr de, kîjan têgeh ji bo pêvajoya ku têlefon ji bo demekê tê girtin û dîsa tê vekirin tê bikaranîn?",Shutdown,Sleep,Restart,Hibernate,C,"Restart pêvajoya ku têlefon tê girtin û dîsa tê vekirin e. Shutdown tenê girtin e, sleep xewê ye û hibernate jî ji bo komputeran e.",1,verified,https://en.wikipedia.org/wiki/Reboot,approved,0.95,
ds_teknoloji_0200,ku-kmr,Teknolojî,Kîjan sepan ji bo veguhertina nivîsan ji zimanekî bo zimanekî din tê bikaranîn?,Calculator,Compass,Flashlight,Google Translate,D,"Google Translate sepanek e ji bo veguhertina nivîsan ji zimanekî bo zimanekî din. Calculator ji bo hesaban e, compass ji bo arasteyê ye û flashlight ji bo ronahiyê ye.",1,verified,https://en.wikipedia.org/wiki/Google_Translate,approved,0.95,
ds_teknoloji_0201,ku-kmr,Teknolojî,"Di sala 1947an de, kîjan transistor yekem car hate îcad kirin?",John Bardeen,Alan Turing,Charles Babbage,Ada Lovelace,A,"John Bardeen bi hevkarên xwe re transistor îcad kir, ku ev yek bingeha komputerên nûjen avêt. Alan Turing, Charles Babbage û Ada Lovelace jî di dîroka komputerê de girîng in, lê transistor bi taybetî ji hêla Bardeen ve hate pêşve xistin.",2,verified,https://en.wikipedia.org/wiki/John_Bardeen,approved,0.95,
ds_teknoloji_0202,ku-kmr,Teknolojî,Kîjan makîneya hesabkirinê ya pêşîn a bernamebar di sala 1936an de hate pêşkêş kirin?,ENIAC,Z1,Colossus,Analytical Engine,B,"Z1, ji aliyê Konrad Zuse ve hate çêkirin û wekî yekem makîneya hesabkirinê ya bernamebar a mekanîk tê hesibandin. ENIAC û Colossus paşê hatin, Analytical Engine jî ji aliyê Babbage ve di sedsala 19an de hate tasar kirin lê nehat çêkirin.",2,verified,https://en.wikipedia.org/wiki/Z1_(computer),approved,0.95,
ds_teknoloji_0203,ku-kmr,Teknolojî,"Di sala 1971ê de, kîjan şîrket yekem mîkroprosesorê bazirganî derxist?",AMD,IBM,Intel,Motorola,C,"Intel di 1971ê de mîkroprosesorê 4004 derxist, ku ev yekem mîkroprosesorê bazirganî bû. AMD, IBM û Motorola jî di vî warî de girîng in, lê Intel di vê qonaxa dîrokî de pêşeng bû.",1,verified,https://en.wikipedia.org/wiki/Intel_4004,approved,0.95,
ds_teknoloji_0204,ku-kmr,Teknolojî,Kîjan zanyarê komputerê yê îngilîz di sala 1936an de konsepta makîneya Turing pêşniyar kir?,John von Neumann,Claude Shannon,Grace Hopper,Alan Turing,D,"Alan Turing di gotara xwe ya 1936an de makîneya Turing pêşniyar kir, ku ev yek bingeha teoriya hesabkirinê ye. Von Neumann, Shannon û Hopper jî di warê komputerê de girîng in, lê konsepta makîneya Turing bi taybetî ji Turing e.",1,verified,https://en.wikipedia.org/wiki/Alan_Turing,approved,0.95,
ds_teknoloji_0205,ku-kmr,Teknolojî,"Di sala 1945an de, kîjan kes pêşniyar kir ku bername û daneyan di heman bîra komputerê de bêne hilanîn?",John von Neumann,Alan Turing,Konrad Zuse,Bill Gates,A,"John von Neumann di 1945an de pêşniyar kir ku bername û daneyan di heman bîra komputerê de bêne hilanîn, ku ev wekî mîmariya von Neumann tê zanîn. Turing û Zuse jî di vî warî de girîng in, lê von Neumann ev konsept bi awayekî berfireh pêşkêş kir.",2,verified,https://en.wikipedia.org/wiki/John_von_Neumann,approved,0.95,
ds_teknoloji_0206,ku-kmr,Teknolojî,Kîjan kes di sala 1843an de yekem algorîtmayê ji bo makîneya Analytical Engine nivîsand?,Charles Babbage,Ada Lovelace,Alan Turing,Grace Hopper,B,"Ada Lovelace di 1843an de algorîtmayek ji bo makîneya Analytical Engine nivîsand, ku ev wekî yekem bernameya komputerê tê hesibandin. Babbage makîneyê tasar kir, lê Lovelace algorîtmayê nivîsand. Turing û Hopper jî paşê hatin.",2,verified,https://en.wikipedia.org/wiki/Ada_Lovelace,approved,0.95,
ds_teknoloji_0207,ku-kmr,Teknolojî,"Di sala 1937an de, kîjan kes teoriya dîjîtal a veguherîna sînyalan pêşkêş kir?",Alan Turing,John Bardeen,Claude Shannon,George Boole,C,"Claude Shannon di teza xwe ya masterê de destnîşan kir ku veguherîna sînyalan dikare bi cebira Boole ve were model kirin, ku ev yek bingeha sêwirana dîjîtal a nûjen avêt. Turing, Bardeen û Boole jî girîng in, lê Shannon ev têkilî pêşkêş kir.",3,verified,https://en.wikipedia.org/wiki/Claude_Shannon,approved,0.95,
ds_teknoloji_0208,ku-kmr,Teknolojî,Kîjan komputerê elektronîk a yekem a mezin di sala 1946an de hate çêkirin?,UNIVAC I,IBM 701,Colossus,ENIAC,D,"ENIAC di 1946an de hate çêkirin û wekî yekem komputerê elektronîk a mezin a gelemperî tê hesibandin. UNIVAC I û IBM 701 paşê hatin. Colossus jî elektronîk bû, lê ji bo karanîna taybet hate çêkirin.",1,verified,https://en.wikipedia.org/wiki/ENIAC,approved,0.95,
ds_teknoloji_0209,ku-kmr,Teknolojî,"Di sala 1958an de, kîjan kes yekem çîpa entegre îcad kir?",Jack Kilby,Robert Noyce,Gordon Moore,Ted Hoff,A,"Jack Kilby di 1958an de yekem çîpa entegre îcad kir, ku ev yek ji bo pêşketina mîkroelektronîkê bingehîn bû. Noyce jî bi serbixwe çîpek entegre pêşve xist, lê Kilby yekem bû. Moore û Hoff jî di vî warî de girîng in.",2,verified,https://en.wikipedia.org/wiki/Jack_Kilby,approved,0.95,
ds_teknoloji_0210,ku-kmr,Teknolojî,Kîjan pergalê xebitandinê ya pêşîn a bi navê Unix di sala 1969an de hate pêşve xistin?,Windows,Unix,Linux,macOS,B,"Unix di 1969an de ji aliyê Ken Thompson û Dennis Ritchie ve hate pêşve xistin. Windows, Linux û macOS paşê hatin û ji Unixê îlham girtin, lê Unix yekem bû.",1,verified,https://en.wikipedia.org/wiki/Unix,approved,0.95,
ds_teknoloji_0211,ku-kmr,Teknolojî,"Di sala 1972an de, kîjan zimanê bernamekirinê yê C ji aliyê Dennis Ritchie ve hate afirandin?",C++,Java,C,Python,C,"Dennis Ritchie di 1972an de zimanê C afirand, ku ev yek ji bo pêşketina pergalên xebitandinê û bernameyên din bingehîn bû. C++ paşê ji C hate pêşve xistin. Java û Python jî paşê hatin.",1,verified,https://en.wikipedia.org/wiki/C_(programming_language),approved,0.95,
ds_teknoloji_0212,ku-kmr,Teknolojî,Kîjan şîrketê di sala 1981an de yekem komputerê kesane ya bi navê IBM PC derxist?,Apple,Microsoft,Commodore,IBM,D,"IBM di 1981an de IBM PC derxist, ku ev yek standardek ji bo komputerên kesane danî. Apple jî komputerên kesane derxistibû, lê IBM PC bi standarda xwe ya vekirî bû sedema mezinbûna bazara PC-yê. Microsoft nermalavê dabû IBM, lê şîrketê komputerê çênekir.",1,verified,https://en.wikipedia.org/wiki/IBM_Personal_Computer,approved,0.95,
ds_teknoloji_0213,ku-kmr,Teknolojî,"Di sala 1983an de, kîjan şîrketê yekem têlefona mobîl a bazirganî derxist?",Motorola,Nokia,Samsung,Ericsson,A,"Motorola di 1983an de yekem têlefona mobîl a bazirganî bi navê DynaTAC 8000X derxist. Nokia, Samsung û Ericsson jî paşê di vê bazara de girîng bûn, lê Motorola yekem bû.",2,verified,https://en.wikipedia.org/wiki/Motorola_DynaTAC,approved,0.95,
ds_teknoloji_0214,ku-kmr,Teknolojî,Kîjan zanyarê komputerê di sala 1989an de World Wide Web îcad kir?,Vint Cerf,Tim Berners-Lee,Robert Kahn,Marc Andreessen,B,"Tim Berners-Lee di 1989an de World Wide Web îcad kir, ku ev yek bingeha înterneta nûjen e. Vint Cerf û Robert Kahn protokolên TCP/IP pêşve xistin, lê Web ji Berners-Lee ye. Andreessen jî geroka Mosaic çêkir.",1,verified,https://en.wikipedia.org/wiki/Tim_Berners-Lee,approved,0.95,
ds_teknoloji_0215,ku-kmr,Teknolojî,"Di sala 1991ê de, kîjan kes Linuxê wekî pergalek xebitandinê ya çavkaniya vekirî derxist?",Richard Stallman,Bill Gates,Linus Torvalds,Steve Jobs,C,"Linus Torvalds di 1991ê de Linux derxist, ku ev yek bû bingeha gelek pergalên xebitandinê yên çavkaniya vekirî. Stallman GNU proje pêşve xist, lê kernelê Linux ji Torvalds e. Gates û Jobs jî di vî warî de girîng in, lê ne bi Linuxê ve girêdayî ne.",1,verified,https://en.wikipedia.org/wiki/Linus_Torvalds,approved,0.95,
ds_teknoloji_0216,ku-kmr,Teknolojî,Kîjan geroka webê ya pêşîn a bi navê Mosaic di sala 1993yan de hate derxistin?,Netscape,Internet Explorer,Chrome,Mosaic,D,Mosaic di 1993yan de ji aliyê Marc Andreessen ve hate derxistin û wekî yekem geroka webê ya populer tê hesibandin. Netscape paşê ji hêla heman tîmê ve hate afirandin. Internet Explorer û Chrome jî paşê hatin.,2,verified,https://en.wikipedia.org/wiki/Mosaic_(web_browser),approved,0.95,
ds_teknoloji_0217,ku-kmr,Teknolojî,"Di sala 1998an de, kîjan şîrketê yekem motora lêgerînê ya bi navê Google damezrand?",Google,Yahoo,Bing,Altavista,A,"Google di 1998an de ji aliyê Larry Page û Sergey Brin ve hate damezrandin. Yahoo û Altavista jî motora lêgerînê bûn, lê Google bi algorîtmaya xwe ya PageRank bû serketî. Bing paşê ji hêla Microsoft ve hate afirandin.",1,verified,https://en.wikipedia.org/wiki/Google,approved,0.95,
ds_teknoloji_0218,ku-kmr,Teknolojî,Kîjan têlefona jîr a yekem di sala 2007an de ji aliyê Apple ve hate derxistin?,Android,iPhone,BlackBerry,Nokia N95,B,"iPhone di 2007an de ji aliyê Apple ve hate derxistin û wekî yekem têlefona jîr a bi ekrana têkiliyê ya nûjen tê hesibandin. Android paşê ji hêla Google ve hate pêşve xistin. BlackBerry û Nokia N95 jî têlefonên jîr bûn, lê iPhone standardek nû danî.",1,verified,https://en.wikipedia.org/wiki/IPhone_(1st_generation),approved,0.95,
ds_teknoloji_0219,ku-kmr,Teknolojî,"Di sala 2010an de, kîjan tabletê yekem ji aliyê Apple ve hate derxistin?",Galaxy Tab,Kindle Fire,iPad,Surface,C,"iPad di 2010an de ji aliyê Apple ve hate derxistin û wekî yekem tabletê serketî yê nûjen tê hesibandin. Galaxy Tab ji Samsung, Kindle Fire ji Amazon û Surface ji Microsoft paşê hatin.",1,verified,https://en.wikipedia.org/wiki/IPad_(1st_generation),approved,0.95,
ds_teknoloji_0220,ku-kmr,Teknolojî,Kîjan asîstanê dengî yê yekem di sala 2011ê de ji aliyê Apple ve hate derxistin?,Alexa,Google Assistant,Cortana,Siri,D,"Siri di 2011ê de bi iPhone 4S ve hate derxistin û wekî yekem asîstanê dengî yê bi berfirehî tê nasîn. Alexa ji Amazon paşê, Google Assistant jî paşê hate pêşve xistin. Cortana jî ji Microsoft bû.",2,verified,https://en.wikipedia.org/wiki/Siri,approved,0.95,
ds_teknoloji_0221,ku-kmr,Teknolojî,"Di sala 2015an de, kîjan şîrketê yekem saeta jîr a bi navê Apple Watch derxist?",Apple,Samsung,Fitbit,Garmin,A,"Apple di 2015an de Apple Watch derxist, ku ev yek bû sedema populerbûna saetên jîr. Samsung jî saetên jîr derxistibû, lê Apple Watch bi ekosîstema xwe ya bi iPhone-ê re serketî bû. Fitbit û Garmin jî di vî warî de girîng in.",2,verified,https://en.wikipedia.org/wiki/Apple_Watch,approved,0.95,
ds_teknoloji_0222,ku-kmr,Teknolojî,Kîjan teknolojiya torê ya nifşa pêncemîn (5G) di sala 2019an de dest pê kir?,4G,5G,3G,Wi-Fi 6,B,"5G di 2019an de dest pê kir û nifşa pêncemîn a teknolojiya torê ya mobîl e. 4G û 3G berê hatin. Wi-Fi 6 jî teknolojiyek torê ya herêmî ye, lê ne nifşa pêncemîn a torê ya mobîl e.",1,verified,https://en.wikipedia.org/wiki/5G,approved,0.95,
ds_teknoloji_0223,ku-kmr,Teknolojî,"Di sala 2020an de, kîjan şîrketê yekem prosesorê M1 ji bo komputerên Mac derxist?",Intel,AMD,Apple,Qualcomm,C,"Apple di 2020an de prosesorê M1 derxist, ku ev yek bû sedema veguherîna komputerên Mac ji Intel bo çîpên Apple Silicon. Intel û AMD jî prosesoran çêdikin, lê M1 bi taybetî ji Apple e. Qualcomm jî di vî warî de girîng e, lê ne ji bo Mac-ê ye.",2,verified,https://en.wikipedia.org/wiki/Apple_M1,approved,0.95,
ds_teknoloji_0224,ku-kmr,Teknolojî,Kîjan modela zimanê mezin a ji aliyê OpenAI ve di sala 2022an de hate derxistin?,LaMDA,BERT,GPT-2,ChatGPT,D,"ChatGPT di 2022an de ji aliyê OpenAI ve hate derxistin û bû sedema populerbûna modelên zimanê mezin. LaMDA ji Google, BERT jî ji Google ye. GPT-2 jî ji OpenAI ye, lê di 2019an de hate derxistin.",2,verified,https://en.wikipedia.org/wiki/ChatGPT,approved,0.95,
ds_teknoloji_0225,ku-kmr,Teknolojî,"Di sala 2023yan de, kîjan şîrketê yekem komputerê ya bi navê Vision Pro derxist?",Apple,Meta,Microsoft,Samsung,A,"Apple di 2023yan de Vision Pro derxist, ku ev yek komputerê rastiya tevlihev e. Meta jî di vî warî de girîng e, lê Vision Pro bi taybetî ji Apple e. Microsoft û Samsung jî di vî warî de ceribandin kirine, lê ne bi vî navî ne.",3,verified,https://en.wikipedia.org/wiki/Apple_Vision_Pro,approved,0.95,
ds_teknoloji_0226,ku-kmr,Teknolojî,"Peyka ku dora wê ya li dora Erdê digere û ji bo ragihandin û çavdêriyê tê bikaranîn, bi kurdî çi tê gotin?",Roket,Peyk,Teleskop,Radar,B,"Peyk (satellite) amûrek e ku li dora Erdê dizivire û ji bo ragihandinê, çavdêriya hewayê û lêkolînên zanistî tê bikaranîn. Roket, teleskop û radar ne peyk in û li dora Erdê nagerin.",1,verified,https://en.wikipedia.org/wiki/Satellite,approved,0.95,
ds_teknoloji_0227,ku-kmr,Teknolojî,Kîjan peyk ji bo çavdêriya hewayê û pêşbîniya avhewayê tê bikaranîn?,Peyka ragihandinê,Peyka keşfê,Peyka meteorolojîk,Peyka GPSê,C,"Peykên meteorolojîk bi taybetî ji bo çavdêriya hewayê, komên ewran û pêşbîniya avhewayê têne sêwirandin. Peykên ragihandinê, keşfê û GPSê ji bo armancên din têne bikaranîn.",1,verified,https://en.wikipedia.org/wiki/Weather_satellite,approved,0.95,
ds_teknoloji_0228,ku-kmr,Teknolojî,"Ji bo destnîşankirina cihê rast ê li ser rûyê Erdê, kîjan pergal peykên taybet bi kar tîne?",Wi-Fi,Bluetooth,Radar,GPS,D,"Pergala GPSê (Global Positioning System) ji bo destnîşankirina cihê rast li ser rûyê Erdê komek peykan bi kar tîne. Wi-Fi, Bluetooth û radar ji bo vê armancê nayên bikaranîn.",1,verified,https://en.wikipedia.org/wiki/Global_Positioning_System,approved,0.95,
ds_teknoloji_0229,ku-kmr,Teknolojî,Kîjan peyk ji bo veguhestina nîşanên televîzyon û înternetê li seranserê cîhanê tê bikaranîn?,Peyka ragihandinê,Peyka meteorolojîk,Peyka keşfê,Peyka GPSê,A,"Peykên ragihandinê ji bo veguhestina nîşanên televîzyon, telefon û înternetê li seranserê cîhanê têne bikaranîn. Peykên meteorolojîk, keşfê û GPSê ji bo armancên din têne bikaranîn.",1,verified,https://en.wikipedia.org/wiki/Communications_satellite,approved,0.95,
ds_teknoloji_0230,ku-kmr,Teknolojî,Kîjan amûr ji bo çavdêriya stêrk û galaksiyên dûr ji rûyê Erdê tê bikaranîn?,Peyk,Teleskop,Radar,Teleskop,B,"Teleskop amûrek e ku ji bo çavdêriya stêrk, gerstêrk û galaksiyên dûr tê bikaranîn. Peyk, radar û roket ji bo vê armancê nayên bikaranîn.",1,verified,https://en.wikipedia.org/wiki/Telescope,approved,0.95,
ds_teknoloji_0231,ku-kmr,Teknolojî,Kîjan peyk ji bo çavdêriya rûyê Erdê ji bo armancên leşkerî û sîvîl tê bikaranîn?,Peyka ragihandinê,Peyka meteorolojîk,Peyka keşfê,Peyka GPSê,C,"Peykên keşfê ji bo çavdêriya rûyê Erdê, berhevkirina agahdariyan ji bo armancên leşkerî û sîvîl têne bikaranîn. Peykên ragihandinê, meteorolojîk û GPSê ji bo armancên din têne bikaranîn.",2,verified,https://en.wikipedia.org/wiki/Reconnaissance_satellite,approved,0.95,
ds_teknoloji_0232,ku-kmr,Teknolojî,Kîjan peyk ji bo lêkolînên zanistî yên li ser Erdê û fezayê tê bikaranîn?,Peyka ragihandinê,Peyka meteorolojîk,Peyka GPSê,Peyka zanistî,D,"Peykên zanistî ji bo lêkolînên zanistî yên li ser Erdê, avhewayê, fezayê û stêrkan têne bikaranîn. Peykên ragihandinê, meteorolojîk û GPSê ji bo armancên din têne bikaranîn.",2,verified,https://en.wikipedia.org/wiki/Scientific_satellite,approved,0.95,
ds_teknoloji_0233,ku-kmr,Teknolojî,"Kîjan peyk ji bo çavdêriya rûyê Erdê ji bo armancên çandiniyê, daristanan û avhewayê tê bikaranîn?",Peyka çavdêriya Erdê,Peyka ragihandinê,Peyka GPSê,Peyka meteorolojîk,A,"Peykên çavdêriya Erdê ji bo çavdêriya rûyê Erdê, çandiniyê, daristanan, avhewayê û karesatên xwezayî têne bikaranîn. Peykên ragihandinê, GPSê û meteorolojîk ji bo armancên din têne bikaranîn.",2,verified,https://en.wikipedia.org/wiki/Earth_observation_satellite,approved,0.95,
ds_teknoloji_0234,ku-kmr,Teknolojî,Kîjan peyk ji bo veguhestina nîşanên radyoyê di navbera du cîhên li ser Erdê de tê bikaranîn?,Peyka keşfê,Peyka ragihandinê,Peyka zanistî,Peyka GPSê,B,"Peykên ragihandinê ji bo veguhestina nîşanên radyoyê, telefonê û înternetê di navbera du cîhên li ser Erdê de têne bikaranîn. Peykên keşfê, zanistî û GPSê ji bo armancên din têne bikaranîn.",2,verified,https://en.wikipedia.org/wiki/Communications_satellite,approved,0.95,
ds_teknoloji_0235,ku-kmr,Teknolojî,Kîjan peyk ji bo çavdêriya avhewayê û pêşbîniya guherînên avhewayê tê bikaranîn?,Peyka ragihandinê,Peyka keşfê,Peyka meteorolojîk,Peyka GPSê,C,"Peykên meteorolojîk ji bo çavdêriya avhewayê, pêşbîniya guherînên avhewayê û çavdêriya komên ewran têne bikaranîn. Peykên ragihandinê, keşfê û GPSê ji bo armancên din têne bikaranîn.",2,verified,https://en.wikipedia.org/wiki/Weather_satellite,approved,0.95,
ds_teknoloji_0236,ku-kmr,Teknolojî,Kîjan peyk ji bo destnîşankirina cihê rast ê li ser rûyê Erdê ji bo rêveçûna balafiran û keştiyan tê bikaranîn?,Peyka ragihandinê,Peyka meteorolojîk,Peyka keşfê,Peyka GPSê,D,"Peykên GPSê ji bo destnîşankirina cihê rast li ser rûyê Erdê ji bo rêveçûna balafiran, keştiyan û otomobîlan têne bikaranîn. Peykên ragihandinê, meteorolojîk û keşfê ji bo armancên din têne bikaranîn.",2,verified,https://en.wikipedia.org/wiki/Global_Positioning_System,approved,0.95,
ds_teknoloji_0237,ku-kmr,Teknolojî,Kîjan peyk ji bo çavdêriya rûyê Erdê ji bo armancên leşkerî tê bikaranîn?,Peyka keşfê,Peyka ragihandinê,Peyka zanistî,Peyka GPSê,A,"Peykên keşfê ji bo çavdêriya rûyê Erdê ji bo armancên leşkerî, berhevkirina agahdariyan û çavdêriya dûjminan têne bikaranîn. Peykên ragihandinê, zanistî û GPSê ji bo armancên din têne bikaranîn.",3,verified,https://en.wikipedia.org/wiki/Reconnaissance_satellite,approved,0.95,
ds_teknoloji_0238,ku-kmr,Teknolojî,Kîjan peyk ji bo lêkolînên zanistî yên li ser stêrk û galaksiyan tê bikaranîn?,Peyka ragihandinê,Peyka zanistî,Peyka meteorolojîk,Peyka GPSê,B,"Peykên zanistî ji bo lêkolînên zanistî yên li ser stêrk, galaksiyan, fezayê û fîzîka fezayê têne bikaranîn. Peykên ragihandinê, meteorolojîk û GPSê ji bo armancên din têne bikaranîn.",3,verified,https://en.wikipedia.org/wiki/Scientific_satellite,approved,0.95,
ds_teknoloji_0239,ku-kmr,Teknolojî,Kîjan peyk ji bo çavdêriya rûyê Erdê ji bo armancên çandiniyê û daristanan tê bikaranîn?,Peyka ragihandinê,Peyka GPSê,Peyka çavdêriya Erdê,Peyka meteorolojîk,C,"Peykên çavdêriya Erdê ji bo çavdêriya rûyê Erdê, çandiniyê, daristanan, avhewayê û karesatên xwezayî têne bikaranîn. Peykên ragihandinê, GPSê û meteorolojîk ji bo armancên din têne bikaranîn.",3,verified,https://en.wikipedia.org/wiki/Earth_observation_satellite,approved,0.95,
ds_teknoloji_0240,ku-kmr,Teknolojî,Kîjan peyk ji bo veguhestina nîşanên televîzyonê ji bo malan tê bikaranîn?,Peyka keşfê,Peyka zanistî,Peyka GPSê,Peyka ragihandinê,D,"Peykên ragihandinê ji bo veguhestina nîşanên televîzyonê, radyoyê û înternetê ji bo malan têne bikaranîn. Peykên keşfê, zanistî û GPSê ji bo armancên din têne bikaranîn.",1,verified,https://en.wikipedia.org/wiki/Communications_satellite,approved,0.95,
ds_teknoloji_0241,ku-kmr,Teknolojî,Kîjan peyk ji bo çavdêriya avhewayê û pêşbîniya bahozan tê bikaranîn?,Peyka meteorolojîk,Peyka ragihandinê,Peyka keşfê,Peyka GPSê,A,"Peykên meteorolojîk ji bo çavdêriya avhewayê, pêşbîniya bahozan, komên ewran û guherînên avhewayê têne bikaranîn. Peykên ragihandinê, keşfê û GPSê ji bo armancên din têne bikaranîn.",2,verified,https://en.wikipedia.org/wiki/Weather_satellite,approved,0.95,
ds_teknoloji_0242,ku-kmr,Teknolojî,Kîjan peyk ji bo destnîşankirina cihê rast ê li ser rûyê Erdê ji bo rêveçûna otomobîlan tê bikaranîn?,Peyka ragihandinê,Peyka GPSê,Peyka meteorolojîk,Peyka keşfê,B,"Peykên GPSê ji bo destnîşankirina cihê rast li ser rûyê Erdê ji bo rêveçûna otomobîlan, balafiran û keştiyan têne bikaranîn. Peykên ragihandinê, meteorolojîk û keşfê ji bo armancên din têne bikaranîn.",1,verified,https://en.wikipedia.org/wiki/Global_Positioning_System,approved,0.95,
ds_teknoloji_0243,ku-kmr,Teknolojî,Kîjan peyk ji bo çavdêriya rûyê Erdê ji bo armancên sîvîl tê bikaranîn?,Peyka ragihandinê,Peyka zanistî,Peyka keşfê,Peyka GPSê,C,"Peykên keşfê ji bo çavdêriya rûyê Erdê ji bo armancên sîvîl, berhevkirina agahdariyan û çavdêriya karesatên xwezayî têne bikaranîn. Peykên ragihandinê, zanistî û GPSê ji bo armancên din têne bikaranîn.",3,verified,https://en.wikipedia.org/wiki/Reconnaissance_satellite,approved,0.95,
ds_teknoloji_0244,ku-kmr,Teknolojî,Kîjan peyk ji bo lêkolînên zanistî yên li ser Erdê û avhewayê tê bikaranîn?,Peyka ragihandinê,Peyka meteorolojîk,Peyka GPSê,Peyka zanistî,D,"Peykên zanistî ji bo lêkolînên zanistî yên li ser Erdê, avhewayê, fezayê û stêrkan têne bikaranîn. Peykên ragihandinê, meteorolojîk û GPSê ji bo armancên din têne bikaranîn.",3,verified,https://en.wikipedia.org/wiki/Scientific_satellite,approved,0.95,
ds_teknoloji_0245,ku-kmr,Teknolojî,Kîjan peyk ji bo çavdêriya rûyê Erdê ji bo armancên çandiniyê tê bikaranîn?,Peyka çavdêriya Erdê,Peyka ragihandinê,Peyka GPSê,Peyka meteorolojîk,A,"Peykên çavdêriya Erdê ji bo çavdêriya rûyê Erdê, çandiniyê, daristanan, avhewayê û karesatên xwezayî têne bikaranîn. Peykên ragihandinê, GPSê û meteorolojîk ji bo armancên din têne bikaranîn.",2,verified,https://en.wikipedia.org/wiki/Earth_observation_satellite,approved,0.95,
ds_teknoloji_0246,ku-kmr,Teknolojî,Kîjan peyk ji bo veguhestina nîşanên înternetê ji bo deverên gundewarî tê bikaranîn?,Peyka keşfê,Peyka ragihandinê,Peyka zanistî,Peyka GPSê,B,"Peykên ragihandinê ji bo veguhestina nîşanên înternetê, telefonê û televîzyonê ji bo deverên gundewarî û dûr têne bikaranîn. Peykên keşfê, zanistî û GPSê ji bo armancên din têne bikaranîn.",2,verified,https://en.wikipedia.org/wiki/Communications_satellite,approved,0.95,
ds_teknoloji_0247,ku-kmr,Teknolojî,Kîjan peyk ji bo çavdêriya avhewayê û pêşbîniya baranê tê bikaranîn?,Peyka ragihandinê,Peyka keşfê,Peyka meteorolojîk,Peyka GPSê,C,"Peykên meteorolojîk ji bo çavdêriya avhewayê, pêşbîniya baranê, komên ewran û guherînên avhewayê têne bikaranîn. Peykên ragihandinê, keşfê û GPSê ji bo armancên din têne bikaranîn.",1,verified,https://en.wikipedia.org/wiki/Weather_satellite,approved,0.95,
ds_teknoloji_0248,ku-kmr,Teknolojî,Kîjan peyk ji bo destnîşankirina cihê rast ê li ser rûyê Erdê ji bo rêveçûna keştiyan tê bikaranîn?,Peyka ragihandinê,Peyka meteorolojîk,Peyka keşfê,Peyka GPSê,D,"Peykên GPSê ji bo destnîşankirina cihê rast li ser rûyê Erdê ji bo rêveçûna keştiyan, balafiran û otomobîlan têne bikaranîn. Peykên ragihandinê, meteorolojîk û keşfê ji bo armancên din têne bikaranîn.",2,verified,https://en.wikipedia.org/wiki/Global_Positioning_System,approved,0.95,
ds_teknoloji_0249,ku-kmr,Teknolojî,Kîjan peyk ji bo çavdêriya rûyê Erdê ji bo armancên leşkerî û sîvîl tê bikaranîn?,Peyka keşfê,Peyka ragihandinê,Peyka zanistî,Peyka GPSê,A,"Peykên keşfê ji bo çavdêriya rûyê Erdê ji bo armancên leşkerî û sîvîl, berhevkirina agahdariyan û çavdêriya karesatên xwezayî têne bikaranîn. Peykên ragihandinê, zanistî û GPSê ji bo armancên din têne bikaranîn.",3,verified,https://en.wikipedia.org/wiki/Reconnaissance_satellite,approved,0.95,
ds_teknoloji_0250,ku-kmr,Teknolojî,Kîjan peyk ji bo lêkolînên zanistî yên li ser stêrk û galaksiyan tê bikaranîn?,Peyka ragihandinê,Peyka zanistî,Peyka meteorolojîk,Peyka GPSê,B,"Peykên zanistî ji bo lêkolînên zanistî yên li ser stêrk, galaksiyan, fezayê û fîzîka fezayê têne bikaranîn. Peykên ragihandinê, meteorolojîk û GPSê ji bo armancên din têne bikaranîn.",3,verified,https://en.wikipedia.org/wiki/Scientific_satellite,approved,0.95,
ds_teknoloji_0251,ku-kmr,Teknolojî,"Ji bo pîvana hêza elektrîkê di nav têlekê de, kîjan yekeyê pîvanê tê bikaranîn?",Volt,Ohm,Amper,Watt,C,"Amper, di nav têlekê de her saniyeyê çiqas barê elektrîkê derbas dibe dipîve. Volt cudahiya potansiyelê ye, Ohm berxwedanê dipîve û Watt jî hêza giştî ye.",1,verified,https://en.wikipedia.org/wiki/Ampere,approved,0.95,
ds_teknoloji_0252,ku-kmr,Teknolojî,Kîjan pêkhate di çerxa elektrîkê de berxwedana herikîna elektronan zêde dike?,Kondansator,Dîod,Transistor,Resistor,D,"Resistor bi taybetî ji bo kêmkirina herikîna elektrîkê û kontrolkirina asta voltajê di çerxê de hatiye çêkirin. Kondansator enerjiyê hildide, dîod herikînê tenê di yek alî de derbas dike, transistor jî wekî guhêzbar an amplifier dixebite.",1,verified,https://en.wikipedia.org/wiki/Resistor,approved,0.95,
ds_teknoloji_0253,ku-kmr,Teknolojî,"Di fîzîkê de, têgeha ku ji bo karkirina hêzekê li ser tiştekî tê bikaranîn çi ye?",Kar,Enerjî,Hêz,Zext,A,"Kar di fîzîkê de wekî hilberîna hêzê û dûrahiya ku tişt di berikê de diçe tê pênasekirin. Enerjî jêhatîbûna karkirinê ye, hêz paldan an kişandina li ser tiştekî ye, zext jî hêza li ser yekeyek rûberê ye.",1,verified,https://en.wikipedia.org/wiki/Work_(physics),approved,0.95,
ds_teknoloji_0254,ku-kmr,Teknolojî,Kîjan celebê enerjiyê di pîlê de tê hilanîn û dikare bibe elektrîk?,Enerjiya germî,Enerjiya kîmyayî,Enerjiya nukleer,Enerjiya mekanîk,B,"Di pîlê de enerjiya kîmyayî tê hilanîn; dema ku pîl tê bikaranîn, ev enerjiya kîmyayî bi reaksiyonên kîmyayî vediguhere enerjiya elektrîkê. Enerjiya germî ji germahiyê tê, enerjiya nukleer ji navika atomê tê û enerjiya mekanîk jî bi tevgerê ve girêdayî ye.",1,verified,https://en.wikipedia.org/wiki/Chemical_energy,approved,0.95,
ds_teknoloji_0255,ku-kmr,Teknolojî,"Ji bo pîvana cudahiya potansiyela elektrîkê di navbera du xalan de, kîjan amûr tê bikaranîn?",Ampermetre,Ohmmetre,Voltmetre,Wattmetre,C,"Voltmetre bi taybetî ji bo pîvana voltajê, ango cudahiya potansiyela elektrîkê di navbera du xalan de tê bikaranîn. Ampermetre herikînê dipîve, ohmmetre berxwedanê dipîve û wattmetre jî hêza elektrîkê dipîve.",1,verified,https://en.wikipedia.org/wiki/Voltmeter,approved,0.95,
ds_teknoloji_0256,ku-kmr,Teknolojî,"Di fîzîkê de, têgeha ku berxwedana tiştekî li hember guherîna leza wî tê bikaranîn çi ye?",Giranî,Girse,Momentûm,Inertiya,D,"Inertiya taybetmendiya tiştekî ye ku li hember guherîna rewşa wî ya tevgerê berxwe dide. Girse mîqdara madeyê di tiştekî de ye, giranî hêza kişandina erdê ye û momentûm jî hilberîna girse û lezê ye.",2,verified,https://en.wikipedia.org/wiki/Inertia,approved,0.95,
ds_teknoloji_0257,ku-kmr,Teknolojî,Kîjan qanûnê fîzîkê diyar dike ku ji bo her çalakiyekê bertekeke wekhev û berevajî heye?,Qanûna Newton a sêyem,Qanûna Newton a yekem,Qanûna Newton a duyem,Qanûna gravîtasyona gerdûnî,A,"Qanûna sêyem a Newton diyar dike ku ji bo her çalakiyekê bertekeke wekhev û berevajî heye. Qanûna yekem behsa inertiyê dike, qanûna duyem têkiliya hêz, girse û lezê diyar dike û qanûna gravîtasyonê jî kişandina di navbera girseyan de diyar dike.",1,verified,https://en.wikipedia.org/wiki/Newton%27s_laws_of_motion,approved,0.95,
ds_teknoloji_0258,ku-kmr,Teknolojî,"Di çerxa elektrîkê de, kîjan pêkhate dikare enerjiya elektrîkê di zeviyek elektrîkê de bi demkî hilîne?",Resistor,Kondansator,Induktor,Transformator,B,"Kondansator enerjiya elektrîkê di navbera du plakayên xwe de di zeviyek elektrîkê de hildide û dikare wê paşê berde. Resistor enerjiyê wek germê winda dike, induktor enerjiyê di zeviyek magnetîkî de hildide û transformator jî voltaja guhertî nake lê veguherîne.",2,verified,https://en.wikipedia.org/wiki/Capacitor,approved,0.95,
ds_teknoloji_0259,ku-kmr,Teknolojî,Kîjan celebê pêlê ji bo veguhestina deng hewceyê navgînekê ye?,Pêla elektromagnetîk,Pêla ronahiyê,Pêla mekanîk,Pêla radyoyê,C,"Pêlên mekanîk, wekî pêlên deng, ji bo belavbûnê hewceyê navgînekê ne wek hewa, av an hişk. Pêlên elektromagnetîk, ronahî û pêlên radyoyê dikarin di valahiyê de jî belav bibin.",1,verified,https://en.wikipedia.org/wiki/Mechanical_wave,approved,0.95,
ds_teknoloji_0260,ku-kmr,Teknolojî,"Di fîzîkê de, têgeha ku ji bo pîvana leza veguherîna enerjiyê tê bikaranîn çi ye?",Kar,Hêz,Enerjî,Hêz (Power),D,"Hêz (power) di fîzîkê de wekî rêjeya veguherîna enerjiyê an jî karkirina di yekeyek demê de tê pênasekirin. Kar mîqdara enerjiya veguherandî ye, hêz paldan an kişandin e û enerjî jî jêhatîbûna karkirinê ye.",1,verified,https://en.wikipedia.org/wiki/Power_(physics),approved,0.95,
ds_teknoloji_0261,ku-kmr,Teknolojî,Kîjan pêkhate di çerxa elektrîkê de herikîna elektrîkê tenê di yek alî de derbas dike?,Dîod,Resistor,Kondansator,Transistor,A,"Dîod pêkhateyek nîvkanûk e ku herikîna elektrîkê tenê di yek alî de derbas dike û di aliyê din de asteng dike. Resistor herikînê kêm dike, kondansator enerjiyê hildide û transistor jî wekî guhêzbar an amplifier dixebite.",1,verified,https://en.wikipedia.org/wiki/Diode,approved,0.95,
ds_teknoloji_0262,ku-kmr,Teknolojî,"Di fîzîkê de, têgeha ku ji bo pîvana mîqdara madeyê di tiştekî de tê bikaranîn çi ye?",Giranî,Girse,Inertiya,Momentûm,B,"Girse mîqdara madeyê di tiştekî de ye û bi kîlogramê tê pîvan. Giranî hêza kişandina erdê ye, inertiya berxwedana li hember guherîna tevgerê ye û momentûm jî hilberîna girse û lezê ye.",1,verified,https://en.wikipedia.org/wiki/Mass,approved,0.95,
ds_teknoloji_0263,ku-kmr,Teknolojî,"Kîjan qanûnê fîzîkê diyar dike ku enerjî nayê afirandin û nayê windakirin, lê tenê dikare were guherandin?",Qanûna Newton a yekem,Qanûna termodînamîkê ya duyem,Qanûna termodînamîkê ya yekem,Qanûna gravîtasyona gerdûnî,C,"Qanûna yekem a termodînamîkê, ku wekî qanûna parastina enerjiyê jî tê zanîn, diyar dike ku enerjî nayê afirandin an windakirin, lê tenê dikare were guherandin. Qanûna duyem a termodînamîkê behsa entropiyê dike û qanûnên Newton jî behsa tevger û hêzan dikin.",2,verified,https://en.wikipedia.org/wiki/First_law_of_thermodynamics,approved,0.95,
ds_teknoloji_0264,ku-kmr,Teknolojî,"Di çerxa elektrîkê de, kîjan pêkhate dikare herikîna elektrîkê kontrol bike an zêde bike?",Resistor,Kondansator,Dîod,Transistor,D,"Transistor pêkhateyek nîvkanûk e ku dikare herikîna elektrîkê kontrol bike, zêde bike an jî wekî guhêzbarê elektronîk bixebite. Resistor herikînê kêm dike, kondansator enerjiyê hildide û dîod jî herikînê tenê di yek alî de derbas dike.",2,verified,https://en.wikipedia.org/wiki/Transistor,approved,0.95,
ds_teknoloji_0265,ku-kmr,Teknolojî,Kîjan celebê enerjiyê ji tevgera tiştan tê wergirtin?,Enerjiya kinetîk,Enerjiya potansiyel,Enerjiya kîmyayî,Enerjiya nukleer,A,"Enerjiya kinetîk enerjiya ku tiştek ji ber tevgera xwe hildide ye. Enerjiya potansiyel enerjiya ku tiştek ji ber cihê xwe an rewşa xwe hildide ye, enerjiya kîmyayî di girêdanên kîmyayî de ye û enerjiya nukleer jî di navika atomê de ye.",1,verified,https://en.wikipedia.org/wiki/Kinetic_energy,approved,0.95,
ds_teknoloji_0266,ku-kmr,Teknolojî,"Di fîzîkê de, têgeha ku ji bo pîvana hêza kişandina erdê li ser tiştekî tê bikaranîn çi ye?",Girse,Giranî,Inertiya,Momentûm,B,"Giranî hêza kişandina erdê ye ku li ser tiştekî bi girseya wî ve girêdayî ye. Girse mîqdara madeyê ye, inertiya berxwedana li hember guherîna tevgerê ye û momentûm jî hilberîna girse û lezê ye.",1,verified,https://en.wikipedia.org/wiki/Weight,approved,0.95,
ds_teknoloji_0267,ku-kmr,Teknolojî,"Ji bo pîvana berxwedana elektrîkê di çerxekê de, kîjan amûr tê bikaranîn?",Ampermetre,Voltmetre,Ohmmetre,Wattmetre,C,"Ohmmetre bi taybetî ji bo pîvana berxwedana elektrîkê di çerxekê de tê bikaranîn. Ampermetre herikînê dipîve, voltmetre voltajê dipîve û wattmetre jî hêza elektrîkê dipîve.",1,verified,https://en.wikipedia.org/wiki/Ohmmeter,approved,0.95,
ds_teknoloji_0268,ku-kmr,Teknolojî,Kîjan qanûnê fîzîkê diyar dike ku herikîna elektrîkê di nav têlekê de bi voltajê re rasterast û bi berxwedanê re berevajî ye?,Qanûna Kirchhoff a yekem,Qanûna Kirchhoff a duyem,Qanûna Faraday,Qanûna Ohm,D,Qanûna Ohm diyar dike ku herikîna elektrîkê (I) di nav têlekê de bi voltajê (V) re rasterast û bi berxwedanê (R) re berevajî ye: I = V/R. Qanûnên Kirchhoff ji bo analîza çerxan têne bikaranîn û qanûna Faraday jî behsa induksiyona elektromagnetîk dike.,1,verified,https://en.wikipedia.org/wiki/Ohm%27s_law,approved,0.95,
ds_teknoloji_0269,ku-kmr,Teknolojî,"Di fîzîkê de, têgeha ku ji bo pîvana hilberîna girse û lezê tê bikaranîn çi ye?",Momentûm,Giranî,Girse,Inertiya,A,"Momentûm hilberîna girse û leza tiştekî ye û wekî p = mv tê hesab kirin. Giranî hêza kişandina erdê ye, girse mîqdara madeyê ye û inertiya jî berxwedana li hember guherîna tevgerê ye.",2,verified,https://en.wikipedia.org/wiki/Momentum,approved,0.95,
ds_teknoloji_0270,ku-kmr,Teknolojî,Kîjan celebê pêlê dikare di valahiyê de belav bibe û ji bo veguhestinê hewceyê navgînekê nake?,Pêla deng,Pêla elektromagnetîk,Pêla mekanîk,Pêla avê,B,"Pêlên elektromagnetîk, wekî ronahî û pêlên radyoyê, dikarin di valahiyê de belav bibin ji ber ku ew ji zeviyên elektrîk û magnetîkî pêk tên. Pêlên deng, mekanîk û avê ji bo belavbûnê hewceyê navgînekê ne.",1,verified,https://en.wikipedia.org/wiki/Electromagnetic_radiation,approved,0.95,
ds_teknoloji_0271,ku-kmr,Teknolojî,"Di çerxa elektrîkê de, kîjan pêkhate dikare voltaja elektrîkê veguherîne astek din?",Resistor,Kondansator,Transformator,Induktor,C,"Transformator bi induksiyona elektromagnetîk voltaja elektrîkê ya AC-ê vediguherîne astek bilindtir an nizmtir. Resistor herikînê kêm dike, kondansator enerjiyê hildide û induktor jî enerjiyê di zeviyek magnetîkî de hildide.",2,verified,https://en.wikipedia.org/wiki/Transformer,approved,0.95,
ds_teknoloji_0272,ku-kmr,Teknolojî,Kîjan celebê enerjiyê di navika atomê de tê hilanîn?,Enerjiya kîmyayî,Enerjiya germî,Enerjiya mekanîk,Enerjiya nukleer,D,"Enerjiya nukleer di navika atomê de tê hilanîn û di dema reaksiyonên nukleer de tê berdan. Enerjiya kîmyayî di girêdanên kîmyayî de ye, enerjiya germî bi germahiyê ve girêdayî ye û enerjiya mekanîk jî bi tevger an cihê tiştan ve girêdayî ye.",1,verified,https://en.wikipedia.org/wiki/Nuclear_energy,approved,0.95,
ds_teknoloji_0273,ku-kmr,Teknolojî,"Di fîzîkê de, têgeha ku ji bo pîvana leza guherîna lezê tê bikaranîn çi ye?",Lezbûn,Lez,Hêz,Kar,A,"Lezbûn (acceleration) rêjeya guherîna lezê di yekeyek demê de ye. Lez dûrahiya ku di yekeyek demê de tê derbas kirin e, hêz paldan an kişandin e û kar jî hilberîna hêz û dûrahiyê ye.",1,verified,https://en.wikipedia.org/wiki/Acceleration,approved,0.95,
ds_teknoloji_0274,ku-kmr,Teknolojî,"Ji bo pîvana hêza elektrîkê ya giştî di çerxekê de, kîjan amûr tê bikaranîn?",Ampermetre,Wattmetre,Voltmetre,Ohmmetre,B,"Wattmetre bi taybetî ji bo pîvana hêza elektrîkê ya giştî, ango rêjeya veguherîna enerjiyê di çerxekê de, tê bikaranîn. Ampermetre herikînê dipîve, voltmetre voltajê dipîve û ohmmetre jî berxwedanê dipîve.",2,verified,https://en.wikipedia.org/wiki/Wattmeter,approved,0.95,
ds_teknoloji_0275,ku-kmr,Teknolojî,Kîjan qanûnê fîzîkê diyar dike ku guherîna zeviya magnetîkî di nav têlekê de herikînek elektrîkê çêdike?,Qanûna Ohm,Qanûna Kirchhoff a yekem,Qanûna Faraday,Qanûna Kirchhoff a duyem,C,"Qanûna Faraday a induksiyonê diyar dike ku guherîna zeviya magnetîkî di nav têlekê de hêzek elektromotîk (EMF) çêdike ku herikînek elektrîkê derdixe. Qanûna Ohm têkiliya voltaj, herikîn û berxwedanê diyar dike û qanûnên Kirchhoff jî ji bo analîza çerxan têne bikaranîn.",2,verified,https://en.wikipedia.org/wiki/Faraday%27s_law_of_induction,approved,0.95,
ds_teknoloji_0276,ku-kmr,Teknolojî,"Hejmara ku bi tenê bi xwe û bi yekê ve tê dabeşkirin, bi kurdî çi tê gotin?",Hejmara cot,Hejmara giştpîvan,Hejmara rasyonel,Hejmara seretayî,D,"Hejmara seretayî tenê bi xwe û bi yekê ve tê dabeşkirin. Wek mînak 2, 3, 5 û 7 hemû hejmarên seretayî ne.",1,verified,https://en.wikipedia.org/wiki/Prime_number,approved,0.95,
ds_teknoloji_0277,ku-kmr,Teknolojî,Kîjan hejmar di navbera 1 û 100 de hejmara seretayî ye?,23,15,21,27,A,"23 tenê bi 1 û bi xwe ve tê dabeşkirin, loma ew hejmara seretayî ye. 15, 21 û 27 bi hejmarên din ve jî têne dabeşkirin.",1,verified,https://en.wikipedia.org/wiki/Prime_number,approved,0.95,
ds_teknoloji_0278,ku-kmr,Teknolojî,"Di geometriyê de, goşeya ku ji 90 pileyî mezintir e, bi kurdî çi tê gotin?",Goşeya tûj,Goşeya fireh,Goşeya rast,Goşeya rasterast,B,Goşeya fireh di navbera 90 û 180 pileyî de ye. Goşeya tûj ji 90 pileyî biçûktir e û goşeya rast jî tam 90 pileyî ye.,1,verified,https://en.wikipedia.org/wiki/Angle,approved,0.95,
ds_teknoloji_0279,ku-kmr,Teknolojî,Kîjan şikil xwediyê çar aliyên wekhev û çar goşeyên rast e?,Çargoşe,Romb,Çargoşeya rast,Parelelkenar,C,Çargoşeya rast (square) hemû aliyên wê wekhev in û hemû goşeyên wê 90 pileyî ne. Romb xwediyê aliyên wekhev e lê goşeyên wê ne rast in.,1,verified,https://en.wikipedia.org/wiki/Square,approved,0.95,
ds_teknoloji_0280,ku-kmr,Teknolojî,"Di olasılıkê de, heke bûyerek bi temamî ne mumkin be, îhtîmala wê çi ye?",0,0.25,0.5,1,D,"Îhtîmala bûyerekî ku bi temamî ne mumkin e, 0 e. Îhtîmala bûyerekî ku bi temamî mumkin e jî 1 e.",2,verified,https://en.wikipedia.org/wiki/Probability,approved,0.95,
ds_teknoloji_0281,ku-kmr,Teknolojî,Kîjan têgeh di matematîkê de ji bo rêjeya di navbera dora çember û pîvana wê ya herî zêde tê bikaranîn?,Pi,Euler,Fibonacci,Pisagor,A,Pi (π) rêjeya di navbera dora çember û pîvana wê ya herî zêde ye. Ew hejmareke bêdawî ye û nêzîkî 3.14159 e.,2,verified,https://en.wikipedia.org/wiki/Pi,approved,0.95,
ds_teknoloji_0282,ku-kmr,Teknolojî,"Di olasılıkê de, heke du bûyer serbixwe bin, îhtîmala herduyan bi hev re çi ye?",Berhevoka îhtîmalan,Hilbera îhtîmalan,Cudahiya îhtîmalan,Rêjeya îhtîmalan,B,"Ji bo bûyerên serbixwe, îhtîmala herduyan bi hev re wek hilbera îhtîmalên wan ên takekesî ye. Ev qaîdeya pirjimariyê ya olasılıkê ye.",2,verified,https://en.wikipedia.org/wiki/Probability,approved,0.95,
ds_teknoloji_0283,ku-kmr,Teknolojî,Kîjan hejmar di rêza Fibonacci de piştî 21 tê?,25,28,34,42,C,"Di rêza Fibonacci de, her hejmar berhevoka herdu hejmarên berê ye. Piştî 13 û 21, hejmara din 34 e (13+21=34).",2,verified,https://en.wikipedia.org/wiki/Fibonacci_number,approved,0.95,
ds_teknoloji_0284,ku-kmr,Teknolojî,"Di geometriyê de, kîjan têgeh ji bo xeta ku du xalên li ser çemberê girê dide tê bikaranîn?",Nîvçap,Çap,Tanget,Kêş,D,Kêş (chord) xeteke ku du xalên li ser çemberê girê dide ye. Çap kêşeke taybet e ku di navenda çemberê re derbas dibe.,2,verified,https://en.wikipedia.org/wiki/Chord_(geometry),approved,0.95,
ds_teknoloji_0285,ku-kmr,Teknolojî,"Di olasılıkê de, heke îhtîmala bûyerekî 0.3 be, îhtîmala nebûna wê çi ye?",0.7,0.3,0.5,1.0,A,"Îhtîmala nebûna bûyerekî wek 1 - îhtîmala wê ye. Ji ber vê yekê, 1 - 0.3 = 0.7 e.",1,verified,https://en.wikipedia.org/wiki/Probability,approved,0.95,
ds_teknoloji_0286,ku-kmr,Teknolojî,Kîjan têgeh di matematîkê de ji bo jimara ku ji hejmareke din re tê zêdekirin da ku encam sifir be tê bikaranîn?,Hejmara çendbûyî,Hejmara berevajî,Hejmara rasyonel,Hejmara mutleq,B,"Hejmara berevajî (additive inverse) jimareke ku dema bi hejmara xwe re tê zêdekirin, encam sifir e. Wek mînak, berevajiya 5 -5 e.",2,verified,https://en.wikipedia.org/wiki/Additive_inverse,approved,0.95,
ds_teknoloji_0287,ku-kmr,Teknolojî,"Di geometriyê de, kîjan têgeh ji bo xeta ku çemberê di du xalan de qut dike tê bikaranîn?",Tanget,Nîvçap,Kêş,Çap,C,Kêş (secant) xeteke ku çemberê di du xalan de qut dike. Tanget tenê di yek xalî de çemberê dikeve.,2,verified,https://en.wikipedia.org/wiki/Secant_line,approved,0.95,
ds_teknoloji_0288,ku-kmr,Teknolojî,Kîjan hejmar di matematîkê de hejmara sifir e?,1,-1,10,0,D,Sifir hejmara ku di navbera hejmarên neyînî û erênî de ye. Ew hejmara bêalî ya zêdekirinê ye.,1,verified,https://en.wikipedia.org/wiki/0,approved,0.95,
ds_teknoloji_0289,ku-kmr,Teknolojî,"Di olasılıkê de, kîjan têgeh ji bo pîvana belavbûna daneyan li dora navîn tê bikaranîn?",Varyans,Navîn,Medyan,Mod,A,Varyans pîvana belavbûna daneyan li dora navîn e. Ew ji bo fêmkirina çiqas daneyên ji navîn dûr in tê bikaranîn.,3,verified,https://en.wikipedia.org/wiki/Variance,approved,0.95,
ds_teknoloji_0290,ku-kmr,Teknolojî,Kîjan têgeh di matematîkê de ji bo jimara ku ji hejmareke din re tê dabeşkirin tê bikaranîn?,Dabeş,Dabeşker,Berhev,Cudahî,B,"Dabeşker (divisor) hejmara ku ji hejmareke din re tê dabeşkirin e. Wek mînak, di 10 ÷ 2 de, dabeşker 2 ye.",1,verified,https://en.wikipedia.org/wiki/Division_(mathematics),approved,0.95,
ds_teknoloji_0291,ku-kmr,Teknolojî,"Di geometriyê de, kîjan têgeh ji bo goşeya ku ji 180 pileyî kêmtir e tê bikaranîn?",Goşeya fireh,Goşeya rast,Goşeya tûj,Goşeya rasterast,C,Goşeya tûj (acute angle) ji 90 pileyî kêmtir e. Goşeya fireh di navbera 90 û 180 pileyî de ye.,1,verified,https://en.wikipedia.org/wiki/Angle,approved,0.95,
ds_teknoloji_0292,ku-kmr,Teknolojî,Kîjan têgeh di matematîkê de ji bo rêjeya di navbera du hejmaran de tê bikaranîn?,Berhev,Cudahî,Hilber,Rêje,D,"Rêje (ratio) di navbera du hejmaran de tê bikaranîn û bi gelemperî wek kesr tê nivîsandin. Wek mînak, rêjeya 2 û 3 wek 2:3 e.",1,verified,https://en.wikipedia.org/wiki/Ratio,approved,0.95,
ds_teknoloji_0293,ku-kmr,Teknolojî,"Di olasılıkê de, kîjan têgeh ji bo îhtîmala bûyerekî ku bi şertê bûyerek din ve girêdayî ye tê bikaranîn?",Îhtîmala şertî,Îhtîmala berçav,Îhtîmala serbixwe,Îhtîmala giştî,A,Îhtîmala şertî (conditional probability) îhtîmala bûyerekî ye ku bi şertê bûyerek din ve girêdayî ye. Ew bi gelemperî wek P(A|B) tê nivîsandin.,3,verified,https://en.wikipedia.org/wiki/Conditional_probability,approved,0.95,
ds_teknoloji_0294,ku-kmr,Teknolojî,Kîjan hejmar di matematîkê de hejmara çargoşe ye?,8,9,10,12,B,9 hejmara çargoşe ye ji ber ku ew wek 3 × 3 tê nivîsandin. Hejmara çargoşe encama pirjimarkirina hejmareke bi xwe re ye.,1,verified,https://en.wikipedia.org/wiki/Square_number,approved,0.95,
ds_teknoloji_0295,ku-kmr,Teknolojî,"Di geometriyê de, kîjan têgeh ji bo xeta ku goşeyekê di du parên wekhev de dabeş dike tê bikaranîn?",Nîvçap,Nîvxet,Nîvgoşe,Nîvdor,C,Nîvgoşe (angle bisector) xeta ku goşeyekê di du parên wekhev de dabeş dike ye. Ew ji bo çêkirina goşeyên rast tê bikaranîn.,2,verified,https://en.wikipedia.org/wiki/Angle_bisector,approved,0.95,
ds_teknoloji_0296,ku-kmr,Teknolojî,Kîjan têgeh di matematîkê de ji bo jimara ku ji hejmareke din re tê zêdekirin tê bikaranîn?,Kêmker,Dabeşker,Pirjimar,Zêdeker,D,"Zêdeker (addend) hejmara ku ji hejmareke din re tê zêdekirin e. Wek mînak, di 3 + 4 de, 3 û 4 herdu zêdeker in.",1,verified,https://en.wikipedia.org/wiki/Addition,approved,0.95,
ds_teknoloji_0297,ku-kmr,Teknolojî,"Di olasılıkê de, kîjan têgeh ji bo îhtîmala bûyerekî ku bi temamî mumkin e tê bikaranîn?",1,0,0.5,2,A,"Îhtîmala bûyerekî ku bi temamî mumkin e, 1 e. Ev tê wateya ku bûyer dê bi temamî biqewime.",1,verified,https://en.wikipedia.org/wiki/Probability,approved,0.95,
ds_teknoloji_0298,ku-kmr,Teknolojî,Kîjan têgeh di matematîkê de ji bo jimara ku ji hejmareke din re tê kêmkirin tê bikaranîn?,Zêdeker,Kêmker,Pirjimar,Dabeşker,B,"Kêmker (subtrahend) hejmara ku ji hejmareke din re tê kêmkirin e. Wek mînak, di 7 - 3 de, kêmker 3 e.",1,verified,https://en.wikipedia.org/wiki/Subtraction,approved,0.95,
ds_teknoloji_0299,ku-kmr,Teknolojî,"Di geometriyê de, kîjan têgeh ji bo xeta ku çemberê di yek xalî de dikeve tê bikaranîn?",Kêş,Nîvçap,Tanget,Çap,C,Tanget (tangent) xeta ku çemberê di yek xalî de dikeve. Ew bi gelemperî ji bo çêkirina goşeyan tê bikaranîn.,2,verified,https://en.wikipedia.org/wiki/Tangent,approved,0.95,
ds_teknoloji_0300,ku-kmr,Teknolojî,Kîjan têgeh di matematîkê de ji bo jimara ku ji hejmareke din re tê pirjimarkirin tê bikaranîn?,Zêdeker,Kêmker,Dabeşker,Pirjimar,D,"Pirjimar (multiplier) hejmara ku ji hejmareke din re tê pirjimarkirin e. Wek mînak, di 4 × 5 de, pirjimar 5 e.",1,verified,https://en.wikipedia.org/wiki/Multiplication,approved,0.95,
